2026-01-25T00:42:55.690+02:00  INFO 19660 --- [main] c.o.admin.WebBackEndApplication          : Starting WebBackEndApplication using Java 19.0.1 with PID 19660 (E:\onlineStore_Active\webParentVer2\WebBackEndVer2\target\classes started by enoam in E:\onlineStore_Active)
2026-01-25T00:42:55.696+02:00  INFO 19660 --- [main] c.o.admin.WebBackEndApplication          : No active profile set, falling back to 1 default profile: "default"
2026-01-25T00:42:59.197+02:00  INFO 19660 --- [main] .s.d.r.c.RepositoryConfigurationDelegate : Bootstrapping Spring Data JPA repositories in DEFAULT mode.
2026-01-25T00:42:59.486+02:00  INFO 19660 --- [main] .s.d.r.c.RepositoryConfigurationDelegate : Finished Spring Data repository scanning in 275 ms. Found 35 JPA repository interfaces.
2026-01-25T00:42:59.496+02:00  INFO 19660 --- [main] .s.d.r.c.RepositoryConfigurationDelegate : Bootstrapping Spring Data JPA repositories in DEFAULT mode.
2026-01-25T00:42:59.571+02:00  INFO 19660 --- [main] .s.d.r.c.RepositoryConfigurationDelegate : Finished Spring Data repository scanning in 75 ms. Found 34 JPA repository interfaces.
2026-01-25T00:43:01.786+02:00  INFO 19660 --- [main] o.s.b.w.embedded.tomcat.TomcatWebServer  : Tomcat initialized with port(s): 744 (http)
2026-01-25T00:43:01.794+02:00  INFO 19660 --- [main] o.apache.catalina.core.StandardService   : Starting service [Tomcat]
2026-01-25T00:43:01.794+02:00  INFO 19660 --- [main] o.apache.catalina.core.StandardEngine    : Starting Servlet engine: [Apache Tomcat/10.1.13]
2026-01-25T00:43:01.897+02:00  INFO 19660 --- [main] o.a.c.c.C.[Tomcat].[localhost].[/]       : Initializing Spring embedded WebApplicationContext
2026-01-25T00:43:01.897+02:00  INFO 19660 --- [main] w.s.c.ServletWebServerApplicationContext : Root WebApplicationContext: initialization completed in 6119 ms
2026-01-25T00:43:02.093+02:00  INFO 19660 --- [main] o.hibernate.jpa.internal.util.LogHelper  : HHH000204: Processing PersistenceUnitInfo [name: default]
2026-01-25T00:43:02.194+02:00  INFO 19660 --- [main] org.hibernate.Version                    : HHH000412: Hibernate ORM core version 6.2.9.Final
2026-01-25T00:43:02.199+02:00  INFO 19660 --- [main] org.hibernate.cfg.Environment            : HHH000406: Using bytecode reflection optimizer
2026-01-25T00:43:02.387+02:00  INFO 19660 --- [main] o.h.b.i.BytecodeProviderInitiator        : HHH000021: Bytecode provider name : bytebuddy
2026-01-25T00:43:02.550+02:00  INFO 19660 --- [main] o.s.o.j.p.SpringPersistenceUnitInfo      : No LoadTimeWeaver setup: ignoring JPA class transformer
2026-01-25T00:43:02.574+02:00  INFO 19660 --- [main] com.zaxxer.hikari.HikariDataSource       : HikariPool-1 - Starting...
2026-01-25T00:43:02.940+02:00  INFO 19660 --- [main] com.zaxxer.hikari.pool.HikariPool        : HikariPool-1 - Added connection com.mysql.cj.jdbc.ConnectionImpl@745cf754
2026-01-25T00:43:02.943+02:00  INFO 19660 --- [main] com.zaxxer.hikari.HikariDataSource       : HikariPool-1 - Start completed.
2026-01-25T00:43:03.651+02:00  INFO 19660 --- [main] o.h.b.i.BytecodeProviderInitiator        : HHH000021: Bytecode provider name : bytebuddy
2026-01-25T00:43:05.227+02:00  INFO 19660 --- [main] o.h.e.t.j.p.i.JtaPlatformInitiator       : HHH000490: Using JtaPlatform implementation: [org.hibernate.engine.transaction.jta.platform.internal.NoJtaPlatform]
2026-01-25T00:43:05.713+02:00  INFO 19660 --- [main] j.LocalContainerEntityManagerFactoryBean : Initialized JPA EntityManagerFactory for persistence unit 'default'
2026-01-25T00:43:06.674+02:00  INFO 19660 --- [main] o.s.d.j.r.query.QueryEnhancerFactory     : Hibernate is in classpath; If applicable, HQL parser will be used.
2026-01-25T00:43:07.115+02:00  INFO 19660 --- [main] o.s.boot.web.servlet.RegistrationBean    : Filter tenantFilterRegistration was not registered (disabled)
2026-01-25T00:43:07.116+02:00  INFO 19660 --- [main] o.s.boot.web.servlet.RegistrationBean    : Filter tenantContextFilterRegistration was not registered (disabled)
2026-01-25T00:43:08.844+02:00  INFO 19660 --- [main] c.o.a.g.watchdog.FileSystemMonitor       : Watchdog: Registered monitor for tenants
2026-01-25T00:43:08.847+02:00  INFO 19660 --- [main] c.o.a.g.watchdog.FileSystemMonitor       : Watchdog: Registered monitor for .
2026-01-25T00:43:08.847+02:00  INFO 19660 --- [Architecture-Watchdog-Thread] c.o.a.g.watchdog.FileSystemMonitor       : Watchdog: FileSystemMonitor thread started.
2026-01-25T00:43:10.278+02:00  WARN 19660 --- [main] JpaBaseConfiguration$JpaWebConfiguration : spring.jpa.open-in-view is enabled by default. Therefore, database queries may be performed during view rendering. Explicitly configure spring.jpa.open-in-view to disable this warning
2026-01-25T00:43:11.304+02:00  INFO 19660 --- [main] o.s.b.a.e.web.EndpointLinksResolver      : Exposing 5 endpoint(s) beneath base path '/actuator'
2026-01-25T00:43:11.430+02:00  INFO 19660 --- [main] o.s.s.web.DefaultSecurityFilterChain     : Will secure any request with [org.springframework.security.web.session.DisableEncodeUrlFilter@4e11dfaf, org.springframework.security.web.context.request.async.WebAsyncManagerIntegrationFilter@413bf74f, org.springframework.security.web.context.SecurityContextHolderFilter@4202073, org.springframework.security.web.header.HeaderWriterFilter@2ff2b7a2, org.springframework.security.web.csrf.CsrfFilter@1d5e1982, org.springframework.security.web.authentication.logout.LogoutFilter@10f277c8, com.onlineStore.admin.security.TenantAccessValidationFilter@37f76752, com.onlineStoreCom.security.tenant.TenantContextFilter@49d5db99, org.springframework.security.web.authentication.UsernamePasswordAuthenticationFilter@2675a92c, org.springframework.security.web.savedrequest.RequestCacheAwareFilter@3b45cb6c, org.springframework.security.web.servletapi.SecurityContextHolderAwareRequestFilter@28f87cc, org.springframework.security.web.authentication.rememberme.RememberMeAuthenticationFilter@25ea076d, org.springframework.security.web.authentication.AnonymousAuthenticationFilter@8d464df, org.springframework.security.web.access.ExceptionTranslationFilter@7fd5857c, org.springframework.security.web.access.intercept.AuthorizationFilter@71b03e9a]
2026-01-25T00:43:12.019+02:00  INFO 19660 --- [main] o.s.b.w.embedded.tomcat.TomcatWebServer  : Tomcat started on port(s): 744 (http) with context path ''
2026-01-25T00:43:12.033+02:00  INFO 19660 --- [main] c.o.admin.WebBackEndApplication          : Started WebBackEndApplication in 17.082 seconds (process running for 18.424)
2026-01-25T00:43:12.051+02:00  INFO 19660 --- [main] c.o.admin.CorrectTenant0To4Data          : ================================================================================
2026-01-25T00:43:12.051+02:00  INFO 19660 --- [main] c.o.admin.CorrectTenant0To4Data          : 🔧 MIGRATING DATA: TENANT 0 -> TENANT 4 (SKIPPED FOR ASSET MIGRATION)
2026-01-25T00:43:12.051+02:00  INFO 19660 --- [main] c.o.admin.CorrectTenant0To4Data          : ================================================================================
2026-01-25T00:43:12.055+02:00  INFO 19660 --- [main] c.onlineStore.admin.CorrectTenant4Data   : ================================================================================
2026-01-25T00:43:12.055+02:00  INFO 19660 --- [main] c.onlineStore.admin.CorrectTenant4Data   : 🔧 FIXING TENANT 4 DATA MIGRATION
2026-01-25T00:43:12.055+02:00  INFO 19660 --- [main] c.onlineStore.admin.CorrectTenant4Data   : ================================================================================
2026-01-25T00:43:12.096+02:00 DEBUG 19660 --- [main] org.hibernate.SQL                        : UPDATE categories SET tenant_id = 4 WHERE tenant_id = 1
2026-01-25T00:43:12.099+02:00  INFO 19660 --- [main] c.onlineStore.admin.CorrectTenant4Data   : ✅ Fixed 0 categories: tenant_id 1 → 4
2026-01-25T00:43:12.100+02:00 DEBUG 19660 --- [main] org.hibernate.SQL                        : UPDATE brands SET tenant_id = 4 WHERE tenant_id = 1
2026-01-25T00:43:12.101+02:00  INFO 19660 --- [main] c.onlineStore.admin.CorrectTenant4Data   : ✅ Fixed 0 brands: tenant_id 1 → 4
2026-01-25T00:43:12.102+02:00 DEBUG 19660 --- [main] org.hibernate.SQL                        : UPDATE products SET tenant_id = 4 WHERE tenant_id = 1
2026-01-25T00:43:12.103+02:00  INFO 19660 --- [main] c.onlineStore.admin.CorrectTenant4Data   : ✅ Fixed 0 products: tenant_id 1 → 4
2026-01-25T00:43:12.103+02:00 DEBUG 19660 --- [main] org.hibernate.SQL                        :     DELETE FROM settings
    WHERE tenant_id = 1
    AND `key` IN (
        SELECT `key` FROM (
            SELECT `key` FROM settings WHERE tenant_id = 4
        ) as temp
    )

2026-01-25T00:43:12.108+02:00  INFO 19660 --- [main] c.onlineStore.admin.CorrectTenant4Data   : ⚠️ Deleted 0 duplicate settings from Tenant 1
2026-01-25T00:43:12.109+02:00 DEBUG 19660 --- [main] org.hibernate.SQL                        : UPDATE settings SET tenant_id = 4 WHERE tenant_id = 1
2026-01-25T00:43:12.110+02:00  INFO 19660 --- [main] c.onlineStore.admin.CorrectTenant4Data   : ✅ Fixed 0 settings: tenant_id 1 → 4
2026-01-25T00:43:12.111+02:00 DEBUG 19660 --- [main] org.hibernate.SQL                        : UPDATE customers SET tenant_id = 4 WHERE tenant_id = 1
2026-01-25T00:43:12.111+02:00  INFO 19660 --- [main] c.onlineStore.admin.CorrectTenant4Data   : ✅ Fixed 0 customers: tenant_id 1 → 4
2026-01-25T00:43:12.112+02:00 DEBUG 19660 --- [main] org.hibernate.SQL                        : UPDATE orders SET tenant_id = 4 WHERE tenant_id = 1
2026-01-25T00:43:12.113+02:00  INFO 19660 --- [main] c.onlineStore.admin.CorrectTenant4Data   : ✅ Fixed 0 orders: tenant_id 1 → 4
2026-01-25T00:43:12.113+02:00 DEBUG 19660 --- [main] org.hibernate.SQL                        : UPDATE reviews SET tenant_id = 4 WHERE tenant_id = 1
2026-01-25T00:43:12.114+02:00  INFO 19660 --- [main] c.onlineStore.admin.CorrectTenant4Data   : ✅ Fixed 0 reviews: tenant_id 1 → 4
2026-01-25T00:43:12.115+02:00 DEBUG 19660 --- [main] org.hibernate.SQL                        : UPDATE articles SET tenant_id = 4 WHERE tenant_id = 1
2026-01-25T00:43:12.119+02:00 DEBUG 19660 --- [main] org.hibernate.SQL                        : UPDATE menus SET tenant_id = 4 WHERE tenant_id = 1
2026-01-25T00:43:12.121+02:00 DEBUG 19660 --- [main] org.hibernate.SQL                        : UPDATE sections SET tenant_id = 4 WHERE tenant_id = 1
2026-01-25T00:43:12.122+02:00  INFO 19660 --- [main] c.onlineStore.admin.CorrectTenant4Data   : ✅ Fixed Content: 0 articles, 0 menus, 0 sections
2026-01-25T00:43:12.141+02:00 DEBUG 19660 --- [main] org.hibernate.SQL                        :     SELECT COUNT(*) FROM brands_categories bc
    JOIN brands b ON bc.brand_id = b.id
    JOIN categories c ON bc.category_id = c.id
    WHERE b.tenant_id = 4 AND c.tenant_id = 1

2026-01-25T00:43:12.173+02:00  INFO 19660 --- [main] c.onlineStore.admin.CorrectTenant4Data   : 📊 Remaining cross-tenant refs (Tenant 4 brands → Tenant 1 categories): 0
2026-01-25T00:43:12.174+02:00  INFO 19660 --- [main] c.onlineStore.admin.CorrectTenant4Data   : ✅ ALL CROSS-TENANT REFERENCES RESOLVED!
2026-01-25T00:43:12.174+02:00  INFO 19660 --- [main] c.onlineStore.admin.CorrectTenant4Data   : ================================================================================
2026-01-25T00:43:12.176+02:00 DEBUG 19660 --- [main] org.hibernate.SQL                        :     SELECT c.id, c.tenant_id, p.id, p.tenant_id
    FROM categories c
    JOIN categories p ON c.parent_id = p.id
    WHERE c.tenant_id != p.tenant_id

2026-01-25T00:43:12.178+02:00 DEBUG 19660 --- [main] org.hibernate.SQL                        :     SELECT p.id, p.tenant_id, c.id, c.tenant_id
    FROM products p
    JOIN categories c ON p.category_id = c.id
    WHERE p.tenant_id != c.tenant_id

2026-01-25T00:43:12.180+02:00 DEBUG 19660 --- [main] org.hibernate.SQL                        :     SELECT p.id, p.tenant_id, b.id, b.tenant_id
    FROM products p
    JOIN brands b ON p.brand_id = b.id
    WHERE p.tenant_id != b.tenant_id

2026-01-25T00:43:12.182+02:00 DEBUG 19660 --- [main] org.hibernate.SQL                        :     DELETE bc FROM brands_categories bc
    JOIN brands b ON bc.brand_id = b.id
    JOIN categories c ON bc.category_id = c.id
    WHERE b.tenant_id != c.tenant_id

2026-01-25T00:43:12.184+02:00 DEBUG 19660 --- [main] org.hibernate.SQL                        :     SELECT o.id, o.tenant_id, c.id, c.tenant_id
    FROM orders o
    JOIN customers c ON o.customer_id = c.id
    WHERE o.tenant_id != c.tenant_id

2026-01-25T00:43:12.187+02:00 DEBUG 19660 --- [main] org.hibernate.SQL                        :     SELECT od.id, o.tenant_id, p.id, p.tenant_id
    FROM order_details od
    JOIN orders o ON od.order_id = o.id
    JOIN products p ON od.product_id = p.id
    WHERE o.tenant_id != p.tenant_id

2026-01-25T00:43:12.197+02:00 DEBUG 19660 --- [main] org.hibernate.SQL                        : SELECT COUNT(*) FROM categories WHERE tenant_id = 4
2026-01-25T00:43:12.199+02:00 DEBUG 19660 --- [main] org.hibernate.SQL                        : SELECT COUNT(*) FROM categories WHERE tenant_id = 5
2026-01-25T00:43:12.200+02:00 DEBUG 19660 --- [main] org.hibernate.SQL                        : SELECT COUNT(*) FROM brands WHERE tenant_id = 4
2026-01-25T00:43:12.202+02:00 DEBUG 19660 --- [main] org.hibernate.SQL                        : SELECT COUNT(*) FROM brands WHERE tenant_id = 5
2026-01-25T00:43:12.204+02:00 DEBUG 19660 --- [main] org.hibernate.SQL                        : SELECT COUNT(*) FROM products WHERE tenant_id = 4
2026-01-25T00:43:12.205+02:00 DEBUG 19660 --- [main] org.hibernate.SQL                        : SELECT COUNT(*) FROM products WHERE tenant_id = 5
2026-01-25T00:43:12.207+02:00 DEBUG 19660 --- [main] org.hibernate.SQL                        :     SELECT c.id, c.name, c.tenant_id, p.id, p.name, p.tenant_id
    FROM categories c
    JOIN categories p ON c.parent_id = p.id
    WHERE c.tenant_id = 4 AND p.tenant_id = 5

2026-01-25T00:43:12.208+02:00 DEBUG 19660 --- [main] org.hibernate.SQL                        :     SELECT bc.brand_id, b.name, b.tenant_id, bc.category_id, c.name, c.tenant_id
    FROM brands_categories bc
    JOIN brands b ON bc.brand_id = b.id
    JOIN categories c ON bc.category_id = c.id
    WHERE b.tenant_id = 4 AND c.tenant_id = 5

2026-01-25T00:43:12.210+02:00 DEBUG 19660 --- [main] org.hibernate.SQL                        :     SELECT p.id, p.name, p.tenant_id, p.category_id, c.name, c.tenant_id
    FROM products p
    JOIN categories c ON p.category_id = c.id
    WHERE p.tenant_id = 4 AND c.tenant_id = 5

2026-01-25T00:43:12.212+02:00 DEBUG 19660 --- [main] org.hibernate.SQL                        :     SELECT p.id, p.name, p.tenant_id, p.brand_id, b.name, b.tenant_id
    FROM products p
    JOIN brands b ON p.brand_id = b.id
    WHERE p.tenant_id = 4 AND b.tenant_id = 5

2026-01-25T00:43:12.213+02:00 DEBUG 19660 --- [main] org.hibernate.SQL                        :     SELECT bc.brand_id, b.name, b.tenant_id, bc.category_id, c.name, c.tenant_id
    FROM brands_categories bc
    JOIN brands b ON bc.brand_id = b.id
    JOIN categories c ON bc.category_id = c.id
    WHERE b.tenant_id = 5 AND c.tenant_id = 4

2026-01-25T00:43:12.216+02:00 DEBUG 19660 --- [main] org.hibernate.SQL                        :     SELECT c.id, c.name, c.tenant_id AS child_tenant,
           p.id AS parent_id, p.name AS parent_name, p.tenant_id AS parent_tenant
    FROM categories c
    JOIN categories p ON c.parent_id = p.id
    WHERE c.tenant_id != p.tenant_id
    ORDER BY c.tenant_id, p.tenant_id

2026-01-25T00:43:12.218+02:00 DEBUG 19660 --- [main] org.hibernate.SQL                        :     SELECT c.id, c.name, p.id, p.name, p.tenant_id
    FROM categories c
    JOIN categories p ON c.parent_id = p.id
    WHERE c.tenant_id = 4 AND c.tenant_id != p.tenant_id

2026-01-25T00:43:12.221+02:00 DEBUG 19660 --- [main] org.hibernate.SQL                        :     SELECT c.id, c.name, c.tenant_id, c.parent_id
    FROM categories c
    WHERE c.parent_id IS NOT NULL
    AND c.parent_id NOT IN (SELECT id FROM categories)

2026-01-25T00:43:12.226+02:00  INFO 19660 --- [main] c.onlineStore.admin.MigrationVerifier    : 🕵️ STARTING MIGRATION VERIFICATION 🕵️
2026-01-25T00:43:12.226+02:00 DEBUG 19660 --- [main] org.hibernate.SQL                        : SELECT COUNT(*) FROM products WHERE tenant_id = 1
2026-01-25T00:43:12.229+02:00 DEBUG 19660 --- [main] org.hibernate.SQL                        : SELECT COUNT(*) FROM products WHERE tenant_id = 4
2026-01-25T00:43:12.231+02:00  INFO 19660 --- [main] c.onlineStore.admin.MigrationVerifier    : [products       ] Tenant 1: 0 | Tenant 4: 108 | Status: ✅ Clean
2026-01-25T00:43:12.231+02:00 DEBUG 19660 --- [main] org.hibernate.SQL                        : SELECT COUNT(*) FROM categories WHERE tenant_id = 1
2026-01-25T00:43:12.233+02:00 DEBUG 19660 --- [main] org.hibernate.SQL                        : SELECT COUNT(*) FROM categories WHERE tenant_id = 4
2026-01-25T00:43:12.236+02:00  INFO 19660 --- [main] c.onlineStore.admin.MigrationVerifier    : [categories     ] Tenant 1: 0 | Tenant 4: 34 | Status: ✅ Clean
2026-01-25T00:43:12.238+02:00 DEBUG 19660 --- [main] org.hibernate.SQL                        : SELECT COUNT(*) FROM brands WHERE tenant_id = 1
2026-01-25T00:43:12.240+02:00 DEBUG 19660 --- [main] org.hibernate.SQL                        : SELECT COUNT(*) FROM brands WHERE tenant_id = 4
2026-01-25T00:43:12.243+02:00  INFO 19660 --- [main] c.onlineStore.admin.MigrationVerifier    : [brands         ] Tenant 1: 0 | Tenant 4: 77 | Status: ✅ Clean
2026-01-25T00:43:12.243+02:00 DEBUG 19660 --- [main] org.hibernate.SQL                        : SELECT COUNT(*) FROM customers WHERE tenant_id = 1
2026-01-25T00:43:12.245+02:00 DEBUG 19660 --- [main] org.hibernate.SQL                        : SELECT COUNT(*) FROM customers WHERE tenant_id = 4
2026-01-25T00:43:12.247+02:00  INFO 19660 --- [main] c.onlineStore.admin.MigrationVerifier    : [customers      ] Tenant 1: 0 | Tenant 4: 43 | Status: ✅ Clean
2026-01-25T00:43:12.247+02:00 DEBUG 19660 --- [main] org.hibernate.SQL                        : SELECT COUNT(*) FROM orders WHERE tenant_id = 1
2026-01-25T00:43:12.249+02:00 DEBUG 19660 --- [main] org.hibernate.SQL                        : SELECT COUNT(*) FROM orders WHERE tenant_id = 4
2026-01-25T00:43:12.251+02:00  INFO 19660 --- [main] c.onlineStore.admin.MigrationVerifier    : [orders         ] Tenant 1: 0 | Tenant 4: 160 | Status: ✅ Clean
2026-01-25T00:43:12.252+02:00 DEBUG 19660 --- [main] org.hibernate.SQL                        : SELECT COUNT(*) FROM reviews WHERE tenant_id = 1
2026-01-25T00:43:12.253+02:00 DEBUG 19660 --- [main] org.hibernate.SQL                        : SELECT COUNT(*) FROM reviews WHERE tenant_id = 4
2026-01-25T00:43:12.256+02:00  INFO 19660 --- [main] c.onlineStore.admin.MigrationVerifier    : [reviews        ] Tenant 1: 0 | Tenant 4: 66 | Status: ✅ Clean
2026-01-25T00:43:12.256+02:00 DEBUG 19660 --- [main] org.hibernate.SQL                        : SELECT COUNT(*) FROM articles WHERE tenant_id = 1
2026-01-25T00:43:12.258+02:00 DEBUG 19660 --- [main] org.hibernate.SQL                        : SELECT COUNT(*) FROM articles WHERE tenant_id = 4
2026-01-25T00:43:12.259+02:00  INFO 19660 --- [main] c.onlineStore.admin.MigrationVerifier    : [articles       ] Tenant 1: 0 | Tenant 4: 9 | Status: ✅ Clean
2026-01-25T00:43:12.259+02:00 DEBUG 19660 --- [main] org.hibernate.SQL                        : SELECT COUNT(*) FROM menus WHERE tenant_id = 1
2026-01-25T00:43:12.262+02:00 DEBUG 19660 --- [main] org.hibernate.SQL                        : SELECT COUNT(*) FROM menus WHERE tenant_id = 4
2026-01-25T00:43:12.263+02:00  INFO 19660 --- [main] c.onlineStore.admin.MigrationVerifier    : [menus          ] Tenant 1: 0 | Tenant 4: 0 | Status: ✅ Clean
2026-01-25T00:43:12.263+02:00 DEBUG 19660 --- [main] org.hibernate.SQL                        : SELECT COUNT(*) FROM sections WHERE tenant_id = 1
2026-01-25T00:43:12.265+02:00 DEBUG 19660 --- [main] org.hibernate.SQL                        : SELECT COUNT(*) FROM sections WHERE tenant_id = 4
2026-01-25T00:43:12.267+02:00  INFO 19660 --- [main] c.onlineStore.admin.MigrationVerifier    : [sections       ] Tenant 1: 0 | Tenant 4: 0 | Status: ✅ Clean
2026-01-25T00:43:12.267+02:00 DEBUG 19660 --- [main] org.hibernate.SQL                        : SELECT COUNT(*) FROM settings WHERE tenant_id = 1
2026-01-25T00:43:12.270+02:00 DEBUG 19660 --- [main] org.hibernate.SQL                        : SELECT COUNT(*) FROM settings WHERE tenant_id = 4
2026-01-25T00:43:12.271+02:00  INFO 19660 --- [main] c.onlineStore.admin.MigrationVerifier    : [settings       ] Tenant 1: 0 | Tenant 4: 67 | Status: ✅ Clean
2026-01-25T00:43:12.272+02:00  INFO 19660 --- [main] c.onlineStore.admin.MigrationVerifier    : 🕵️ VERIFICATION COMPLETE. Check verification_result.txt 🕵️
2026-01-25T00:43:12.353+02:00 DEBUG 19660 --- [main] org.hibernate.SQL                        : select p1_0.id,p1_0.alias,p1_0.average_rating,p1_0.booking_slots,p1_0.brand_id,p1_0.category_id,p1_0.cost,p1_0.created_time,p1_0.discount_percent,p1_0.enabled,p1_0.full_description,p1_0.has_description,p1_0.has_extra_details,p1_0.has_location,p1_0.has_scheduling,p1_0.has_shipping,p1_0.height,p1_0.in_stock,p1_0.length,p1_0.main_image,p1_0.name,p1_0.price,p1_0.product_type,p1_0.review_count,p1_0.service_duration,p1_0.short_description,p1_0.subscription_interval,p1_0.tenant_id,p1_0.track_stock,p1_0.updated_time,p1_0.weight,p1_0.width from products p1_0
2026-01-25T00:43:12.396+02:00  INFO 19660 --- [main] .s.b.a.l.ConditionEvaluationReportLogger : 

Error starting ApplicationContext. To display the condition evaluation report re-run your application with 'debug' enabled.
2026-01-25T00:43:12.427+02:00 ERROR 19660 --- [main] o.s.boot.SpringApplication               : Application run failed

java.lang.IllegalStateException: Failed to execute CommandLineRunner
	at org.springframework.boot.SpringApplication.callRunner(SpringApplication.java:777) ~[spring-boot-3.1.4.jar:3.1.4]
	at org.springframework.boot.SpringApplication.callRunners(SpringApplication.java:758) ~[spring-boot-3.1.4.jar:3.1.4]
	at org.springframework.boot.SpringApplication.run(SpringApplication.java:322) ~[spring-boot-3.1.4.jar:3.1.4]
	at org.springframework.boot.SpringApplication.run(SpringApplication.java:1309) ~[spring-boot-3.1.4.jar:3.1.4]
	at org.springframework.boot.SpringApplication.run(SpringApplication.java:1298) ~[spring-boot-3.1.4.jar:3.1.4]
	at com.onlineStore.admin.WebBackEndApplication.main(WebBackEndApplication.java:17) ~[classes/:na]
Caused by: org.hibernate.PropertyAccessException: Null value was assigned to a property [class com.onlineStoreCom.entity.product.Product.hasDescription] of primitive type : `com.onlineStoreCom.entity.product.Product.hasDescription` (setter)
	at org.hibernate.property.access.spi.SetterFieldImpl.set(SetterFieldImpl.java:61) ~[hibernate-core-6.2.9.Final.jar:6.2.9.Final]
	at org.hibernate.persister.entity.AbstractEntityPersister.setPropertyValues(AbstractEntityPersister.java:4219) ~[hibernate-core-6.2.9.Final.jar:6.2.9.Final]
	at org.hibernate.sql.results.graph.entity.AbstractEntityInitializer.initializeEntityInstance(AbstractEntityInitializer.java:851) ~[hibernate-core-6.2.9.Final.jar:6.2.9.Final]
	at org.hibernate.sql.results.graph.entity.AbstractEntityInitializer.initializeEntity(AbstractEntityInitializer.java:811) ~[hibernate-core-6.2.9.Final.jar:6.2.9.Final]
	at org.hibernate.sql.results.graph.entity.AbstractEntityInitializer.initializeInstance(AbstractEntityInitializer.java:797) ~[hibernate-core-6.2.9.Final.jar:6.2.9.Final]
	at org.hibernate.sql.results.internal.InitializersList.initializeInstance(InitializersList.java:71) ~[hibernate-core-6.2.9.Final.jar:6.2.9.Final]
	at org.hibernate.sql.results.internal.StandardRowReader.coordinateInitializers(StandardRowReader.java:111) ~[hibernate-core-6.2.9.Final.jar:6.2.9.Final]
	at org.hibernate.sql.results.internal.StandardRowReader.readRow(StandardRowReader.java:87) ~[hibernate-core-6.2.9.Final.jar:6.2.9.Final]
	at org.hibernate.sql.results.spi.ListResultsConsumer.consume(ListResultsConsumer.java:199) ~[hibernate-core-6.2.9.Final.jar:6.2.9.Final]
	at org.hibernate.sql.results.spi.ListResultsConsumer.consume(ListResultsConsumer.java:33) ~[hibernate-core-6.2.9.Final.jar:6.2.9.Final]
	at org.hibernate.sql.exec.internal.JdbcSelectExecutorStandardImpl.doExecuteQuery(JdbcSelectExecutorStandardImpl.java:361) ~[hibernate-core-6.2.9.Final.jar:6.2.9.Final]
	at org.hibernate.sql.exec.internal.JdbcSelectExecutorStandardImpl.executeQuery(JdbcSelectExecutorStandardImpl.java:168) ~[hibernate-core-6.2.9.Final.jar:6.2.9.Final]
	at org.hibernate.sql.exec.internal.JdbcSelectExecutorStandardImpl.list(JdbcSelectExecutorStandardImpl.java:93) ~[hibernate-core-6.2.9.Final.jar:6.2.9.Final]
	at org.hibernate.sql.exec.spi.JdbcSelectExecutor.list(JdbcSelectExecutor.java:31) ~[hibernate-core-6.2.9.Final.jar:6.2.9.Final]
	at org.hibernate.query.sqm.internal.ConcreteSqmSelectQueryPlan.lambda$new$0(ConcreteSqmSelectQueryPlan.java:110) ~[hibernate-core-6.2.9.Final.jar:6.2.9.Final]
	at org.hibernate.query.sqm.internal.ConcreteSqmSelectQueryPlan.withCacheableSqmInterpretation(ConcreteSqmSelectQueryPlan.java:303) ~[hibernate-core-6.2.9.Final.jar:6.2.9.Final]
	at org.hibernate.query.sqm.internal.ConcreteSqmSelectQueryPlan.performList(ConcreteSqmSelectQueryPlan.java:244) ~[hibernate-core-6.2.9.Final.jar:6.2.9.Final]
	at org.hibernate.query.sqm.internal.QuerySqmImpl.doList(QuerySqmImpl.java:518) ~[hibernate-core-6.2.9.Final.jar:6.2.9.Final]
	at org.hibernate.query.spi.AbstractSelectionQuery.list(AbstractSelectionQuery.java:367) ~[hibernate-core-6.2.9.Final.jar:6.2.9.Final]
	at org.hibernate.query.Query.getResultList(Query.java:119) ~[hibernate-core-6.2.9.Final.jar:6.2.9.Final]
	at com.onlineStore.admin.ReorganizeAssetsRunner.run(ReorganizeAssetsRunner.java:29) ~[classes/:na]
	at java.base/jdk.internal.reflect.DirectMethodHandleAccessor.invoke(DirectMethodHandleAccessor.java:104) ~[na:na]
	at java.base/java.lang.reflect.Method.invoke(Method.java:578) ~[na:na]
	at org.springframework.aop.support.AopUtils.invokeJoinpointUsingReflection(AopUtils.java:343) ~[spring-aop-6.0.12.jar:6.0.12]
	at org.springframework.aop.framework.ReflectiveMethodInvocation.invokeJoinpoint(ReflectiveMethodInvocation.java:196) ~[spring-aop-6.0.12.jar:6.0.12]
	at org.springframework.aop.framework.ReflectiveMethodInvocation.proceed(ReflectiveMethodInvocation.java:163) ~[spring-aop-6.0.12.jar:6.0.12]
	at org.springframework.aop.framework.CglibAopProxy$CglibMethodInvocation.proceed(CglibAopProxy.java:751) ~[spring-aop-6.0.12.jar:6.0.12]
	at org.springframework.transaction.interceptor.TransactionInterceptor$1.proceedWithInvocation(TransactionInterceptor.java:123) ~[spring-tx-6.0.12.jar:6.0.12]
	at org.springframework.transaction.interceptor.TransactionAspectSupport.invokeWithinTransaction(TransactionAspectSupport.java:391) ~[spring-tx-6.0.12.jar:6.0.12]
	at org.springframework.transaction.interceptor.TransactionInterceptor.invoke(TransactionInterceptor.java:119) ~[spring-tx-6.0.12.jar:6.0.12]
	at org.springframework.aop.framework.ReflectiveMethodInvocation.proceed(ReflectiveMethodInvocation.java:184) ~[spring-aop-6.0.12.jar:6.0.12]
	at org.springframework.aop.framework.CglibAopProxy$CglibMethodInvocation.proceed(CglibAopProxy.java:751) ~[spring-aop-6.0.12.jar:6.0.12]
	at org.springframework.aop.framework.CglibAopProxy$DynamicAdvisedInterceptor.intercept(CglibAopProxy.java:703) ~[spring-aop-6.0.12.jar:6.0.12]
	at com.onlineStore.admin.ReorganizeAssetsRunner$$SpringCGLIB$$0.run(<generated>) ~[classes/:na]
	at org.springframework.boot.SpringApplication.callRunner(SpringApplication.java:774) ~[spring-boot-3.1.4.jar:3.1.4]
	... 5 common frames omitted
Caused by: java.lang.IllegalArgumentException: Can not set boolean field com.onlineStoreCom.entity.product.Product.hasDescription to null value
	at java.base/jdk.internal.reflect.FieldAccessorImpl.throwSetIllegalArgumentException(FieldAccessorImpl.java:228) ~[na:na]
	at java.base/jdk.internal.reflect.FieldAccessorImpl.throwSetIllegalArgumentException(FieldAccessorImpl.java:232) ~[na:na]
	at java.base/jdk.internal.reflect.MethodHandleBooleanFieldAccessorImpl.set(MethodHandleBooleanFieldAccessorImpl.java:111) ~[na:na]
	at java.base/java.lang.reflect.Field.set(Field.java:820) ~[na:na]
	at org.hibernate.property.access.spi.SetterFieldImpl.set(SetterFieldImpl.java:55) ~[hibernate-core-6.2.9.Final.jar:6.2.9.Final]
	... 39 common frames omitted

2026-01-25T00:43:13.480+02:00  INFO 19660 --- [main] j.LocalContainerEntityManagerFactoryBean : Closing JPA EntityManagerFactory for persistence unit 'default'
2026-01-25T00:43:13.482+02:00  INFO 19660 --- [main] com.zaxxer.hikari.HikariDataSource       : HikariPool-1 - Shutdown initiated...
2026-01-25T00:43:13.492+02:00  INFO 19660 --- [main] com.zaxxer.hikari.HikariDataSource       : HikariPool-1 - Shutdown completed.
2026-01-25T00:44:11.612+02:00  INFO 21916 --- [main] c.o.admin.WebBackEndApplication          : Starting WebBackEndApplication using Java 19.0.1 with PID 21916 (E:\onlineStore_Active\webParentVer2\WebBackEndVer2\target\classes started by enoam in E:\onlineStore_Active)
2026-01-25T00:44:11.698+02:00  INFO 21916 --- [main] c.o.admin.WebBackEndApplication          : No active profile set, falling back to 1 default profile: "default"
2026-01-25T00:44:18.319+02:00  INFO 21916 --- [main] .s.d.r.c.RepositoryConfigurationDelegate : Bootstrapping Spring Data JPA repositories in DEFAULT mode.
2026-01-25T00:44:18.542+02:00  INFO 21916 --- [main] .s.d.r.c.RepositoryConfigurationDelegate : Finished Spring Data repository scanning in 213 ms. Found 35 JPA repository interfaces.
2026-01-25T00:44:18.551+02:00  INFO 21916 --- [main] .s.d.r.c.RepositoryConfigurationDelegate : Bootstrapping Spring Data JPA repositories in DEFAULT mode.
2026-01-25T00:44:18.633+02:00  INFO 21916 --- [main] .s.d.r.c.RepositoryConfigurationDelegate : Finished Spring Data repository scanning in 82 ms. Found 34 JPA repository interfaces.
2026-01-25T00:44:20.282+02:00  INFO 21916 --- [main] o.s.b.w.embedded.tomcat.TomcatWebServer  : Tomcat initialized with port(s): 744 (http)
2026-01-25T00:44:20.299+02:00  INFO 21916 --- [main] o.apache.catalina.core.StandardService   : Starting service [Tomcat]
2026-01-25T00:44:20.299+02:00  INFO 21916 --- [main] o.apache.catalina.core.StandardEngine    : Starting Servlet engine: [Apache Tomcat/10.1.13]
2026-01-25T00:44:20.466+02:00  INFO 21916 --- [main] o.a.c.c.C.[Tomcat].[localhost].[/]       : Initializing Spring embedded WebApplicationContext
2026-01-25T00:44:20.466+02:00  INFO 21916 --- [main] w.s.c.ServletWebServerApplicationContext : Root WebApplicationContext: initialization completed in 8688 ms
2026-01-25T00:44:20.652+02:00  INFO 21916 --- [main] o.hibernate.jpa.internal.util.LogHelper  : HHH000204: Processing PersistenceUnitInfo [name: default]
2026-01-25T00:44:20.775+02:00  INFO 21916 --- [main] org.hibernate.Version                    : HHH000412: Hibernate ORM core version 6.2.9.Final
2026-01-25T00:44:20.781+02:00  INFO 21916 --- [main] org.hibernate.cfg.Environment            : HHH000406: Using bytecode reflection optimizer
2026-01-25T00:44:21.060+02:00  INFO 21916 --- [main] o.h.b.i.BytecodeProviderInitiator        : HHH000021: Bytecode provider name : bytebuddy
2026-01-25T00:44:21.276+02:00  INFO 21916 --- [main] o.s.o.j.p.SpringPersistenceUnitInfo      : No LoadTimeWeaver setup: ignoring JPA class transformer
2026-01-25T00:44:21.299+02:00  INFO 21916 --- [main] com.zaxxer.hikari.HikariDataSource       : HikariPool-1 - Starting...
2026-01-25T00:44:21.662+02:00  INFO 21916 --- [main] com.zaxxer.hikari.pool.HikariPool        : HikariPool-1 - Added connection com.mysql.cj.jdbc.ConnectionImpl@bd28c86
2026-01-25T00:44:21.666+02:00  INFO 21916 --- [main] com.zaxxer.hikari.HikariDataSource       : HikariPool-1 - Start completed.
2026-01-25T00:44:22.292+02:00  INFO 21916 --- [main] o.h.b.i.BytecodeProviderInitiator        : HHH000021: Bytecode provider name : bytebuddy
2026-01-25T00:44:23.861+02:00  INFO 21916 --- [main] o.h.e.t.j.p.i.JtaPlatformInitiator       : HHH000490: Using JtaPlatform implementation: [org.hibernate.engine.transaction.jta.platform.internal.NoJtaPlatform]
2026-01-25T00:44:24.508+02:00  INFO 21916 --- [main] j.LocalContainerEntityManagerFactoryBean : Initialized JPA EntityManagerFactory for persistence unit 'default'
2026-01-25T00:44:25.344+02:00  INFO 21916 --- [main] o.s.d.j.r.query.QueryEnhancerFactory     : Hibernate is in classpath; If applicable, HQL parser will be used.
2026-01-25T00:44:25.733+02:00  INFO 21916 --- [main] o.s.boot.web.servlet.RegistrationBean    : Filter tenantFilterRegistration was not registered (disabled)
2026-01-25T00:44:25.734+02:00  INFO 21916 --- [main] o.s.boot.web.servlet.RegistrationBean    : Filter tenantContextFilterRegistration was not registered (disabled)
2026-01-25T00:44:26.933+02:00  INFO 21916 --- [main] c.o.a.g.watchdog.FileSystemMonitor       : Watchdog: Registered monitor for tenants
2026-01-25T00:44:26.933+02:00  INFO 21916 --- [main] c.o.a.g.watchdog.FileSystemMonitor       : Watchdog: Registered monitor for .
2026-01-25T00:44:26.934+02:00  INFO 21916 --- [Architecture-Watchdog-Thread] c.o.a.g.watchdog.FileSystemMonitor       : Watchdog: FileSystemMonitor thread started.
2026-01-25T00:44:28.162+02:00  WARN 21916 --- [main] JpaBaseConfiguration$JpaWebConfiguration : spring.jpa.open-in-view is enabled by default. Therefore, database queries may be performed during view rendering. Explicitly configure spring.jpa.open-in-view to disable this warning
2026-01-25T00:44:28.907+02:00  INFO 21916 --- [main] o.s.b.a.e.web.EndpointLinksResolver      : Exposing 5 endpoint(s) beneath base path '/actuator'
2026-01-25T00:44:29.001+02:00  INFO 21916 --- [main] o.s.s.web.DefaultSecurityFilterChain     : Will secure any request with [org.springframework.security.web.session.DisableEncodeUrlFilter@1f333c4, org.springframework.security.web.context.request.async.WebAsyncManagerIntegrationFilter@4d132162, org.springframework.security.web.context.SecurityContextHolderFilter@1f3f734f, org.springframework.security.web.header.HeaderWriterFilter@2332f57d, org.springframework.security.web.csrf.CsrfFilter@34afee7c, org.springframework.security.web.authentication.logout.LogoutFilter@2fd29dd8, com.onlineStore.admin.security.TenantAccessValidationFilter@6fa1dc0c, com.onlineStoreCom.security.tenant.TenantContextFilter@6ae247b7, org.springframework.security.web.authentication.UsernamePasswordAuthenticationFilter@64250411, org.springframework.security.web.session.ConcurrentSessionFilter@2cc7beea, org.springframework.security.web.savedrequest.RequestCacheAwareFilter@4766d49a, org.springframework.security.web.servletapi.SecurityContextHolderAwareRequestFilter@6c4aafe4, org.springframework.security.web.authentication.rememberme.RememberMeAuthenticationFilter@1180e245, org.springframework.security.web.authentication.AnonymousAuthenticationFilter@5a0585d3, org.springframework.security.web.session.SessionManagementFilter@3d6c7e2f, org.springframework.security.web.access.ExceptionTranslationFilter@3adf81d, org.springframework.security.web.access.intercept.AuthorizationFilter@c709daf]
2026-01-25T00:44:29.477+02:00  INFO 21916 --- [main] o.s.b.w.embedded.tomcat.TomcatWebServer  : Tomcat started on port(s): 744 (http) with context path ''
2026-01-25T00:44:29.490+02:00  INFO 21916 --- [main] c.o.admin.WebBackEndApplication          : Started WebBackEndApplication in 18.49 seconds (process running for 19.312)
2026-01-25T00:44:29.503+02:00  INFO 21916 --- [main] c.o.admin.CorrectTenant0To4Data          : ================================================================================
2026-01-25T00:44:29.504+02:00  INFO 21916 --- [main] c.o.admin.CorrectTenant0To4Data          : 🔧 MIGRATING DATA: TENANT 0 -> TENANT 4 (SKIPPED FOR ASSET MIGRATION)
2026-01-25T00:44:29.504+02:00  INFO 21916 --- [main] c.o.admin.CorrectTenant0To4Data          : ================================================================================
2026-01-25T00:44:29.507+02:00  INFO 21916 --- [main] c.onlineStore.admin.CorrectTenant4Data   : ================================================================================
2026-01-25T00:44:29.507+02:00  INFO 21916 --- [main] c.onlineStore.admin.CorrectTenant4Data   : 🔧 FIXING TENANT 4 DATA MIGRATION
2026-01-25T00:44:29.507+02:00  INFO 21916 --- [main] c.onlineStore.admin.CorrectTenant4Data   : ================================================================================
2026-01-25T00:44:29.532+02:00 DEBUG 21916 --- [main] org.hibernate.SQL                        : UPDATE categories SET tenant_id = 4 WHERE tenant_id = 1
2026-01-25T00:44:29.535+02:00  INFO 21916 --- [main] c.onlineStore.admin.CorrectTenant4Data   : ✅ Fixed 0 categories: tenant_id 1 → 4
2026-01-25T00:44:29.536+02:00 DEBUG 21916 --- [main] org.hibernate.SQL                        : UPDATE brands SET tenant_id = 4 WHERE tenant_id = 1
2026-01-25T00:44:29.537+02:00  INFO 21916 --- [main] c.onlineStore.admin.CorrectTenant4Data   : ✅ Fixed 0 brands: tenant_id 1 → 4
2026-01-25T00:44:29.538+02:00 DEBUG 21916 --- [main] org.hibernate.SQL                        : UPDATE products SET tenant_id = 4 WHERE tenant_id = 1
2026-01-25T00:44:29.539+02:00  INFO 21916 --- [main] c.onlineStore.admin.CorrectTenant4Data   : ✅ Fixed 0 products: tenant_id 1 → 4
2026-01-25T00:44:29.539+02:00 DEBUG 21916 --- [main] org.hibernate.SQL                        :     DELETE FROM settings
    WHERE tenant_id = 1
    AND `key` IN (
        SELECT `key` FROM (
            SELECT `key` FROM settings WHERE tenant_id = 4
        ) as temp
    )

2026-01-25T00:44:29.542+02:00  INFO 21916 --- [main] c.onlineStore.admin.CorrectTenant4Data   : ⚠️ Deleted 0 duplicate settings from Tenant 1
2026-01-25T00:44:29.542+02:00 DEBUG 21916 --- [main] org.hibernate.SQL                        : UPDATE settings SET tenant_id = 4 WHERE tenant_id = 1
2026-01-25T00:44:29.543+02:00  INFO 21916 --- [main] c.onlineStore.admin.CorrectTenant4Data   : ✅ Fixed 0 settings: tenant_id 1 → 4
2026-01-25T00:44:29.544+02:00 DEBUG 21916 --- [main] org.hibernate.SQL                        : UPDATE customers SET tenant_id = 4 WHERE tenant_id = 1
2026-01-25T00:44:29.545+02:00  INFO 21916 --- [main] c.onlineStore.admin.CorrectTenant4Data   : ✅ Fixed 0 customers: tenant_id 1 → 4
2026-01-25T00:44:29.545+02:00 DEBUG 21916 --- [main] org.hibernate.SQL                        : UPDATE orders SET tenant_id = 4 WHERE tenant_id = 1
2026-01-25T00:44:29.548+02:00  INFO 21916 --- [main] c.onlineStore.admin.CorrectTenant4Data   : ✅ Fixed 0 orders: tenant_id 1 → 4
2026-01-25T00:44:29.548+02:00 DEBUG 21916 --- [main] org.hibernate.SQL                        : UPDATE reviews SET tenant_id = 4 WHERE tenant_id = 1
2026-01-25T00:44:29.549+02:00  INFO 21916 --- [main] c.onlineStore.admin.CorrectTenant4Data   : ✅ Fixed 0 reviews: tenant_id 1 → 4
2026-01-25T00:44:29.549+02:00 DEBUG 21916 --- [main] org.hibernate.SQL                        : UPDATE articles SET tenant_id = 4 WHERE tenant_id = 1
2026-01-25T00:44:29.551+02:00 DEBUG 21916 --- [main] org.hibernate.SQL                        : UPDATE menus SET tenant_id = 4 WHERE tenant_id = 1
2026-01-25T00:44:29.552+02:00 DEBUG 21916 --- [main] org.hibernate.SQL                        : UPDATE sections SET tenant_id = 4 WHERE tenant_id = 1
2026-01-25T00:44:29.554+02:00  INFO 21916 --- [main] c.onlineStore.admin.CorrectTenant4Data   : ✅ Fixed Content: 0 articles, 0 menus, 0 sections
2026-01-25T00:44:29.567+02:00 DEBUG 21916 --- [main] org.hibernate.SQL                        :     SELECT COUNT(*) FROM brands_categories bc
    JOIN brands b ON bc.brand_id = b.id
    JOIN categories c ON bc.category_id = c.id
    WHERE b.tenant_id = 4 AND c.tenant_id = 1

2026-01-25T00:44:29.606+02:00  INFO 21916 --- [main] c.onlineStore.admin.CorrectTenant4Data   : 📊 Remaining cross-tenant refs (Tenant 4 brands → Tenant 1 categories): 0
2026-01-25T00:44:29.608+02:00  INFO 21916 --- [main] c.onlineStore.admin.CorrectTenant4Data   : ✅ ALL CROSS-TENANT REFERENCES RESOLVED!
2026-01-25T00:44:29.608+02:00  INFO 21916 --- [main] c.onlineStore.admin.CorrectTenant4Data   : ================================================================================
2026-01-25T00:44:29.611+02:00 DEBUG 21916 --- [main] org.hibernate.SQL                        :     SELECT c.id, c.tenant_id, p.id, p.tenant_id
    FROM categories c
    JOIN categories p ON c.parent_id = p.id
    WHERE c.tenant_id != p.tenant_id

2026-01-25T00:44:29.612+02:00 DEBUG 21916 --- [main] org.hibernate.SQL                        :     SELECT p.id, p.tenant_id, c.id, c.tenant_id
    FROM products p
    JOIN categories c ON p.category_id = c.id
    WHERE p.tenant_id != c.tenant_id

2026-01-25T00:44:29.614+02:00 DEBUG 21916 --- [main] org.hibernate.SQL                        :     SELECT p.id, p.tenant_id, b.id, b.tenant_id
    FROM products p
    JOIN brands b ON p.brand_id = b.id
    WHERE p.tenant_id != b.tenant_id

2026-01-25T00:44:29.615+02:00 DEBUG 21916 --- [main] org.hibernate.SQL                        :     DELETE bc FROM brands_categories bc
    JOIN brands b ON bc.brand_id = b.id
    JOIN categories c ON bc.category_id = c.id
    WHERE b.tenant_id != c.tenant_id

2026-01-25T00:44:29.616+02:00 DEBUG 21916 --- [main] org.hibernate.SQL                        :     SELECT o.id, o.tenant_id, c.id, c.tenant_id
    FROM orders o
    JOIN customers c ON o.customer_id = c.id
    WHERE o.tenant_id != c.tenant_id

2026-01-25T00:44:29.617+02:00 DEBUG 21916 --- [main] org.hibernate.SQL                        :     SELECT od.id, o.tenant_id, p.id, p.tenant_id
    FROM order_details od
    JOIN orders o ON od.order_id = o.id
    JOIN products p ON od.product_id = p.id
    WHERE o.tenant_id != p.tenant_id

2026-01-25T00:44:29.623+02:00 DEBUG 21916 --- [main] org.hibernate.SQL                        : SELECT COUNT(*) FROM categories WHERE tenant_id = 4
2026-01-25T00:44:29.624+02:00 DEBUG 21916 --- [main] org.hibernate.SQL                        : SELECT COUNT(*) FROM categories WHERE tenant_id = 5
2026-01-25T00:44:29.625+02:00 DEBUG 21916 --- [main] org.hibernate.SQL                        : SELECT COUNT(*) FROM brands WHERE tenant_id = 4
2026-01-25T00:44:29.625+02:00 DEBUG 21916 --- [main] org.hibernate.SQL                        : SELECT COUNT(*) FROM brands WHERE tenant_id = 5
2026-01-25T00:44:29.626+02:00 DEBUG 21916 --- [main] org.hibernate.SQL                        : SELECT COUNT(*) FROM products WHERE tenant_id = 4
2026-01-25T00:44:29.628+02:00 DEBUG 21916 --- [main] org.hibernate.SQL                        : SELECT COUNT(*) FROM products WHERE tenant_id = 5
2026-01-25T00:44:29.629+02:00 DEBUG 21916 --- [main] org.hibernate.SQL                        :     SELECT c.id, c.name, c.tenant_id, p.id, p.name, p.tenant_id
    FROM categories c
    JOIN categories p ON c.parent_id = p.id
    WHERE c.tenant_id = 4 AND p.tenant_id = 5

2026-01-25T00:44:29.630+02:00 DEBUG 21916 --- [main] org.hibernate.SQL                        :     SELECT bc.brand_id, b.name, b.tenant_id, bc.category_id, c.name, c.tenant_id
    FROM brands_categories bc
    JOIN brands b ON bc.brand_id = b.id
    JOIN categories c ON bc.category_id = c.id
    WHERE b.tenant_id = 4 AND c.tenant_id = 5

2026-01-25T00:44:29.631+02:00 DEBUG 21916 --- [main] org.hibernate.SQL                        :     SELECT p.id, p.name, p.tenant_id, p.category_id, c.name, c.tenant_id
    FROM products p
    JOIN categories c ON p.category_id = c.id
    WHERE p.tenant_id = 4 AND c.tenant_id = 5

2026-01-25T00:44:29.633+02:00 DEBUG 21916 --- [main] org.hibernate.SQL                        :     SELECT p.id, p.name, p.tenant_id, p.brand_id, b.name, b.tenant_id
    FROM products p
    JOIN brands b ON p.brand_id = b.id
    WHERE p.tenant_id = 4 AND b.tenant_id = 5

2026-01-25T00:44:29.633+02:00 DEBUG 21916 --- [main] org.hibernate.SQL                        :     SELECT bc.brand_id, b.name, b.tenant_id, bc.category_id, c.name, c.tenant_id
    FROM brands_categories bc
    JOIN brands b ON bc.brand_id = b.id
    JOIN categories c ON bc.category_id = c.id
    WHERE b.tenant_id = 5 AND c.tenant_id = 4

2026-01-25T00:44:29.637+02:00 DEBUG 21916 --- [main] org.hibernate.SQL                        :     SELECT c.id, c.name, c.tenant_id AS child_tenant,
           p.id AS parent_id, p.name AS parent_name, p.tenant_id AS parent_tenant
    FROM categories c
    JOIN categories p ON c.parent_id = p.id
    WHERE c.tenant_id != p.tenant_id
    ORDER BY c.tenant_id, p.tenant_id

2026-01-25T00:44:29.639+02:00 DEBUG 21916 --- [main] org.hibernate.SQL                        :     SELECT c.id, c.name, p.id, p.name, p.tenant_id
    FROM categories c
    JOIN categories p ON c.parent_id = p.id
    WHERE c.tenant_id = 4 AND c.tenant_id != p.tenant_id

2026-01-25T00:44:29.640+02:00 DEBUG 21916 --- [main] org.hibernate.SQL                        :     SELECT c.id, c.name, c.tenant_id, c.parent_id
    FROM categories c
    WHERE c.parent_id IS NOT NULL
    AND c.parent_id NOT IN (SELECT id FROM categories)

2026-01-25T00:44:29.644+02:00  INFO 21916 --- [main] c.onlineStore.admin.MigrationVerifier    : 🕵️ STARTING MIGRATION VERIFICATION 🕵️
2026-01-25T00:44:29.644+02:00 DEBUG 21916 --- [main] org.hibernate.SQL                        : SELECT COUNT(*) FROM products WHERE tenant_id = 1
2026-01-25T00:44:29.646+02:00 DEBUG 21916 --- [main] org.hibernate.SQL                        : SELECT COUNT(*) FROM products WHERE tenant_id = 4
2026-01-25T00:44:29.648+02:00  INFO 21916 --- [main] c.onlineStore.admin.MigrationVerifier    : [products       ] Tenant 1: 0 | Tenant 4: 108 | Status: ✅ Clean
2026-01-25T00:44:29.648+02:00 DEBUG 21916 --- [main] org.hibernate.SQL                        : SELECT COUNT(*) FROM categories WHERE tenant_id = 1
2026-01-25T00:44:29.649+02:00 DEBUG 21916 --- [main] org.hibernate.SQL                        : SELECT COUNT(*) FROM categories WHERE tenant_id = 4
2026-01-25T00:44:29.651+02:00  INFO 21916 --- [main] c.onlineStore.admin.MigrationVerifier    : [categories     ] Tenant 1: 0 | Tenant 4: 34 | Status: ✅ Clean
2026-01-25T00:44:29.651+02:00 DEBUG 21916 --- [main] org.hibernate.SQL                        : SELECT COUNT(*) FROM brands WHERE tenant_id = 1
2026-01-25T00:44:29.652+02:00 DEBUG 21916 --- [main] org.hibernate.SQL                        : SELECT COUNT(*) FROM brands WHERE tenant_id = 4
2026-01-25T00:44:29.653+02:00  INFO 21916 --- [main] c.onlineStore.admin.MigrationVerifier    : [brands         ] Tenant 1: 0 | Tenant 4: 77 | Status: ✅ Clean
2026-01-25T00:44:29.653+02:00 DEBUG 21916 --- [main] org.hibernate.SQL                        : SELECT COUNT(*) FROM customers WHERE tenant_id = 1
2026-01-25T00:44:29.655+02:00 DEBUG 21916 --- [main] org.hibernate.SQL                        : SELECT COUNT(*) FROM customers WHERE tenant_id = 4
2026-01-25T00:44:29.655+02:00  INFO 21916 --- [main] c.onlineStore.admin.MigrationVerifier    : [customers      ] Tenant 1: 0 | Tenant 4: 43 | Status: ✅ Clean
2026-01-25T00:44:29.655+02:00 DEBUG 21916 --- [main] org.hibernate.SQL                        : SELECT COUNT(*) FROM orders WHERE tenant_id = 1
2026-01-25T00:44:29.657+02:00 DEBUG 21916 --- [main] org.hibernate.SQL                        : SELECT COUNT(*) FROM orders WHERE tenant_id = 4
2026-01-25T00:44:29.658+02:00  INFO 21916 --- [main] c.onlineStore.admin.MigrationVerifier    : [orders         ] Tenant 1: 0 | Tenant 4: 160 | Status: ✅ Clean
2026-01-25T00:44:29.658+02:00 DEBUG 21916 --- [main] org.hibernate.SQL                        : SELECT COUNT(*) FROM reviews WHERE tenant_id = 1
2026-01-25T00:44:29.659+02:00 DEBUG 21916 --- [main] org.hibernate.SQL                        : SELECT COUNT(*) FROM reviews WHERE tenant_id = 4
2026-01-25T00:44:29.660+02:00  INFO 21916 --- [main] c.onlineStore.admin.MigrationVerifier    : [reviews        ] Tenant 1: 0 | Tenant 4: 66 | Status: ✅ Clean
2026-01-25T00:44:29.660+02:00 DEBUG 21916 --- [main] org.hibernate.SQL                        : SELECT COUNT(*) FROM articles WHERE tenant_id = 1
2026-01-25T00:44:29.662+02:00 DEBUG 21916 --- [main] org.hibernate.SQL                        : SELECT COUNT(*) FROM articles WHERE tenant_id = 4
2026-01-25T00:44:29.663+02:00  INFO 21916 --- [main] c.onlineStore.admin.MigrationVerifier    : [articles       ] Tenant 1: 0 | Tenant 4: 9 | Status: ✅ Clean
2026-01-25T00:44:29.663+02:00 DEBUG 21916 --- [main] org.hibernate.SQL                        : SELECT COUNT(*) FROM menus WHERE tenant_id = 1
2026-01-25T00:44:29.664+02:00 DEBUG 21916 --- [main] org.hibernate.SQL                        : SELECT COUNT(*) FROM menus WHERE tenant_id = 4
2026-01-25T00:44:29.665+02:00  INFO 21916 --- [main] c.onlineStore.admin.MigrationVerifier    : [menus          ] Tenant 1: 0 | Tenant 4: 0 | Status: ✅ Clean
2026-01-25T00:44:29.665+02:00 DEBUG 21916 --- [main] org.hibernate.SQL                        : SELECT COUNT(*) FROM sections WHERE tenant_id = 1
2026-01-25T00:44:29.666+02:00 DEBUG 21916 --- [main] org.hibernate.SQL                        : SELECT COUNT(*) FROM sections WHERE tenant_id = 4
2026-01-25T00:44:29.668+02:00  INFO 21916 --- [main] c.onlineStore.admin.MigrationVerifier    : [sections       ] Tenant 1: 0 | Tenant 4: 0 | Status: ✅ Clean
2026-01-25T00:44:29.668+02:00 DEBUG 21916 --- [main] org.hibernate.SQL                        : SELECT COUNT(*) FROM settings WHERE tenant_id = 1
2026-01-25T00:44:29.669+02:00 DEBUG 21916 --- [main] org.hibernate.SQL                        : SELECT COUNT(*) FROM settings WHERE tenant_id = 4
2026-01-25T00:44:29.670+02:00  INFO 21916 --- [main] c.onlineStore.admin.MigrationVerifier    : [settings       ] Tenant 1: 0 | Tenant 4: 67 | Status: ✅ Clean
2026-01-25T00:44:29.671+02:00  INFO 21916 --- [main] c.onlineStore.admin.MigrationVerifier    : 🕵️ VERIFICATION COMPLETE. Check verification_result.txt 🕵️
2026-01-25T00:44:29.724+02:00 DEBUG 21916 --- [main] org.hibernate.SQL                        : select p1_0.id,p1_0.alias,p1_0.average_rating,p1_0.booking_slots,p1_0.brand_id,p1_0.category_id,p1_0.cost,p1_0.created_time,p1_0.discount_percent,p1_0.enabled,p1_0.full_description,p1_0.has_description,p1_0.has_extra_details,p1_0.has_location,p1_0.has_scheduling,p1_0.has_shipping,p1_0.height,p1_0.in_stock,p1_0.length,p1_0.main_image,p1_0.name,p1_0.price,p1_0.product_type,p1_0.review_count,p1_0.service_duration,p1_0.short_description,p1_0.subscription_interval,p1_0.tenant_id,p1_0.track_stock,p1_0.updated_time,p1_0.weight,p1_0.width from products p1_0
2026-01-25T00:44:29.764+02:00  INFO 21916 --- [main] .s.b.a.l.ConditionEvaluationReportLogger : 

Error starting ApplicationContext. To display the condition evaluation report re-run your application with 'debug' enabled.
2026-01-25T00:44:29.785+02:00 ERROR 21916 --- [main] o.s.boot.SpringApplication               : Application run failed

java.lang.IllegalStateException: Failed to execute CommandLineRunner
	at org.springframework.boot.SpringApplication.callRunner(SpringApplication.java:777) ~[spring-boot-3.1.4.jar:3.1.4]
	at org.springframework.boot.SpringApplication.callRunners(SpringApplication.java:758) ~[spring-boot-3.1.4.jar:3.1.4]
	at org.springframework.boot.SpringApplication.run(SpringApplication.java:322) ~[spring-boot-3.1.4.jar:3.1.4]
	at org.springframework.boot.SpringApplication.run(SpringApplication.java:1309) ~[spring-boot-3.1.4.jar:3.1.4]
	at org.springframework.boot.SpringApplication.run(SpringApplication.java:1298) ~[spring-boot-3.1.4.jar:3.1.4]
	at com.onlineStore.admin.WebBackEndApplication.main(WebBackEndApplication.java:17) ~[classes/:na]
Caused by: org.hibernate.PropertyAccessException: Null value was assigned to a property [class com.onlineStoreCom.entity.product.Product.hasDescription] of primitive type : `com.onlineStoreCom.entity.product.Product.hasDescription` (setter)
	at org.hibernate.property.access.spi.SetterFieldImpl.set(SetterFieldImpl.java:61) ~[hibernate-core-6.2.9.Final.jar:6.2.9.Final]
	at org.hibernate.persister.entity.AbstractEntityPersister.setPropertyValues(AbstractEntityPersister.java:4219) ~[hibernate-core-6.2.9.Final.jar:6.2.9.Final]
	at org.hibernate.sql.results.graph.entity.AbstractEntityInitializer.initializeEntityInstance(AbstractEntityInitializer.java:851) ~[hibernate-core-6.2.9.Final.jar:6.2.9.Final]
	at org.hibernate.sql.results.graph.entity.AbstractEntityInitializer.initializeEntity(AbstractEntityInitializer.java:811) ~[hibernate-core-6.2.9.Final.jar:6.2.9.Final]
	at org.hibernate.sql.results.graph.entity.AbstractEntityInitializer.initializeInstance(AbstractEntityInitializer.java:797) ~[hibernate-core-6.2.9.Final.jar:6.2.9.Final]
	at org.hibernate.sql.results.internal.InitializersList.initializeInstance(InitializersList.java:71) ~[hibernate-core-6.2.9.Final.jar:6.2.9.Final]
	at org.hibernate.sql.results.internal.StandardRowReader.coordinateInitializers(StandardRowReader.java:111) ~[hibernate-core-6.2.9.Final.jar:6.2.9.Final]
	at org.hibernate.sql.results.internal.StandardRowReader.readRow(StandardRowReader.java:87) ~[hibernate-core-6.2.9.Final.jar:6.2.9.Final]
	at org.hibernate.sql.results.spi.ListResultsConsumer.consume(ListResultsConsumer.java:199) ~[hibernate-core-6.2.9.Final.jar:6.2.9.Final]
	at org.hibernate.sql.results.spi.ListResultsConsumer.consume(ListResultsConsumer.java:33) ~[hibernate-core-6.2.9.Final.jar:6.2.9.Final]
	at org.hibernate.sql.exec.internal.JdbcSelectExecutorStandardImpl.doExecuteQuery(JdbcSelectExecutorStandardImpl.java:361) ~[hibernate-core-6.2.9.Final.jar:6.2.9.Final]
	at org.hibernate.sql.exec.internal.JdbcSelectExecutorStandardImpl.executeQuery(JdbcSelectExecutorStandardImpl.java:168) ~[hibernate-core-6.2.9.Final.jar:6.2.9.Final]
	at org.hibernate.sql.exec.internal.JdbcSelectExecutorStandardImpl.list(JdbcSelectExecutorStandardImpl.java:93) ~[hibernate-core-6.2.9.Final.jar:6.2.9.Final]
	at org.hibernate.sql.exec.spi.JdbcSelectExecutor.list(JdbcSelectExecutor.java:31) ~[hibernate-core-6.2.9.Final.jar:6.2.9.Final]
	at org.hibernate.query.sqm.internal.ConcreteSqmSelectQueryPlan.lambda$new$0(ConcreteSqmSelectQueryPlan.java:110) ~[hibernate-core-6.2.9.Final.jar:6.2.9.Final]
	at org.hibernate.query.sqm.internal.ConcreteSqmSelectQueryPlan.withCacheableSqmInterpretation(ConcreteSqmSelectQueryPlan.java:303) ~[hibernate-core-6.2.9.Final.jar:6.2.9.Final]
	at org.hibernate.query.sqm.internal.ConcreteSqmSelectQueryPlan.performList(ConcreteSqmSelectQueryPlan.java:244) ~[hibernate-core-6.2.9.Final.jar:6.2.9.Final]
	at org.hibernate.query.sqm.internal.QuerySqmImpl.doList(QuerySqmImpl.java:518) ~[hibernate-core-6.2.9.Final.jar:6.2.9.Final]
	at org.hibernate.query.spi.AbstractSelectionQuery.list(AbstractSelectionQuery.java:367) ~[hibernate-core-6.2.9.Final.jar:6.2.9.Final]
	at org.hibernate.query.Query.getResultList(Query.java:119) ~[hibernate-core-6.2.9.Final.jar:6.2.9.Final]
	at com.onlineStore.admin.ReorganizeAssetsRunner.run(ReorganizeAssetsRunner.java:29) ~[classes/:na]
	at java.base/jdk.internal.reflect.DirectMethodHandleAccessor.invoke(DirectMethodHandleAccessor.java:104) ~[na:na]
	at java.base/java.lang.reflect.Method.invoke(Method.java:578) ~[na:na]
	at org.springframework.aop.support.AopUtils.invokeJoinpointUsingReflection(AopUtils.java:343) ~[spring-aop-6.0.12.jar:6.0.12]
	at org.springframework.aop.framework.ReflectiveMethodInvocation.invokeJoinpoint(ReflectiveMethodInvocation.java:196) ~[spring-aop-6.0.12.jar:6.0.12]
	at org.springframework.aop.framework.ReflectiveMethodInvocation.proceed(ReflectiveMethodInvocation.java:163) ~[spring-aop-6.0.12.jar:6.0.12]
	at org.springframework.aop.framework.CglibAopProxy$CglibMethodInvocation.proceed(CglibAopProxy.java:751) ~[spring-aop-6.0.12.jar:6.0.12]
	at org.springframework.transaction.interceptor.TransactionInterceptor$1.proceedWithInvocation(TransactionInterceptor.java:123) ~[spring-tx-6.0.12.jar:6.0.12]
	at org.springframework.transaction.interceptor.TransactionAspectSupport.invokeWithinTransaction(TransactionAspectSupport.java:391) ~[spring-tx-6.0.12.jar:6.0.12]
	at org.springframework.transaction.interceptor.TransactionInterceptor.invoke(TransactionInterceptor.java:119) ~[spring-tx-6.0.12.jar:6.0.12]
	at org.springframework.aop.framework.ReflectiveMethodInvocation.proceed(ReflectiveMethodInvocation.java:184) ~[spring-aop-6.0.12.jar:6.0.12]
	at org.springframework.aop.framework.CglibAopProxy$CglibMethodInvocation.proceed(CglibAopProxy.java:751) ~[spring-aop-6.0.12.jar:6.0.12]
	at org.springframework.aop.framework.CglibAopProxy$DynamicAdvisedInterceptor.intercept(CglibAopProxy.java:703) ~[spring-aop-6.0.12.jar:6.0.12]
	at com.onlineStore.admin.ReorganizeAssetsRunner$$SpringCGLIB$$0.run(<generated>) ~[classes/:na]
	at org.springframework.boot.SpringApplication.callRunner(SpringApplication.java:774) ~[spring-boot-3.1.4.jar:3.1.4]
	... 5 common frames omitted
Caused by: java.lang.IllegalArgumentException: Can not set boolean field com.onlineStoreCom.entity.product.Product.hasDescription to null value
	at java.base/jdk.internal.reflect.FieldAccessorImpl.throwSetIllegalArgumentException(FieldAccessorImpl.java:228) ~[na:na]
	at java.base/jdk.internal.reflect.FieldAccessorImpl.throwSetIllegalArgumentException(FieldAccessorImpl.java:232) ~[na:na]
	at java.base/jdk.internal.reflect.MethodHandleBooleanFieldAccessorImpl.set(MethodHandleBooleanFieldAccessorImpl.java:111) ~[na:na]
	at java.base/java.lang.reflect.Field.set(Field.java:820) ~[na:na]
	at org.hibernate.property.access.spi.SetterFieldImpl.set(SetterFieldImpl.java:55) ~[hibernate-core-6.2.9.Final.jar:6.2.9.Final]
	... 39 common frames omitted

2026-01-25T00:44:30.870+02:00  INFO 21916 --- [main] j.LocalContainerEntityManagerFactoryBean : Closing JPA EntityManagerFactory for persistence unit 'default'
2026-01-25T00:44:30.872+02:00  INFO 21916 --- [main] com.zaxxer.hikari.HikariDataSource       : HikariPool-1 - Shutdown initiated...
2026-01-25T00:44:30.883+02:00  INFO 21916 --- [main] com.zaxxer.hikari.HikariDataSource       : HikariPool-1 - Shutdown completed.
2026-01-25T00:46:59.045+02:00  INFO 30544 --- [main] c.o.admin.WebBackEndApplication          : Starting WebBackEndApplication using Java 19.0.1 with PID 30544 (E:\onlineStore_Active\webParentVer2\WebBackEndVer2\target\classes started by enoam in E:\onlineStore_Active)
2026-01-25T00:46:59.047+02:00  INFO 30544 --- [main] c.o.admin.WebBackEndApplication          : No active profile set, falling back to 1 default profile: "default"
2026-01-25T00:47:00.654+02:00  INFO 30544 --- [main] .s.d.r.c.RepositoryConfigurationDelegate : Bootstrapping Spring Data JPA repositories in DEFAULT mode.
2026-01-25T00:47:00.873+02:00  INFO 30544 --- [main] .s.d.r.c.RepositoryConfigurationDelegate : Finished Spring Data repository scanning in 208 ms. Found 35 JPA repository interfaces.
2026-01-25T00:47:00.885+02:00  INFO 30544 --- [main] .s.d.r.c.RepositoryConfigurationDelegate : Bootstrapping Spring Data JPA repositories in DEFAULT mode.
2026-01-25T00:47:00.976+02:00  INFO 30544 --- [main] .s.d.r.c.RepositoryConfigurationDelegate : Finished Spring Data repository scanning in 90 ms. Found 34 JPA repository interfaces.
2026-01-25T00:47:02.548+02:00  INFO 30544 --- [main] o.s.b.w.embedded.tomcat.TomcatWebServer  : Tomcat initialized with port(s): 744 (http)
2026-01-25T00:47:02.559+02:00  INFO 30544 --- [main] o.apache.catalina.core.StandardService   : Starting service [Tomcat]
2026-01-25T00:47:02.559+02:00  INFO 30544 --- [main] o.apache.catalina.core.StandardEngine    : Starting Servlet engine: [Apache Tomcat/10.1.13]
2026-01-25T00:47:02.714+02:00  INFO 30544 --- [main] o.a.c.c.C.[Tomcat].[localhost].[/]       : Initializing Spring embedded WebApplicationContext
2026-01-25T00:47:02.715+02:00  INFO 30544 --- [main] w.s.c.ServletWebServerApplicationContext : Root WebApplicationContext: initialization completed in 3591 ms
2026-01-25T00:47:02.914+02:00  INFO 30544 --- [main] o.hibernate.jpa.internal.util.LogHelper  : HHH000204: Processing PersistenceUnitInfo [name: default]
2026-01-25T00:47:03.015+02:00  INFO 30544 --- [main] org.hibernate.Version                    : HHH000412: Hibernate ORM core version 6.2.9.Final
2026-01-25T00:47:03.022+02:00  INFO 30544 --- [main] org.hibernate.cfg.Environment            : HHH000406: Using bytecode reflection optimizer
2026-01-25T00:47:03.285+02:00  INFO 30544 --- [main] o.h.b.i.BytecodeProviderInitiator        : HHH000021: Bytecode provider name : bytebuddy
2026-01-25T00:47:03.475+02:00  INFO 30544 --- [main] o.s.o.j.p.SpringPersistenceUnitInfo      : No LoadTimeWeaver setup: ignoring JPA class transformer
2026-01-25T00:47:03.505+02:00  INFO 30544 --- [main] com.zaxxer.hikari.HikariDataSource       : HikariPool-1 - Starting...
2026-01-25T00:47:03.878+02:00  INFO 30544 --- [main] com.zaxxer.hikari.pool.HikariPool        : HikariPool-1 - Added connection com.mysql.cj.jdbc.ConnectionImpl@be083e1
2026-01-25T00:47:03.880+02:00  INFO 30544 --- [main] com.zaxxer.hikari.HikariDataSource       : HikariPool-1 - Start completed.
2026-01-25T00:47:04.528+02:00  INFO 30544 --- [main] o.h.b.i.BytecodeProviderInitiator        : HHH000021: Bytecode provider name : bytebuddy
2026-01-25T00:47:06.188+02:00  INFO 30544 --- [main] o.h.e.t.j.p.i.JtaPlatformInitiator       : HHH000490: Using JtaPlatform implementation: [org.hibernate.engine.transaction.jta.platform.internal.NoJtaPlatform]
2026-01-25T00:47:07.183+02:00  INFO 30544 --- [main] j.LocalContainerEntityManagerFactoryBean : Initialized JPA EntityManagerFactory for persistence unit 'default'
2026-01-25T00:47:08.203+02:00  INFO 30544 --- [main] o.s.d.j.r.query.QueryEnhancerFactory     : Hibernate is in classpath; If applicable, HQL parser will be used.
2026-01-25T00:47:08.712+02:00  INFO 30544 --- [main] o.s.boot.web.servlet.RegistrationBean    : Filter tenantFilterRegistration was not registered (disabled)
2026-01-25T00:47:08.712+02:00  INFO 30544 --- [main] o.s.boot.web.servlet.RegistrationBean    : Filter tenantContextFilterRegistration was not registered (disabled)
2026-01-25T00:47:10.440+02:00  INFO 30544 --- [main] c.o.a.g.watchdog.FileSystemMonitor       : Watchdog: Registered monitor for tenants
2026-01-25T00:47:10.441+02:00  INFO 30544 --- [main] c.o.a.g.watchdog.FileSystemMonitor       : Watchdog: Registered monitor for .
2026-01-25T00:47:10.443+02:00  INFO 30544 --- [Architecture-Watchdog-Thread] c.o.a.g.watchdog.FileSystemMonitor       : Watchdog: FileSystemMonitor thread started.
2026-01-25T00:47:12.242+02:00  WARN 30544 --- [main] JpaBaseConfiguration$JpaWebConfiguration : spring.jpa.open-in-view is enabled by default. Therefore, database queries may be performed during view rendering. Explicitly configure spring.jpa.open-in-view to disable this warning
2026-01-25T00:47:13.344+02:00  INFO 30544 --- [main] o.s.b.a.e.web.EndpointLinksResolver      : Exposing 5 endpoint(s) beneath base path '/actuator'
2026-01-25T00:47:13.493+02:00  INFO 30544 --- [main] o.s.s.web.DefaultSecurityFilterChain     : Will secure any request with [org.springframework.security.web.session.DisableEncodeUrlFilter@54295e7c, org.springframework.security.web.context.request.async.WebAsyncManagerIntegrationFilter@560ba04e, org.springframework.security.web.context.SecurityContextHolderFilter@53f7a390, org.springframework.security.web.header.HeaderWriterFilter@2843a12d, org.springframework.security.web.csrf.CsrfFilter@6cea94e0, org.springframework.security.web.authentication.logout.LogoutFilter@fd39a21, com.onlineStore.admin.security.TenantAccessValidationFilter@16f52d68, com.onlineStoreCom.security.tenant.TenantContextFilter@35f79e6d, org.springframework.security.web.authentication.UsernamePasswordAuthenticationFilter@3b7e2f1d, org.springframework.security.web.session.ConcurrentSessionFilter@3abe0067, org.springframework.security.web.savedrequest.RequestCacheAwareFilter@2d6a3255, org.springframework.security.web.servletapi.SecurityContextHolderAwareRequestFilter@c95132f, org.springframework.security.web.authentication.rememberme.RememberMeAuthenticationFilter@783a8ec4, org.springframework.security.web.authentication.AnonymousAuthenticationFilter@5fab1fea, org.springframework.security.web.session.SessionManagementFilter@726ff63d, org.springframework.security.web.access.ExceptionTranslationFilter@60866ff5, org.springframework.security.web.access.intercept.AuthorizationFilter@232dee99]
2026-01-25T00:47:14.135+02:00  INFO 30544 --- [main] o.s.b.w.embedded.tomcat.TomcatWebServer  : Tomcat started on port(s): 744 (http) with context path ''
2026-01-25T00:47:14.150+02:00  INFO 30544 --- [main] c.o.admin.WebBackEndApplication          : Started WebBackEndApplication in 15.71 seconds (process running for 16.646)
2026-01-25T00:47:14.165+02:00  INFO 30544 --- [main] c.o.admin.CorrectTenant0To4Data          : ================================================================================
2026-01-25T00:47:14.165+02:00  INFO 30544 --- [main] c.o.admin.CorrectTenant0To4Data          : 🔧 MIGRATING DATA: TENANT 0 -> TENANT 4 (SKIPPED FOR ASSET MIGRATION)
2026-01-25T00:47:14.166+02:00  INFO 30544 --- [main] c.o.admin.CorrectTenant0To4Data          : ================================================================================
2026-01-25T00:47:14.169+02:00  INFO 30544 --- [main] c.onlineStore.admin.CorrectTenant4Data   : ================================================================================
2026-01-25T00:47:14.170+02:00  INFO 30544 --- [main] c.onlineStore.admin.CorrectTenant4Data   : 🔧 FIXING TENANT 4 DATA MIGRATION
2026-01-25T00:47:14.170+02:00  INFO 30544 --- [main] c.onlineStore.admin.CorrectTenant4Data   : ================================================================================
2026-01-25T00:47:14.199+02:00 DEBUG 30544 --- [main] org.hibernate.SQL                        : UPDATE categories SET tenant_id = 4 WHERE tenant_id = 1
2026-01-25T00:47:14.202+02:00  INFO 30544 --- [main] c.onlineStore.admin.CorrectTenant4Data   : ✅ Fixed 0 categories: tenant_id 1 → 4
2026-01-25T00:47:14.204+02:00 DEBUG 30544 --- [main] org.hibernate.SQL                        : UPDATE brands SET tenant_id = 4 WHERE tenant_id = 1
2026-01-25T00:47:14.206+02:00  INFO 30544 --- [main] c.onlineStore.admin.CorrectTenant4Data   : ✅ Fixed 0 brands: tenant_id 1 → 4
2026-01-25T00:47:14.206+02:00 DEBUG 30544 --- [main] org.hibernate.SQL                        : UPDATE products SET tenant_id = 4 WHERE tenant_id = 1
2026-01-25T00:47:14.209+02:00  INFO 30544 --- [main] c.onlineStore.admin.CorrectTenant4Data   : ✅ Fixed 0 products: tenant_id 1 → 4
2026-01-25T00:47:14.210+02:00 DEBUG 30544 --- [main] org.hibernate.SQL                        :     DELETE FROM settings
    WHERE tenant_id = 1
    AND `key` IN (
        SELECT `key` FROM (
            SELECT `key` FROM settings WHERE tenant_id = 4
        ) as temp
    )

2026-01-25T00:47:14.214+02:00  INFO 30544 --- [main] c.onlineStore.admin.CorrectTenant4Data   : ⚠️ Deleted 0 duplicate settings from Tenant 1
2026-01-25T00:47:14.215+02:00 DEBUG 30544 --- [main] org.hibernate.SQL                        : UPDATE settings SET tenant_id = 4 WHERE tenant_id = 1
2026-01-25T00:47:14.218+02:00  INFO 30544 --- [main] c.onlineStore.admin.CorrectTenant4Data   : ✅ Fixed 0 settings: tenant_id 1 → 4
2026-01-25T00:47:14.219+02:00 DEBUG 30544 --- [main] org.hibernate.SQL                        : UPDATE customers SET tenant_id = 4 WHERE tenant_id = 1
2026-01-25T00:47:14.220+02:00  INFO 30544 --- [main] c.onlineStore.admin.CorrectTenant4Data   : ✅ Fixed 0 customers: tenant_id 1 → 4
2026-01-25T00:47:14.221+02:00 DEBUG 30544 --- [main] org.hibernate.SQL                        : UPDATE orders SET tenant_id = 4 WHERE tenant_id = 1
2026-01-25T00:47:14.224+02:00  INFO 30544 --- [main] c.onlineStore.admin.CorrectTenant4Data   : ✅ Fixed 0 orders: tenant_id 1 → 4
2026-01-25T00:47:14.225+02:00 DEBUG 30544 --- [main] org.hibernate.SQL                        : UPDATE reviews SET tenant_id = 4 WHERE tenant_id = 1
2026-01-25T00:47:14.226+02:00  INFO 30544 --- [main] c.onlineStore.admin.CorrectTenant4Data   : ✅ Fixed 0 reviews: tenant_id 1 → 4
2026-01-25T00:47:14.226+02:00 DEBUG 30544 --- [main] org.hibernate.SQL                        : UPDATE articles SET tenant_id = 4 WHERE tenant_id = 1
2026-01-25T00:47:14.228+02:00 DEBUG 30544 --- [main] org.hibernate.SQL                        : UPDATE menus SET tenant_id = 4 WHERE tenant_id = 1
2026-01-25T00:47:14.232+02:00 DEBUG 30544 --- [main] org.hibernate.SQL                        : UPDATE sections SET tenant_id = 4 WHERE tenant_id = 1
2026-01-25T00:47:14.234+02:00  INFO 30544 --- [main] c.onlineStore.admin.CorrectTenant4Data   : ✅ Fixed Content: 0 articles, 0 menus, 0 sections
2026-01-25T00:47:14.249+02:00 DEBUG 30544 --- [main] org.hibernate.SQL                        :     SELECT COUNT(*) FROM brands_categories bc
    JOIN brands b ON bc.brand_id = b.id
    JOIN categories c ON bc.category_id = c.id
    WHERE b.tenant_id = 4 AND c.tenant_id = 1

2026-01-25T00:47:14.280+02:00  INFO 30544 --- [main] c.onlineStore.admin.CorrectTenant4Data   : 📊 Remaining cross-tenant refs (Tenant 4 brands → Tenant 1 categories): 0
2026-01-25T00:47:14.280+02:00  INFO 30544 --- [main] c.onlineStore.admin.CorrectTenant4Data   : ✅ ALL CROSS-TENANT REFERENCES RESOLVED!
2026-01-25T00:47:14.280+02:00  INFO 30544 --- [main] c.onlineStore.admin.CorrectTenant4Data   : ================================================================================
2026-01-25T00:47:14.283+02:00 DEBUG 30544 --- [main] org.hibernate.SQL                        :     SELECT c.id, c.tenant_id, p.id, p.tenant_id
    FROM categories c
    JOIN categories p ON c.parent_id = p.id
    WHERE c.tenant_id != p.tenant_id

2026-01-25T00:47:14.285+02:00 DEBUG 30544 --- [main] org.hibernate.SQL                        :     SELECT p.id, p.tenant_id, c.id, c.tenant_id
    FROM products p
    JOIN categories c ON p.category_id = c.id
    WHERE p.tenant_id != c.tenant_id

2026-01-25T00:47:14.286+02:00 DEBUG 30544 --- [main] org.hibernate.SQL                        :     SELECT p.id, p.tenant_id, b.id, b.tenant_id
    FROM products p
    JOIN brands b ON p.brand_id = b.id
    WHERE p.tenant_id != b.tenant_id

2026-01-25T00:47:14.288+02:00 DEBUG 30544 --- [main] org.hibernate.SQL                        :     DELETE bc FROM brands_categories bc
    JOIN brands b ON bc.brand_id = b.id
    JOIN categories c ON bc.category_id = c.id
    WHERE b.tenant_id != c.tenant_id

2026-01-25T00:47:14.291+02:00 DEBUG 30544 --- [main] org.hibernate.SQL                        :     SELECT o.id, o.tenant_id, c.id, c.tenant_id
    FROM orders o
    JOIN customers c ON o.customer_id = c.id
    WHERE o.tenant_id != c.tenant_id

2026-01-25T00:47:14.294+02:00 DEBUG 30544 --- [main] org.hibernate.SQL                        :     SELECT od.id, o.tenant_id, p.id, p.tenant_id
    FROM order_details od
    JOIN orders o ON od.order_id = o.id
    JOIN products p ON od.product_id = p.id
    WHERE o.tenant_id != p.tenant_id

2026-01-25T00:47:14.302+02:00 DEBUG 30544 --- [main] org.hibernate.SQL                        : SELECT COUNT(*) FROM categories WHERE tenant_id = 4
2026-01-25T00:47:14.305+02:00 DEBUG 30544 --- [main] org.hibernate.SQL                        : SELECT COUNT(*) FROM categories WHERE tenant_id = 5
2026-01-25T00:47:14.305+02:00 DEBUG 30544 --- [main] org.hibernate.SQL                        : SELECT COUNT(*) FROM brands WHERE tenant_id = 4
2026-01-25T00:47:14.307+02:00 DEBUG 30544 --- [main] org.hibernate.SQL                        : SELECT COUNT(*) FROM brands WHERE tenant_id = 5
2026-01-25T00:47:14.309+02:00 DEBUG 30544 --- [main] org.hibernate.SQL                        : SELECT COUNT(*) FROM products WHERE tenant_id = 4
2026-01-25T00:47:14.311+02:00 DEBUG 30544 --- [main] org.hibernate.SQL                        : SELECT COUNT(*) FROM products WHERE tenant_id = 5
2026-01-25T00:47:14.312+02:00 DEBUG 30544 --- [main] org.hibernate.SQL                        :     SELECT c.id, c.name, c.tenant_id, p.id, p.name, p.tenant_id
    FROM categories c
    JOIN categories p ON c.parent_id = p.id
    WHERE c.tenant_id = 4 AND p.tenant_id = 5

2026-01-25T00:47:14.314+02:00 DEBUG 30544 --- [main] org.hibernate.SQL                        :     SELECT bc.brand_id, b.name, b.tenant_id, bc.category_id, c.name, c.tenant_id
    FROM brands_categories bc
    JOIN brands b ON bc.brand_id = b.id
    JOIN categories c ON bc.category_id = c.id
    WHERE b.tenant_id = 4 AND c.tenant_id = 5

2026-01-25T00:47:14.315+02:00 DEBUG 30544 --- [main] org.hibernate.SQL                        :     SELECT p.id, p.name, p.tenant_id, p.category_id, c.name, c.tenant_id
    FROM products p
    JOIN categories c ON p.category_id = c.id
    WHERE p.tenant_id = 4 AND c.tenant_id = 5

2026-01-25T00:47:14.318+02:00 DEBUG 30544 --- [main] org.hibernate.SQL                        :     SELECT p.id, p.name, p.tenant_id, p.brand_id, b.name, b.tenant_id
    FROM products p
    JOIN brands b ON p.brand_id = b.id
    WHERE p.tenant_id = 4 AND b.tenant_id = 5

2026-01-25T00:47:14.320+02:00 DEBUG 30544 --- [main] org.hibernate.SQL                        :     SELECT bc.brand_id, b.name, b.tenant_id, bc.category_id, c.name, c.tenant_id
    FROM brands_categories bc
    JOIN brands b ON bc.brand_id = b.id
    JOIN categories c ON bc.category_id = c.id
    WHERE b.tenant_id = 5 AND c.tenant_id = 4

2026-01-25T00:47:14.323+02:00 DEBUG 30544 --- [main] org.hibernate.SQL                        :     SELECT c.id, c.name, c.tenant_id AS child_tenant,
           p.id AS parent_id, p.name AS parent_name, p.tenant_id AS parent_tenant
    FROM categories c
    JOIN categories p ON c.parent_id = p.id
    WHERE c.tenant_id != p.tenant_id
    ORDER BY c.tenant_id, p.tenant_id

2026-01-25T00:47:14.326+02:00 DEBUG 30544 --- [main] org.hibernate.SQL                        :     SELECT c.id, c.name, p.id, p.name, p.tenant_id
    FROM categories c
    JOIN categories p ON c.parent_id = p.id
    WHERE c.tenant_id = 4 AND c.tenant_id != p.tenant_id

2026-01-25T00:47:14.328+02:00 DEBUG 30544 --- [main] org.hibernate.SQL                        :     SELECT c.id, c.name, c.tenant_id, c.parent_id
    FROM categories c
    WHERE c.parent_id IS NOT NULL
    AND c.parent_id NOT IN (SELECT id FROM categories)

2026-01-25T00:47:14.331+02:00  INFO 30544 --- [main] c.onlineStore.admin.MigrationVerifier    : 🕵️ STARTING MIGRATION VERIFICATION 🕵️
2026-01-25T00:47:14.331+02:00 DEBUG 30544 --- [main] org.hibernate.SQL                        : SELECT COUNT(*) FROM products WHERE tenant_id = 1
2026-01-25T00:47:14.332+02:00 DEBUG 30544 --- [main] org.hibernate.SQL                        : SELECT COUNT(*) FROM products WHERE tenant_id = 4
2026-01-25T00:47:14.334+02:00  INFO 30544 --- [main] c.onlineStore.admin.MigrationVerifier    : [products       ] Tenant 1: 0 | Tenant 4: 108 | Status: ✅ Clean
2026-01-25T00:47:14.335+02:00 DEBUG 30544 --- [main] org.hibernate.SQL                        : SELECT COUNT(*) FROM categories WHERE tenant_id = 1
2026-01-25T00:47:14.336+02:00 DEBUG 30544 --- [main] org.hibernate.SQL                        : SELECT COUNT(*) FROM categories WHERE tenant_id = 4
2026-01-25T00:47:14.337+02:00  INFO 30544 --- [main] c.onlineStore.admin.MigrationVerifier    : [categories     ] Tenant 1: 0 | Tenant 4: 34 | Status: ✅ Clean
2026-01-25T00:47:14.337+02:00 DEBUG 30544 --- [main] org.hibernate.SQL                        : SELECT COUNT(*) FROM brands WHERE tenant_id = 1
2026-01-25T00:47:14.338+02:00 DEBUG 30544 --- [main] org.hibernate.SQL                        : SELECT COUNT(*) FROM brands WHERE tenant_id = 4
2026-01-25T00:47:14.340+02:00  INFO 30544 --- [main] c.onlineStore.admin.MigrationVerifier    : [brands         ] Tenant 1: 0 | Tenant 4: 77 | Status: ✅ Clean
2026-01-25T00:47:14.341+02:00 DEBUG 30544 --- [main] org.hibernate.SQL                        : SELECT COUNT(*) FROM customers WHERE tenant_id = 1
2026-01-25T00:47:14.343+02:00 DEBUG 30544 --- [main] org.hibernate.SQL                        : SELECT COUNT(*) FROM customers WHERE tenant_id = 4
2026-01-25T00:47:14.345+02:00  INFO 30544 --- [main] c.onlineStore.admin.MigrationVerifier    : [customers      ] Tenant 1: 0 | Tenant 4: 43 | Status: ✅ Clean
2026-01-25T00:47:14.345+02:00 DEBUG 30544 --- [main] org.hibernate.SQL                        : SELECT COUNT(*) FROM orders WHERE tenant_id = 1
2026-01-25T00:47:14.347+02:00 DEBUG 30544 --- [main] org.hibernate.SQL                        : SELECT COUNT(*) FROM orders WHERE tenant_id = 4
2026-01-25T00:47:14.348+02:00  INFO 30544 --- [main] c.onlineStore.admin.MigrationVerifier    : [orders         ] Tenant 1: 0 | Tenant 4: 160 | Status: ✅ Clean
2026-01-25T00:47:14.348+02:00 DEBUG 30544 --- [main] org.hibernate.SQL                        : SELECT COUNT(*) FROM reviews WHERE tenant_id = 1
2026-01-25T00:47:14.351+02:00 DEBUG 30544 --- [main] org.hibernate.SQL                        : SELECT COUNT(*) FROM reviews WHERE tenant_id = 4
2026-01-25T00:47:14.353+02:00  INFO 30544 --- [main] c.onlineStore.admin.MigrationVerifier    : [reviews        ] Tenant 1: 0 | Tenant 4: 66 | Status: ✅ Clean
2026-01-25T00:47:14.353+02:00 DEBUG 30544 --- [main] org.hibernate.SQL                        : SELECT COUNT(*) FROM articles WHERE tenant_id = 1
2026-01-25T00:47:14.355+02:00 DEBUG 30544 --- [main] org.hibernate.SQL                        : SELECT COUNT(*) FROM articles WHERE tenant_id = 4
2026-01-25T00:47:14.358+02:00  INFO 30544 --- [main] c.onlineStore.admin.MigrationVerifier    : [articles       ] Tenant 1: 0 | Tenant 4: 9 | Status: ✅ Clean
2026-01-25T00:47:14.358+02:00 DEBUG 30544 --- [main] org.hibernate.SQL                        : SELECT COUNT(*) FROM menus WHERE tenant_id = 1
2026-01-25T00:47:14.360+02:00 DEBUG 30544 --- [main] org.hibernate.SQL                        : SELECT COUNT(*) FROM menus WHERE tenant_id = 4
2026-01-25T00:47:14.361+02:00  INFO 30544 --- [main] c.onlineStore.admin.MigrationVerifier    : [menus          ] Tenant 1: 0 | Tenant 4: 0 | Status: ✅ Clean
2026-01-25T00:47:14.361+02:00 DEBUG 30544 --- [main] org.hibernate.SQL                        : SELECT COUNT(*) FROM sections WHERE tenant_id = 1
2026-01-25T00:47:14.363+02:00 DEBUG 30544 --- [main] org.hibernate.SQL                        : SELECT COUNT(*) FROM sections WHERE tenant_id = 4
2026-01-25T00:47:14.366+02:00  INFO 30544 --- [main] c.onlineStore.admin.MigrationVerifier    : [sections       ] Tenant 1: 0 | Tenant 4: 0 | Status: ✅ Clean
2026-01-25T00:47:14.366+02:00 DEBUG 30544 --- [main] org.hibernate.SQL                        : SELECT COUNT(*) FROM settings WHERE tenant_id = 1
2026-01-25T00:47:14.368+02:00 DEBUG 30544 --- [main] org.hibernate.SQL                        : SELECT COUNT(*) FROM settings WHERE tenant_id = 4
2026-01-25T00:47:14.371+02:00  INFO 30544 --- [main] c.onlineStore.admin.MigrationVerifier    : [settings       ] Tenant 1: 0 | Tenant 4: 67 | Status: ✅ Clean
2026-01-25T00:47:14.372+02:00  INFO 30544 --- [main] c.onlineStore.admin.MigrationVerifier    : 🕵️ VERIFICATION COMPLETE. Check verification_result.txt 🕵️
2026-01-25T00:47:14.460+02:00 DEBUG 30544 --- [main] org.hibernate.SQL                        : select p1_0.id,p1_0.alias,p1_0.average_rating,p1_0.booking_slots,p1_0.brand_id,p1_0.category_id,p1_0.cost,p1_0.created_time,p1_0.discount_percent,p1_0.enabled,p1_0.full_description,p1_0.has_description,p1_0.has_extra_details,p1_0.has_location,p1_0.has_scheduling,p1_0.has_shipping,p1_0.height,p1_0.in_stock,p1_0.length,p1_0.main_image,p1_0.name,p1_0.price,p1_0.product_type,p1_0.review_count,p1_0.service_duration,p1_0.short_description,p1_0.subscription_interval,p1_0.tenant_id,p1_0.track_stock,p1_0.updated_time,p1_0.weight,p1_0.width from products p1_0
2026-01-25T00:47:14.501+02:00  INFO 30544 --- [main] .s.b.a.l.ConditionEvaluationReportLogger : 

Error starting ApplicationContext. To display the condition evaluation report re-run your application with 'debug' enabled.
2026-01-25T00:47:14.519+02:00 ERROR 30544 --- [main] o.s.boot.SpringApplication               : Application run failed

java.lang.IllegalStateException: Failed to execute CommandLineRunner
	at org.springframework.boot.SpringApplication.callRunner(SpringApplication.java:777) ~[spring-boot-3.1.4.jar:3.1.4]
	at org.springframework.boot.SpringApplication.callRunners(SpringApplication.java:758) ~[spring-boot-3.1.4.jar:3.1.4]
	at org.springframework.boot.SpringApplication.run(SpringApplication.java:322) ~[spring-boot-3.1.4.jar:3.1.4]
	at org.springframework.boot.SpringApplication.run(SpringApplication.java:1309) ~[spring-boot-3.1.4.jar:3.1.4]
	at org.springframework.boot.SpringApplication.run(SpringApplication.java:1298) ~[spring-boot-3.1.4.jar:3.1.4]
	at com.onlineStore.admin.WebBackEndApplication.main(WebBackEndApplication.java:17) ~[classes/:na]
Caused by: org.hibernate.PropertyAccessException: Null value was assigned to a property [class com.onlineStoreCom.entity.product.Product.hasDescription] of primitive type : `com.onlineStoreCom.entity.product.Product.hasDescription` (setter)
	at org.hibernate.property.access.spi.SetterFieldImpl.set(SetterFieldImpl.java:61) ~[hibernate-core-6.2.9.Final.jar:6.2.9.Final]
	at org.hibernate.persister.entity.AbstractEntityPersister.setPropertyValues(AbstractEntityPersister.java:4219) ~[hibernate-core-6.2.9.Final.jar:6.2.9.Final]
	at org.hibernate.sql.results.graph.entity.AbstractEntityInitializer.initializeEntityInstance(AbstractEntityInitializer.java:851) ~[hibernate-core-6.2.9.Final.jar:6.2.9.Final]
	at org.hibernate.sql.results.graph.entity.AbstractEntityInitializer.initializeEntity(AbstractEntityInitializer.java:811) ~[hibernate-core-6.2.9.Final.jar:6.2.9.Final]
	at org.hibernate.sql.results.graph.entity.AbstractEntityInitializer.initializeInstance(AbstractEntityInitializer.java:797) ~[hibernate-core-6.2.9.Final.jar:6.2.9.Final]
	at org.hibernate.sql.results.internal.InitializersList.initializeInstance(InitializersList.java:71) ~[hibernate-core-6.2.9.Final.jar:6.2.9.Final]
	at org.hibernate.sql.results.internal.StandardRowReader.coordinateInitializers(StandardRowReader.java:111) ~[hibernate-core-6.2.9.Final.jar:6.2.9.Final]
	at org.hibernate.sql.results.internal.StandardRowReader.readRow(StandardRowReader.java:87) ~[hibernate-core-6.2.9.Final.jar:6.2.9.Final]
	at org.hibernate.sql.results.spi.ListResultsConsumer.consume(ListResultsConsumer.java:199) ~[hibernate-core-6.2.9.Final.jar:6.2.9.Final]
	at org.hibernate.sql.results.spi.ListResultsConsumer.consume(ListResultsConsumer.java:33) ~[hibernate-core-6.2.9.Final.jar:6.2.9.Final]
	at org.hibernate.sql.exec.internal.JdbcSelectExecutorStandardImpl.doExecuteQuery(JdbcSelectExecutorStandardImpl.java:361) ~[hibernate-core-6.2.9.Final.jar:6.2.9.Final]
	at org.hibernate.sql.exec.internal.JdbcSelectExecutorStandardImpl.executeQuery(JdbcSelectExecutorStandardImpl.java:168) ~[hibernate-core-6.2.9.Final.jar:6.2.9.Final]
	at org.hibernate.sql.exec.internal.JdbcSelectExecutorStandardImpl.list(JdbcSelectExecutorStandardImpl.java:93) ~[hibernate-core-6.2.9.Final.jar:6.2.9.Final]
	at org.hibernate.sql.exec.spi.JdbcSelectExecutor.list(JdbcSelectExecutor.java:31) ~[hibernate-core-6.2.9.Final.jar:6.2.9.Final]
	at org.hibernate.query.sqm.internal.ConcreteSqmSelectQueryPlan.lambda$new$0(ConcreteSqmSelectQueryPlan.java:110) ~[hibernate-core-6.2.9.Final.jar:6.2.9.Final]
	at org.hibernate.query.sqm.internal.ConcreteSqmSelectQueryPlan.withCacheableSqmInterpretation(ConcreteSqmSelectQueryPlan.java:303) ~[hibernate-core-6.2.9.Final.jar:6.2.9.Final]
	at org.hibernate.query.sqm.internal.ConcreteSqmSelectQueryPlan.performList(ConcreteSqmSelectQueryPlan.java:244) ~[hibernate-core-6.2.9.Final.jar:6.2.9.Final]
	at org.hibernate.query.sqm.internal.QuerySqmImpl.doList(QuerySqmImpl.java:518) ~[hibernate-core-6.2.9.Final.jar:6.2.9.Final]
	at org.hibernate.query.spi.AbstractSelectionQuery.list(AbstractSelectionQuery.java:367) ~[hibernate-core-6.2.9.Final.jar:6.2.9.Final]
	at org.hibernate.query.Query.getResultList(Query.java:119) ~[hibernate-core-6.2.9.Final.jar:6.2.9.Final]
	at com.onlineStore.admin.ReorganizeAssetsRunner.run(ReorganizeAssetsRunner.java:29) ~[classes/:na]
	at java.base/jdk.internal.reflect.DirectMethodHandleAccessor.invoke(DirectMethodHandleAccessor.java:104) ~[na:na]
	at java.base/java.lang.reflect.Method.invoke(Method.java:578) ~[na:na]
	at org.springframework.aop.support.AopUtils.invokeJoinpointUsingReflection(AopUtils.java:343) ~[spring-aop-6.0.12.jar:6.0.12]
	at org.springframework.aop.framework.ReflectiveMethodInvocation.invokeJoinpoint(ReflectiveMethodInvocation.java:196) ~[spring-aop-6.0.12.jar:6.0.12]
	at org.springframework.aop.framework.ReflectiveMethodInvocation.proceed(ReflectiveMethodInvocation.java:163) ~[spring-aop-6.0.12.jar:6.0.12]
	at org.springframework.aop.framework.CglibAopProxy$CglibMethodInvocation.proceed(CglibAopProxy.java:751) ~[spring-aop-6.0.12.jar:6.0.12]
	at org.springframework.transaction.interceptor.TransactionInterceptor$1.proceedWithInvocation(TransactionInterceptor.java:123) ~[spring-tx-6.0.12.jar:6.0.12]
	at org.springframework.transaction.interceptor.TransactionAspectSupport.invokeWithinTransaction(TransactionAspectSupport.java:391) ~[spring-tx-6.0.12.jar:6.0.12]
	at org.springframework.transaction.interceptor.TransactionInterceptor.invoke(TransactionInterceptor.java:119) ~[spring-tx-6.0.12.jar:6.0.12]
	at org.springframework.aop.framework.ReflectiveMethodInvocation.proceed(ReflectiveMethodInvocation.java:184) ~[spring-aop-6.0.12.jar:6.0.12]
	at org.springframework.aop.framework.CglibAopProxy$CglibMethodInvocation.proceed(CglibAopProxy.java:751) ~[spring-aop-6.0.12.jar:6.0.12]
	at org.springframework.aop.framework.CglibAopProxy$DynamicAdvisedInterceptor.intercept(CglibAopProxy.java:703) ~[spring-aop-6.0.12.jar:6.0.12]
	at com.onlineStore.admin.ReorganizeAssetsRunner$$SpringCGLIB$$0.run(<generated>) ~[classes/:na]
	at org.springframework.boot.SpringApplication.callRunner(SpringApplication.java:774) ~[spring-boot-3.1.4.jar:3.1.4]
	... 5 common frames omitted
Caused by: java.lang.IllegalArgumentException: Can not set boolean field com.onlineStoreCom.entity.product.Product.hasDescription to null value
	at java.base/jdk.internal.reflect.FieldAccessorImpl.throwSetIllegalArgumentException(FieldAccessorImpl.java:228) ~[na:na]
	at java.base/jdk.internal.reflect.FieldAccessorImpl.throwSetIllegalArgumentException(FieldAccessorImpl.java:232) ~[na:na]
	at java.base/jdk.internal.reflect.MethodHandleBooleanFieldAccessorImpl.set(MethodHandleBooleanFieldAccessorImpl.java:111) ~[na:na]
	at java.base/java.lang.reflect.Field.set(Field.java:820) ~[na:na]
	at org.hibernate.property.access.spi.SetterFieldImpl.set(SetterFieldImpl.java:55) ~[hibernate-core-6.2.9.Final.jar:6.2.9.Final]
	... 39 common frames omitted

2026-01-25T00:47:15.569+02:00  INFO 30544 --- [main] j.LocalContainerEntityManagerFactoryBean : Closing JPA EntityManagerFactory for persistence unit 'default'
2026-01-25T00:47:15.573+02:00  INFO 30544 --- [main] com.zaxxer.hikari.HikariDataSource       : HikariPool-1 - Shutdown initiated...
2026-01-25T00:47:15.591+02:00  INFO 30544 --- [main] com.zaxxer.hikari.HikariDataSource       : HikariPool-1 - Shutdown completed.
2026-01-25T00:49:55.577+02:00  INFO 24240 --- [main] c.o.admin.WebBackEndApplication          : Starting WebBackEndApplication using Java 19.0.1 with PID 24240 (E:\onlineStore_Active\webParentVer2\WebBackEndVer2\target\classes started by enoam in E:\onlineStore_Active)
2026-01-25T00:49:55.597+02:00  INFO 24240 --- [main] c.o.admin.WebBackEndApplication          : No active profile set, falling back to 1 default profile: "default"
2026-01-25T00:49:58.417+02:00  INFO 24240 --- [main] .s.d.r.c.RepositoryConfigurationDelegate : Bootstrapping Spring Data JPA repositories in DEFAULT mode.
2026-01-25T00:49:58.689+02:00  INFO 24240 --- [main] .s.d.r.c.RepositoryConfigurationDelegate : Finished Spring Data repository scanning in 259 ms. Found 35 JPA repository interfaces.
2026-01-25T00:49:58.699+02:00  INFO 24240 --- [main] .s.d.r.c.RepositoryConfigurationDelegate : Bootstrapping Spring Data JPA repositories in DEFAULT mode.
2026-01-25T00:49:58.784+02:00  INFO 24240 --- [main] .s.d.r.c.RepositoryConfigurationDelegate : Finished Spring Data repository scanning in 85 ms. Found 34 JPA repository interfaces.
2026-01-25T00:50:00.446+02:00  INFO 24240 --- [main] o.s.b.w.embedded.tomcat.TomcatWebServer  : Tomcat initialized with port(s): 744 (http)
2026-01-25T00:50:00.462+02:00  INFO 24240 --- [main] o.apache.catalina.core.StandardService   : Starting service [Tomcat]
2026-01-25T00:50:00.463+02:00  INFO 24240 --- [main] o.apache.catalina.core.StandardEngine    : Starting Servlet engine: [Apache Tomcat/10.1.13]
2026-01-25T00:50:00.593+02:00  INFO 24240 --- [main] o.a.c.c.C.[Tomcat].[localhost].[/]       : Initializing Spring embedded WebApplicationContext
2026-01-25T00:50:00.594+02:00  INFO 24240 --- [main] w.s.c.ServletWebServerApplicationContext : Root WebApplicationContext: initialization completed in 4921 ms
2026-01-25T00:50:00.820+02:00  INFO 24240 --- [main] o.hibernate.jpa.internal.util.LogHelper  : HHH000204: Processing PersistenceUnitInfo [name: default]
2026-01-25T00:50:00.966+02:00  INFO 24240 --- [main] org.hibernate.Version                    : HHH000412: Hibernate ORM core version 6.2.9.Final
2026-01-25T00:50:00.972+02:00  INFO 24240 --- [main] org.hibernate.cfg.Environment            : HHH000406: Using bytecode reflection optimizer
2026-01-25T00:50:01.306+02:00  INFO 24240 --- [main] o.h.b.i.BytecodeProviderInitiator        : HHH000021: Bytecode provider name : bytebuddy
2026-01-25T00:50:01.493+02:00  INFO 24240 --- [main] o.s.o.j.p.SpringPersistenceUnitInfo      : No LoadTimeWeaver setup: ignoring JPA class transformer
2026-01-25T00:50:01.526+02:00  INFO 24240 --- [main] com.zaxxer.hikari.HikariDataSource       : HikariPool-1 - Starting...
2026-01-25T00:50:01.944+02:00  INFO 24240 --- [main] com.zaxxer.hikari.pool.HikariPool        : HikariPool-1 - Added connection com.mysql.cj.jdbc.ConnectionImpl@121dce2
2026-01-25T00:50:01.946+02:00  INFO 24240 --- [main] com.zaxxer.hikari.HikariDataSource       : HikariPool-1 - Start completed.
2026-01-25T00:50:02.657+02:00  INFO 24240 --- [main] o.h.b.i.BytecodeProviderInitiator        : HHH000021: Bytecode provider name : bytebuddy
2026-01-25T00:50:04.417+02:00  INFO 24240 --- [main] o.h.e.t.j.p.i.JtaPlatformInitiator       : HHH000490: Using JtaPlatform implementation: [org.hibernate.engine.transaction.jta.platform.internal.NoJtaPlatform]
2026-01-25T00:50:05.457+02:00  INFO 24240 --- [main] j.LocalContainerEntityManagerFactoryBean : Initialized JPA EntityManagerFactory for persistence unit 'default'
2026-01-25T00:50:06.595+02:00  INFO 24240 --- [main] o.s.d.j.r.query.QueryEnhancerFactory     : Hibernate is in classpath; If applicable, HQL parser will be used.
2026-01-25T00:50:07.025+02:00  INFO 24240 --- [main] o.s.boot.web.servlet.RegistrationBean    : Filter tenantFilterRegistration was not registered (disabled)
2026-01-25T00:50:07.025+02:00  INFO 24240 --- [main] o.s.boot.web.servlet.RegistrationBean    : Filter tenantContextFilterRegistration was not registered (disabled)
2026-01-25T00:50:08.893+02:00  INFO 24240 --- [main] c.o.a.g.watchdog.FileSystemMonitor       : Watchdog: Registered monitor for tenants
2026-01-25T00:50:08.895+02:00  INFO 24240 --- [main] c.o.a.g.watchdog.FileSystemMonitor       : Watchdog: Registered monitor for .
2026-01-25T00:50:08.897+02:00  INFO 24240 --- [Architecture-Watchdog-Thread] c.o.a.g.watchdog.FileSystemMonitor       : Watchdog: FileSystemMonitor thread started.
2026-01-25T00:50:10.886+02:00  WARN 24240 --- [main] JpaBaseConfiguration$JpaWebConfiguration : spring.jpa.open-in-view is enabled by default. Therefore, database queries may be performed during view rendering. Explicitly configure spring.jpa.open-in-view to disable this warning
2026-01-25T00:50:12.067+02:00  INFO 24240 --- [main] o.s.b.a.e.web.EndpointLinksResolver      : Exposing 5 endpoint(s) beneath base path '/actuator'
2026-01-25T00:50:12.223+02:00  INFO 24240 --- [main] o.s.s.web.DefaultSecurityFilterChain     : Will secure any request with [org.springframework.security.web.session.DisableEncodeUrlFilter@7e375806, org.springframework.security.web.context.request.async.WebAsyncManagerIntegrationFilter@f80d1af, org.springframework.security.web.context.SecurityContextHolderFilter@ea29f27, org.springframework.security.web.header.HeaderWriterFilter@fd6a8ec, org.springframework.security.web.csrf.CsrfFilter@31903585, org.springframework.security.web.authentication.logout.LogoutFilter@5cc6b3f9, com.onlineStore.admin.security.TenantAccessValidationFilter@4a6198a7, com.onlineStoreCom.security.tenant.TenantContextFilter@2c3d46d6, org.springframework.security.web.authentication.UsernamePasswordAuthenticationFilter@4202073, org.springframework.security.web.session.ConcurrentSessionFilter@35b82c4e, org.springframework.security.web.savedrequest.RequestCacheAwareFilter@6425422c, org.springframework.security.web.servletapi.SecurityContextHolderAwareRequestFilter@514c4915, org.springframework.security.web.authentication.rememberme.RememberMeAuthenticationFilter@3b45cb6c, org.springframework.security.web.authentication.AnonymousAuthenticationFilter@7a05671c, org.springframework.security.web.session.SessionManagementFilter@3265ef81, org.springframework.security.web.access.ExceptionTranslationFilter@13eb146f, org.springframework.security.web.access.intercept.AuthorizationFilter@157b0f6]
2026-01-25T00:50:12.873+02:00  INFO 24240 --- [main] o.s.b.w.embedded.tomcat.TomcatWebServer  : Tomcat started on port(s): 744 (http) with context path ''
2026-01-25T00:50:12.890+02:00  INFO 24240 --- [main] c.o.admin.WebBackEndApplication          : Started WebBackEndApplication in 18.003 seconds (process running for 18.951)
2026-01-25T00:50:12.907+02:00  INFO 24240 --- [main] c.o.admin.CorrectTenant0To4Data          : ================================================================================
2026-01-25T00:50:12.907+02:00  INFO 24240 --- [main] c.o.admin.CorrectTenant0To4Data          : 🔧 MIGRATING DATA: TENANT 0 -> TENANT 4 (SKIPPED FOR ASSET MIGRATION)
2026-01-25T00:50:12.907+02:00  INFO 24240 --- [main] c.o.admin.CorrectTenant0To4Data          : ================================================================================
2026-01-25T00:50:12.910+02:00  INFO 24240 --- [main] c.onlineStore.admin.CorrectTenant4Data   : ================================================================================
2026-01-25T00:50:12.911+02:00  INFO 24240 --- [main] c.onlineStore.admin.CorrectTenant4Data   : 🔧 FIXING TENANT 4 DATA MIGRATION
2026-01-25T00:50:12.911+02:00  INFO 24240 --- [main] c.onlineStore.admin.CorrectTenant4Data   : ================================================================================
2026-01-25T00:50:12.941+02:00 DEBUG 24240 --- [main] org.hibernate.SQL                        : UPDATE categories SET tenant_id = 4 WHERE tenant_id = 1
2026-01-25T00:50:12.944+02:00  INFO 24240 --- [main] c.onlineStore.admin.CorrectTenant4Data   : ✅ Fixed 0 categories: tenant_id 1 → 4
2026-01-25T00:50:12.945+02:00 DEBUG 24240 --- [main] org.hibernate.SQL                        : UPDATE brands SET tenant_id = 4 WHERE tenant_id = 1
2026-01-25T00:50:12.947+02:00  INFO 24240 --- [main] c.onlineStore.admin.CorrectTenant4Data   : ✅ Fixed 0 brands: tenant_id 1 → 4
2026-01-25T00:50:12.948+02:00 DEBUG 24240 --- [main] org.hibernate.SQL                        : UPDATE products SET tenant_id = 4 WHERE tenant_id = 1
2026-01-25T00:50:12.950+02:00  INFO 24240 --- [main] c.onlineStore.admin.CorrectTenant4Data   : ✅ Fixed 0 products: tenant_id 1 → 4
2026-01-25T00:50:12.951+02:00 DEBUG 24240 --- [main] org.hibernate.SQL                        :     DELETE FROM settings
    WHERE tenant_id = 1
    AND `key` IN (
        SELECT `key` FROM (
            SELECT `key` FROM settings WHERE tenant_id = 4
        ) as temp
    )

2026-01-25T00:50:12.955+02:00  INFO 24240 --- [main] c.onlineStore.admin.CorrectTenant4Data   : ⚠️ Deleted 0 duplicate settings from Tenant 1
2026-01-25T00:50:12.956+02:00 DEBUG 24240 --- [main] org.hibernate.SQL                        : UPDATE settings SET tenant_id = 4 WHERE tenant_id = 1
2026-01-25T00:50:12.959+02:00  INFO 24240 --- [main] c.onlineStore.admin.CorrectTenant4Data   : ✅ Fixed 0 settings: tenant_id 1 → 4
2026-01-25T00:50:12.960+02:00 DEBUG 24240 --- [main] org.hibernate.SQL                        : UPDATE customers SET tenant_id = 4 WHERE tenant_id = 1
2026-01-25T00:50:12.962+02:00  INFO 24240 --- [main] c.onlineStore.admin.CorrectTenant4Data   : ✅ Fixed 0 customers: tenant_id 1 → 4
2026-01-25T00:50:12.963+02:00 DEBUG 24240 --- [main] org.hibernate.SQL                        : UPDATE orders SET tenant_id = 4 WHERE tenant_id = 1
2026-01-25T00:50:12.966+02:00  INFO 24240 --- [main] c.onlineStore.admin.CorrectTenant4Data   : ✅ Fixed 0 orders: tenant_id 1 → 4
2026-01-25T00:50:12.967+02:00 DEBUG 24240 --- [main] org.hibernate.SQL                        : UPDATE reviews SET tenant_id = 4 WHERE tenant_id = 1
2026-01-25T00:50:12.968+02:00  INFO 24240 --- [main] c.onlineStore.admin.CorrectTenant4Data   : ✅ Fixed 0 reviews: tenant_id 1 → 4
2026-01-25T00:50:12.970+02:00 DEBUG 24240 --- [main] org.hibernate.SQL                        : UPDATE articles SET tenant_id = 4 WHERE tenant_id = 1
2026-01-25T00:50:12.972+02:00 DEBUG 24240 --- [main] org.hibernate.SQL                        : UPDATE menus SET tenant_id = 4 WHERE tenant_id = 1
2026-01-25T00:50:12.974+02:00 DEBUG 24240 --- [main] org.hibernate.SQL                        : UPDATE sections SET tenant_id = 4 WHERE tenant_id = 1
2026-01-25T00:50:12.976+02:00  INFO 24240 --- [main] c.onlineStore.admin.CorrectTenant4Data   : ✅ Fixed Content: 0 articles, 0 menus, 0 sections
2026-01-25T00:50:13.000+02:00 DEBUG 24240 --- [main] org.hibernate.SQL                        :     SELECT COUNT(*) FROM brands_categories bc
    JOIN brands b ON bc.brand_id = b.id
    JOIN categories c ON bc.category_id = c.id
    WHERE b.tenant_id = 4 AND c.tenant_id = 1

2026-01-25T00:50:13.031+02:00  INFO 24240 --- [main] c.onlineStore.admin.CorrectTenant4Data   : 📊 Remaining cross-tenant refs (Tenant 4 brands → Tenant 1 categories): 0
2026-01-25T00:50:13.031+02:00  INFO 24240 --- [main] c.onlineStore.admin.CorrectTenant4Data   : ✅ ALL CROSS-TENANT REFERENCES RESOLVED!
2026-01-25T00:50:13.031+02:00  INFO 24240 --- [main] c.onlineStore.admin.CorrectTenant4Data   : ================================================================================
2026-01-25T00:50:13.034+02:00 DEBUG 24240 --- [main] org.hibernate.SQL                        :     SELECT c.id, c.tenant_id, p.id, p.tenant_id
    FROM categories c
    JOIN categories p ON c.parent_id = p.id
    WHERE c.tenant_id != p.tenant_id

2026-01-25T00:50:13.036+02:00 DEBUG 24240 --- [main] org.hibernate.SQL                        :     SELECT p.id, p.tenant_id, c.id, c.tenant_id
    FROM products p
    JOIN categories c ON p.category_id = c.id
    WHERE p.tenant_id != c.tenant_id

2026-01-25T00:50:13.039+02:00 DEBUG 24240 --- [main] org.hibernate.SQL                        :     SELECT p.id, p.tenant_id, b.id, b.tenant_id
    FROM products p
    JOIN brands b ON p.brand_id = b.id
    WHERE p.tenant_id != b.tenant_id

2026-01-25T00:50:13.042+02:00 DEBUG 24240 --- [main] org.hibernate.SQL                        :     DELETE bc FROM brands_categories bc
    JOIN brands b ON bc.brand_id = b.id
    JOIN categories c ON bc.category_id = c.id
    WHERE b.tenant_id != c.tenant_id

2026-01-25T00:50:13.046+02:00 DEBUG 24240 --- [main] org.hibernate.SQL                        :     SELECT o.id, o.tenant_id, c.id, c.tenant_id
    FROM orders o
    JOIN customers c ON o.customer_id = c.id
    WHERE o.tenant_id != c.tenant_id

2026-01-25T00:50:13.048+02:00 DEBUG 24240 --- [main] org.hibernate.SQL                        :     SELECT od.id, o.tenant_id, p.id, p.tenant_id
    FROM order_details od
    JOIN orders o ON od.order_id = o.id
    JOIN products p ON od.product_id = p.id
    WHERE o.tenant_id != p.tenant_id

2026-01-25T00:50:13.060+02:00 DEBUG 24240 --- [main] org.hibernate.SQL                        : SELECT COUNT(*) FROM categories WHERE tenant_id = 4
2026-01-25T00:50:13.062+02:00 DEBUG 24240 --- [main] org.hibernate.SQL                        : SELECT COUNT(*) FROM categories WHERE tenant_id = 5
2026-01-25T00:50:13.064+02:00 DEBUG 24240 --- [main] org.hibernate.SQL                        : SELECT COUNT(*) FROM brands WHERE tenant_id = 4
2026-01-25T00:50:13.065+02:00 DEBUG 24240 --- [main] org.hibernate.SQL                        : SELECT COUNT(*) FROM brands WHERE tenant_id = 5
2026-01-25T00:50:13.066+02:00 DEBUG 24240 --- [main] org.hibernate.SQL                        : SELECT COUNT(*) FROM products WHERE tenant_id = 4
2026-01-25T00:50:13.067+02:00 DEBUG 24240 --- [main] org.hibernate.SQL                        : SELECT COUNT(*) FROM products WHERE tenant_id = 5
2026-01-25T00:50:13.068+02:00 DEBUG 24240 --- [main] org.hibernate.SQL                        :     SELECT c.id, c.name, c.tenant_id, p.id, p.name, p.tenant_id
    FROM categories c
    JOIN categories p ON c.parent_id = p.id
    WHERE c.tenant_id = 4 AND p.tenant_id = 5

2026-01-25T00:50:13.071+02:00 DEBUG 24240 --- [main] org.hibernate.SQL                        :     SELECT bc.brand_id, b.name, b.tenant_id, bc.category_id, c.name, c.tenant_id
    FROM brands_categories bc
    JOIN brands b ON bc.brand_id = b.id
    JOIN categories c ON bc.category_id = c.id
    WHERE b.tenant_id = 4 AND c.tenant_id = 5

2026-01-25T00:50:13.072+02:00 DEBUG 24240 --- [main] org.hibernate.SQL                        :     SELECT p.id, p.name, p.tenant_id, p.category_id, c.name, c.tenant_id
    FROM products p
    JOIN categories c ON p.category_id = c.id
    WHERE p.tenant_id = 4 AND c.tenant_id = 5

2026-01-25T00:50:13.076+02:00 DEBUG 24240 --- [main] org.hibernate.SQL                        :     SELECT p.id, p.name, p.tenant_id, p.brand_id, b.name, b.tenant_id
    FROM products p
    JOIN brands b ON p.brand_id = b.id
    WHERE p.tenant_id = 4 AND b.tenant_id = 5

2026-01-25T00:50:13.078+02:00 DEBUG 24240 --- [main] org.hibernate.SQL                        :     SELECT bc.brand_id, b.name, b.tenant_id, bc.category_id, c.name, c.tenant_id
    FROM brands_categories bc
    JOIN brands b ON bc.brand_id = b.id
    JOIN categories c ON bc.category_id = c.id
    WHERE b.tenant_id = 5 AND c.tenant_id = 4

2026-01-25T00:50:13.082+02:00 DEBUG 24240 --- [main] org.hibernate.SQL                        :     SELECT c.id, c.name, c.tenant_id AS child_tenant,
           p.id AS parent_id, p.name AS parent_name, p.tenant_id AS parent_tenant
    FROM categories c
    JOIN categories p ON c.parent_id = p.id
    WHERE c.tenant_id != p.tenant_id
    ORDER BY c.tenant_id, p.tenant_id

2026-01-25T00:50:13.085+02:00 DEBUG 24240 --- [main] org.hibernate.SQL                        :     SELECT c.id, c.name, p.id, p.name, p.tenant_id
    FROM categories c
    JOIN categories p ON c.parent_id = p.id
    WHERE c.tenant_id = 4 AND c.tenant_id != p.tenant_id

2026-01-25T00:50:13.087+02:00 DEBUG 24240 --- [main] org.hibernate.SQL                        :     SELECT c.id, c.name, c.tenant_id, c.parent_id
    FROM categories c
    WHERE c.parent_id IS NOT NULL
    AND c.parent_id NOT IN (SELECT id FROM categories)

2026-01-25T00:50:13.092+02:00  INFO 24240 --- [main] c.onlineStore.admin.MigrationVerifier    : 🕵️ STARTING MIGRATION VERIFICATION 🕵️
2026-01-25T00:50:13.093+02:00 DEBUG 24240 --- [main] org.hibernate.SQL                        : SELECT COUNT(*) FROM products WHERE tenant_id = 1
2026-01-25T00:50:13.094+02:00 DEBUG 24240 --- [main] org.hibernate.SQL                        : SELECT COUNT(*) FROM products WHERE tenant_id = 4
2026-01-25T00:50:13.097+02:00  INFO 24240 --- [main] c.onlineStore.admin.MigrationVerifier    : [products       ] Tenant 1: 0 | Tenant 4: 108 | Status: ✅ Clean
2026-01-25T00:50:13.097+02:00 DEBUG 24240 --- [main] org.hibernate.SQL                        : SELECT COUNT(*) FROM categories WHERE tenant_id = 1
2026-01-25T00:50:13.099+02:00 DEBUG 24240 --- [main] org.hibernate.SQL                        : SELECT COUNT(*) FROM categories WHERE tenant_id = 4
2026-01-25T00:50:13.101+02:00  INFO 24240 --- [main] c.onlineStore.admin.MigrationVerifier    : [categories     ] Tenant 1: 0 | Tenant 4: 34 | Status: ✅ Clean
2026-01-25T00:50:13.101+02:00 DEBUG 24240 --- [main] org.hibernate.SQL                        : SELECT COUNT(*) FROM brands WHERE tenant_id = 1
2026-01-25T00:50:13.103+02:00 DEBUG 24240 --- [main] org.hibernate.SQL                        : SELECT COUNT(*) FROM brands WHERE tenant_id = 4
2026-01-25T00:50:13.105+02:00  INFO 24240 --- [main] c.onlineStore.admin.MigrationVerifier    : [brands         ] Tenant 1: 0 | Tenant 4: 77 | Status: ✅ Clean
2026-01-25T00:50:13.107+02:00 DEBUG 24240 --- [main] org.hibernate.SQL                        : SELECT COUNT(*) FROM customers WHERE tenant_id = 1
2026-01-25T00:50:13.109+02:00 DEBUG 24240 --- [main] org.hibernate.SQL                        : SELECT COUNT(*) FROM customers WHERE tenant_id = 4
2026-01-25T00:50:13.112+02:00  INFO 24240 --- [main] c.onlineStore.admin.MigrationVerifier    : [customers      ] Tenant 1: 0 | Tenant 4: 43 | Status: ✅ Clean
2026-01-25T00:50:13.112+02:00 DEBUG 24240 --- [main] org.hibernate.SQL                        : SELECT COUNT(*) FROM orders WHERE tenant_id = 1
2026-01-25T00:50:13.115+02:00 DEBUG 24240 --- [main] org.hibernate.SQL                        : SELECT COUNT(*) FROM orders WHERE tenant_id = 4
2026-01-25T00:50:13.117+02:00  INFO 24240 --- [main] c.onlineStore.admin.MigrationVerifier    : [orders         ] Tenant 1: 0 | Tenant 4: 160 | Status: ✅ Clean
2026-01-25T00:50:13.117+02:00 DEBUG 24240 --- [main] org.hibernate.SQL                        : SELECT COUNT(*) FROM reviews WHERE tenant_id = 1
2026-01-25T00:50:13.119+02:00 DEBUG 24240 --- [main] org.hibernate.SQL                        : SELECT COUNT(*) FROM reviews WHERE tenant_id = 4
2026-01-25T00:50:13.121+02:00  INFO 24240 --- [main] c.onlineStore.admin.MigrationVerifier    : [reviews        ] Tenant 1: 0 | Tenant 4: 66 | Status: ✅ Clean
2026-01-25T00:50:13.123+02:00 DEBUG 24240 --- [main] org.hibernate.SQL                        : SELECT COUNT(*) FROM articles WHERE tenant_id = 1
2026-01-25T00:50:13.125+02:00 DEBUG 24240 --- [main] org.hibernate.SQL                        : SELECT COUNT(*) FROM articles WHERE tenant_id = 4
2026-01-25T00:50:13.129+02:00  INFO 24240 --- [main] c.onlineStore.admin.MigrationVerifier    : [articles       ] Tenant 1: 0 | Tenant 4: 9 | Status: ✅ Clean
2026-01-25T00:50:13.130+02:00 DEBUG 24240 --- [main] org.hibernate.SQL                        : SELECT COUNT(*) FROM menus WHERE tenant_id = 1
2026-01-25T00:50:13.131+02:00 DEBUG 24240 --- [main] org.hibernate.SQL                        : SELECT COUNT(*) FROM menus WHERE tenant_id = 4
2026-01-25T00:50:13.135+02:00  INFO 24240 --- [main] c.onlineStore.admin.MigrationVerifier    : [menus          ] Tenant 1: 0 | Tenant 4: 0 | Status: ✅ Clean
2026-01-25T00:50:13.135+02:00 DEBUG 24240 --- [main] org.hibernate.SQL                        : SELECT COUNT(*) FROM sections WHERE tenant_id = 1
2026-01-25T00:50:13.138+02:00 DEBUG 24240 --- [main] org.hibernate.SQL                        : SELECT COUNT(*) FROM sections WHERE tenant_id = 4
2026-01-25T00:50:13.140+02:00  INFO 24240 --- [main] c.onlineStore.admin.MigrationVerifier    : [sections       ] Tenant 1: 0 | Tenant 4: 0 | Status: ✅ Clean
2026-01-25T00:50:13.141+02:00 DEBUG 24240 --- [main] org.hibernate.SQL                        : SELECT COUNT(*) FROM settings WHERE tenant_id = 1
2026-01-25T00:50:13.143+02:00 DEBUG 24240 --- [main] org.hibernate.SQL                        : SELECT COUNT(*) FROM settings WHERE tenant_id = 4
2026-01-25T00:50:13.147+02:00  INFO 24240 --- [main] c.onlineStore.admin.MigrationVerifier    : [settings       ] Tenant 1: 0 | Tenant 4: 67 | Status: ✅ Clean
2026-01-25T00:50:13.148+02:00  INFO 24240 --- [main] c.onlineStore.admin.MigrationVerifier    : 🕵️ VERIFICATION COMPLETE. Check verification_result.txt 🕵️
2026-01-25T00:50:13.223+02:00 DEBUG 24240 --- [main] org.hibernate.SQL                        : select p1_0.id,p1_0.alias,p1_0.average_rating,p1_0.booking_slots,p1_0.brand_id,p1_0.category_id,p1_0.cost,p1_0.created_time,p1_0.discount_percent,p1_0.enabled,p1_0.full_description,p1_0.has_description,p1_0.has_extra_details,p1_0.has_location,p1_0.has_scheduling,p1_0.has_shipping,p1_0.height,p1_0.in_stock,p1_0.length,p1_0.main_image,p1_0.name,p1_0.price,p1_0.product_type,p1_0.review_count,p1_0.service_duration,p1_0.short_description,p1_0.subscription_interval,p1_0.tenant_id,p1_0.track_stock,p1_0.updated_time,p1_0.weight,p1_0.width from products p1_0
2026-01-25T00:50:13.275+02:00  INFO 24240 --- [main] .s.b.a.l.ConditionEvaluationReportLogger : 

Error starting ApplicationContext. To display the condition evaluation report re-run your application with 'debug' enabled.
2026-01-25T00:50:13.316+02:00 ERROR 24240 --- [main] o.s.boot.SpringApplication               : Application run failed

java.lang.IllegalStateException: Failed to execute CommandLineRunner
	at org.springframework.boot.SpringApplication.callRunner(SpringApplication.java:777) ~[spring-boot-3.1.4.jar:3.1.4]
	at org.springframework.boot.SpringApplication.callRunners(SpringApplication.java:758) ~[spring-boot-3.1.4.jar:3.1.4]
	at org.springframework.boot.SpringApplication.run(SpringApplication.java:322) ~[spring-boot-3.1.4.jar:3.1.4]
	at org.springframework.boot.SpringApplication.run(SpringApplication.java:1309) ~[spring-boot-3.1.4.jar:3.1.4]
	at org.springframework.boot.SpringApplication.run(SpringApplication.java:1298) ~[spring-boot-3.1.4.jar:3.1.4]
	at com.onlineStore.admin.WebBackEndApplication.main(WebBackEndApplication.java:17) ~[classes/:na]
Caused by: org.hibernate.PropertyAccessException: Null value was assigned to a property [class com.onlineStoreCom.entity.product.Product.hasDescription] of primitive type : `com.onlineStoreCom.entity.product.Product.hasDescription` (setter)
	at org.hibernate.property.access.spi.SetterFieldImpl.set(SetterFieldImpl.java:61) ~[hibernate-core-6.2.9.Final.jar:6.2.9.Final]
	at org.hibernate.persister.entity.AbstractEntityPersister.setPropertyValues(AbstractEntityPersister.java:4219) ~[hibernate-core-6.2.9.Final.jar:6.2.9.Final]
	at org.hibernate.sql.results.graph.entity.AbstractEntityInitializer.initializeEntityInstance(AbstractEntityInitializer.java:851) ~[hibernate-core-6.2.9.Final.jar:6.2.9.Final]
	at org.hibernate.sql.results.graph.entity.AbstractEntityInitializer.initializeEntity(AbstractEntityInitializer.java:811) ~[hibernate-core-6.2.9.Final.jar:6.2.9.Final]
	at org.hibernate.sql.results.graph.entity.AbstractEntityInitializer.initializeInstance(AbstractEntityInitializer.java:797) ~[hibernate-core-6.2.9.Final.jar:6.2.9.Final]
	at org.hibernate.sql.results.internal.InitializersList.initializeInstance(InitializersList.java:71) ~[hibernate-core-6.2.9.Final.jar:6.2.9.Final]
	at org.hibernate.sql.results.internal.StandardRowReader.coordinateInitializers(StandardRowReader.java:111) ~[hibernate-core-6.2.9.Final.jar:6.2.9.Final]
	at org.hibernate.sql.results.internal.StandardRowReader.readRow(StandardRowReader.java:87) ~[hibernate-core-6.2.9.Final.jar:6.2.9.Final]
	at org.hibernate.sql.results.spi.ListResultsConsumer.consume(ListResultsConsumer.java:199) ~[hibernate-core-6.2.9.Final.jar:6.2.9.Final]
	at org.hibernate.sql.results.spi.ListResultsConsumer.consume(ListResultsConsumer.java:33) ~[hibernate-core-6.2.9.Final.jar:6.2.9.Final]
	at org.hibernate.sql.exec.internal.JdbcSelectExecutorStandardImpl.doExecuteQuery(JdbcSelectExecutorStandardImpl.java:361) ~[hibernate-core-6.2.9.Final.jar:6.2.9.Final]
	at org.hibernate.sql.exec.internal.JdbcSelectExecutorStandardImpl.executeQuery(JdbcSelectExecutorStandardImpl.java:168) ~[hibernate-core-6.2.9.Final.jar:6.2.9.Final]
	at org.hibernate.sql.exec.internal.JdbcSelectExecutorStandardImpl.list(JdbcSelectExecutorStandardImpl.java:93) ~[hibernate-core-6.2.9.Final.jar:6.2.9.Final]
	at org.hibernate.sql.exec.spi.JdbcSelectExecutor.list(JdbcSelectExecutor.java:31) ~[hibernate-core-6.2.9.Final.jar:6.2.9.Final]
	at org.hibernate.query.sqm.internal.ConcreteSqmSelectQueryPlan.lambda$new$0(ConcreteSqmSelectQueryPlan.java:110) ~[hibernate-core-6.2.9.Final.jar:6.2.9.Final]
	at org.hibernate.query.sqm.internal.ConcreteSqmSelectQueryPlan.withCacheableSqmInterpretation(ConcreteSqmSelectQueryPlan.java:303) ~[hibernate-core-6.2.9.Final.jar:6.2.9.Final]
	at org.hibernate.query.sqm.internal.ConcreteSqmSelectQueryPlan.performList(ConcreteSqmSelectQueryPlan.java:244) ~[hibernate-core-6.2.9.Final.jar:6.2.9.Final]
	at org.hibernate.query.sqm.internal.QuerySqmImpl.doList(QuerySqmImpl.java:518) ~[hibernate-core-6.2.9.Final.jar:6.2.9.Final]
	at org.hibernate.query.spi.AbstractSelectionQuery.list(AbstractSelectionQuery.java:367) ~[hibernate-core-6.2.9.Final.jar:6.2.9.Final]
	at org.hibernate.query.Query.getResultList(Query.java:119) ~[hibernate-core-6.2.9.Final.jar:6.2.9.Final]
	at com.onlineStore.admin.ReorganizeAssetsRunner.run(ReorganizeAssetsRunner.java:29) ~[classes/:na]
	at java.base/jdk.internal.reflect.DirectMethodHandleAccessor.invoke(DirectMethodHandleAccessor.java:104) ~[na:na]
	at java.base/java.lang.reflect.Method.invoke(Method.java:578) ~[na:na]
	at org.springframework.aop.support.AopUtils.invokeJoinpointUsingReflection(AopUtils.java:343) ~[spring-aop-6.0.12.jar:6.0.12]
	at org.springframework.aop.framework.ReflectiveMethodInvocation.invokeJoinpoint(ReflectiveMethodInvocation.java:196) ~[spring-aop-6.0.12.jar:6.0.12]
	at org.springframework.aop.framework.ReflectiveMethodInvocation.proceed(ReflectiveMethodInvocation.java:163) ~[spring-aop-6.0.12.jar:6.0.12]
	at org.springframework.aop.framework.CglibAopProxy$CglibMethodInvocation.proceed(CglibAopProxy.java:751) ~[spring-aop-6.0.12.jar:6.0.12]
	at org.springframework.transaction.interceptor.TransactionInterceptor$1.proceedWithInvocation(TransactionInterceptor.java:123) ~[spring-tx-6.0.12.jar:6.0.12]
	at org.springframework.transaction.interceptor.TransactionAspectSupport.invokeWithinTransaction(TransactionAspectSupport.java:391) ~[spring-tx-6.0.12.jar:6.0.12]
	at org.springframework.transaction.interceptor.TransactionInterceptor.invoke(TransactionInterceptor.java:119) ~[spring-tx-6.0.12.jar:6.0.12]
	at org.springframework.aop.framework.ReflectiveMethodInvocation.proceed(ReflectiveMethodInvocation.java:184) ~[spring-aop-6.0.12.jar:6.0.12]
	at org.springframework.aop.framework.CglibAopProxy$CglibMethodInvocation.proceed(CglibAopProxy.java:751) ~[spring-aop-6.0.12.jar:6.0.12]
	at org.springframework.aop.framework.CglibAopProxy$DynamicAdvisedInterceptor.intercept(CglibAopProxy.java:703) ~[spring-aop-6.0.12.jar:6.0.12]
	at com.onlineStore.admin.ReorganizeAssetsRunner$$SpringCGLIB$$0.run(<generated>) ~[classes/:na]
	at org.springframework.boot.SpringApplication.callRunner(SpringApplication.java:774) ~[spring-boot-3.1.4.jar:3.1.4]
	... 5 common frames omitted
Caused by: java.lang.IllegalArgumentException: Can not set boolean field com.onlineStoreCom.entity.product.Product.hasDescription to null value
	at java.base/jdk.internal.reflect.FieldAccessorImpl.throwSetIllegalArgumentException(FieldAccessorImpl.java:228) ~[na:na]
	at java.base/jdk.internal.reflect.FieldAccessorImpl.throwSetIllegalArgumentException(FieldAccessorImpl.java:232) ~[na:na]
	at java.base/jdk.internal.reflect.MethodHandleBooleanFieldAccessorImpl.set(MethodHandleBooleanFieldAccessorImpl.java:111) ~[na:na]
	at java.base/java.lang.reflect.Field.set(Field.java:820) ~[na:na]
	at org.hibernate.property.access.spi.SetterFieldImpl.set(SetterFieldImpl.java:55) ~[hibernate-core-6.2.9.Final.jar:6.2.9.Final]
	... 39 common frames omitted

2026-01-25T00:50:14.389+02:00  INFO 24240 --- [main] j.LocalContainerEntityManagerFactoryBean : Closing JPA EntityManagerFactory for persistence unit 'default'
2026-01-25T00:50:14.392+02:00  INFO 24240 --- [main] com.zaxxer.hikari.HikariDataSource       : HikariPool-1 - Shutdown initiated...
2026-01-25T00:50:14.403+02:00  INFO 24240 --- [main] com.zaxxer.hikari.HikariDataSource       : HikariPool-1 - Shutdown completed.
2026-01-25T00:51:47.112+02:00  INFO 31212 --- [main] c.o.admin.WebBackEndApplication          : Starting WebBackEndApplication using Java 19.0.1 with PID 31212 (E:\onlineStore_Active\webParentVer2\WebBackEndVer2\target\classes started by enoam in E:\onlineStore_Active)
2026-01-25T00:51:47.138+02:00  INFO 31212 --- [main] c.o.admin.WebBackEndApplication          : No active profile set, falling back to 1 default profile: "default"
2026-01-25T00:51:49.470+02:00  INFO 31212 --- [main] .s.d.r.c.RepositoryConfigurationDelegate : Bootstrapping Spring Data JPA repositories in DEFAULT mode.
2026-01-25T00:51:49.624+02:00  INFO 31212 --- [main] .s.d.r.c.RepositoryConfigurationDelegate : Finished Spring Data repository scanning in 146 ms. Found 35 JPA repository interfaces.
2026-01-25T00:51:49.630+02:00  INFO 31212 --- [main] .s.d.r.c.RepositoryConfigurationDelegate : Bootstrapping Spring Data JPA repositories in DEFAULT mode.
2026-01-25T00:51:49.709+02:00  INFO 31212 --- [main] .s.d.r.c.RepositoryConfigurationDelegate : Finished Spring Data repository scanning in 79 ms. Found 34 JPA repository interfaces.
2026-01-25T00:51:50.996+02:00  INFO 31212 --- [main] o.s.b.w.embedded.tomcat.TomcatWebServer  : Tomcat initialized with port(s): 744 (http)
2026-01-25T00:51:51.006+02:00  INFO 31212 --- [main] o.apache.catalina.core.StandardService   : Starting service [Tomcat]
2026-01-25T00:51:51.006+02:00  INFO 31212 --- [main] o.apache.catalina.core.StandardEngine    : Starting Servlet engine: [Apache Tomcat/10.1.13]
2026-01-25T00:51:51.117+02:00  INFO 31212 --- [main] o.a.c.c.C.[Tomcat].[localhost].[/]       : Initializing Spring embedded WebApplicationContext
2026-01-25T00:51:51.118+02:00  INFO 31212 --- [main] w.s.c.ServletWebServerApplicationContext : Root WebApplicationContext: initialization completed in 3907 ms
2026-01-25T00:51:51.339+02:00  INFO 31212 --- [main] o.hibernate.jpa.internal.util.LogHelper  : HHH000204: Processing PersistenceUnitInfo [name: default]
2026-01-25T00:51:51.451+02:00  INFO 31212 --- [main] org.hibernate.Version                    : HHH000412: Hibernate ORM core version 6.2.9.Final
2026-01-25T00:51:51.455+02:00  INFO 31212 --- [main] org.hibernate.cfg.Environment            : HHH000406: Using bytecode reflection optimizer
2026-01-25T00:51:51.668+02:00  INFO 31212 --- [main] o.h.b.i.BytecodeProviderInitiator        : HHH000021: Bytecode provider name : bytebuddy
2026-01-25T00:51:51.850+02:00  INFO 31212 --- [main] o.s.o.j.p.SpringPersistenceUnitInfo      : No LoadTimeWeaver setup: ignoring JPA class transformer
2026-01-25T00:51:51.871+02:00  INFO 31212 --- [main] com.zaxxer.hikari.HikariDataSource       : HikariPool-1 - Starting...
2026-01-25T00:51:52.197+02:00  INFO 31212 --- [main] com.zaxxer.hikari.pool.HikariPool        : HikariPool-1 - Added connection com.mysql.cj.jdbc.ConnectionImpl@14499b52
2026-01-25T00:51:52.199+02:00  INFO 31212 --- [main] com.zaxxer.hikari.HikariDataSource       : HikariPool-1 - Start completed.
2026-01-25T00:51:52.799+02:00  INFO 31212 --- [main] o.h.b.i.BytecodeProviderInitiator        : HHH000021: Bytecode provider name : bytebuddy
2026-01-25T00:51:54.081+02:00  INFO 31212 --- [main] o.h.e.t.j.p.i.JtaPlatformInitiator       : HHH000490: Using JtaPlatform implementation: [org.hibernate.engine.transaction.jta.platform.internal.NoJtaPlatform]
2026-01-25T00:51:54.547+02:00  INFO 31212 --- [main] j.LocalContainerEntityManagerFactoryBean : Initialized JPA EntityManagerFactory for persistence unit 'default'
2026-01-25T00:51:55.312+02:00  INFO 31212 --- [main] o.s.d.j.r.query.QueryEnhancerFactory     : Hibernate is in classpath; If applicable, HQL parser will be used.
2026-01-25T00:51:55.631+02:00  INFO 31212 --- [main] o.s.boot.web.servlet.RegistrationBean    : Filter tenantFilterRegistration was not registered (disabled)
2026-01-25T00:51:55.631+02:00  INFO 31212 --- [main] o.s.boot.web.servlet.RegistrationBean    : Filter tenantContextFilterRegistration was not registered (disabled)
2026-01-25T00:51:57.017+02:00  INFO 31212 --- [main] c.o.a.g.watchdog.FileSystemMonitor       : Watchdog: Registered monitor for tenants
2026-01-25T00:51:57.018+02:00  INFO 31212 --- [main] c.o.a.g.watchdog.FileSystemMonitor       : Watchdog: Registered monitor for .
2026-01-25T00:51:57.019+02:00  INFO 31212 --- [Architecture-Watchdog-Thread] c.o.a.g.watchdog.FileSystemMonitor       : Watchdog: FileSystemMonitor thread started.
2026-01-25T00:51:58.583+02:00  WARN 31212 --- [main] JpaBaseConfiguration$JpaWebConfiguration : spring.jpa.open-in-view is enabled by default. Therefore, database queries may be performed during view rendering. Explicitly configure spring.jpa.open-in-view to disable this warning
2026-01-25T00:51:59.553+02:00  INFO 31212 --- [main] o.s.b.a.e.web.EndpointLinksResolver      : Exposing 5 endpoint(s) beneath base path '/actuator'
2026-01-25T00:51:59.649+02:00  INFO 31212 --- [main] o.s.s.web.DefaultSecurityFilterChain     : Will secure any request with [org.springframework.security.web.session.DisableEncodeUrlFilter@fd6a8ec, org.springframework.security.web.context.request.async.WebAsyncManagerIntegrationFilter@44d58d15, org.springframework.security.web.context.SecurityContextHolderFilter@4daf7de0, org.springframework.security.web.header.HeaderWriterFilter@7f0ec4e9, org.springframework.security.web.csrf.CsrfFilter@61b9f9a1, org.springframework.security.web.authentication.logout.LogoutFilter@376cb3de, com.onlineStore.admin.security.TenantAccessValidationFilter@3c799d53, com.onlineStoreCom.security.tenant.TenantContextFilter@35f79e6d, org.springframework.security.web.authentication.UsernamePasswordAuthenticationFilter@56acf203, org.springframework.security.web.session.ConcurrentSessionFilter@164cb6a9, org.springframework.security.web.savedrequest.RequestCacheAwareFilter@2d5116c6, org.springframework.security.web.servletapi.SecurityContextHolderAwareRequestFilter@7de669f5, org.springframework.security.web.authentication.rememberme.RememberMeAuthenticationFilter@7db415c7, org.springframework.security.web.authentication.AnonymousAuthenticationFilter@3265ef81, org.springframework.security.web.session.SessionManagementFilter@54295e7c, org.springframework.security.web.access.ExceptionTranslationFilter@7f3469e7, org.springframework.security.web.access.intercept.AuthorizationFilter@9c2e017]
2026-01-25T00:52:00.137+02:00  INFO 31212 --- [main] o.s.b.w.embedded.tomcat.TomcatWebServer  : Tomcat started on port(s): 744 (http) with context path ''
2026-01-25T00:52:00.151+02:00  INFO 31212 --- [main] c.o.admin.WebBackEndApplication          : Started WebBackEndApplication in 13.639 seconds (process running for 14.56)
2026-01-25T00:52:00.165+02:00  INFO 31212 --- [main] c.o.admin.CorrectTenant0To4Data          : ================================================================================
2026-01-25T00:52:00.166+02:00  INFO 31212 --- [main] c.o.admin.CorrectTenant0To4Data          : 🔧 MIGRATING DATA: TENANT 0 -> TENANT 4 (SKIPPED FOR ASSET MIGRATION)
2026-01-25T00:52:00.166+02:00  INFO 31212 --- [main] c.o.admin.CorrectTenant0To4Data          : ================================================================================
2026-01-25T00:52:00.169+02:00  INFO 31212 --- [main] c.onlineStore.admin.CorrectTenant4Data   : ================================================================================
2026-01-25T00:52:00.169+02:00  INFO 31212 --- [main] c.onlineStore.admin.CorrectTenant4Data   : 🔧 FIXING TENANT 4 DATA MIGRATION
2026-01-25T00:52:00.169+02:00  INFO 31212 --- [main] c.onlineStore.admin.CorrectTenant4Data   : ================================================================================
2026-01-25T00:52:00.190+02:00 DEBUG 31212 --- [main] org.hibernate.SQL                        : UPDATE categories SET tenant_id = 4 WHERE tenant_id = 1
2026-01-25T00:52:00.193+02:00  INFO 31212 --- [main] c.onlineStore.admin.CorrectTenant4Data   : ✅ Fixed 0 categories: tenant_id 1 → 4
2026-01-25T00:52:00.193+02:00 DEBUG 31212 --- [main] org.hibernate.SQL                        : UPDATE brands SET tenant_id = 4 WHERE tenant_id = 1
2026-01-25T00:52:00.194+02:00  INFO 31212 --- [main] c.onlineStore.admin.CorrectTenant4Data   : ✅ Fixed 0 brands: tenant_id 1 → 4
2026-01-25T00:52:00.195+02:00 DEBUG 31212 --- [main] org.hibernate.SQL                        : UPDATE products SET tenant_id = 4 WHERE tenant_id = 1
2026-01-25T00:52:00.196+02:00  INFO 31212 --- [main] c.onlineStore.admin.CorrectTenant4Data   : ✅ Fixed 0 products: tenant_id 1 → 4
2026-01-25T00:52:00.196+02:00 DEBUG 31212 --- [main] org.hibernate.SQL                        :     DELETE FROM settings
    WHERE tenant_id = 1
    AND `key` IN (
        SELECT `key` FROM (
            SELECT `key` FROM settings WHERE tenant_id = 4
        ) as temp
    )

2026-01-25T00:52:00.201+02:00  INFO 31212 --- [main] c.onlineStore.admin.CorrectTenant4Data   : ⚠️ Deleted 0 duplicate settings from Tenant 1
2026-01-25T00:52:00.201+02:00 DEBUG 31212 --- [main] org.hibernate.SQL                        : UPDATE settings SET tenant_id = 4 WHERE tenant_id = 1
2026-01-25T00:52:00.203+02:00  INFO 31212 --- [main] c.onlineStore.admin.CorrectTenant4Data   : ✅ Fixed 0 settings: tenant_id 1 → 4
2026-01-25T00:52:00.203+02:00 DEBUG 31212 --- [main] org.hibernate.SQL                        : UPDATE customers SET tenant_id = 4 WHERE tenant_id = 1
2026-01-25T00:52:00.203+02:00  INFO 31212 --- [main] c.onlineStore.admin.CorrectTenant4Data   : ✅ Fixed 0 customers: tenant_id 1 → 4
2026-01-25T00:52:00.203+02:00 DEBUG 31212 --- [main] org.hibernate.SQL                        : UPDATE orders SET tenant_id = 4 WHERE tenant_id = 1
2026-01-25T00:52:00.205+02:00  INFO 31212 --- [main] c.onlineStore.admin.CorrectTenant4Data   : ✅ Fixed 0 orders: tenant_id 1 → 4
2026-01-25T00:52:00.206+02:00 DEBUG 31212 --- [main] org.hibernate.SQL                        : UPDATE reviews SET tenant_id = 4 WHERE tenant_id = 1
2026-01-25T00:52:00.206+02:00  INFO 31212 --- [main] c.onlineStore.admin.CorrectTenant4Data   : ✅ Fixed 0 reviews: tenant_id 1 → 4
2026-01-25T00:52:00.206+02:00 DEBUG 31212 --- [main] org.hibernate.SQL                        : UPDATE articles SET tenant_id = 4 WHERE tenant_id = 1
2026-01-25T00:52:00.208+02:00 DEBUG 31212 --- [main] org.hibernate.SQL                        : UPDATE menus SET tenant_id = 4 WHERE tenant_id = 1
2026-01-25T00:52:00.208+02:00 DEBUG 31212 --- [main] org.hibernate.SQL                        : UPDATE sections SET tenant_id = 4 WHERE tenant_id = 1
2026-01-25T00:52:00.209+02:00  INFO 31212 --- [main] c.onlineStore.admin.CorrectTenant4Data   : ✅ Fixed Content: 0 articles, 0 menus, 0 sections
2026-01-25T00:52:00.223+02:00 DEBUG 31212 --- [main] org.hibernate.SQL                        :     SELECT COUNT(*) FROM brands_categories bc
    JOIN brands b ON bc.brand_id = b.id
    JOIN categories c ON bc.category_id = c.id
    WHERE b.tenant_id = 4 AND c.tenant_id = 1

2026-01-25T00:52:00.254+02:00  INFO 31212 --- [main] c.onlineStore.admin.CorrectTenant4Data   : 📊 Remaining cross-tenant refs (Tenant 4 brands → Tenant 1 categories): 0
2026-01-25T00:52:00.254+02:00  INFO 31212 --- [main] c.onlineStore.admin.CorrectTenant4Data   : ✅ ALL CROSS-TENANT REFERENCES RESOLVED!
2026-01-25T00:52:00.254+02:00  INFO 31212 --- [main] c.onlineStore.admin.CorrectTenant4Data   : ================================================================================
2026-01-25T00:52:00.256+02:00 DEBUG 31212 --- [main] org.hibernate.SQL                        :     SELECT c.id, c.tenant_id, p.id, p.tenant_id
    FROM categories c
    JOIN categories p ON c.parent_id = p.id
    WHERE c.tenant_id != p.tenant_id

2026-01-25T00:52:00.258+02:00 DEBUG 31212 --- [main] org.hibernate.SQL                        :     SELECT p.id, p.tenant_id, c.id, c.tenant_id
    FROM products p
    JOIN categories c ON p.category_id = c.id
    WHERE p.tenant_id != c.tenant_id

2026-01-25T00:52:00.258+02:00 DEBUG 31212 --- [main] org.hibernate.SQL                        :     SELECT p.id, p.tenant_id, b.id, b.tenant_id
    FROM products p
    JOIN brands b ON p.brand_id = b.id
    WHERE p.tenant_id != b.tenant_id

2026-01-25T00:52:00.260+02:00 DEBUG 31212 --- [main] org.hibernate.SQL                        :     DELETE bc FROM brands_categories bc
    JOIN brands b ON bc.brand_id = b.id
    JOIN categories c ON bc.category_id = c.id
    WHERE b.tenant_id != c.tenant_id

2026-01-25T00:52:00.260+02:00 DEBUG 31212 --- [main] org.hibernate.SQL                        :     SELECT o.id, o.tenant_id, c.id, c.tenant_id
    FROM orders o
    JOIN customers c ON o.customer_id = c.id
    WHERE o.tenant_id != c.tenant_id

2026-01-25T00:52:00.262+02:00 DEBUG 31212 --- [main] org.hibernate.SQL                        :     SELECT od.id, o.tenant_id, p.id, p.tenant_id
    FROM order_details od
    JOIN orders o ON od.order_id = o.id
    JOIN products p ON od.product_id = p.id
    WHERE o.tenant_id != p.tenant_id

2026-01-25T00:52:00.267+02:00 DEBUG 31212 --- [main] org.hibernate.SQL                        : SELECT COUNT(*) FROM categories WHERE tenant_id = 4
2026-01-25T00:52:00.268+02:00 DEBUG 31212 --- [main] org.hibernate.SQL                        : SELECT COUNT(*) FROM categories WHERE tenant_id = 5
2026-01-25T00:52:00.269+02:00 DEBUG 31212 --- [main] org.hibernate.SQL                        : SELECT COUNT(*) FROM brands WHERE tenant_id = 4
2026-01-25T00:52:00.270+02:00 DEBUG 31212 --- [main] org.hibernate.SQL                        : SELECT COUNT(*) FROM brands WHERE tenant_id = 5
2026-01-25T00:52:00.271+02:00 DEBUG 31212 --- [main] org.hibernate.SQL                        : SELECT COUNT(*) FROM products WHERE tenant_id = 4
2026-01-25T00:52:00.272+02:00 DEBUG 31212 --- [main] org.hibernate.SQL                        : SELECT COUNT(*) FROM products WHERE tenant_id = 5
2026-01-25T00:52:00.273+02:00 DEBUG 31212 --- [main] org.hibernate.SQL                        :     SELECT c.id, c.name, c.tenant_id, p.id, p.name, p.tenant_id
    FROM categories c
    JOIN categories p ON c.parent_id = p.id
    WHERE c.tenant_id = 4 AND p.tenant_id = 5

2026-01-25T00:52:00.274+02:00 DEBUG 31212 --- [main] org.hibernate.SQL                        :     SELECT bc.brand_id, b.name, b.tenant_id, bc.category_id, c.name, c.tenant_id
    FROM brands_categories bc
    JOIN brands b ON bc.brand_id = b.id
    JOIN categories c ON bc.category_id = c.id
    WHERE b.tenant_id = 4 AND c.tenant_id = 5

2026-01-25T00:52:00.274+02:00 DEBUG 31212 --- [main] org.hibernate.SQL                        :     SELECT p.id, p.name, p.tenant_id, p.category_id, c.name, c.tenant_id
    FROM products p
    JOIN categories c ON p.category_id = c.id
    WHERE p.tenant_id = 4 AND c.tenant_id = 5

2026-01-25T00:52:00.276+02:00 DEBUG 31212 --- [main] org.hibernate.SQL                        :     SELECT p.id, p.name, p.tenant_id, p.brand_id, b.name, b.tenant_id
    FROM products p
    JOIN brands b ON p.brand_id = b.id
    WHERE p.tenant_id = 4 AND b.tenant_id = 5

2026-01-25T00:52:00.276+02:00 DEBUG 31212 --- [main] org.hibernate.SQL                        :     SELECT bc.brand_id, b.name, b.tenant_id, bc.category_id, c.name, c.tenant_id
    FROM brands_categories bc
    JOIN brands b ON bc.brand_id = b.id
    JOIN categories c ON bc.category_id = c.id
    WHERE b.tenant_id = 5 AND c.tenant_id = 4

2026-01-25T00:52:00.278+02:00 DEBUG 31212 --- [main] org.hibernate.SQL                        :     SELECT c.id, c.name, c.tenant_id AS child_tenant,
           p.id AS parent_id, p.name AS parent_name, p.tenant_id AS parent_tenant
    FROM categories c
    JOIN categories p ON c.parent_id = p.id
    WHERE c.tenant_id != p.tenant_id
    ORDER BY c.tenant_id, p.tenant_id

2026-01-25T00:52:00.281+02:00 DEBUG 31212 --- [main] org.hibernate.SQL                        :     SELECT c.id, c.name, p.id, p.name, p.tenant_id
    FROM categories c
    JOIN categories p ON c.parent_id = p.id
    WHERE c.tenant_id = 4 AND c.tenant_id != p.tenant_id

2026-01-25T00:52:00.283+02:00 DEBUG 31212 --- [main] org.hibernate.SQL                        :     SELECT c.id, c.name, c.tenant_id, c.parent_id
    FROM categories c
    WHERE c.parent_id IS NOT NULL
    AND c.parent_id NOT IN (SELECT id FROM categories)

2026-01-25T00:52:00.285+02:00  INFO 31212 --- [main] c.onlineStore.admin.MigrationVerifier    : 🕵️ STARTING MIGRATION VERIFICATION 🕵️
2026-01-25T00:52:00.286+02:00 DEBUG 31212 --- [main] org.hibernate.SQL                        : SELECT COUNT(*) FROM products WHERE tenant_id = 1
2026-01-25T00:52:00.287+02:00 DEBUG 31212 --- [main] org.hibernate.SQL                        : SELECT COUNT(*) FROM products WHERE tenant_id = 4
2026-01-25T00:52:00.288+02:00  INFO 31212 --- [main] c.onlineStore.admin.MigrationVerifier    : [products       ] Tenant 1: 0 | Tenant 4: 108 | Status: ✅ Clean
2026-01-25T00:52:00.288+02:00 DEBUG 31212 --- [main] org.hibernate.SQL                        : SELECT COUNT(*) FROM categories WHERE tenant_id = 1
2026-01-25T00:52:00.289+02:00 DEBUG 31212 --- [main] org.hibernate.SQL                        : SELECT COUNT(*) FROM categories WHERE tenant_id = 4
2026-01-25T00:52:00.291+02:00  INFO 31212 --- [main] c.onlineStore.admin.MigrationVerifier    : [categories     ] Tenant 1: 0 | Tenant 4: 34 | Status: ✅ Clean
2026-01-25T00:52:00.291+02:00 DEBUG 31212 --- [main] org.hibernate.SQL                        : SELECT COUNT(*) FROM brands WHERE tenant_id = 1
2026-01-25T00:52:00.291+02:00 DEBUG 31212 --- [main] org.hibernate.SQL                        : SELECT COUNT(*) FROM brands WHERE tenant_id = 4
2026-01-25T00:52:00.292+02:00  INFO 31212 --- [main] c.onlineStore.admin.MigrationVerifier    : [brands         ] Tenant 1: 0 | Tenant 4: 77 | Status: ✅ Clean
2026-01-25T00:52:00.292+02:00 DEBUG 31212 --- [main] org.hibernate.SQL                        : SELECT COUNT(*) FROM customers WHERE tenant_id = 1
2026-01-25T00:52:00.294+02:00 DEBUG 31212 --- [main] org.hibernate.SQL                        : SELECT COUNT(*) FROM customers WHERE tenant_id = 4
2026-01-25T00:52:00.294+02:00  INFO 31212 --- [main] c.onlineStore.admin.MigrationVerifier    : [customers      ] Tenant 1: 0 | Tenant 4: 43 | Status: ✅ Clean
2026-01-25T00:52:00.295+02:00 DEBUG 31212 --- [main] org.hibernate.SQL                        : SELECT COUNT(*) FROM orders WHERE tenant_id = 1
2026-01-25T00:52:00.296+02:00 DEBUG 31212 --- [main] org.hibernate.SQL                        : SELECT COUNT(*) FROM orders WHERE tenant_id = 4
2026-01-25T00:52:00.297+02:00  INFO 31212 --- [main] c.onlineStore.admin.MigrationVerifier    : [orders         ] Tenant 1: 0 | Tenant 4: 160 | Status: ✅ Clean
2026-01-25T00:52:00.297+02:00 DEBUG 31212 --- [main] org.hibernate.SQL                        : SELECT COUNT(*) FROM reviews WHERE tenant_id = 1
2026-01-25T00:52:00.297+02:00 DEBUG 31212 --- [main] org.hibernate.SQL                        : SELECT COUNT(*) FROM reviews WHERE tenant_id = 4
2026-01-25T00:52:00.298+02:00  INFO 31212 --- [main] c.onlineStore.admin.MigrationVerifier    : [reviews        ] Tenant 1: 0 | Tenant 4: 66 | Status: ✅ Clean
2026-01-25T00:52:00.299+02:00 DEBUG 31212 --- [main] org.hibernate.SQL                        : SELECT COUNT(*) FROM articles WHERE tenant_id = 1
2026-01-25T00:52:00.299+02:00 DEBUG 31212 --- [main] org.hibernate.SQL                        : SELECT COUNT(*) FROM articles WHERE tenant_id = 4
2026-01-25T00:52:00.299+02:00  INFO 31212 --- [main] c.onlineStore.admin.MigrationVerifier    : [articles       ] Tenant 1: 0 | Tenant 4: 9 | Status: ✅ Clean
2026-01-25T00:52:00.300+02:00 DEBUG 31212 --- [main] org.hibernate.SQL                        : SELECT COUNT(*) FROM menus WHERE tenant_id = 1
2026-01-25T00:52:00.301+02:00 DEBUG 31212 --- [main] org.hibernate.SQL                        : SELECT COUNT(*) FROM menus WHERE tenant_id = 4
2026-01-25T00:52:00.301+02:00  INFO 31212 --- [main] c.onlineStore.admin.MigrationVerifier    : [menus          ] Tenant 1: 0 | Tenant 4: 0 | Status: ✅ Clean
2026-01-25T00:52:00.301+02:00 DEBUG 31212 --- [main] org.hibernate.SQL                        : SELECT COUNT(*) FROM sections WHERE tenant_id = 1
2026-01-25T00:52:00.302+02:00 DEBUG 31212 --- [main] org.hibernate.SQL                        : SELECT COUNT(*) FROM sections WHERE tenant_id = 4
2026-01-25T00:52:00.303+02:00  INFO 31212 --- [main] c.onlineStore.admin.MigrationVerifier    : [sections       ] Tenant 1: 0 | Tenant 4: 0 | Status: ✅ Clean
2026-01-25T00:52:00.303+02:00 DEBUG 31212 --- [main] org.hibernate.SQL                        : SELECT COUNT(*) FROM settings WHERE tenant_id = 1
2026-01-25T00:52:00.303+02:00 DEBUG 31212 --- [main] org.hibernate.SQL                        : SELECT COUNT(*) FROM settings WHERE tenant_id = 4
2026-01-25T00:52:00.304+02:00  INFO 31212 --- [main] c.onlineStore.admin.MigrationVerifier    : [settings       ] Tenant 1: 0 | Tenant 4: 67 | Status: ✅ Clean
2026-01-25T00:52:00.305+02:00  INFO 31212 --- [main] c.onlineStore.admin.MigrationVerifier    : 🕵️ VERIFICATION COMPLETE. Check verification_result.txt 🕵️
2026-01-25T00:52:00.344+02:00 DEBUG 31212 --- [main] org.hibernate.SQL                        : select p1_0.id,p1_0.alias,p1_0.average_rating,p1_0.booking_slots,p1_0.brand_id,p1_0.category_id,p1_0.cost,p1_0.created_time,p1_0.discount_percent,p1_0.enabled,p1_0.full_description,p1_0.has_description,p1_0.has_extra_details,p1_0.has_location,p1_0.has_scheduling,p1_0.has_shipping,p1_0.height,p1_0.in_stock,p1_0.length,p1_0.main_image,p1_0.name,p1_0.price,p1_0.product_type,p1_0.review_count,p1_0.service_duration,p1_0.short_description,p1_0.subscription_interval,p1_0.tenant_id,p1_0.track_stock,p1_0.updated_time,p1_0.weight,p1_0.width from products p1_0
2026-01-25T00:52:00.382+02:00 DEBUG 31212 --- [main] org.hibernate.SQL                        : select b1_0.id,b1_0.logo,b1_0.name,b1_0.tenant_id from brands b1_0 where b1_0.id=?
2026-01-25T00:52:00.388+02:00 DEBUG 31212 --- [main] org.hibernate.SQL                        : select c1_0.id,c1_0.alias,c1_0.all_parent_ids,c1_0.enabled,c1_0.image,c1_0.level,c1_0.name,c1_0.parent_id,c1_0.tenant_id from categories c1_0 where c1_0.id=?
2026-01-25T00:52:00.392+02:00 DEBUG 31212 --- [main] org.hibernate.SQL                        : select b1_0.id,b1_0.logo,b1_0.name,b1_0.tenant_id from brands b1_0 where b1_0.id=?
2026-01-25T00:52:00.396+02:00 DEBUG 31212 --- [main] org.hibernate.SQL                        : select b1_0.id,b1_0.logo,b1_0.name,b1_0.tenant_id from brands b1_0 where b1_0.id=?
2026-01-25T00:52:00.399+02:00 DEBUG 31212 --- [main] org.hibernate.SQL                        : select c1_0.id,c1_0.alias,c1_0.all_parent_ids,c1_0.enabled,c1_0.image,c1_0.level,c1_0.name,c1_0.parent_id,c1_0.tenant_id from categories c1_0 where c1_0.id=?
2026-01-25T00:52:00.402+02:00 DEBUG 31212 --- [main] org.hibernate.SQL                        : select b1_0.id,b1_0.logo,b1_0.name,b1_0.tenant_id from brands b1_0 where b1_0.id=?
2026-01-25T00:52:00.404+02:00 DEBUG 31212 --- [main] org.hibernate.SQL                        : select c1_0.id,c1_0.alias,c1_0.all_parent_ids,c1_0.enabled,c1_0.image,c1_0.level,c1_0.name,c1_0.parent_id,c1_0.tenant_id from categories c1_0 where c1_0.id=?
2026-01-25T00:52:00.414+02:00 DEBUG 31212 --- [main] org.hibernate.SQL                        : select b1_0.id,b1_0.logo,b1_0.name,b1_0.tenant_id from brands b1_0 where b1_0.id=?
2026-01-25T00:52:00.417+02:00 DEBUG 31212 --- [main] org.hibernate.SQL                        : select c1_0.id,c1_0.alias,c1_0.all_parent_ids,c1_0.enabled,c1_0.image,c1_0.level,c1_0.name,c1_0.parent_id,c1_0.tenant_id from categories c1_0 where c1_0.id=?
2026-01-25T00:52:00.421+02:00 DEBUG 31212 --- [main] org.hibernate.SQL                        : select b1_0.id,b1_0.logo,b1_0.name,b1_0.tenant_id from brands b1_0 where b1_0.id=?
2026-01-25T00:52:00.423+02:00 DEBUG 31212 --- [main] org.hibernate.SQL                        : select b1_0.id,b1_0.logo,b1_0.name,b1_0.tenant_id from brands b1_0 where b1_0.id=?
2026-01-25T00:52:00.426+02:00 DEBUG 31212 --- [main] org.hibernate.SQL                        : select b1_0.id,b1_0.logo,b1_0.name,b1_0.tenant_id from brands b1_0 where b1_0.id=?
2026-01-25T00:52:00.429+02:00 DEBUG 31212 --- [main] org.hibernate.SQL                        : select b1_0.id,b1_0.logo,b1_0.name,b1_0.tenant_id from brands b1_0 where b1_0.id=?
2026-01-25T00:52:00.431+02:00 DEBUG 31212 --- [main] org.hibernate.SQL                        : select c1_0.id,c1_0.alias,c1_0.all_parent_ids,c1_0.enabled,c1_0.image,c1_0.level,c1_0.name,c1_0.parent_id,c1_0.tenant_id from categories c1_0 where c1_0.id=?
2026-01-25T00:52:00.433+02:00 DEBUG 31212 --- [main] org.hibernate.SQL                        : select b1_0.id,b1_0.logo,b1_0.name,b1_0.tenant_id from brands b1_0 where b1_0.id=?
2026-01-25T00:52:00.436+02:00 DEBUG 31212 --- [main] org.hibernate.SQL                        : select c1_0.id,c1_0.alias,c1_0.all_parent_ids,c1_0.enabled,c1_0.image,c1_0.level,c1_0.name,c1_0.parent_id,c1_0.tenant_id from categories c1_0 where c1_0.id=?
2026-01-25T00:52:00.439+02:00 DEBUG 31212 --- [main] org.hibernate.SQL                        : select b1_0.id,b1_0.logo,b1_0.name,b1_0.tenant_id from brands b1_0 where b1_0.id=?
2026-01-25T00:52:00.440+02:00 DEBUG 31212 --- [main] org.hibernate.SQL                        : select b1_0.id,b1_0.logo,b1_0.name,b1_0.tenant_id from brands b1_0 where b1_0.id=?
2026-01-25T00:52:00.442+02:00 DEBUG 31212 --- [main] org.hibernate.SQL                        : select c1_0.id,c1_0.alias,c1_0.all_parent_ids,c1_0.enabled,c1_0.image,c1_0.level,c1_0.name,c1_0.parent_id,c1_0.tenant_id from categories c1_0 where c1_0.id=?
2026-01-25T00:52:00.445+02:00 DEBUG 31212 --- [main] org.hibernate.SQL                        : select b1_0.id,b1_0.logo,b1_0.name,b1_0.tenant_id from brands b1_0 where b1_0.id=?
2026-01-25T00:52:00.448+02:00 DEBUG 31212 --- [main] org.hibernate.SQL                        : select b1_0.id,b1_0.logo,b1_0.name,b1_0.tenant_id from brands b1_0 where b1_0.id=?
2026-01-25T00:52:00.449+02:00 DEBUG 31212 --- [main] org.hibernate.SQL                        : select b1_0.id,b1_0.logo,b1_0.name,b1_0.tenant_id from brands b1_0 where b1_0.id=?
2026-01-25T00:52:00.453+02:00 DEBUG 31212 --- [main] org.hibernate.SQL                        : select b1_0.id,b1_0.logo,b1_0.name,b1_0.tenant_id from brands b1_0 where b1_0.id=?
2026-01-25T00:52:00.455+02:00 DEBUG 31212 --- [main] org.hibernate.SQL                        : select b1_0.id,b1_0.logo,b1_0.name,b1_0.tenant_id from brands b1_0 where b1_0.id=?
2026-01-25T00:52:00.457+02:00 DEBUG 31212 --- [main] org.hibernate.SQL                        : select b1_0.id,b1_0.logo,b1_0.name,b1_0.tenant_id from brands b1_0 where b1_0.id=?
2026-01-25T00:52:00.460+02:00 DEBUG 31212 --- [main] org.hibernate.SQL                        : select c1_0.id,c1_0.alias,c1_0.all_parent_ids,c1_0.enabled,c1_0.image,c1_0.level,c1_0.name,c1_0.parent_id,c1_0.tenant_id from categories c1_0 where c1_0.id=?
2026-01-25T00:52:00.464+02:00 DEBUG 31212 --- [main] org.hibernate.SQL                        : select b1_0.id,b1_0.logo,b1_0.name,b1_0.tenant_id from brands b1_0 where b1_0.id=?
2026-01-25T00:52:00.465+02:00 DEBUG 31212 --- [main] org.hibernate.SQL                        : select b1_0.id,b1_0.logo,b1_0.name,b1_0.tenant_id from brands b1_0 where b1_0.id=?
2026-01-25T00:52:00.466+02:00 DEBUG 31212 --- [main] org.hibernate.SQL                        : select b1_0.id,b1_0.logo,b1_0.name,b1_0.tenant_id from brands b1_0 where b1_0.id=?
2026-01-25T00:52:00.468+02:00 DEBUG 31212 --- [main] org.hibernate.SQL                        : select b1_0.id,b1_0.logo,b1_0.name,b1_0.tenant_id from brands b1_0 where b1_0.id=?
2026-01-25T00:52:00.469+02:00 DEBUG 31212 --- [main] org.hibernate.SQL                        : select c1_0.id,c1_0.alias,c1_0.all_parent_ids,c1_0.enabled,c1_0.image,c1_0.level,c1_0.name,c1_0.parent_id,c1_0.tenant_id from categories c1_0 where c1_0.id=?
2026-01-25T00:52:00.471+02:00 DEBUG 31212 --- [main] org.hibernate.SQL                        : select b1_0.id,b1_0.logo,b1_0.name,b1_0.tenant_id from brands b1_0 where b1_0.id=?
2026-01-25T00:52:00.472+02:00 DEBUG 31212 --- [main] org.hibernate.SQL                        : select b1_0.id,b1_0.logo,b1_0.name,b1_0.tenant_id from brands b1_0 where b1_0.id=?
2026-01-25T00:52:00.473+02:00 DEBUG 31212 --- [main] org.hibernate.SQL                        : select b1_0.id,b1_0.logo,b1_0.name,b1_0.tenant_id from brands b1_0 where b1_0.id=?
2026-01-25T00:52:00.474+02:00 DEBUG 31212 --- [main] org.hibernate.SQL                        : select c1_0.id,c1_0.alias,c1_0.all_parent_ids,c1_0.enabled,c1_0.image,c1_0.level,c1_0.name,c1_0.parent_id,c1_0.tenant_id from categories c1_0 where c1_0.id=?
2026-01-25T00:52:00.475+02:00 DEBUG 31212 --- [main] org.hibernate.SQL                        : select b1_0.id,b1_0.logo,b1_0.name,b1_0.tenant_id from brands b1_0 where b1_0.id=?
2026-01-25T00:52:00.478+02:00 DEBUG 31212 --- [main] org.hibernate.SQL                        : select b1_0.id,b1_0.logo,b1_0.name,b1_0.tenant_id from brands b1_0 where b1_0.id=?
2026-01-25T00:52:00.480+02:00 DEBUG 31212 --- [main] org.hibernate.SQL                        : select c1_0.id,c1_0.alias,c1_0.all_parent_ids,c1_0.enabled,c1_0.image,c1_0.level,c1_0.name,c1_0.parent_id,c1_0.tenant_id from categories c1_0 where c1_0.id=?
2026-01-25T00:52:00.481+02:00 DEBUG 31212 --- [main] org.hibernate.SQL                        : select b1_0.id,b1_0.logo,b1_0.name,b1_0.tenant_id from brands b1_0 where b1_0.id=?
2026-01-25T00:52:00.483+02:00 DEBUG 31212 --- [main] org.hibernate.SQL                        : select b1_0.id,b1_0.logo,b1_0.name,b1_0.tenant_id from brands b1_0 where b1_0.id=?
2026-01-25T00:52:00.484+02:00 DEBUG 31212 --- [main] org.hibernate.SQL                        : select b1_0.id,b1_0.logo,b1_0.name,b1_0.tenant_id from brands b1_0 where b1_0.id=?
2026-01-25T00:52:00.485+02:00 DEBUG 31212 --- [main] org.hibernate.SQL                        : select b1_0.id,b1_0.logo,b1_0.name,b1_0.tenant_id from brands b1_0 where b1_0.id=?
2026-01-25T00:52:00.487+02:00 DEBUG 31212 --- [main] org.hibernate.SQL                        : select b1_0.id,b1_0.logo,b1_0.name,b1_0.tenant_id from brands b1_0 where b1_0.id=?
2026-01-25T00:52:00.488+02:00 DEBUG 31212 --- [main] org.hibernate.SQL                        : select c1_0.id,c1_0.alias,c1_0.all_parent_ids,c1_0.enabled,c1_0.image,c1_0.level,c1_0.name,c1_0.parent_id,c1_0.tenant_id from categories c1_0 where c1_0.id=?
2026-01-25T00:52:00.489+02:00 DEBUG 31212 --- [main] org.hibernate.SQL                        : select b1_0.id,b1_0.logo,b1_0.name,b1_0.tenant_id from brands b1_0 where b1_0.id=?
2026-01-25T00:52:00.490+02:00 DEBUG 31212 --- [main] org.hibernate.SQL                        : select b1_0.id,b1_0.logo,b1_0.name,b1_0.tenant_id from brands b1_0 where b1_0.id=?
2026-01-25T00:52:00.492+02:00 DEBUG 31212 --- [main] org.hibernate.SQL                        : select b1_0.id,b1_0.logo,b1_0.name,b1_0.tenant_id from brands b1_0 where b1_0.id=?
2026-01-25T00:52:00.493+02:00 DEBUG 31212 --- [main] org.hibernate.SQL                        : select c1_0.id,c1_0.alias,c1_0.all_parent_ids,c1_0.enabled,c1_0.image,c1_0.level,c1_0.name,c1_0.parent_id,c1_0.tenant_id from categories c1_0 where c1_0.id=?
2026-01-25T00:52:00.496+02:00 DEBUG 31212 --- [main] org.hibernate.SQL                        : select b1_0.id,b1_0.logo,b1_0.name,b1_0.tenant_id from brands b1_0 where b1_0.id=?
2026-01-25T00:52:00.497+02:00 DEBUG 31212 --- [main] org.hibernate.SQL                        : select b1_0.id,b1_0.logo,b1_0.name,b1_0.tenant_id from brands b1_0 where b1_0.id=?
2026-01-25T00:52:00.499+02:00 DEBUG 31212 --- [main] org.hibernate.SQL                        : select c1_0.id,c1_0.alias,c1_0.all_parent_ids,c1_0.enabled,c1_0.image,c1_0.level,c1_0.name,c1_0.parent_id,c1_0.tenant_id from categories c1_0 where c1_0.id=?
2026-01-25T00:52:00.501+02:00 DEBUG 31212 --- [main] org.hibernate.SQL                        : select b1_0.id,b1_0.logo,b1_0.name,b1_0.tenant_id from brands b1_0 where b1_0.id=?
2026-01-25T00:52:00.502+02:00 DEBUG 31212 --- [main] org.hibernate.SQL                        : select b1_0.id,b1_0.logo,b1_0.name,b1_0.tenant_id from brands b1_0 where b1_0.id=?
2026-01-25T00:52:00.503+02:00 DEBUG 31212 --- [main] org.hibernate.SQL                        : select b1_0.id,b1_0.logo,b1_0.name,b1_0.tenant_id from brands b1_0 where b1_0.id=?
2026-01-25T00:52:00.504+02:00 DEBUG 31212 --- [main] org.hibernate.SQL                        : select c1_0.id,c1_0.alias,c1_0.all_parent_ids,c1_0.enabled,c1_0.image,c1_0.level,c1_0.name,c1_0.parent_id,c1_0.tenant_id from categories c1_0 where c1_0.id=?
2026-01-25T00:52:00.505+02:00 DEBUG 31212 --- [main] org.hibernate.SQL                        : select b1_0.id,b1_0.logo,b1_0.name,b1_0.tenant_id from brands b1_0 where b1_0.id=?
2026-01-25T00:52:00.507+02:00 DEBUG 31212 --- [main] org.hibernate.SQL                        : select c1_0.id,c1_0.alias,c1_0.all_parent_ids,c1_0.enabled,c1_0.image,c1_0.level,c1_0.name,c1_0.parent_id,c1_0.tenant_id from categories c1_0 where c1_0.id=?
2026-01-25T00:52:00.509+02:00 DEBUG 31212 --- [main] org.hibernate.SQL                        : select b1_0.id,b1_0.logo,b1_0.name,b1_0.tenant_id from brands b1_0 where b1_0.id=?
2026-01-25T00:52:00.509+02:00 DEBUG 31212 --- [main] org.hibernate.SQL                        : select b1_0.id,b1_0.logo,b1_0.name,b1_0.tenant_id from brands b1_0 where b1_0.id=?
2026-01-25T00:52:00.511+02:00 DEBUG 31212 --- [main] org.hibernate.SQL                        : select c1_0.id,c1_0.alias,c1_0.all_parent_ids,c1_0.enabled,c1_0.image,c1_0.level,c1_0.name,c1_0.parent_id,c1_0.tenant_id from categories c1_0 where c1_0.id=?
2026-01-25T00:52:00.513+02:00 DEBUG 31212 --- [main] org.hibernate.SQL                        : select b1_0.id,b1_0.logo,b1_0.name,b1_0.tenant_id from brands b1_0 where b1_0.id=?
2026-01-25T00:52:00.514+02:00 DEBUG 31212 --- [main] org.hibernate.SQL                        : select c1_0.id,c1_0.alias,c1_0.all_parent_ids,c1_0.enabled,c1_0.image,c1_0.level,c1_0.name,c1_0.parent_id,c1_0.tenant_id from categories c1_0 where c1_0.id=?
2026-01-25T00:52:00.515+02:00 DEBUG 31212 --- [main] org.hibernate.SQL                        : select c1_0.id,c1_0.alias,c1_0.all_parent_ids,c1_0.enabled,c1_0.image,c1_0.level,c1_0.name,c1_0.parent_id,c1_0.tenant_id from categories c1_0 where c1_0.id=?
2026-01-25T00:52:00.517+02:00 DEBUG 31212 --- [main] org.hibernate.SQL                        : select b1_0.id,b1_0.logo,b1_0.name,b1_0.tenant_id from brands b1_0 where b1_0.id=?
2026-01-25T00:52:00.518+02:00 DEBUG 31212 --- [main] org.hibernate.SQL                        : select b1_0.id,b1_0.logo,b1_0.name,b1_0.tenant_id from brands b1_0 where b1_0.id=?
2026-01-25T00:52:00.519+02:00 DEBUG 31212 --- [main] org.hibernate.SQL                        : select b1_0.id,b1_0.logo,b1_0.name,b1_0.tenant_id from brands b1_0 where b1_0.id=?
2026-01-25T00:52:00.520+02:00 DEBUG 31212 --- [main] org.hibernate.SQL                        : select c1_0.id,c1_0.alias,c1_0.all_parent_ids,c1_0.enabled,c1_0.image,c1_0.level,c1_0.name,c1_0.parent_id,c1_0.tenant_id from categories c1_0 where c1_0.id=?
2026-01-25T00:52:00.520+02:00 DEBUG 31212 --- [main] org.hibernate.SQL                        : select b1_0.id,b1_0.logo,b1_0.name,b1_0.tenant_id from brands b1_0 where b1_0.id=?
2026-01-25T00:52:00.522+02:00 DEBUG 31212 --- [main] org.hibernate.SQL                        : select c1_0.id,c1_0.alias,c1_0.all_parent_ids,c1_0.enabled,c1_0.image,c1_0.level,c1_0.name,c1_0.parent_id,c1_0.tenant_id from categories c1_0 where c1_0.id=?
2026-01-25T00:52:00.524+02:00 DEBUG 31212 --- [main] org.hibernate.SQL                        : select b1_0.id,b1_0.logo,b1_0.name,b1_0.tenant_id from brands b1_0 where b1_0.id=?
2026-01-25T00:52:00.526+02:00 DEBUG 31212 --- [main] org.hibernate.SQL                        : select b1_0.id,b1_0.logo,b1_0.name,b1_0.tenant_id from brands b1_0 where b1_0.id=?
2026-01-25T00:52:00.527+02:00 DEBUG 31212 --- [main] org.hibernate.SQL                        : select c1_0.id,c1_0.alias,c1_0.all_parent_ids,c1_0.enabled,c1_0.image,c1_0.level,c1_0.name,c1_0.parent_id,c1_0.tenant_id from categories c1_0 where c1_0.id=?
2026-01-25T00:52:00.528+02:00 DEBUG 31212 --- [main] org.hibernate.SQL                        : select b1_0.id,b1_0.logo,b1_0.name,b1_0.tenant_id from brands b1_0 where b1_0.id=?
2026-01-25T00:52:00.531+02:00 DEBUG 31212 --- [main] org.hibernate.SQL                        : select b1_0.id,b1_0.logo,b1_0.name,b1_0.tenant_id from brands b1_0 where b1_0.id=?
2026-01-25T00:52:00.532+02:00 DEBUG 31212 --- [main] org.hibernate.SQL                        : select c1_0.id,c1_0.alias,c1_0.all_parent_ids,c1_0.enabled,c1_0.image,c1_0.level,c1_0.name,c1_0.parent_id,c1_0.tenant_id from categories c1_0 where c1_0.id=?
2026-01-25T00:52:00.535+02:00 DEBUG 31212 --- [main] org.hibernate.SQL                        : select b1_0.id,b1_0.logo,b1_0.name,b1_0.tenant_id from brands b1_0 where b1_0.id=?
2026-01-25T00:52:00.536+02:00 DEBUG 31212 --- [main] org.hibernate.SQL                        : select c1_0.id,c1_0.alias,c1_0.all_parent_ids,c1_0.enabled,c1_0.image,c1_0.level,c1_0.name,c1_0.parent_id,c1_0.tenant_id from categories c1_0 where c1_0.id=?
2026-01-25T00:52:00.616+02:00 DEBUG 31212 --- [main] org.hibernate.SQL                        : UPDATE categories c JOIN categories p ON c.parent_id = p.id SET c.parent_id = NULL WHERE c.tenant_id != p.tenant_id
2026-01-25T00:52:00.674+02:00 DEBUG 31212 --- [main] org.hibernate.SQL                        : select t1_0.id,t1_0.active,t1_0.code,t1_0.created_at,t1_0.level,t1_0.name,t1_0.parent_id,t1_0.status from tenants t1_0 where t1_0.code=?
2026-01-25T00:52:00.680+02:00 DEBUG 31212 --- [main] org.hibernate.SQL                        : select t1_0.id,t1_0.active,t1_0.code,t1_0.created_at,t1_0.level,t1_0.name,t1_0.parent_id,t1_0.status from tenants t1_0 where t1_0.code=?
2026-01-25T00:52:00.682+02:00 DEBUG 31212 --- [main] org.hibernate.SQL                        : select t1_0.id,t1_0.active,t1_0.code,t1_0.created_at,t1_0.level,t1_0.name,t1_0.parent_id,t1_0.status from tenants t1_0 where t1_0.code=?
2026-01-25T00:52:00.693+02:00 DEBUG 31212 --- [main] org.hibernate.SQL                        : select r1_0.id,r1_0.all_parent_ids,r1_0.descrption,r1_0.name,r1_0.parent_id from role r1_0
2026-01-25T00:52:00.702+02:00 DEBUG 31212 --- [main] org.hibernate.SQL                        : select p1_0.role_id,p1_0.id,p1_0.permission,p1_0.scope from role_permissions p1_0 where p1_0.role_id=?
2026-01-25T00:52:00.707+02:00 DEBUG 31212 --- [main] org.hibernate.SQL                        : select p1_0.role_id,p1_0.id,p1_0.permission,p1_0.scope from role_permissions p1_0 where p1_0.role_id=?
2026-01-25T00:52:00.708+02:00 DEBUG 31212 --- [main] org.hibernate.SQL                        : select p1_0.role_id,p1_0.id,p1_0.permission,p1_0.scope from role_permissions p1_0 where p1_0.role_id=?
2026-01-25T00:52:00.709+02:00 DEBUG 31212 --- [main] org.hibernate.SQL                        : select p1_0.role_id,p1_0.id,p1_0.permission,p1_0.scope from role_permissions p1_0 where p1_0.role_id=?
2026-01-25T00:52:00.710+02:00 DEBUG 31212 --- [main] org.hibernate.SQL                        : select p1_0.role_id,p1_0.id,p1_0.permission,p1_0.scope from role_permissions p1_0 where p1_0.role_id=?
2026-01-25T00:52:00.711+02:00 DEBUG 31212 --- [main] org.hibernate.SQL                        : select p1_0.role_id,p1_0.id,p1_0.permission,p1_0.scope from role_permissions p1_0 where p1_0.role_id=?
2026-01-25T00:52:00.716+02:00 DEBUG 31212 --- [main] org.hibernate.SQL                        : select r1_0.id,r1_0.all_parent_ids,r1_0.descrption,r1_0.name,r1_0.parent_id from role r1_0
2026-01-25T00:52:00.717+02:00 DEBUG 31212 --- [main] org.hibernate.SQL                        : select p1_0.role_id,p1_0.id,p1_0.permission,p1_0.scope from role_permissions p1_0 where p1_0.role_id=?
2026-01-25T00:52:00.719+02:00 DEBUG 31212 --- [main] org.hibernate.SQL                        : select p1_0.role_id,p1_0.id,p1_0.permission,p1_0.scope from role_permissions p1_0 where p1_0.role_id=?
2026-01-25T00:52:00.720+02:00 DEBUG 31212 --- [main] org.hibernate.SQL                        : select p1_0.role_id,p1_0.id,p1_0.permission,p1_0.scope from role_permissions p1_0 where p1_0.role_id=?
2026-01-25T00:52:00.721+02:00 DEBUG 31212 --- [main] org.hibernate.SQL                        : select p1_0.role_id,p1_0.id,p1_0.permission,p1_0.scope from role_permissions p1_0 where p1_0.role_id=?
2026-01-25T00:52:00.721+02:00 DEBUG 31212 --- [main] org.hibernate.SQL                        : select p1_0.role_id,p1_0.id,p1_0.permission,p1_0.scope from role_permissions p1_0 where p1_0.role_id=?
2026-01-25T00:52:00.721+02:00 DEBUG 31212 --- [main] org.hibernate.SQL                        : select p1_0.role_id,p1_0.id,p1_0.permission,p1_0.scope from role_permissions p1_0 where p1_0.role_id=?
2026-01-25T00:52:00.725+02:00 DEBUG 31212 --- [main] org.hibernate.SQL                        : select u1_0.id,u1_0.email,u1_0.enabled,u1_0.first_name,u1_0.last_login_time,u1_0.last_name,u1_0.password,u1_0.photos,u1_0.tenant_id,u1_0.user_bio from `'user'` u1_0 where u1_0.email=?
2026-01-25T00:52:00.726+02:00 DEBUG 31212 --- [main] org.hibernate.SQL                        : select r1_0.user_id,r1_1.id,r1_1.all_parent_ids,r1_1.descrption,r1_1.name,r1_1.parent_id,p2_0.role_id,p2_0.id,p2_0.permission,p2_0.scope from user_roles r1_0 join role r1_1 on r1_1.id=r1_0.role_id left join role_permissions p2_0 on r1_1.id=p2_0.role_id where r1_0.user_id=?
2026-01-25T00:52:00.731+02:00 DEBUG 31212 --- [main] org.hibernate.SQL                        : select u1_0.id,u1_0.email,u1_0.enabled,u1_0.first_name,u1_0.last_login_time,u1_0.last_name,u1_0.password,u1_0.photos,u1_0.tenant_id,u1_0.user_bio from `'user'` u1_0 where u1_0.email=?
2026-01-25T00:52:00.733+02:00 DEBUG 31212 --- [main] org.hibernate.SQL                        : select r1_0.user_id,r1_1.id,r1_1.all_parent_ids,r1_1.descrption,r1_1.name,r1_1.parent_id,p2_0.role_id,p2_0.id,p2_0.permission,p2_0.scope from user_roles r1_0 join role r1_1 on r1_1.id=r1_0.role_id left join role_permissions p2_0 on r1_1.id=p2_0.role_id where r1_0.user_id=?
2026-01-25T00:52:00.734+02:00 DEBUG 31212 --- [main] org.hibernate.SQL                        : select u1_0.id,u1_0.email,u1_0.enabled,u1_0.first_name,u1_0.last_login_time,u1_0.last_name,u1_0.password,u1_0.photos,u1_0.tenant_id,u1_0.user_bio from `'user'` u1_0 where u1_0.email=?
2026-01-25T00:52:00.736+02:00 DEBUG 31212 --- [main] org.hibernate.SQL                        : select r1_0.user_id,r1_1.id,r1_1.all_parent_ids,r1_1.descrption,r1_1.name,r1_1.parent_id,p2_0.role_id,p2_0.id,p2_0.permission,p2_0.scope from user_roles r1_0 join role r1_1 on r1_1.id=r1_0.role_id left join role_permissions p2_0 on r1_1.id=p2_0.role_id where r1_0.user_id=?
2026-01-25T00:52:00.739+02:00 DEBUG 31212 --- [main] org.hibernate.SQL                        : select t1_0.user_id,t1_0.id,t1_0.tenant_id from user_tenants t1_0 where t1_0.user_id=?
2026-01-25T00:52:01.169+02:00  INFO 31212 --- [RMI TCP Connection(2)-192.168.1.58] o.a.c.c.C.[Tomcat].[localhost].[/]       : Initializing Spring DispatcherServlet 'dispatcherServlet'
2026-01-25T00:52:01.170+02:00  INFO 31212 --- [RMI TCP Connection(2)-192.168.1.58] o.s.web.servlet.DispatcherServlet        : Initializing Servlet 'dispatcherServlet'
2026-01-25T00:52:01.174+02:00  INFO 31212 --- [RMI TCP Connection(2)-192.168.1.58] o.s.web.servlet.DispatcherServlet        : Completed initialization in 4 ms
2026-01-25T00:52:07.659+02:00  WARN 31212 --- [http-nio-744-exec-1] o.a.c.util.SessionIdGeneratorBase        : Creation of SecureRandom instance for session ID generation using [SHA1PRNG] took [109] milliseconds.
2026-01-25T00:52:07.752+02:00 DEBUG 31212 --- [http-nio-744-exec-1] org.hibernate.SQL                        : select t1_0.id,t1_0.active,t1_0.code,t1_0.created_at,t1_0.level,t1_0.name,t1_0.parent_id,t1_0.status from tenants t1_0 where t1_0.id=?
2026-01-25T00:52:08.792+02:00  WARN 31212 --- [AsyncReporter{org.springframework.boot.actuate.autoconfigure.tracing.zipkin.ZipkinRestTemplateSender@7c1a5092}] z.r.AsyncReporter$BoundedAsyncReporter   : Spans were dropped due to exceptions. All subsequent errors will be logged at FINE level.
2026-01-25T00:52:08.792+02:00  WARN 31212 --- [AsyncReporter{org.springframework.boot.actuate.autoconfigure.tracing.zipkin.ZipkinRestTemplateSender@7c1a5092}] z.r.AsyncReporter$BoundedAsyncReporter   : Dropped 12 spans due to ResourceAccessException(I/O error on POST request for "http://localhost:9411/api/v2/spans": Connection refused: no further information)

org.springframework.web.client.ResourceAccessException: I/O error on POST request for "http://localhost:9411/api/v2/spans": Connection refused: no further information
	at org.springframework.web.client.RestTemplate.createResourceAccessException(RestTemplate.java:888) ~[spring-web-6.0.12.jar:6.0.12]
	at org.springframework.web.client.RestTemplate.doExecute(RestTemplate.java:868) ~[spring-web-6.0.12.jar:6.0.12]
	at org.springframework.web.client.RestTemplate.execute(RestTemplate.java:764) ~[spring-web-6.0.12.jar:6.0.12]
	at org.springframework.web.client.RestTemplate.exchange(RestTemplate.java:646) ~[spring-web-6.0.12.jar:6.0.12]
	at org.springframework.boot.actuate.autoconfigure.tracing.zipkin.ZipkinRestTemplateSender$RestTemplateHttpPostCall.doExecute(ZipkinRestTemplateSender.java:68) ~[spring-boot-actuator-autoconfigure-3.1.4.jar:3.1.4]
	at org.springframework.boot.actuate.autoconfigure.tracing.zipkin.ZipkinRestTemplateSender$RestTemplateHttpPostCall.doExecute(ZipkinRestTemplateSender.java:48) ~[spring-boot-actuator-autoconfigure-3.1.4.jar:3.1.4]
	at zipkin2.Call$Base.execute(Call.java:391) ~[zipkin-2.23.2.jar:na]
	at zipkin2.reporter.AsyncReporter$BoundedAsyncReporter.flush(AsyncReporter.java:299) ~[zipkin-reporter-2.16.3.jar:na]
	at zipkin2.reporter.AsyncReporter$Flusher.run(AsyncReporter.java:378) ~[zipkin-reporter-2.16.3.jar:na]
	at java.base/java.lang.Thread.run(Thread.java:1589) ~[na:na]
Caused by: java.net.ConnectException: Connection refused: no further information
	at java.base/sun.nio.ch.Net.pollConnect(Native Method) ~[na:na]
	at java.base/sun.nio.ch.Net.pollConnectNow(Net.java:672) ~[na:na]
	at java.base/sun.nio.ch.NioSocketImpl.timedFinishConnect(NioSocketImpl.java:535) ~[na:na]
	at java.base/sun.nio.ch.NioSocketImpl.connect(NioSocketImpl.java:585) ~[na:na]
	at java.base/java.net.Socket.connect(Socket.java:666) ~[na:na]
	at java.base/sun.net.NetworkClient.doConnect(NetworkClient.java:178) ~[na:na]
	at java.base/sun.net.www.http.HttpClient.openServer(HttpClient.java:531) ~[na:na]
	at java.base/sun.net.www.http.HttpClient.openServer(HttpClient.java:636) ~[na:na]
	at java.base/sun.net.www.http.HttpClient.<init>(HttpClient.java:279) ~[na:na]
	at java.base/sun.net.www.http.HttpClient.New(HttpClient.java:384) ~[na:na]
	at java.base/sun.net.www.http.HttpClient.New(HttpClient.java:406) ~[na:na]
	at java.base/sun.net.www.protocol.http.HttpURLConnection.getNewHttpClient(HttpURLConnection.java:1308) ~[na:na]
	at java.base/sun.net.www.protocol.http.HttpURLConnection.plainConnect0(HttpURLConnection.java:1241) ~[na:na]
	at java.base/sun.net.www.protocol.http.HttpURLConnection.plainConnect(HttpURLConnection.java:1127) ~[na:na]
	at java.base/sun.net.www.protocol.http.HttpURLConnection.connect(HttpURLConnection.java:1056) ~[na:na]
	at org.springframework.http.client.SimpleBufferingClientHttpRequest.executeInternal(SimpleBufferingClientHttpRequest.java:75) ~[spring-web-6.0.12.jar:6.0.12]
	at org.springframework.http.client.AbstractBufferingClientHttpRequest.executeInternal(AbstractBufferingClientHttpRequest.java:48) ~[spring-web-6.0.12.jar:6.0.12]
	at org.springframework.http.client.AbstractClientHttpRequest.execute(AbstractClientHttpRequest.java:66) ~[spring-web-6.0.12.jar:6.0.12]
	at org.springframework.web.client.RestTemplate.doExecute(RestTemplate.java:862) ~[spring-web-6.0.12.jar:6.0.12]
	... 8 common frames omitted

2026-01-25T00:52:11.076+02:00 DEBUG 31212 --- [http-nio-744-exec-5] org.hibernate.SQL                        : select t1_0.id,t1_0.active,t1_0.code,t1_0.created_at,t1_0.level,t1_0.name,t1_0.parent_id,t1_0.status from tenants t1_0 where t1_0.id=?
2026-01-25T00:52:13.488+02:00 DEBUG 31212 --- [http-nio-744-exec-7] org.hibernate.SQL                        : select t1_0.id,t1_0.active,t1_0.code,t1_0.created_at,t1_0.level,t1_0.name,t1_0.parent_id,t1_0.status from tenants t1_0 where t1_0.id=?
2026-01-25T00:52:14.170+02:00 DEBUG 31212 --- [http-nio-744-exec-1] org.hibernate.SQL                        : select t1_0.id,t1_0.active,t1_0.code,t1_0.created_at,t1_0.level,t1_0.name,t1_0.parent_id,t1_0.status from tenants t1_0 where t1_0.id=?
2026-01-25T00:52:17.413+02:00 DEBUG 31212 --- [http-nio-744-exec-2] c.o.a.s.tenant.TenantFilterAspect        : 🛡️ [TenantFilterAspect] Enforced Filter for TenantID: 4
2026-01-25T00:52:17.416+02:00 DEBUG 31212 --- [http-nio-744-exec-2] org.hibernate.SQL                        : select u1_0.id,u1_0.email,u1_0.enabled,u1_0.first_name,u1_0.last_login_time,u1_0.last_name,u1_0.password,u1_0.photos,u1_0.tenant_id,u1_0.user_bio from `'user'` u1_0 where u1_0.email=?
2026-01-25T00:52:17.420+02:00 DEBUG 31212 --- [http-nio-744-exec-2] org.hibernate.SQL                        : select r1_0.user_id,r1_1.id,r1_1.all_parent_ids,r1_1.descrption,r1_1.name,r1_1.parent_id,p2_0.role_id,p2_0.id,p2_0.permission,p2_0.scope from user_roles r1_0 join role r1_1 on r1_1.id=r1_0.role_id left join role_permissions p2_0 on r1_1.id=p2_0.role_id where r1_0.user_id=?
2026-01-25T00:52:17.646+02:00 DEBUG 31212 --- [http-nio-744-exec-5] c.o.a.s.tenant.TenantFilterAspect        : ⚠️ [TenantFilterAspect] Service execution without TenantID
2026-01-25T00:52:17.649+02:00 DEBUG 31212 --- [http-nio-744-exec-5] org.hibernate.SQL                        : select u1_0.id,u1_0.email,u1_0.enabled,u1_0.first_name,u1_0.last_login_time,u1_0.last_name,u1_0.password,u1_0.photos,u1_0.tenant_id,u1_0.user_bio from `'user'` u1_0 where u1_0.email=?
2026-01-25T00:52:17.651+02:00 DEBUG 31212 --- [http-nio-744-exec-5] org.hibernate.SQL                        : select r1_0.user_id,r1_1.id,r1_1.all_parent_ids,r1_1.descrption,r1_1.name,r1_1.parent_id,p2_0.role_id,p2_0.id,p2_0.permission,p2_0.scope from user_roles r1_0 join role r1_1 on r1_1.id=r1_0.role_id left join role_permissions p2_0 on r1_1.id=p2_0.role_id where r1_0.user_id=?
2026-01-25T00:52:17.678+02:00 DEBUG 31212 --- [http-nio-744-exec-5] c.o.a.s.tenant.TenantFilterAspect        : ⚠️ [TenantFilterAspect] Service execution without TenantID
2026-01-25T00:52:17.681+02:00 DEBUG 31212 --- [http-nio-744-exec-5] org.hibernate.SQL                        : select t1_0.user_id,t1_0.id,t1_0.tenant_id from user_tenants t1_0 where t1_0.user_id=?
2026-01-25T00:52:17.705+02:00 DEBUG 31212 --- [http-nio-744-exec-5] c.o.a.s.tenant.TenantFilterAspect        : 🛡️ [TenantFilterAspect] Enforced Filter for TenantID: 0
2026-01-25T00:52:17.712+02:00 DEBUG 31212 --- [http-nio-744-exec-5] org.hibernate.SQL                        : select u1_0.id,u1_0.email,u1_0.enabled,u1_0.first_name,u1_0.last_login_time,u1_0.last_name,u1_0.password,u1_0.photos,u1_0.tenant_id,u1_0.user_bio from `'user'` u1_0 where u1_0.tenant_id = ? and u1_0.tenant_id = ? and u1_0.email=?
2026-01-25T00:52:17.715+02:00 DEBUG 31212 --- [http-nio-744-exec-5] org.hibernate.SQL                        : select r1_0.user_id,r1_1.id,r1_1.all_parent_ids,r1_1.descrption,r1_1.name,r1_1.parent_id,p2_0.role_id,p2_0.id,p2_0.permission,p2_0.scope from user_roles r1_0 join role r1_1 on r1_1.id=r1_0.role_id left join role_permissions p2_0 on r1_1.id=p2_0.role_id where r1_0.user_id=?
2026-01-25T00:52:17.720+02:00 DEBUG 31212 --- [http-nio-744-exec-5] org.hibernate.SQL                        : select t1_0.user_id,t1_0.id,t1_0.tenant_id from user_tenants t1_0 where t1_0.user_id=?
2026-01-25T00:52:17.724+02:00 DEBUG 31212 --- [http-nio-744-exec-5] org.hibernate.SQL                        : select t1_0.id,t1_0.active,t1_0.code,t1_0.created_at,t1_0.level,t1_0.name,t1_0.parent_id,t1_0.status from tenants t1_0 where t1_0.id=?
2026-01-25T00:52:17.746+02:00  WARN 31212 --- [http-nio-744-exec-5] o.h.c.spi.AbstractPersistentCollection   : HHH000506: Detaching an uninitialized collection with enabled filters from a session: [com.onlineStoreCom.entity.users.Role.children#1]
2026-01-25T00:52:17.746+02:00  WARN 31212 --- [http-nio-744-exec-5] o.h.c.spi.AbstractPersistentCollection   : HHH000506: Detaching an uninitialized collection with enabled filters from a session: [com.onlineStoreCom.entity.tenant.Tenant.children#0]
2026-01-25T00:52:17.757+02:00 DEBUG 31212 --- [http-nio-744-exec-6] c.o.a.s.tenant.TenantFilterAspect        : ⚠️ [TenantFilterAspect] Service execution without TenantID
2026-01-25T00:52:17.759+02:00 DEBUG 31212 --- [http-nio-744-exec-6] org.hibernate.SQL                        : select u1_0.id,u1_0.email,u1_0.enabled,u1_0.first_name,u1_0.last_login_time,u1_0.last_name,u1_0.password,u1_0.photos,u1_0.tenant_id,u1_0.user_bio from `'user'` u1_0 where u1_0.email=?
2026-01-25T00:52:17.762+02:00 DEBUG 31212 --- [http-nio-744-exec-6] org.hibernate.SQL                        : select r1_0.user_id,r1_1.id,r1_1.all_parent_ids,r1_1.descrption,r1_1.name,r1_1.parent_id,p2_0.role_id,p2_0.id,p2_0.permission,p2_0.scope from user_roles r1_0 join role r1_1 on r1_1.id=r1_0.role_id left join role_permissions p2_0 on r1_1.id=p2_0.role_id where r1_0.user_id=?
2026-01-25T00:52:17.767+02:00 DEBUG 31212 --- [http-nio-744-exec-6] c.o.a.s.tenant.TenantFilterAspect        : ⚠️ [TenantFilterAspect] Service execution without TenantID
2026-01-25T00:52:17.769+02:00 DEBUG 31212 --- [http-nio-744-exec-6] org.hibernate.SQL                        : select t1_0.user_id,t1_0.id,t1_0.tenant_id from user_tenants t1_0 where t1_0.user_id=?
2026-01-25T00:52:17.788+02:00 DEBUG 31212 --- [http-nio-744-exec-6] c.o.a.s.tenant.TenantFilterAspect        : 🛡️ [TenantFilterAspect] Enforced Filter for TenantID: 0
2026-01-25T00:52:17.790+02:00 DEBUG 31212 --- [http-nio-744-exec-6] org.hibernate.SQL                        : select u1_0.id,u1_0.email,u1_0.enabled,u1_0.first_name,u1_0.last_login_time,u1_0.last_name,u1_0.password,u1_0.photos,u1_0.tenant_id,u1_0.user_bio from `'user'` u1_0 where u1_0.tenant_id = ? and u1_0.tenant_id = ? and u1_0.email=?
2026-01-25T00:52:17.792+02:00 DEBUG 31212 --- [http-nio-744-exec-6] org.hibernate.SQL                        : select r1_0.user_id,r1_1.id,r1_1.all_parent_ids,r1_1.descrption,r1_1.name,r1_1.parent_id,p2_0.role_id,p2_0.id,p2_0.permission,p2_0.scope from user_roles r1_0 join role r1_1 on r1_1.id=r1_0.role_id left join role_permissions p2_0 on r1_1.id=p2_0.role_id where r1_0.user_id=?
2026-01-25T00:52:17.796+02:00 DEBUG 31212 --- [http-nio-744-exec-6] org.hibernate.SQL                        : select t1_0.user_id,t1_0.id,t1_0.tenant_id from user_tenants t1_0 where t1_0.user_id=?
2026-01-25T00:52:17.800+02:00 DEBUG 31212 --- [http-nio-744-exec-6] org.hibernate.SQL                        : select t1_0.id,t1_0.active,t1_0.code,t1_0.created_at,t1_0.level,t1_0.name,t1_0.parent_id,t1_0.status from tenants t1_0 where t1_0.id=?
2026-01-25T00:52:17.805+02:00  WARN 31212 --- [http-nio-744-exec-6] o.h.c.spi.AbstractPersistentCollection   : HHH000506: Detaching an uninitialized collection with enabled filters from a session: [com.onlineStoreCom.entity.users.Role.children#1]
2026-01-25T00:52:17.805+02:00  WARN 31212 --- [http-nio-744-exec-6] o.h.c.spi.AbstractPersistentCollection   : HHH000506: Detaching an uninitialized collection with enabled filters from a session: [com.onlineStoreCom.entity.tenant.Tenant.children#0]
2026-01-25T00:52:17.816+02:00 DEBUG 31212 --- [http-nio-744-exec-7] c.o.a.s.tenant.TenantFilterAspect        : ⚠️ [TenantFilterAspect] Service execution without TenantID
2026-01-25T00:52:17.818+02:00 DEBUG 31212 --- [http-nio-744-exec-7] org.hibernate.SQL                        : select u1_0.id,u1_0.email,u1_0.enabled,u1_0.first_name,u1_0.last_login_time,u1_0.last_name,u1_0.password,u1_0.photos,u1_0.tenant_id,u1_0.user_bio from `'user'` u1_0 where u1_0.email=?
2026-01-25T00:52:17.821+02:00 DEBUG 31212 --- [http-nio-744-exec-7] org.hibernate.SQL                        : select r1_0.user_id,r1_1.id,r1_1.all_parent_ids,r1_1.descrption,r1_1.name,r1_1.parent_id,p2_0.role_id,p2_0.id,p2_0.permission,p2_0.scope from user_roles r1_0 join role r1_1 on r1_1.id=r1_0.role_id left join role_permissions p2_0 on r1_1.id=p2_0.role_id where r1_0.user_id=?
2026-01-25T00:52:17.826+02:00 DEBUG 31212 --- [http-nio-744-exec-7] c.o.a.s.tenant.TenantFilterAspect        : ⚠️ [TenantFilterAspect] Service execution without TenantID
2026-01-25T00:52:17.826+02:00 DEBUG 31212 --- [http-nio-744-exec-7] org.hibernate.SQL                        : select t1_0.user_id,t1_0.id,t1_0.tenant_id from user_tenants t1_0 where t1_0.user_id=?
2026-01-25T00:52:17.855+02:00 DEBUG 31212 --- [http-nio-744-exec-7] c.o.a.s.tenant.TenantFilterAspect        : 🛡️ [TenantFilterAspect] Enforced Filter for TenantID: 0
2026-01-25T00:52:17.858+02:00 DEBUG 31212 --- [http-nio-744-exec-7] org.hibernate.SQL                        : select u1_0.id,u1_0.email,u1_0.enabled,u1_0.first_name,u1_0.last_login_time,u1_0.last_name,u1_0.password,u1_0.photos,u1_0.tenant_id,u1_0.user_bio from `'user'` u1_0 where u1_0.tenant_id = ? and u1_0.tenant_id = ? and u1_0.email=?
2026-01-25T00:52:17.860+02:00 DEBUG 31212 --- [http-nio-744-exec-7] org.hibernate.SQL                        : select r1_0.user_id,r1_1.id,r1_1.all_parent_ids,r1_1.descrption,r1_1.name,r1_1.parent_id,p2_0.role_id,p2_0.id,p2_0.permission,p2_0.scope from user_roles r1_0 join role r1_1 on r1_1.id=r1_0.role_id left join role_permissions p2_0 on r1_1.id=p2_0.role_id where r1_0.user_id=?
2026-01-25T00:52:17.865+02:00 DEBUG 31212 --- [http-nio-744-exec-7] org.hibernate.SQL                        : select t1_0.user_id,t1_0.id,t1_0.tenant_id from user_tenants t1_0 where t1_0.user_id=?
2026-01-25T00:52:17.868+02:00 DEBUG 31212 --- [http-nio-744-exec-7] org.hibernate.SQL                        : select t1_0.id,t1_0.active,t1_0.code,t1_0.created_at,t1_0.level,t1_0.name,t1_0.parent_id,t1_0.status from tenants t1_0 where t1_0.id=?
2026-01-25T00:52:17.878+02:00 DEBUG 31212 --- [http-nio-744-exec-7] c.o.a.s.tenant.TenantFilterAspect        : 🛡️ [TenantFilterAspect] Enforced Filter for TenantID: 0
2026-01-25T00:52:17.896+02:00 DEBUG 31212 --- [http-nio-744-exec-7] org.hibernate.SQL                        : select u1_0.id,u1_0.email,u1_0.enabled,u1_0.first_name,u1_0.last_login_time,u1_0.last_name,u1_0.password,u1_0.photos,u1_0.tenant_id,u1_0.user_bio from `'user'` u1_0 where u1_0.tenant_id = ? and u1_0.tenant_id = ? order by u1_0.first_name limit ?,?
2026-01-25T00:52:18.322+02:00 DEBUG 31212 --- [http-nio-744-exec-8] c.o.a.s.tenant.TenantFilterAspect        : ⚠️ [TenantFilterAspect] Service execution without TenantID
2026-01-25T00:52:18.324+02:00 DEBUG 31212 --- [http-nio-744-exec-8] org.hibernate.SQL                        : select u1_0.id,u1_0.email,u1_0.enabled,u1_0.first_name,u1_0.last_login_time,u1_0.last_name,u1_0.password,u1_0.photos,u1_0.tenant_id,u1_0.user_bio from `'user'` u1_0 where u1_0.email=?
2026-01-25T00:52:18.326+02:00 DEBUG 31212 --- [http-nio-744-exec-3] c.o.a.s.tenant.TenantFilterAspect        : ⚠️ [TenantFilterAspect] Service execution without TenantID
2026-01-25T00:52:18.326+02:00 DEBUG 31212 --- [http-nio-744-exec-8] org.hibernate.SQL                        : select r1_0.user_id,r1_1.id,r1_1.all_parent_ids,r1_1.descrption,r1_1.name,r1_1.parent_id,p2_0.role_id,p2_0.id,p2_0.permission,p2_0.scope from user_roles r1_0 join role r1_1 on r1_1.id=r1_0.role_id left join role_permissions p2_0 on r1_1.id=p2_0.role_id where r1_0.user_id=?
2026-01-25T00:52:18.328+02:00 DEBUG 31212 --- [http-nio-744-exec-3] org.hibernate.SQL                        : select u1_0.id,u1_0.email,u1_0.enabled,u1_0.first_name,u1_0.last_login_time,u1_0.last_name,u1_0.password,u1_0.photos,u1_0.tenant_id,u1_0.user_bio from `'user'` u1_0 where u1_0.email=?
2026-01-25T00:52:18.330+02:00 DEBUG 31212 --- [http-nio-744-exec-3] org.hibernate.SQL                        : select r1_0.user_id,r1_1.id,r1_1.all_parent_ids,r1_1.descrption,r1_1.name,r1_1.parent_id,p2_0.role_id,p2_0.id,p2_0.permission,p2_0.scope from user_roles r1_0 join role r1_1 on r1_1.id=r1_0.role_id left join role_permissions p2_0 on r1_1.id=p2_0.role_id where r1_0.user_id=?
2026-01-25T00:52:18.331+02:00 DEBUG 31212 --- [http-nio-744-exec-8] c.o.a.s.tenant.TenantFilterAspect        : ⚠️ [TenantFilterAspect] Service execution without TenantID
2026-01-25T00:52:18.333+02:00 DEBUG 31212 --- [http-nio-744-exec-8] org.hibernate.SQL                        : select t1_0.user_id,t1_0.id,t1_0.tenant_id from user_tenants t1_0 where t1_0.user_id=?
2026-01-25T00:52:18.334+02:00 DEBUG 31212 --- [http-nio-744-exec-3] c.o.a.s.tenant.TenantFilterAspect        : ⚠️ [TenantFilterAspect] Service execution without TenantID
2026-01-25T00:52:18.336+02:00 DEBUG 31212 --- [http-nio-744-exec-3] org.hibernate.SQL                        : select t1_0.user_id,t1_0.id,t1_0.tenant_id from user_tenants t1_0 where t1_0.user_id=?
2026-01-25T00:52:18.412+02:00 DEBUG 31212 --- [http-nio-744-exec-9] c.o.a.s.tenant.TenantFilterAspect        : 🛡️ [TenantFilterAspect] Enforced Filter for TenantID: 0
2026-01-25T00:52:18.414+02:00 DEBUG 31212 --- [http-nio-744-exec-9] org.hibernate.SQL                        : select u1_0.id,u1_0.email,u1_0.enabled,u1_0.first_name,u1_0.last_login_time,u1_0.last_name,u1_0.password,u1_0.photos,u1_0.tenant_id,u1_0.user_bio from `'user'` u1_0 where u1_0.tenant_id = ? and u1_0.tenant_id = ? and u1_0.email=?
2026-01-25T00:52:18.417+02:00 DEBUG 31212 --- [http-nio-744-exec-9] org.hibernate.SQL                        : select r1_0.user_id,r1_1.id,r1_1.all_parent_ids,r1_1.descrption,r1_1.name,r1_1.parent_id,p2_0.role_id,p2_0.id,p2_0.permission,p2_0.scope from user_roles r1_0 join role r1_1 on r1_1.id=r1_0.role_id left join role_permissions p2_0 on r1_1.id=p2_0.role_id where r1_0.user_id=?
2026-01-25T00:52:18.420+02:00 DEBUG 31212 --- [http-nio-744-exec-9] org.hibernate.SQL                        : select t1_0.user_id,t1_0.id,t1_0.tenant_id from user_tenants t1_0 where t1_0.user_id=?
2026-01-25T00:52:18.422+02:00 DEBUG 31212 --- [http-nio-744-exec-9] org.hibernate.SQL                        : select t1_0.id,t1_0.active,t1_0.code,t1_0.created_at,t1_0.level,t1_0.name,t1_0.parent_id,t1_0.status from tenants t1_0 where t1_0.id=?
2026-01-25T00:52:18.428+02:00 DEBUG 31212 --- [http-nio-744-exec-9] c.o.a.s.tenant.TenantFilterAspect        : 🛡️ [TenantFilterAspect] Enforced Filter for TenantID: 0
2026-01-25T00:52:18.430+02:00 DEBUG 31212 --- [http-nio-744-exec-9] org.hibernate.SQL                        : select s1_0.id,s1_0.category,s1_0.`key`,s1_0.tenant_id,s1_0.value from settings s1_0 where (s1_0.tenant_id = ? or s1_0.tenant_id = 0 or s1_0.tenant_id is null) and s1_0.tenant_id = ? and s1_0.category=?
2026-01-25T00:52:18.431+02:00 DEBUG 31212 --- [http-nio-744-exec-10] c.o.a.s.tenant.TenantFilterAspect        : ⚠️ [TenantFilterAspect] Service execution without TenantID
2026-01-25T00:52:18.432+02:00 DEBUG 31212 --- [http-nio-744-exec-10] org.hibernate.SQL                        : select u1_0.id,u1_0.email,u1_0.enabled,u1_0.first_name,u1_0.last_login_time,u1_0.last_name,u1_0.password,u1_0.photos,u1_0.tenant_id,u1_0.user_bio from `'user'` u1_0 where u1_0.email=?
2026-01-25T00:52:18.433+02:00 DEBUG 31212 --- [http-nio-744-exec-10] org.hibernate.SQL                        : select r1_0.user_id,r1_1.id,r1_1.all_parent_ids,r1_1.descrption,r1_1.name,r1_1.parent_id,p2_0.role_id,p2_0.id,p2_0.permission,p2_0.scope from user_roles r1_0 join role r1_1 on r1_1.id=r1_0.role_id left join role_permissions p2_0 on r1_1.id=p2_0.role_id where r1_0.user_id=?
2026-01-25T00:52:18.437+02:00 DEBUG 31212 --- [http-nio-744-exec-10] c.o.a.s.tenant.TenantFilterAspect        : ⚠️ [TenantFilterAspect] Service execution without TenantID
2026-01-25T00:52:18.437+02:00  WARN 31212 --- [http-nio-744-exec-9] o.h.c.spi.AbstractPersistentCollection   : HHH000506: Detaching an uninitialized collection with enabled filters from a session: [com.onlineStoreCom.entity.users.Role.children#1]
2026-01-25T00:52:18.437+02:00  WARN 31212 --- [http-nio-744-exec-9] o.h.c.spi.AbstractPersistentCollection   : HHH000506: Detaching an uninitialized collection with enabled filters from a session: [com.onlineStoreCom.entity.tenant.Tenant.children#0]
2026-01-25T00:52:18.437+02:00 DEBUG 31212 --- [http-nio-744-exec-10] org.hibernate.SQL                        : select t1_0.user_id,t1_0.id,t1_0.tenant_id from user_tenants t1_0 where t1_0.user_id=?
2026-01-25T00:52:18.537+02:00  WARN 31212 --- [http-nio-744-exec-7] o.h.c.spi.AbstractPersistentCollection   : HHH000506: Detaching an uninitialized collection with enabled filters from a session: [com.onlineStoreCom.entity.users.Role.children#1]
2026-01-25T00:52:18.537+02:00  WARN 31212 --- [http-nio-744-exec-7] o.h.c.spi.AbstractPersistentCollection   : HHH000506: Detaching an uninitialized collection with enabled filters from a session: [com.onlineStoreCom.entity.tenant.Tenant.children#0]
2026-01-25T00:52:18.552+02:00 DEBUG 31212 --- [http-nio-744-exec-4] c.o.a.s.tenant.TenantFilterAspect        : ⚠️ [TenantFilterAspect] Service execution without TenantID
2026-01-25T00:52:18.555+02:00 DEBUG 31212 --- [http-nio-744-exec-4] org.hibernate.SQL                        : select u1_0.id,u1_0.email,u1_0.enabled,u1_0.first_name,u1_0.last_login_time,u1_0.last_name,u1_0.password,u1_0.photos,u1_0.tenant_id,u1_0.user_bio from `'user'` u1_0 where u1_0.email=?
2026-01-25T00:52:18.558+02:00 DEBUG 31212 --- [http-nio-744-exec-4] org.hibernate.SQL                        : select r1_0.user_id,r1_1.id,r1_1.all_parent_ids,r1_1.descrption,r1_1.name,r1_1.parent_id,p2_0.role_id,p2_0.id,p2_0.permission,p2_0.scope from user_roles r1_0 join role r1_1 on r1_1.id=r1_0.role_id left join role_permissions p2_0 on r1_1.id=p2_0.role_id where r1_0.user_id=?
2026-01-25T00:52:18.558+02:00 DEBUG 31212 --- [http-nio-744-exec-2] c.o.a.s.tenant.TenantFilterAspect        : ⚠️ [TenantFilterAspect] Service execution without TenantID
2026-01-25T00:52:18.561+02:00 DEBUG 31212 --- [http-nio-744-exec-2] org.hibernate.SQL                        : select u1_0.id,u1_0.email,u1_0.enabled,u1_0.first_name,u1_0.last_login_time,u1_0.last_name,u1_0.password,u1_0.photos,u1_0.tenant_id,u1_0.user_bio from `'user'` u1_0 where u1_0.email=?
2026-01-25T00:52:18.563+02:00 DEBUG 31212 --- [http-nio-744-exec-4] c.o.a.s.tenant.TenantFilterAspect        : ⚠️ [TenantFilterAspect] Service execution without TenantID
2026-01-25T00:52:18.564+02:00 DEBUG 31212 --- [http-nio-744-exec-4] org.hibernate.SQL                        : select t1_0.user_id,t1_0.id,t1_0.tenant_id from user_tenants t1_0 where t1_0.user_id=?
2026-01-25T00:52:18.564+02:00 DEBUG 31212 --- [http-nio-744-exec-2] org.hibernate.SQL                        : select r1_0.user_id,r1_1.id,r1_1.all_parent_ids,r1_1.descrption,r1_1.name,r1_1.parent_id,p2_0.role_id,p2_0.id,p2_0.permission,p2_0.scope from user_roles r1_0 join role r1_1 on r1_1.id=r1_0.role_id left join role_permissions p2_0 on r1_1.id=p2_0.role_id where r1_0.user_id=?
2026-01-25T00:52:18.568+02:00 DEBUG 31212 --- [http-nio-744-exec-2] c.o.a.s.tenant.TenantFilterAspect        : ⚠️ [TenantFilterAspect] Service execution without TenantID
2026-01-25T00:52:18.568+02:00 DEBUG 31212 --- [http-nio-744-exec-2] org.hibernate.SQL                        : select t1_0.user_id,t1_0.id,t1_0.tenant_id from user_tenants t1_0 where t1_0.user_id=?
2026-01-25T00:52:18.596+02:00 DEBUG 31212 --- [http-nio-744-exec-2] c.o.a.s.tenant.TenantFilterAspect        : ⚠️ [TenantFilterAspect] Service execution without TenantID
2026-01-25T00:52:18.599+02:00 DEBUG 31212 --- [http-nio-744-exec-2] org.hibernate.SQL                        : select u1_0.id,u1_0.email,u1_0.enabled,u1_0.first_name,u1_0.last_login_time,u1_0.last_name,u1_0.password,u1_0.photos,u1_0.tenant_id,u1_0.user_bio from `'user'` u1_0 where u1_0.email=?
2026-01-25T00:52:18.599+02:00 DEBUG 31212 --- [http-nio-744-exec-9] c.o.a.s.tenant.TenantFilterAspect        : ⚠️ [TenantFilterAspect] Service execution without TenantID
2026-01-25T00:52:18.601+02:00 DEBUG 31212 --- [http-nio-744-exec-2] org.hibernate.SQL                        : select r1_0.user_id,r1_1.id,r1_1.all_parent_ids,r1_1.descrption,r1_1.name,r1_1.parent_id,p2_0.role_id,p2_0.id,p2_0.permission,p2_0.scope from user_roles r1_0 join role r1_1 on r1_1.id=r1_0.role_id left join role_permissions p2_0 on r1_1.id=p2_0.role_id where r1_0.user_id=?
2026-01-25T00:52:18.601+02:00 DEBUG 31212 --- [http-nio-744-exec-9] org.hibernate.SQL                        : select u1_0.id,u1_0.email,u1_0.enabled,u1_0.first_name,u1_0.last_login_time,u1_0.last_name,u1_0.password,u1_0.photos,u1_0.tenant_id,u1_0.user_bio from `'user'` u1_0 where u1_0.email=?
2026-01-25T00:52:18.603+02:00 DEBUG 31212 --- [http-nio-744-exec-9] org.hibernate.SQL                        : select r1_0.user_id,r1_1.id,r1_1.all_parent_ids,r1_1.descrption,r1_1.name,r1_1.parent_id,p2_0.role_id,p2_0.id,p2_0.permission,p2_0.scope from user_roles r1_0 join role r1_1 on r1_1.id=r1_0.role_id left join role_permissions p2_0 on r1_1.id=p2_0.role_id where r1_0.user_id=?
2026-01-25T00:52:18.604+02:00 DEBUG 31212 --- [http-nio-744-exec-2] org.hibernate.SQL                        : select t1_0.user_id,t1_0.id,t1_0.tenant_id from user_tenants t1_0 where t1_0.user_id=?
2026-01-25T00:52:18.607+02:00 DEBUG 31212 --- [http-nio-744-exec-9] c.o.a.s.tenant.TenantFilterAspect        : ⚠️ [TenantFilterAspect] Service execution without TenantID
2026-01-25T00:52:18.608+02:00 DEBUG 31212 --- [http-nio-744-exec-9] org.hibernate.SQL                        : select t1_0.user_id,t1_0.id,t1_0.tenant_id from user_tenants t1_0 where t1_0.user_id=?
2026-01-25T00:52:18.616+02:00 DEBUG 31212 --- [http-nio-744-exec-1] c.o.a.s.tenant.TenantFilterAspect        : ⚠️ [TenantFilterAspect] Service execution without TenantID
2026-01-25T00:52:18.617+02:00 DEBUG 31212 --- [http-nio-744-exec-1] org.hibernate.SQL                        : select u1_0.id,u1_0.email,u1_0.enabled,u1_0.first_name,u1_0.last_login_time,u1_0.last_name,u1_0.password,u1_0.photos,u1_0.tenant_id,u1_0.user_bio from `'user'` u1_0 where u1_0.email=?
2026-01-25T00:52:18.619+02:00 DEBUG 31212 --- [http-nio-744-exec-1] org.hibernate.SQL                        : select r1_0.user_id,r1_1.id,r1_1.all_parent_ids,r1_1.descrption,r1_1.name,r1_1.parent_id,p2_0.role_id,p2_0.id,p2_0.permission,p2_0.scope from user_roles r1_0 join role r1_1 on r1_1.id=r1_0.role_id left join role_permissions p2_0 on r1_1.id=p2_0.role_id where r1_0.user_id=?
2026-01-25T00:52:18.623+02:00 DEBUG 31212 --- [http-nio-744-exec-1] org.hibernate.SQL                        : select t1_0.user_id,t1_0.id,t1_0.tenant_id from user_tenants t1_0 where t1_0.user_id=?
2026-01-25T00:52:18.625+02:00 DEBUG 31212 --- [http-nio-744-exec-9] c.o.a.s.tenant.TenantFilterAspect        : 🛡️ [TenantFilterAspect] Enforced Filter for TenantID: 0
2026-01-25T00:52:18.630+02:00 DEBUG 31212 --- [http-nio-744-exec-9] org.hibernate.SQL                        : select u1_0.id,u1_0.email,u1_0.enabled,u1_0.first_name,u1_0.last_login_time,u1_0.last_name,u1_0.password,u1_0.photos,u1_0.tenant_id,u1_0.user_bio from `'user'` u1_0 where u1_0.tenant_id = ? and u1_0.tenant_id = ? and u1_0.email=?
2026-01-25T00:52:18.631+02:00 DEBUG 31212 --- [http-nio-744-exec-9] org.hibernate.SQL                        : select r1_0.user_id,r1_1.id,r1_1.all_parent_ids,r1_1.descrption,r1_1.name,r1_1.parent_id,p2_0.role_id,p2_0.id,p2_0.permission,p2_0.scope from user_roles r1_0 join role r1_1 on r1_1.id=r1_0.role_id left join role_permissions p2_0 on r1_1.id=p2_0.role_id where r1_0.user_id=?
2026-01-25T00:52:18.634+02:00 DEBUG 31212 --- [http-nio-744-exec-9] org.hibernate.SQL                        : select t1_0.user_id,t1_0.id,t1_0.tenant_id from user_tenants t1_0 where t1_0.user_id=?
2026-01-25T00:52:18.636+02:00 DEBUG 31212 --- [http-nio-744-exec-9] org.hibernate.SQL                        : select t1_0.id,t1_0.active,t1_0.code,t1_0.created_at,t1_0.level,t1_0.name,t1_0.parent_id,t1_0.status from tenants t1_0 where t1_0.id=?
2026-01-25T00:52:18.640+02:00 DEBUG 31212 --- [http-nio-744-exec-9] c.o.a.s.tenant.TenantFilterAspect        : 🛡️ [TenantFilterAspect] Enforced Filter for TenantID: 0
2026-01-25T00:52:18.642+02:00 DEBUG 31212 --- [http-nio-744-exec-9] org.hibernate.SQL                        : select u1_0.id,u1_0.email,u1_0.enabled,u1_0.first_name,u1_0.last_login_time,u1_0.last_name,u1_0.password,u1_0.photos,u1_0.tenant_id,u1_0.user_bio from `'user'` u1_0 where u1_0.tenant_id = ? and u1_0.tenant_id = ? and u1_0.email=?
2026-01-25T00:52:18.647+02:00 DEBUG 31212 --- [http-nio-744-exec-9] c.o.a.s.tenant.TenantFilterAspect        : 🛡️ [TenantFilterAspect] Enforced Filter for TenantID: 0
2026-01-25T00:52:18.650+02:00 DEBUG 31212 --- [http-nio-744-exec-9] org.hibernate.SQL                        : select t1_0.id,t1_0.active,t1_0.code,t1_0.created_at,t1_0.level,t1_0.name,t1_0.parent_id,t1_0.status from tenants t1_0 where t1_0.parent_id=?
2026-01-25T00:52:18.653+02:00 DEBUG 31212 --- [http-nio-744-exec-9] org.hibernate.SQL                        : select t1_0.id,t1_0.active,t1_0.code,t1_0.created_at,t1_0.level,t1_0.name,t1_0.parent_id,t1_0.status from tenants t1_0 where t1_0.id=?
2026-01-25T00:52:18.658+02:00  WARN 31212 --- [http-nio-744-exec-9] o.h.c.spi.AbstractPersistentCollection   : HHH000506: Detaching an uninitialized collection with enabled filters from a session: [com.onlineStoreCom.entity.users.Role.children#1]
2026-01-25T00:52:18.659+02:00  WARN 31212 --- [http-nio-744-exec-9] o.h.c.spi.AbstractPersistentCollection   : HHH000506: Detaching an uninitialized collection with enabled filters from a session: [com.onlineStoreCom.entity.tenant.Tenant.children#0]
2026-01-25T00:52:18.659+02:00  WARN 31212 --- [http-nio-744-exec-9] o.h.c.spi.AbstractPersistentCollection   : HHH000506: Detaching an uninitialized collection with enabled filters from a session: [com.onlineStoreCom.entity.tenant.Tenant.children#23]
2026-01-25T00:52:23.096+02:00 DEBUG 31212 --- [http-nio-744-exec-8] c.o.a.s.tenant.TenantFilterAspect        : ⚠️ [TenantFilterAspect] Service execution without TenantID
2026-01-25T00:52:23.100+02:00 DEBUG 31212 --- [http-nio-744-exec-8] org.hibernate.SQL                        : select u1_0.id,u1_0.email,u1_0.enabled,u1_0.first_name,u1_0.last_login_time,u1_0.last_name,u1_0.password,u1_0.photos,u1_0.tenant_id,u1_0.user_bio from `'user'` u1_0 where u1_0.email=?
2026-01-25T00:52:23.102+02:00 DEBUG 31212 --- [http-nio-744-exec-8] org.hibernate.SQL                        : select r1_0.user_id,r1_1.id,r1_1.all_parent_ids,r1_1.descrption,r1_1.name,r1_1.parent_id,p2_0.role_id,p2_0.id,p2_0.permission,p2_0.scope from user_roles r1_0 join role r1_1 on r1_1.id=r1_0.role_id left join role_permissions p2_0 on r1_1.id=p2_0.role_id where r1_0.user_id=?
2026-01-25T00:52:23.108+02:00 DEBUG 31212 --- [http-nio-744-exec-8] c.o.a.s.tenant.TenantFilterAspect        : ⚠️ [TenantFilterAspect] Service execution without TenantID
2026-01-25T00:52:23.109+02:00 DEBUG 31212 --- [http-nio-744-exec-8] org.hibernate.SQL                        : select t1_0.user_id,t1_0.id,t1_0.tenant_id from user_tenants t1_0 where t1_0.user_id=?
2026-01-25T00:52:23.140+02:00 DEBUG 31212 --- [http-nio-744-exec-8] c.o.a.s.tenant.TenantFilterAspect        : ⚠️ [TenantFilterAspect] Service execution without TenantID
2026-01-25T00:52:23.141+02:00 DEBUG 31212 --- [http-nio-744-exec-8] org.hibernate.SQL                        : select u1_0.id,u1_0.email,u1_0.enabled,u1_0.first_name,u1_0.last_login_time,u1_0.last_name,u1_0.password,u1_0.photos,u1_0.tenant_id,u1_0.user_bio from `'user'` u1_0 where u1_0.email=?
2026-01-25T00:52:23.143+02:00 DEBUG 31212 --- [http-nio-744-exec-8] org.hibernate.SQL                        : select r1_0.user_id,r1_1.id,r1_1.all_parent_ids,r1_1.descrption,r1_1.name,r1_1.parent_id,p2_0.role_id,p2_0.id,p2_0.permission,p2_0.scope from user_roles r1_0 join role r1_1 on r1_1.id=r1_0.role_id left join role_permissions p2_0 on r1_1.id=p2_0.role_id where r1_0.user_id=?
2026-01-25T00:52:23.146+02:00 DEBUG 31212 --- [http-nio-744-exec-8] org.hibernate.SQL                        : select t1_0.user_id,t1_0.id,t1_0.tenant_id from user_tenants t1_0 where t1_0.user_id=?
2026-01-25T00:52:23.701+02:00 DEBUG 31212 --- [http-nio-744-exec-6] c.o.a.s.tenant.TenantFilterAspect        : ⚠️ [TenantFilterAspect] Service execution without TenantID
2026-01-25T00:52:23.704+02:00 DEBUG 31212 --- [http-nio-744-exec-6] org.hibernate.SQL                        : select u1_0.id,u1_0.email,u1_0.enabled,u1_0.first_name,u1_0.last_login_time,u1_0.last_name,u1_0.password,u1_0.photos,u1_0.tenant_id,u1_0.user_bio from `'user'` u1_0 where u1_0.email=?
2026-01-25T00:52:23.705+02:00 DEBUG 31212 --- [http-nio-744-exec-2] c.o.a.s.tenant.TenantFilterAspect        : ⚠️ [TenantFilterAspect] Service execution without TenantID
2026-01-25T00:52:23.705+02:00 DEBUG 31212 --- [http-nio-744-exec-6] org.hibernate.SQL                        : select r1_0.user_id,r1_1.id,r1_1.all_parent_ids,r1_1.descrption,r1_1.name,r1_1.parent_id,p2_0.role_id,p2_0.id,p2_0.permission,p2_0.scope from user_roles r1_0 join role r1_1 on r1_1.id=r1_0.role_id left join role_permissions p2_0 on r1_1.id=p2_0.role_id where r1_0.user_id=?
2026-01-25T00:52:23.707+02:00 DEBUG 31212 --- [http-nio-744-exec-2] org.hibernate.SQL                        : select u1_0.id,u1_0.email,u1_0.enabled,u1_0.first_name,u1_0.last_login_time,u1_0.last_name,u1_0.password,u1_0.photos,u1_0.tenant_id,u1_0.user_bio from `'user'` u1_0 where u1_0.email=?
2026-01-25T00:52:23.711+02:00 DEBUG 31212 --- [http-nio-744-exec-6] c.o.a.s.tenant.TenantFilterAspect        : ⚠️ [TenantFilterAspect] Service execution without TenantID
2026-01-25T00:52:23.713+02:00 DEBUG 31212 --- [http-nio-744-exec-6] org.hibernate.SQL                        : select t1_0.user_id,t1_0.id,t1_0.tenant_id from user_tenants t1_0 where t1_0.user_id=?
2026-01-25T00:52:23.713+02:00 DEBUG 31212 --- [http-nio-744-exec-2] org.hibernate.SQL                        : select r1_0.user_id,r1_1.id,r1_1.all_parent_ids,r1_1.descrption,r1_1.name,r1_1.parent_id,p2_0.role_id,p2_0.id,p2_0.permission,p2_0.scope from user_roles r1_0 join role r1_1 on r1_1.id=r1_0.role_id left join role_permissions p2_0 on r1_1.id=p2_0.role_id where r1_0.user_id=?
2026-01-25T00:52:23.722+02:00 DEBUG 31212 --- [http-nio-744-exec-2] c.o.a.s.tenant.TenantFilterAspect        : ⚠️ [TenantFilterAspect] Service execution without TenantID
2026-01-25T00:52:23.722+02:00 DEBUG 31212 --- [http-nio-744-exec-2] org.hibernate.SQL                        : select t1_0.user_id,t1_0.id,t1_0.tenant_id from user_tenants t1_0 where t1_0.user_id=?
2026-01-25T00:52:23.755+02:00 DEBUG 31212 --- [http-nio-744-exec-3] c.o.a.s.tenant.TenantFilterAspect        : ⚠️ [TenantFilterAspect] Service execution without TenantID
2026-01-25T00:52:23.756+02:00 DEBUG 31212 --- [http-nio-744-exec-3] org.hibernate.SQL                        : select u1_0.id,u1_0.email,u1_0.enabled,u1_0.first_name,u1_0.last_login_time,u1_0.last_name,u1_0.password,u1_0.photos,u1_0.tenant_id,u1_0.user_bio from `'user'` u1_0 where u1_0.email=?
2026-01-25T00:52:23.759+02:00 DEBUG 31212 --- [http-nio-744-exec-3] org.hibernate.SQL                        : select r1_0.user_id,r1_1.id,r1_1.all_parent_ids,r1_1.descrption,r1_1.name,r1_1.parent_id,p2_0.role_id,p2_0.id,p2_0.permission,p2_0.scope from user_roles r1_0 join role r1_1 on r1_1.id=r1_0.role_id left join role_permissions p2_0 on r1_1.id=p2_0.role_id where r1_0.user_id=?
2026-01-25T00:52:23.759+02:00 DEBUG 31212 --- [http-nio-744-exec-9] c.o.a.s.tenant.TenantFilterAspect        : 🛡️ [TenantFilterAspect] Enforced Filter for TenantID: 0
2026-01-25T00:52:23.764+02:00 DEBUG 31212 --- [http-nio-744-exec-3] c.o.a.s.tenant.TenantFilterAspect        : ⚠️ [TenantFilterAspect] Service execution without TenantID
2026-01-25T00:52:23.766+02:00 DEBUG 31212 --- [http-nio-744-exec-3] org.hibernate.SQL                        : select t1_0.user_id,t1_0.id,t1_0.tenant_id from user_tenants t1_0 where t1_0.user_id=?
2026-01-25T00:52:23.768+02:00 DEBUG 31212 --- [http-nio-744-exec-7] c.o.a.s.tenant.TenantFilterAspect        : ⚠️ [TenantFilterAspect] Service execution without TenantID
2026-01-25T00:52:23.769+02:00 DEBUG 31212 --- [http-nio-744-exec-9] org.hibernate.SQL                        : select u1_0.id,u1_0.email,u1_0.enabled,u1_0.first_name,u1_0.last_login_time,u1_0.last_name,u1_0.password,u1_0.photos,u1_0.tenant_id,u1_0.user_bio from `'user'` u1_0 where u1_0.tenant_id = ? and u1_0.tenant_id = ? and u1_0.email=?
2026-01-25T00:52:23.771+02:00 DEBUG 31212 --- [http-nio-744-exec-7] org.hibernate.SQL                        : select u1_0.id,u1_0.email,u1_0.enabled,u1_0.first_name,u1_0.last_login_time,u1_0.last_name,u1_0.password,u1_0.photos,u1_0.tenant_id,u1_0.user_bio from `'user'` u1_0 where u1_0.email=?
2026-01-25T00:52:23.772+02:00 DEBUG 31212 --- [http-nio-744-exec-9] org.hibernate.SQL                        : select r1_0.user_id,r1_1.id,r1_1.all_parent_ids,r1_1.descrption,r1_1.name,r1_1.parent_id,p2_0.role_id,p2_0.id,p2_0.permission,p2_0.scope from user_roles r1_0 join role r1_1 on r1_1.id=r1_0.role_id left join role_permissions p2_0 on r1_1.id=p2_0.role_id where r1_0.user_id=?
2026-01-25T00:52:23.772+02:00 DEBUG 31212 --- [http-nio-744-exec-7] org.hibernate.SQL                        : select r1_0.user_id,r1_1.id,r1_1.all_parent_ids,r1_1.descrption,r1_1.name,r1_1.parent_id,p2_0.role_id,p2_0.id,p2_0.permission,p2_0.scope from user_roles r1_0 join role r1_1 on r1_1.id=r1_0.role_id left join role_permissions p2_0 on r1_1.id=p2_0.role_id where r1_0.user_id=?
2026-01-25T00:52:23.774+02:00 DEBUG 31212 --- [http-nio-744-exec-9] org.hibernate.SQL                        : select t1_0.user_id,t1_0.id,t1_0.tenant_id from user_tenants t1_0 where t1_0.user_id=?
2026-01-25T00:52:23.775+02:00 DEBUG 31212 --- [http-nio-744-exec-7] c.o.a.s.tenant.TenantFilterAspect        : ⚠️ [TenantFilterAspect] Service execution without TenantID
2026-01-25T00:52:23.775+02:00 DEBUG 31212 --- [http-nio-744-exec-7] org.hibernate.SQL                        : select t1_0.user_id,t1_0.id,t1_0.tenant_id from user_tenants t1_0 where t1_0.user_id=?
2026-01-25T00:52:23.779+02:00 DEBUG 31212 --- [http-nio-744-exec-9] org.hibernate.SQL                        : select t1_0.id,t1_0.active,t1_0.code,t1_0.created_at,t1_0.level,t1_0.name,t1_0.parent_id,t1_0.status from tenants t1_0 where t1_0.id=?
2026-01-25T00:52:23.782+02:00 DEBUG 31212 --- [http-nio-744-exec-9] c.o.a.s.tenant.TenantFilterAspect        : 🛡️ [TenantFilterAspect] Enforced Filter for TenantID: 0
2026-01-25T00:52:23.784+02:00 DEBUG 31212 --- [http-nio-744-exec-9] org.hibernate.SQL                        : select s1_0.id,s1_0.category,s1_0.`key`,s1_0.tenant_id,s1_0.value from settings s1_0 where (s1_0.tenant_id = ? or s1_0.tenant_id = 0 or s1_0.tenant_id is null) and s1_0.tenant_id = ? and s1_0.category=?
2026-01-25T00:52:23.792+02:00  WARN 31212 --- [http-nio-744-exec-9] o.h.c.spi.AbstractPersistentCollection   : HHH000506: Detaching an uninitialized collection with enabled filters from a session: [com.onlineStoreCom.entity.users.Role.children#1]
2026-01-25T00:52:23.793+02:00  WARN 31212 --- [http-nio-744-exec-9] o.h.c.spi.AbstractPersistentCollection   : HHH000506: Detaching an uninitialized collection with enabled filters from a session: [com.onlineStoreCom.entity.tenant.Tenant.children#0]
2026-01-25T00:52:23.808+02:00 DEBUG 31212 --- [http-nio-744-exec-7] c.o.a.s.tenant.TenantFilterAspect        : ⚠️ [TenantFilterAspect] Service execution without TenantID
2026-01-25T00:52:23.810+02:00 DEBUG 31212 --- [http-nio-744-exec-7] org.hibernate.SQL                        : select u1_0.id,u1_0.email,u1_0.enabled,u1_0.first_name,u1_0.last_login_time,u1_0.last_name,u1_0.password,u1_0.photos,u1_0.tenant_id,u1_0.user_bio from `'user'` u1_0 where u1_0.email=?
2026-01-25T00:52:23.812+02:00 DEBUG 31212 --- [http-nio-744-exec-7] org.hibernate.SQL                        : select r1_0.user_id,r1_1.id,r1_1.all_parent_ids,r1_1.descrption,r1_1.name,r1_1.parent_id,p2_0.role_id,p2_0.id,p2_0.permission,p2_0.scope from user_roles r1_0 join role r1_1 on r1_1.id=r1_0.role_id left join role_permissions p2_0 on r1_1.id=p2_0.role_id where r1_0.user_id=?
2026-01-25T00:52:23.815+02:00 DEBUG 31212 --- [http-nio-744-exec-7] org.hibernate.SQL                        : select t1_0.user_id,t1_0.id,t1_0.tenant_id from user_tenants t1_0 where t1_0.user_id=?
2026-01-25T00:52:23.825+02:00 DEBUG 31212 --- [http-nio-744-exec-6] c.o.a.s.tenant.TenantFilterAspect        : ⚠️ [TenantFilterAspect] Service execution without TenantID
2026-01-25T00:52:23.828+02:00 DEBUG 31212 --- [http-nio-744-exec-6] org.hibernate.SQL                        : select u1_0.id,u1_0.email,u1_0.enabled,u1_0.first_name,u1_0.last_login_time,u1_0.last_name,u1_0.password,u1_0.photos,u1_0.tenant_id,u1_0.user_bio from `'user'` u1_0 where u1_0.email=?
2026-01-25T00:52:23.830+02:00 DEBUG 31212 --- [http-nio-744-exec-6] org.hibernate.SQL                        : select r1_0.user_id,r1_1.id,r1_1.all_parent_ids,r1_1.descrption,r1_1.name,r1_1.parent_id,p2_0.role_id,p2_0.id,p2_0.permission,p2_0.scope from user_roles r1_0 join role r1_1 on r1_1.id=r1_0.role_id left join role_permissions p2_0 on r1_1.id=p2_0.role_id where r1_0.user_id=?
2026-01-25T00:52:23.834+02:00 DEBUG 31212 --- [http-nio-744-exec-6] c.o.a.s.tenant.TenantFilterAspect        : ⚠️ [TenantFilterAspect] Service execution without TenantID
2026-01-25T00:52:23.835+02:00 DEBUG 31212 --- [http-nio-744-exec-6] org.hibernate.SQL                        : select t1_0.user_id,t1_0.id,t1_0.tenant_id from user_tenants t1_0 where t1_0.user_id=?
2026-01-25T00:52:23.844+02:00 DEBUG 31212 --- [http-nio-744-exec-6] c.o.a.s.tenant.TenantFilterAspect        : 🛡️ [TenantFilterAspect] Enforced Filter for TenantID: 0
2026-01-25T00:52:23.846+02:00 DEBUG 31212 --- [http-nio-744-exec-6] org.hibernate.SQL                        : select u1_0.id,u1_0.email,u1_0.enabled,u1_0.first_name,u1_0.last_login_time,u1_0.last_name,u1_0.password,u1_0.photos,u1_0.tenant_id,u1_0.user_bio from `'user'` u1_0 where u1_0.tenant_id = ? and u1_0.tenant_id = ? and u1_0.email=?
2026-01-25T00:52:23.848+02:00 DEBUG 31212 --- [http-nio-744-exec-6] org.hibernate.SQL                        : select r1_0.user_id,r1_1.id,r1_1.all_parent_ids,r1_1.descrption,r1_1.name,r1_1.parent_id,p2_0.role_id,p2_0.id,p2_0.permission,p2_0.scope from user_roles r1_0 join role r1_1 on r1_1.id=r1_0.role_id left join role_permissions p2_0 on r1_1.id=p2_0.role_id where r1_0.user_id=?
2026-01-25T00:52:23.851+02:00 DEBUG 31212 --- [http-nio-744-exec-6] org.hibernate.SQL                        : select t1_0.user_id,t1_0.id,t1_0.tenant_id from user_tenants t1_0 where t1_0.user_id=?
2026-01-25T00:52:23.855+02:00 DEBUG 31212 --- [http-nio-744-exec-6] org.hibernate.SQL                        : select t1_0.id,t1_0.active,t1_0.code,t1_0.created_at,t1_0.level,t1_0.name,t1_0.parent_id,t1_0.status from tenants t1_0 where t1_0.id=?
2026-01-25T00:52:23.858+02:00 DEBUG 31212 --- [http-nio-744-exec-6] c.o.a.s.tenant.TenantFilterAspect        : 🛡️ [TenantFilterAspect] Enforced Filter for TenantID: 0
2026-01-25T00:52:23.860+02:00 DEBUG 31212 --- [http-nio-744-exec-6] org.hibernate.SQL                        : select u1_0.id,u1_0.email,u1_0.enabled,u1_0.first_name,u1_0.last_login_time,u1_0.last_name,u1_0.password,u1_0.photos,u1_0.tenant_id,u1_0.user_bio from `'user'` u1_0 where u1_0.tenant_id = ? and u1_0.tenant_id = ? and u1_0.email=?
2026-01-25T00:52:23.863+02:00 DEBUG 31212 --- [http-nio-744-exec-6] c.o.a.s.tenant.TenantFilterAspect        : 🛡️ [TenantFilterAspect] Enforced Filter for TenantID: 0
2026-01-25T00:52:23.867+02:00 DEBUG 31212 --- [http-nio-744-exec-6] org.hibernate.SQL                        : select t1_0.id,t1_0.active,t1_0.code,t1_0.created_at,t1_0.level,t1_0.name,t1_0.parent_id,t1_0.status from tenants t1_0 where t1_0.parent_id=?
2026-01-25T00:52:23.869+02:00 DEBUG 31212 --- [http-nio-744-exec-6] org.hibernate.SQL                        : select t1_0.id,t1_0.active,t1_0.code,t1_0.created_at,t1_0.level,t1_0.name,t1_0.parent_id,t1_0.status from tenants t1_0 where t1_0.id=?
2026-01-25T00:52:23.873+02:00  WARN 31212 --- [http-nio-744-exec-6] o.h.c.spi.AbstractPersistentCollection   : HHH000506: Detaching an uninitialized collection with enabled filters from a session: [com.onlineStoreCom.entity.users.Role.children#1]
2026-01-25T00:52:23.873+02:00  WARN 31212 --- [http-nio-744-exec-6] o.h.c.spi.AbstractPersistentCollection   : HHH000506: Detaching an uninitialized collection with enabled filters from a session: [com.onlineStoreCom.entity.tenant.Tenant.children#0]
2026-01-25T00:52:23.873+02:00  WARN 31212 --- [http-nio-744-exec-6] o.h.c.spi.AbstractPersistentCollection   : HHH000506: Detaching an uninitialized collection with enabled filters from a session: [com.onlineStoreCom.entity.tenant.Tenant.children#23]
2026-01-25T00:52:23.918+02:00 DEBUG 31212 --- [http-nio-744-exec-2] c.o.a.s.tenant.TenantFilterAspect        : ⚠️ [TenantFilterAspect] Service execution without TenantID
2026-01-25T00:52:23.921+02:00 DEBUG 31212 --- [http-nio-744-exec-2] org.hibernate.SQL                        : select u1_0.id,u1_0.email,u1_0.enabled,u1_0.first_name,u1_0.last_login_time,u1_0.last_name,u1_0.password,u1_0.photos,u1_0.tenant_id,u1_0.user_bio from `'user'` u1_0 where u1_0.email=?
2026-01-25T00:52:23.923+02:00 DEBUG 31212 --- [http-nio-744-exec-2] org.hibernate.SQL                        : select r1_0.user_id,r1_1.id,r1_1.all_parent_ids,r1_1.descrption,r1_1.name,r1_1.parent_id,p2_0.role_id,p2_0.id,p2_0.permission,p2_0.scope from user_roles r1_0 join role r1_1 on r1_1.id=r1_0.role_id left join role_permissions p2_0 on r1_1.id=p2_0.role_id where r1_0.user_id=?
2026-01-25T00:52:23.925+02:00 DEBUG 31212 --- [http-nio-744-exec-4] c.o.a.s.tenant.TenantFilterAspect        : ⚠️ [TenantFilterAspect] Service execution without TenantID
2026-01-25T00:52:23.927+02:00 DEBUG 31212 --- [http-nio-744-exec-4] org.hibernate.SQL                        : select u1_0.id,u1_0.email,u1_0.enabled,u1_0.first_name,u1_0.last_login_time,u1_0.last_name,u1_0.password,u1_0.photos,u1_0.tenant_id,u1_0.user_bio from `'user'` u1_0 where u1_0.email=?
2026-01-25T00:52:23.928+02:00 DEBUG 31212 --- [http-nio-744-exec-2] c.o.a.s.tenant.TenantFilterAspect        : ⚠️ [TenantFilterAspect] Service execution without TenantID
2026-01-25T00:52:23.928+02:00 DEBUG 31212 --- [http-nio-744-exec-2] org.hibernate.SQL                        : select t1_0.user_id,t1_0.id,t1_0.tenant_id from user_tenants t1_0 where t1_0.user_id=?
2026-01-25T00:52:23.930+02:00 DEBUG 31212 --- [http-nio-744-exec-4] org.hibernate.SQL                        : select r1_0.user_id,r1_1.id,r1_1.all_parent_ids,r1_1.descrption,r1_1.name,r1_1.parent_id,p2_0.role_id,p2_0.id,p2_0.permission,p2_0.scope from user_roles r1_0 join role r1_1 on r1_1.id=r1_0.role_id left join role_permissions p2_0 on r1_1.id=p2_0.role_id where r1_0.user_id=?
2026-01-25T00:52:23.935+02:00 DEBUG 31212 --- [http-nio-744-exec-4] org.hibernate.SQL                        : select t1_0.user_id,t1_0.id,t1_0.tenant_id from user_tenants t1_0 where t1_0.user_id=?
2026-01-25T00:52:48.966+02:00 DEBUG 31212 --- [http-nio-744-exec-7] c.o.a.s.tenant.TenantFilterAspect        : ⚠️ [TenantFilterAspect] Service execution without TenantID
2026-01-25T00:52:48.968+02:00 DEBUG 31212 --- [http-nio-744-exec-7] org.hibernate.SQL                        : select u1_0.id,u1_0.email,u1_0.enabled,u1_0.first_name,u1_0.last_login_time,u1_0.last_name,u1_0.password,u1_0.photos,u1_0.tenant_id,u1_0.user_bio from `'user'` u1_0 where u1_0.email=?
2026-01-25T00:52:48.970+02:00 DEBUG 31212 --- [http-nio-744-exec-7] org.hibernate.SQL                        : select r1_0.user_id,r1_1.id,r1_1.all_parent_ids,r1_1.descrption,r1_1.name,r1_1.parent_id,p2_0.role_id,p2_0.id,p2_0.permission,p2_0.scope from user_roles r1_0 join role r1_1 on r1_1.id=r1_0.role_id left join role_permissions p2_0 on r1_1.id=p2_0.role_id where r1_0.user_id=?
2026-01-25T00:52:48.971+02:00 DEBUG 31212 --- [http-nio-744-exec-7] org.hibernate.SQL                        : select t1_0.user_id,t1_0.id,t1_0.tenant_id from user_tenants t1_0 where t1_0.user_id=?
2026-01-25T00:52:53.925+02:00 DEBUG 31212 --- [http-nio-744-exec-6] c.o.a.s.tenant.TenantFilterAspect        : ⚠️ [TenantFilterAspect] Service execution without TenantID
2026-01-25T00:52:53.926+02:00 DEBUG 31212 --- [http-nio-744-exec-6] org.hibernate.SQL                        : select u1_0.id,u1_0.email,u1_0.enabled,u1_0.first_name,u1_0.last_login_time,u1_0.last_name,u1_0.password,u1_0.photos,u1_0.tenant_id,u1_0.user_bio from `'user'` u1_0 where u1_0.email=?
2026-01-25T00:52:53.928+02:00 DEBUG 31212 --- [http-nio-744-exec-6] org.hibernate.SQL                        : select r1_0.user_id,r1_1.id,r1_1.all_parent_ids,r1_1.descrption,r1_1.name,r1_1.parent_id,p2_0.role_id,p2_0.id,p2_0.permission,p2_0.scope from user_roles r1_0 join role r1_1 on r1_1.id=r1_0.role_id left join role_permissions p2_0 on r1_1.id=p2_0.role_id where r1_0.user_id=?
2026-01-25T00:52:53.930+02:00 DEBUG 31212 --- [http-nio-744-exec-6] org.hibernate.SQL                        : select t1_0.user_id,t1_0.id,t1_0.tenant_id from user_tenants t1_0 where t1_0.user_id=?
2026-01-25T00:53:12.189+02:00 DEBUG 31212 --- [http-nio-744-exec-4] c.o.a.s.tenant.TenantFilterAspect        : ⚠️ [TenantFilterAspect] Service execution without TenantID
2026-01-25T00:53:12.190+02:00 DEBUG 31212 --- [http-nio-744-exec-4] org.hibernate.SQL                        : select u1_0.id,u1_0.email,u1_0.enabled,u1_0.first_name,u1_0.last_login_time,u1_0.last_name,u1_0.password,u1_0.photos,u1_0.tenant_id,u1_0.user_bio from `'user'` u1_0 where u1_0.email=?
2026-01-25T00:53:12.193+02:00 DEBUG 31212 --- [http-nio-744-exec-4] org.hibernate.SQL                        : select r1_0.user_id,r1_1.id,r1_1.all_parent_ids,r1_1.descrption,r1_1.name,r1_1.parent_id,p2_0.role_id,p2_0.id,p2_0.permission,p2_0.scope from user_roles r1_0 join role r1_1 on r1_1.id=r1_0.role_id left join role_permissions p2_0 on r1_1.id=p2_0.role_id where r1_0.user_id=?
2026-01-25T00:53:12.197+02:00 DEBUG 31212 --- [http-nio-744-exec-4] c.o.a.s.tenant.TenantFilterAspect        : ⚠️ [TenantFilterAspect] Service execution without TenantID
2026-01-25T00:53:12.198+02:00 DEBUG 31212 --- [http-nio-744-exec-4] org.hibernate.SQL                        : select t1_0.user_id,t1_0.id,t1_0.tenant_id from user_tenants t1_0 where t1_0.user_id=?
2026-01-25T00:53:12.208+02:00 DEBUG 31212 --- [http-nio-744-exec-4] c.o.a.s.tenant.TenantFilterAspect        : 🛡️ [TenantFilterAspect] Enforced Filter for TenantID: 0
2026-01-25T00:53:12.210+02:00 DEBUG 31212 --- [http-nio-744-exec-4] org.hibernate.SQL                        : select u1_0.id,u1_0.email,u1_0.enabled,u1_0.first_name,u1_0.last_login_time,u1_0.last_name,u1_0.password,u1_0.photos,u1_0.tenant_id,u1_0.user_bio from `'user'` u1_0 where u1_0.tenant_id = ? and u1_0.tenant_id = ? and u1_0.email=?
2026-01-25T00:53:12.212+02:00 DEBUG 31212 --- [http-nio-744-exec-4] org.hibernate.SQL                        : select r1_0.user_id,r1_1.id,r1_1.all_parent_ids,r1_1.descrption,r1_1.name,r1_1.parent_id,p2_0.role_id,p2_0.id,p2_0.permission,p2_0.scope from user_roles r1_0 join role r1_1 on r1_1.id=r1_0.role_id left join role_permissions p2_0 on r1_1.id=p2_0.role_id where r1_0.user_id=?
2026-01-25T00:53:12.216+02:00 DEBUG 31212 --- [http-nio-744-exec-4] org.hibernate.SQL                        : select t1_0.user_id,t1_0.id,t1_0.tenant_id from user_tenants t1_0 where t1_0.user_id=?
2026-01-25T00:53:12.221+02:00 DEBUG 31212 --- [http-nio-744-exec-4] org.hibernate.SQL                        : select t1_0.id,t1_0.active,t1_0.code,t1_0.created_at,t1_0.level,t1_0.name,t1_0.parent_id,t1_0.status from tenants t1_0 where t1_0.id=?
2026-01-25T00:53:12.224+02:00 DEBUG 31212 --- [http-nio-744-exec-4] c.o.a.s.tenant.TenantFilterAspect        : 🛡️ [TenantFilterAspect] Enforced Filter for TenantID: 0
2026-01-25T00:53:12.235+02:00 DEBUG 31212 --- [http-nio-744-exec-4] org.hibernate.SQL                        : select b1_0.id,b1_0.name from brands b1_0 where b1_0.tenant_id = ? and b1_0.tenant_id = ? order by b1_0.name
2026-01-25T00:53:12.238+02:00 DEBUG 31212 --- [http-nio-744-exec-4] c.o.a.s.tenant.TenantFilterAspect        : 🛡️ [TenantFilterAspect] Enforced Filter for TenantID: 0
2026-01-25T00:53:12.242+02:00 DEBUG 31212 --- [http-nio-744-exec-4] org.hibernate.SQL                        : select c1_0.id,c1_0.alias,c1_0.all_parent_ids,c1_0.enabled,c1_0.image,c1_0.level,c1_0.name,c1_0.parent_id,c1_0.tenant_id from categories c1_0 where c1_0.tenant_id = ? order by c1_0.name
2026-01-25T00:53:12.244+02:00 DEBUG 31212 --- [http-nio-744-exec-4] org.hibernate.SQL                        : select c1_0.parent_id,c1_0.id,c1_0.alias,c1_0.all_parent_ids,c1_0.enabled,c1_0.image,c1_0.level,c1_0.name,c1_0.tenant_id from categories c1_0 where c1_0.parent_id=? order by c1_0.name
2026-01-25T00:53:12.550+02:00 DEBUG 31212 --- [http-nio-744-exec-8] c.o.a.s.tenant.TenantFilterAspect        : ⚠️ [TenantFilterAspect] Service execution without TenantID
2026-01-25T00:53:12.550+02:00 DEBUG 31212 --- [http-nio-744-exec-5] c.o.a.s.tenant.TenantFilterAspect        : ⚠️ [TenantFilterAspect] Service execution without TenantID
2026-01-25T00:53:12.553+02:00 DEBUG 31212 --- [http-nio-744-exec-8] org.hibernate.SQL                        : select u1_0.id,u1_0.email,u1_0.enabled,u1_0.first_name,u1_0.last_login_time,u1_0.last_name,u1_0.password,u1_0.photos,u1_0.tenant_id,u1_0.user_bio from `'user'` u1_0 where u1_0.email=?
2026-01-25T00:53:12.553+02:00 DEBUG 31212 --- [http-nio-744-exec-5] org.hibernate.SQL                        : select u1_0.id,u1_0.email,u1_0.enabled,u1_0.first_name,u1_0.last_login_time,u1_0.last_name,u1_0.password,u1_0.photos,u1_0.tenant_id,u1_0.user_bio from `'user'` u1_0 where u1_0.email=?
2026-01-25T00:53:12.554+02:00 DEBUG 31212 --- [http-nio-744-exec-5] org.hibernate.SQL                        : select r1_0.user_id,r1_1.id,r1_1.all_parent_ids,r1_1.descrption,r1_1.name,r1_1.parent_id,p2_0.role_id,p2_0.id,p2_0.permission,p2_0.scope from user_roles r1_0 join role r1_1 on r1_1.id=r1_0.role_id left join role_permissions p2_0 on r1_1.id=p2_0.role_id where r1_0.user_id=?
2026-01-25T00:53:12.554+02:00 DEBUG 31212 --- [http-nio-744-exec-8] org.hibernate.SQL                        : select r1_0.user_id,r1_1.id,r1_1.all_parent_ids,r1_1.descrption,r1_1.name,r1_1.parent_id,p2_0.role_id,p2_0.id,p2_0.permission,p2_0.scope from user_roles r1_0 join role r1_1 on r1_1.id=r1_0.role_id left join role_permissions p2_0 on r1_1.id=p2_0.role_id where r1_0.user_id=?
2026-01-25T00:53:12.557+02:00 DEBUG 31212 --- [http-nio-744-exec-8] c.o.a.s.tenant.TenantFilterAspect        : ⚠️ [TenantFilterAspect] Service execution without TenantID
2026-01-25T00:53:12.557+02:00 DEBUG 31212 --- [http-nio-744-exec-5] c.o.a.s.tenant.TenantFilterAspect        : ⚠️ [TenantFilterAspect] Service execution without TenantID
2026-01-25T00:53:12.559+02:00 DEBUG 31212 --- [http-nio-744-exec-8] org.hibernate.SQL                        : select t1_0.user_id,t1_0.id,t1_0.tenant_id from user_tenants t1_0 where t1_0.user_id=?
2026-01-25T00:53:12.559+02:00 DEBUG 31212 --- [http-nio-744-exec-5] org.hibernate.SQL                        : select t1_0.user_id,t1_0.id,t1_0.tenant_id from user_tenants t1_0 where t1_0.user_id=?
2026-01-25T00:53:12.580+02:00 DEBUG 31212 --- [http-nio-744-exec-2] c.o.a.s.tenant.TenantFilterAspect        : 🛡️ [TenantFilterAspect] Enforced Filter for TenantID: 0
2026-01-25T00:53:12.581+02:00 DEBUG 31212 --- [http-nio-744-exec-1] c.o.a.s.tenant.TenantFilterAspect        : ⚠️ [TenantFilterAspect] Service execution without TenantID
2026-01-25T00:53:12.582+02:00 DEBUG 31212 --- [http-nio-744-exec-2] org.hibernate.SQL                        : select u1_0.id,u1_0.email,u1_0.enabled,u1_0.first_name,u1_0.last_login_time,u1_0.last_name,u1_0.password,u1_0.photos,u1_0.tenant_id,u1_0.user_bio from `'user'` u1_0 where u1_0.tenant_id = ? and u1_0.tenant_id = ? and u1_0.email=?
2026-01-25T00:53:12.583+02:00 DEBUG 31212 --- [http-nio-744-exec-1] org.hibernate.SQL                        : select u1_0.id,u1_0.email,u1_0.enabled,u1_0.first_name,u1_0.last_login_time,u1_0.last_name,u1_0.password,u1_0.photos,u1_0.tenant_id,u1_0.user_bio from `'user'` u1_0 where u1_0.email=?
2026-01-25T00:53:12.583+02:00 DEBUG 31212 --- [http-nio-744-exec-2] org.hibernate.SQL                        : select r1_0.user_id,r1_1.id,r1_1.all_parent_ids,r1_1.descrption,r1_1.name,r1_1.parent_id,p2_0.role_id,p2_0.id,p2_0.permission,p2_0.scope from user_roles r1_0 join role r1_1 on r1_1.id=r1_0.role_id left join role_permissions p2_0 on r1_1.id=p2_0.role_id where r1_0.user_id=?
2026-01-25T00:53:12.586+02:00 DEBUG 31212 --- [http-nio-744-exec-1] org.hibernate.SQL                        : select r1_0.user_id,r1_1.id,r1_1.all_parent_ids,r1_1.descrption,r1_1.name,r1_1.parent_id,p2_0.role_id,p2_0.id,p2_0.permission,p2_0.scope from user_roles r1_0 join role r1_1 on r1_1.id=r1_0.role_id left join role_permissions p2_0 on r1_1.id=p2_0.role_id where r1_0.user_id=?
2026-01-25T00:53:12.587+02:00 DEBUG 31212 --- [http-nio-744-exec-2] org.hibernate.SQL                        : select t1_0.user_id,t1_0.id,t1_0.tenant_id from user_tenants t1_0 where t1_0.user_id=?
2026-01-25T00:53:12.589+02:00 DEBUG 31212 --- [http-nio-744-exec-1] c.o.a.s.tenant.TenantFilterAspect        : ⚠️ [TenantFilterAspect] Service execution without TenantID
2026-01-25T00:53:12.589+02:00 DEBUG 31212 --- [http-nio-744-exec-1] org.hibernate.SQL                        : select t1_0.user_id,t1_0.id,t1_0.tenant_id from user_tenants t1_0 where t1_0.user_id=?
2026-01-25T00:53:12.589+02:00 DEBUG 31212 --- [http-nio-744-exec-2] org.hibernate.SQL                        : select t1_0.id,t1_0.active,t1_0.code,t1_0.created_at,t1_0.level,t1_0.name,t1_0.parent_id,t1_0.status from tenants t1_0 where t1_0.id=?
2026-01-25T00:53:12.591+02:00 DEBUG 31212 --- [http-nio-744-exec-2] c.o.a.s.tenant.TenantFilterAspect        : 🛡️ [TenantFilterAspect] Enforced Filter for TenantID: 0
2026-01-25T00:53:12.593+02:00 DEBUG 31212 --- [http-nio-744-exec-2] org.hibernate.SQL                        : select s1_0.id,s1_0.category,s1_0.`key`,s1_0.tenant_id,s1_0.value from settings s1_0 where (s1_0.tenant_id = ? or s1_0.tenant_id = 0 or s1_0.tenant_id is null) and s1_0.tenant_id = ? and s1_0.category=?
2026-01-25T00:53:12.597+02:00 ERROR 31212 --- [http-nio-744-exec-4] org.thymeleaf.TemplateEngine             : [THYMELEAF][http-nio-744-exec-4] Exception processing template "products/new-products-form": An error happened during template parsing (template: "class path resource [templates/products/new-products-form.html]")

org.thymeleaf.exceptions.TemplateInputException: An error happened during template parsing (template: "class path resource [templates/products/new-products-form.html]")
	at org.thymeleaf.templateparser.markup.AbstractMarkupTemplateParser.parse(AbstractMarkupTemplateParser.java:241) ~[thymeleaf-3.1.2.RELEASE.jar:3.1.2.RELEASE]
	at org.thymeleaf.templateparser.markup.AbstractMarkupTemplateParser.parseStandalone(AbstractMarkupTemplateParser.java:100) ~[thymeleaf-3.1.2.RELEASE.jar:3.1.2.RELEASE]
	at org.thymeleaf.engine.TemplateManager.parseAndProcess(TemplateManager.java:666) ~[thymeleaf-3.1.2.RELEASE.jar:3.1.2.RELEASE]
	at org.thymeleaf.TemplateEngine.process(TemplateEngine.java:1103) ~[thymeleaf-3.1.2.RELEASE.jar:3.1.2.RELEASE]
	at org.thymeleaf.TemplateEngine.process(TemplateEngine.java:1077) ~[thymeleaf-3.1.2.RELEASE.jar:3.1.2.RELEASE]
	at org.thymeleaf.spring6.view.ThymeleafView.renderFragment(ThymeleafView.java:372) ~[thymeleaf-spring6-3.1.2.RELEASE.jar:3.1.2.RELEASE]
	at org.thymeleaf.spring6.view.ThymeleafView.render(ThymeleafView.java:192) ~[thymeleaf-spring6-3.1.2.RELEASE.jar:3.1.2.RELEASE]
	at org.springframework.web.servlet.DispatcherServlet.render(DispatcherServlet.java:1415) ~[spring-webmvc-6.0.12.jar:6.0.12]
	at org.springframework.web.servlet.DispatcherServlet.processDispatchResult(DispatcherServlet.java:1159) ~[spring-webmvc-6.0.12.jar:6.0.12]
	at org.springframework.web.servlet.DispatcherServlet.doDispatch(DispatcherServlet.java:1098) ~[spring-webmvc-6.0.12.jar:6.0.12]
	at org.springframework.web.servlet.DispatcherServlet.doService(DispatcherServlet.java:974) ~[spring-webmvc-6.0.12.jar:6.0.12]
	at org.springframework.web.servlet.FrameworkServlet.processRequest(FrameworkServlet.java:1011) ~[spring-webmvc-6.0.12.jar:6.0.12]
	at org.springframework.web.servlet.FrameworkServlet.doGet(FrameworkServlet.java:903) ~[spring-webmvc-6.0.12.jar:6.0.12]
	at jakarta.servlet.http.HttpServlet.service(HttpServlet.java:564) ~[tomcat-embed-core-10.1.13.jar:6.0]
	at org.springframework.web.servlet.FrameworkServlet.service(FrameworkServlet.java:885) ~[spring-webmvc-6.0.12.jar:6.0.12]
	at jakarta.servlet.http.HttpServlet.service(HttpServlet.java:658) ~[tomcat-embed-core-10.1.13.jar:6.0]
	at org.apache.catalina.core.ApplicationFilterChain.internalDoFilter(ApplicationFilterChain.java:205) ~[tomcat-embed-core-10.1.13.jar:10.1.13]
	at org.apache.catalina.core.ApplicationFilterChain.doFilter(ApplicationFilterChain.java:149) ~[tomcat-embed-core-10.1.13.jar:10.1.13]
	at org.apache.tomcat.websocket.server.WsFilter.doFilter(WsFilter.java:51) ~[tomcat-embed-websocket-10.1.13.jar:10.1.13]
	at org.apache.catalina.core.ApplicationFilterChain.internalDoFilter(ApplicationFilterChain.java:174) ~[tomcat-embed-core-10.1.13.jar:10.1.13]
	at org.apache.catalina.core.ApplicationFilterChain.doFilter(ApplicationFilterChain.java:149) ~[tomcat-embed-core-10.1.13.jar:10.1.13]
	at org.springframework.web.servlet.resource.ResourceUrlEncodingFilter.doFilter(ResourceUrlEncodingFilter.java:66) ~[spring-webmvc-6.0.12.jar:6.0.12]
	at org.apache.catalina.core.ApplicationFilterChain.internalDoFilter(ApplicationFilterChain.java:174) ~[tomcat-embed-core-10.1.13.jar:10.1.13]
	at org.apache.catalina.core.ApplicationFilterChain.doFilter(ApplicationFilterChain.java:149) ~[tomcat-embed-core-10.1.13.jar:10.1.13]
	at org.springframework.web.filter.OncePerRequestFilter.doFilter(OncePerRequestFilter.java:110) ~[spring-web-6.0.12.jar:6.0.12]
	at org.apache.catalina.core.ApplicationFilterChain.internalDoFilter(ApplicationFilterChain.java:174) ~[tomcat-embed-core-10.1.13.jar:10.1.13]
	at org.apache.catalina.core.ApplicationFilterChain.doFilter(ApplicationFilterChain.java:149) ~[tomcat-embed-core-10.1.13.jar:10.1.13]
	at org.springframework.security.web.FilterChainProxy.lambda$doFilterInternal$3(FilterChainProxy.java:231) ~[spring-security-web-6.1.4.jar:6.1.4]
	at org.springframework.security.web.ObservationFilterChainDecorator$FilterObservation$SimpleFilterObservation.lambda$wrap$1(ObservationFilterChainDecorator.java:479) ~[spring-security-web-6.1.4.jar:6.1.4]
	at org.springframework.security.web.ObservationFilterChainDecorator$AroundFilterObservation$SimpleAroundFilterObservation.lambda$wrap$1(ObservationFilterChainDecorator.java:340) ~[spring-security-web-6.1.4.jar:6.1.4]
	at org.springframework.security.web.ObservationFilterChainDecorator.lambda$wrapSecured$0(ObservationFilterChainDecorator.java:82) ~[spring-security-web-6.1.4.jar:6.1.4]
	at org.springframework.security.web.ObservationFilterChainDecorator$VirtualFilterChain.doFilter(ObservationFilterChainDecorator.java:128) ~[spring-security-web-6.1.4.jar:6.1.4]
	at org.springframework.security.web.access.intercept.AuthorizationFilter.doFilter(AuthorizationFilter.java:100) ~[spring-security-web-6.1.4.jar:6.1.4]
	at org.springframework.security.web.ObservationFilterChainDecorator$ObservationFilter.wrapFilter(ObservationFilterChainDecorator.java:240) ~[spring-security-web-6.1.4.jar:6.1.4]
	at org.springframework.security.web.ObservationFilterChainDecorator$ObservationFilter.doFilter(ObservationFilterChainDecorator.java:227) ~[spring-security-web-6.1.4.jar:6.1.4]
	at org.springframework.security.web.ObservationFilterChainDecorator$VirtualFilterChain.doFilter(ObservationFilterChainDecorator.java:137) ~[spring-security-web-6.1.4.jar:6.1.4]
	at org.springframework.security.web.access.ExceptionTranslationFilter.doFilter(ExceptionTranslationFilter.java:126) ~[spring-security-web-6.1.4.jar:6.1.4]
	at org.springframework.security.web.access.ExceptionTranslationFilter.doFilter(ExceptionTranslationFilter.java:120) ~[spring-security-web-6.1.4.jar:6.1.4]
	at org.springframework.security.web.ObservationFilterChainDecorator$ObservationFilter.wrapFilter(ObservationFilterChainDecorator.java:240) ~[spring-security-web-6.1.4.jar:6.1.4]
	at org.springframework.security.web.ObservationFilterChainDecorator$ObservationFilter.doFilter(ObservationFilterChainDecorator.java:227) ~[spring-security-web-6.1.4.jar:6.1.4]
	at org.springframework.security.web.ObservationFilterChainDecorator$VirtualFilterChain.doFilter(ObservationFilterChainDecorator.java:137) ~[spring-security-web-6.1.4.jar:6.1.4]
	at org.springframework.security.web.session.SessionManagementFilter.doFilter(SessionManagementFilter.java:131) ~[spring-security-web-6.1.4.jar:6.1.4]
	at org.springframework.security.web.session.SessionManagementFilter.doFilter(SessionManagementFilter.java:85) ~[spring-security-web-6.1.4.jar:6.1.4]
	at org.springframework.security.web.ObservationFilterChainDecorator$ObservationFilter.wrapFilter(ObservationFilterChainDecorator.java:240) ~[spring-security-web-6.1.4.jar:6.1.4]
	at org.springframework.security.web.ObservationFilterChainDecorator$ObservationFilter.doFilter(ObservationFilterChainDecorator.java:227) ~[spring-security-web-6.1.4.jar:6.1.4]
	at org.springframework.security.web.ObservationFilterChainDecorator$VirtualFilterChain.doFilter(ObservationFilterChainDecorator.java:137) ~[spring-security-web-6.1.4.jar:6.1.4]
	at org.springframework.security.web.authentication.AnonymousAuthenticationFilter.doFilter(AnonymousAuthenticationFilter.java:100) ~[spring-security-web-6.1.4.jar:6.1.4]
	at org.springframework.security.web.ObservationFilterChainDecorator$ObservationFilter.wrapFilter(ObservationFilterChainDecorator.java:240) ~[spring-security-web-6.1.4.jar:6.1.4]
	at org.springframework.security.web.ObservationFilterChainDecorator$ObservationFilter.doFilter(ObservationFilterChainDecorator.java:227) ~[spring-security-web-6.1.4.jar:6.1.4]
	at org.springframework.security.web.ObservationFilterChainDecorator$VirtualFilterChain.doFilter(ObservationFilterChainDecorator.java:137) ~[spring-security-web-6.1.4.jar:6.1.4]
	at org.springframework.security.web.authentication.rememberme.RememberMeAuthenticationFilter.doFilter(RememberMeAuthenticationFilter.java:110) ~[spring-security-web-6.1.4.jar:6.1.4]
	at org.springframework.security.web.authentication.rememberme.RememberMeAuthenticationFilter.doFilter(RememberMeAuthenticationFilter.java:101) ~[spring-security-web-6.1.4.jar:6.1.4]
	at org.springframework.security.web.ObservationFilterChainDecorator$ObservationFilter.wrapFilter(ObservationFilterChainDecorator.java:240) ~[spring-security-web-6.1.4.jar:6.1.4]
	at org.springframework.security.web.ObservationFilterChainDecorator$ObservationFilter.doFilter(ObservationFilterChainDecorator.java:227) ~[spring-security-web-6.1.4.jar:6.1.4]
	at org.springframework.security.web.ObservationFilterChainDecorator$VirtualFilterChain.doFilter(ObservationFilterChainDecorator.java:137) ~[spring-security-web-6.1.4.jar:6.1.4]
	at org.springframework.security.web.servletapi.SecurityContextHolderAwareRequestFilter.doFilter(SecurityContextHolderAwareRequestFilter.java:179) ~[spring-security-web-6.1.4.jar:6.1.4]
	at org.springframework.security.web.ObservationFilterChainDecorator$ObservationFilter.wrapFilter(ObservationFilterChainDecorator.java:240) ~[spring-security-web-6.1.4.jar:6.1.4]
	at org.springframework.security.web.ObservationFilterChainDecorator$ObservationFilter.doFilter(ObservationFilterChainDecorator.java:227) ~[spring-security-web-6.1.4.jar:6.1.4]
	at org.springframework.security.web.ObservationFilterChainDecorator$VirtualFilterChain.doFilter(ObservationFilterChainDecorator.java:137) ~[spring-security-web-6.1.4.jar:6.1.4]
	at org.springframework.security.web.savedrequest.RequestCacheAwareFilter.doFilter(RequestCacheAwareFilter.java:63) ~[spring-security-web-6.1.4.jar:6.1.4]
	at org.springframework.security.web.ObservationFilterChainDecorator$ObservationFilter.wrapFilter(ObservationFilterChainDecorator.java:240) ~[spring-security-web-6.1.4.jar:6.1.4]
	at org.springframework.security.web.ObservationFilterChainDecorator$ObservationFilter.doFilter(ObservationFilterChainDecorator.java:227) ~[spring-security-web-6.1.4.jar:6.1.4]
	at org.springframework.security.web.ObservationFilterChainDecorator$VirtualFilterChain.doFilter(ObservationFilterChainDecorator.java:137) ~[spring-security-web-6.1.4.jar:6.1.4]
	at org.springframework.security.web.session.ConcurrentSessionFilter.doFilter(ConcurrentSessionFilter.java:151) ~[spring-security-web-6.1.4.jar:6.1.4]
	at org.springframework.security.web.session.ConcurrentSessionFilter.doFilter(ConcurrentSessionFilter.java:129) ~[spring-security-web-6.1.4.jar:6.1.4]
	at org.springframework.security.web.ObservationFilterChainDecorator$ObservationFilter.wrapFilter(ObservationFilterChainDecorator.java:240) ~[spring-security-web-6.1.4.jar:6.1.4]
	at org.springframework.security.web.ObservationFilterChainDecorator$ObservationFilter.doFilter(ObservationFilterChainDecorator.java:227) ~[spring-security-web-6.1.4.jar:6.1.4]
	at org.springframework.security.web.ObservationFilterChainDecorator$VirtualFilterChain.doFilter(ObservationFilterChainDecorator.java:137) ~[spring-security-web-6.1.4.jar:6.1.4]
	at org.springframework.security.web.authentication.AbstractAuthenticationProcessingFilter.doFilter(AbstractAuthenticationProcessingFilter.java:227) ~[spring-security-web-6.1.4.jar:6.1.4]
	at org.springframework.security.web.authentication.AbstractAuthenticationProcessingFilter.doFilter(AbstractAuthenticationProcessingFilter.java:221) ~[spring-security-web-6.1.4.jar:6.1.4]
	at org.springframework.security.web.ObservationFilterChainDecorator$ObservationFilter.wrapFilter(ObservationFilterChainDecorator.java:240) ~[spring-security-web-6.1.4.jar:6.1.4]
	at org.springframework.security.web.ObservationFilterChainDecorator$ObservationFilter.doFilter(ObservationFilterChainDecorator.java:227) ~[spring-security-web-6.1.4.jar:6.1.4]
	at org.springframework.security.web.ObservationFilterChainDecorator$VirtualFilterChain.doFilter(ObservationFilterChainDecorator.java:137) ~[spring-security-web-6.1.4.jar:6.1.4]
	at com.onlineStoreCom.security.tenant.TenantContextFilter.doFilterInternal(TenantContextFilter.java:185) ~[classes/:na]
	at org.springframework.web.filter.OncePerRequestFilter.doFilter(OncePerRequestFilter.java:116) ~[spring-web-6.0.12.jar:6.0.12]
	at org.springframework.security.web.ObservationFilterChainDecorator$ObservationFilter.wrapFilter(ObservationFilterChainDecorator.java:240) ~[spring-security-web-6.1.4.jar:6.1.4]
	at org.springframework.security.web.ObservationFilterChainDecorator$ObservationFilter.doFilter(ObservationFilterChainDecorator.java:227) ~[spring-security-web-6.1.4.jar:6.1.4]
	at org.springframework.security.web.ObservationFilterChainDecorator$VirtualFilterChain.doFilter(ObservationFilterChainDecorator.java:137) ~[spring-security-web-6.1.4.jar:6.1.4]
	at com.onlineStore.admin.security.TenantAccessValidationFilter.doFilterInternal(TenantAccessValidationFilter.java:121) ~[classes/:na]
	at org.springframework.web.filter.OncePerRequestFilter.doFilter(OncePerRequestFilter.java:116) ~[spring-web-6.0.12.jar:6.0.12]
	at org.springframework.security.web.ObservationFilterChainDecorator$ObservationFilter.wrapFilter(ObservationFilterChainDecorator.java:240) ~[spring-security-web-6.1.4.jar:6.1.4]
	at org.springframework.security.web.ObservationFilterChainDecorator$ObservationFilter.doFilter(ObservationFilterChainDecorator.java:227) ~[spring-security-web-6.1.4.jar:6.1.4]
	at org.springframework.security.web.ObservationFilterChainDecorator$VirtualFilterChain.doFilter(ObservationFilterChainDecorator.java:137) ~[spring-security-web-6.1.4.jar:6.1.4]
	at org.springframework.security.web.authentication.logout.LogoutFilter.doFilter(LogoutFilter.java:107) ~[spring-security-web-6.1.4.jar:6.1.4]
	at org.springframework.security.web.authentication.logout.LogoutFilter.doFilter(LogoutFilter.java:93) ~[spring-security-web-6.1.4.jar:6.1.4]
	at org.springframework.security.web.ObservationFilterChainDecorator$ObservationFilter.wrapFilter(ObservationFilterChainDecorator.java:240) ~[spring-security-web-6.1.4.jar:6.1.4]
	at org.springframework.security.web.ObservationFilterChainDecorator$ObservationFilter.doFilter(ObservationFilterChainDecorator.java:227) ~[spring-security-web-6.1.4.jar:6.1.4]
	at org.springframework.security.web.ObservationFilterChainDecorator$VirtualFilterChain.doFilter(ObservationFilterChainDecorator.java:137) ~[spring-security-web-6.1.4.jar:6.1.4]
	at org.springframework.security.web.csrf.CsrfFilter.doFilterInternal(CsrfFilter.java:117) ~[spring-security-web-6.1.4.jar:6.1.4]
	at org.springframework.web.filter.OncePerRequestFilter.doFilter(OncePerRequestFilter.java:116) ~[spring-web-6.0.12.jar:6.0.12]
	at org.springframework.security.web.ObservationFilterChainDecorator$ObservationFilter.wrapFilter(ObservationFilterChainDecorator.java:240) ~[spring-security-web-6.1.4.jar:6.1.4]
	at org.springframework.security.web.ObservationFilterChainDecorator$ObservationFilter.doFilter(ObservationFilterChainDecorator.java:227) ~[spring-security-web-6.1.4.jar:6.1.4]
	at org.springframework.security.web.ObservationFilterChainDecorator$VirtualFilterChain.doFilter(ObservationFilterChainDecorator.java:137) ~[spring-security-web-6.1.4.jar:6.1.4]
	at org.springframework.security.web.header.HeaderWriterFilter.doHeadersAfter(HeaderWriterFilter.java:90) ~[spring-security-web-6.1.4.jar:6.1.4]
	at org.springframework.security.web.header.HeaderWriterFilter.doFilterInternal(HeaderWriterFilter.java:75) ~[spring-security-web-6.1.4.jar:6.1.4]
	at org.springframework.web.filter.OncePerRequestFilter.doFilter(OncePerRequestFilter.java:116) ~[spring-web-6.0.12.jar:6.0.12]
	at org.springframework.security.web.ObservationFilterChainDecorator$ObservationFilter.wrapFilter(ObservationFilterChainDecorator.java:240) ~[spring-security-web-6.1.4.jar:6.1.4]
	at org.springframework.security.web.ObservationFilterChainDecorator$ObservationFilter.doFilter(ObservationFilterChainDecorator.java:227) ~[spring-security-web-6.1.4.jar:6.1.4]
	at org.springframework.security.web.ObservationFilterChainDecorator$VirtualFilterChain.doFilter(ObservationFilterChainDecorator.java:137) ~[spring-security-web-6.1.4.jar:6.1.4]
	at org.springframework.security.web.context.SecurityContextHolderFilter.doFilter(SecurityContextHolderFilter.java:82) ~[spring-security-web-6.1.4.jar:6.1.4]
	at org.springframework.security.web.context.SecurityContextHolderFilter.doFilter(SecurityContextHolderFilter.java:69) ~[spring-security-web-6.1.4.jar:6.1.4]
	at org.springframework.security.web.ObservationFilterChainDecorator$ObservationFilter.wrapFilter(ObservationFilterChainDecorator.java:240) ~[spring-security-web-6.1.4.jar:6.1.4]
	at org.springframework.security.web.ObservationFilterChainDecorator$ObservationFilter.doFilter(ObservationFilterChainDecorator.java:227) ~[spring-security-web-6.1.4.jar:6.1.4]
	at org.springframework.security.web.ObservationFilterChainDecorator$VirtualFilterChain.doFilter(ObservationFilterChainDecorator.java:137) ~[spring-security-web-6.1.4.jar:6.1.4]
	at org.springframework.security.web.context.request.async.WebAsyncManagerIntegrationFilter.doFilterInternal(WebAsyncManagerIntegrationFilter.java:62) ~[spring-security-web-6.1.4.jar:6.1.4]
	at org.springframework.web.filter.OncePerRequestFilter.doFilter(OncePerRequestFilter.java:116) ~[spring-web-6.0.12.jar:6.0.12]
	at org.springframework.security.web.ObservationFilterChainDecorator$ObservationFilter.wrapFilter(ObservationFilterChainDecorator.java:240) ~[spring-security-web-6.1.4.jar:6.1.4]
	at org.springframework.security.web.ObservationFilterChainDecorator$ObservationFilter.doFilter(ObservationFilterChainDecorator.java:227) ~[spring-security-web-6.1.4.jar:6.1.4]
	at org.springframework.security.web.ObservationFilterChainDecorator$VirtualFilterChain.doFilter(ObservationFilterChainDecorator.java:137) ~[spring-security-web-6.1.4.jar:6.1.4]
	at org.springframework.security.web.session.DisableEncodeUrlFilter.doFilterInternal(DisableEncodeUrlFilter.java:42) ~[spring-security-web-6.1.4.jar:6.1.4]
	at org.springframework.web.filter.OncePerRequestFilter.doFilter(OncePerRequestFilter.java:116) ~[spring-web-6.0.12.jar:6.0.12]
	at org.springframework.security.web.ObservationFilterChainDecorator$ObservationFilter.wrapFilter(ObservationFilterChainDecorator.java:240) ~[spring-security-web-6.1.4.jar:6.1.4]
	at org.springframework.security.web.ObservationFilterChainDecorator$AroundFilterObservation$SimpleAroundFilterObservation.lambda$wrap$0(ObservationFilterChainDecorator.java:323) ~[spring-security-web-6.1.4.jar:6.1.4]
	at org.springframework.security.web.ObservationFilterChainDecorator$ObservationFilter.doFilter(ObservationFilterChainDecorator.java:224) ~[spring-security-web-6.1.4.jar:6.1.4]
	at org.springframework.security.web.ObservationFilterChainDecorator$VirtualFilterChain.doFilter(ObservationFilterChainDecorator.java:137) ~[spring-security-web-6.1.4.jar:6.1.4]
	at org.springframework.security.web.FilterChainProxy.doFilterInternal(FilterChainProxy.java:233) ~[spring-security-web-6.1.4.jar:6.1.4]
	at org.springframework.security.web.FilterChainProxy.doFilter(FilterChainProxy.java:191) ~[spring-security-web-6.1.4.jar:6.1.4]
	at org.springframework.web.filter.DelegatingFilterProxy.invokeDelegate(DelegatingFilterProxy.java:352) ~[spring-web-6.0.12.jar:6.0.12]
	at org.springframework.web.filter.DelegatingFilterProxy.doFilter(DelegatingFilterProxy.java:268) ~[spring-web-6.0.12.jar:6.0.12]
	at org.apache.catalina.core.ApplicationFilterChain.internalDoFilter(ApplicationFilterChain.java:174) ~[tomcat-embed-core-10.1.13.jar:10.1.13]
	at org.apache.catalina.core.ApplicationFilterChain.doFilter(ApplicationFilterChain.java:149) ~[tomcat-embed-core-10.1.13.jar:10.1.13]
	at org.springframework.web.filter.RequestContextFilter.doFilterInternal(RequestContextFilter.java:100) ~[spring-web-6.0.12.jar:6.0.12]
	at org.springframework.web.filter.OncePerRequestFilter.doFilter(OncePerRequestFilter.java:116) ~[spring-web-6.0.12.jar:6.0.12]
	at org.apache.catalina.core.ApplicationFilterChain.internalDoFilter(ApplicationFilterChain.java:174) ~[tomcat-embed-core-10.1.13.jar:10.1.13]
	at org.apache.catalina.core.ApplicationFilterChain.doFilter(ApplicationFilterChain.java:149) ~[tomcat-embed-core-10.1.13.jar:10.1.13]
	at org.springframework.web.filter.FormContentFilter.doFilterInternal(FormContentFilter.java:93) ~[spring-web-6.0.12.jar:6.0.12]
	at org.springframework.web.filter.OncePerRequestFilter.doFilter(OncePerRequestFilter.java:116) ~[spring-web-6.0.12.jar:6.0.12]
	at org.apache.catalina.core.ApplicationFilterChain.internalDoFilter(ApplicationFilterChain.java:174) ~[tomcat-embed-core-10.1.13.jar:10.1.13]
	at org.apache.catalina.core.ApplicationFilterChain.doFilter(ApplicationFilterChain.java:149) ~[tomcat-embed-core-10.1.13.jar:10.1.13]
	at org.springframework.web.filter.ServerHttpObservationFilter.doFilterInternal(ServerHttpObservationFilter.java:109) ~[spring-web-6.0.12.jar:6.0.12]
	at org.springframework.web.filter.OncePerRequestFilter.doFilter(OncePerRequestFilter.java:116) ~[spring-web-6.0.12.jar:6.0.12]
	at org.apache.catalina.core.ApplicationFilterChain.internalDoFilter(ApplicationFilterChain.java:174) ~[tomcat-embed-core-10.1.13.jar:10.1.13]
	at org.apache.catalina.core.ApplicationFilterChain.doFilter(ApplicationFilterChain.java:149) ~[tomcat-embed-core-10.1.13.jar:10.1.13]
	at org.springframework.web.filter.CharacterEncodingFilter.doFilterInternal(CharacterEncodingFilter.java:201) ~[spring-web-6.0.12.jar:6.0.12]
	at org.springframework.web.filter.OncePerRequestFilter.doFilter(OncePerRequestFilter.java:116) ~[spring-web-6.0.12.jar:6.0.12]
	at org.apache.catalina.core.ApplicationFilterChain.internalDoFilter(ApplicationFilterChain.java:174) ~[tomcat-embed-core-10.1.13.jar:10.1.13]
	at org.apache.catalina.core.ApplicationFilterChain.doFilter(ApplicationFilterChain.java:149) ~[tomcat-embed-core-10.1.13.jar:10.1.13]
	at org.apache.catalina.core.StandardWrapperValve.invoke(StandardWrapperValve.java:167) ~[tomcat-embed-core-10.1.13.jar:10.1.13]
	at org.apache.catalina.core.StandardContextValve.invoke(StandardContextValve.java:90) ~[tomcat-embed-core-10.1.13.jar:10.1.13]
	at org.apache.catalina.authenticator.AuthenticatorBase.invoke(AuthenticatorBase.java:482) ~[tomcat-embed-core-10.1.13.jar:10.1.13]
	at org.apache.catalina.core.StandardHostValve.invoke(StandardHostValve.java:115) ~[tomcat-embed-core-10.1.13.jar:10.1.13]
	at org.apache.catalina.valves.ErrorReportValve.invoke(ErrorReportValve.java:93) ~[tomcat-embed-core-10.1.13.jar:10.1.13]
	at org.apache.catalina.core.StandardEngineValve.invoke(StandardEngineValve.java:74) ~[tomcat-embed-core-10.1.13.jar:10.1.13]
	at org.apache.catalina.connector.CoyoteAdapter.service(CoyoteAdapter.java:341) ~[tomcat-embed-core-10.1.13.jar:10.1.13]
	at org.apache.coyote.http11.Http11Processor.service(Http11Processor.java:391) ~[tomcat-embed-core-10.1.13.jar:10.1.13]
	at org.apache.coyote.AbstractProcessorLight.process(AbstractProcessorLight.java:63) ~[tomcat-embed-core-10.1.13.jar:10.1.13]
	at org.apache.coyote.AbstractProtocol$ConnectionHandler.process(AbstractProtocol.java:894) ~[tomcat-embed-core-10.1.13.jar:10.1.13]
	at org.apache.tomcat.util.net.NioEndpoint$SocketProcessor.doRun(NioEndpoint.java:1740) ~[tomcat-embed-core-10.1.13.jar:10.1.13]
	at org.apache.tomcat.util.net.SocketProcessorBase.run(SocketProcessorBase.java:52) ~[tomcat-embed-core-10.1.13.jar:10.1.13]
	at org.apache.tomcat.util.threads.ThreadPoolExecutor.runWorker(ThreadPoolExecutor.java:1191) ~[tomcat-embed-core-10.1.13.jar:10.1.13]
	at org.apache.tomcat.util.threads.ThreadPoolExecutor$Worker.run(ThreadPoolExecutor.java:659) ~[tomcat-embed-core-10.1.13.jar:10.1.13]
	at org.apache.tomcat.util.threads.TaskThread$WrappingRunnable.run(TaskThread.java:61) ~[tomcat-embed-core-10.1.13.jar:10.1.13]
	at java.base/java.lang.Thread.run(Thread.java:1589) ~[na:na]
Caused by: org.attoparser.ParseException: Error during execution of processor 'org.thymeleaf.spring6.processor.SpringInputCheckboxFieldTagProcessor' (template: "products/new-products-form" - line 48, col 112)
	at org.attoparser.MarkupParser.parseDocument(MarkupParser.java:393) ~[attoparser-2.0.7.RELEASE.jar:2.0.7.RELEASE]
	at org.attoparser.MarkupParser.parse(MarkupParser.java:257) ~[attoparser-2.0.7.RELEASE.jar:2.0.7.RELEASE]
	at org.thymeleaf.templateparser.markup.AbstractMarkupTemplateParser.parse(AbstractMarkupTemplateParser.java:230) ~[thymeleaf-3.1.2.RELEASE.jar:3.1.2.RELEASE]
	... 152 common frames omitted
Caused by: org.thymeleaf.exceptions.TemplateProcessingException: Error during execution of processor 'org.thymeleaf.spring6.processor.SpringInputCheckboxFieldTagProcessor' (template: "products/new-products-form" - line 48, col 112)
	at org.thymeleaf.processor.element.AbstractAttributeTagProcessor.doProcess(AbstractAttributeTagProcessor.java:117) ~[thymeleaf-3.1.2.RELEASE.jar:3.1.2.RELEASE]
	at org.thymeleaf.processor.element.AbstractElementTagProcessor.process(AbstractElementTagProcessor.java:95) ~[thymeleaf-3.1.2.RELEASE.jar:3.1.2.RELEASE]
	at org.thymeleaf.util.ProcessorConfigurationUtils$ElementTagProcessorWrapper.process(ProcessorConfigurationUtils.java:633) ~[thymeleaf-3.1.2.RELEASE.jar:3.1.2.RELEASE]
	at org.thymeleaf.engine.ProcessorTemplateHandler.handleStandaloneElement(ProcessorTemplateHandler.java:918) ~[thymeleaf-3.1.2.RELEASE.jar:3.1.2.RELEASE]
	at org.thymeleaf.engine.TemplateHandlerAdapterMarkupHandler.handleStandaloneElementEnd(TemplateHandlerAdapterMarkupHandler.java:260) ~[thymeleaf-3.1.2.RELEASE.jar:3.1.2.RELEASE]
	at org.thymeleaf.templateparser.markup.InlinedOutputExpressionMarkupHandler$InlineMarkupAdapterPreProcessorHandler.handleStandaloneElementEnd(InlinedOutputExpressionMarkupHandler.java:256) ~[thymeleaf-3.1.2.RELEASE.jar:3.1.2.RELEASE]
	at org.thymeleaf.standard.inline.OutputExpressionInlinePreProcessorHandler.handleStandaloneElementEnd(OutputExpressionInlinePreProcessorHandler.java:169) ~[thymeleaf-3.1.2.RELEASE.jar:3.1.2.RELEASE]
	at org.thymeleaf.templateparser.markup.InlinedOutputExpressionMarkupHandler.handleStandaloneElementEnd(InlinedOutputExpressionMarkupHandler.java:104) ~[thymeleaf-3.1.2.RELEASE.jar:3.1.2.RELEASE]
	at org.attoparser.HtmlVoidElement.handleOpenElementEnd(HtmlVoidElement.java:92) ~[attoparser-2.0.7.RELEASE.jar:2.0.7.RELEASE]
	at org.attoparser.HtmlMarkupHandler.handleOpenElementEnd(HtmlMarkupHandler.java:297) ~[attoparser-2.0.7.RELEASE.jar:2.0.7.RELEASE]
	at org.attoparser.MarkupEventProcessorHandler.handleOpenElementEnd(MarkupEventProcessorHandler.java:402) ~[attoparser-2.0.7.RELEASE.jar:2.0.7.RELEASE]
	at org.attoparser.ParsingElementMarkupUtil.parseOpenElement(ParsingElementMarkupUtil.java:159) ~[attoparser-2.0.7.RELEASE.jar:2.0.7.RELEASE]
	at org.attoparser.MarkupParser.parseBuffer(MarkupParser.java:710) ~[attoparser-2.0.7.RELEASE.jar:2.0.7.RELEASE]
	at org.attoparser.MarkupParser.parseDocument(MarkupParser.java:301) ~[attoparser-2.0.7.RELEASE.jar:2.0.7.RELEASE]
	... 154 common frames omitted
Caused by: org.springframework.beans.NotReadablePropertyException: Invalid property 'hasDescription' of bean class [com.onlineStoreCom.entity.product.Product]: Bean property 'hasDescription' is not readable or has an invalid getter method: Does the return type of the getter match the parameter type of the setter?
	at org.springframework.beans.AbstractNestablePropertyAccessor.getPropertyValue(AbstractNestablePropertyAccessor.java:626) ~[spring-beans-6.0.12.jar:6.0.12]
	at org.springframework.beans.AbstractNestablePropertyAccessor.getPropertyValue(AbstractNestablePropertyAccessor.java:616) ~[spring-beans-6.0.12.jar:6.0.12]
	at org.springframework.validation.AbstractPropertyBindingResult.getActualFieldValue(AbstractPropertyBindingResult.java:104) ~[spring-context-6.0.12.jar:6.0.12]
	at org.springframework.validation.AbstractBindingResult.getFieldValue(AbstractBindingResult.java:225) ~[spring-context-6.0.12.jar:6.0.12]
	at org.springframework.web.servlet.support.BindStatus.<init>(BindStatus.java:129) ~[spring-webmvc-6.0.12.jar:6.0.12]
	at org.springframework.web.servlet.support.RequestContext.getBindStatus(RequestContext.java:926) ~[spring-webmvc-6.0.12.jar:6.0.12]
	at org.thymeleaf.spring6.context.webmvc.SpringWebMvcThymeleafRequestContext.getBindStatus(SpringWebMvcThymeleafRequestContext.java:232) ~[thymeleaf-spring6-3.1.2.RELEASE.jar:3.1.2.RELEASE]
	at org.thymeleaf.spring6.util.FieldUtils.getBindStatusFromParsedExpression(FieldUtils.java:306) ~[thymeleaf-spring6-3.1.2.RELEASE.jar:3.1.2.RELEASE]
	at org.thymeleaf.spring6.util.FieldUtils.getBindStatus(FieldUtils.java:253) ~[thymeleaf-spring6-3.1.2.RELEASE.jar:3.1.2.RELEASE]
	at org.thymeleaf.spring6.util.FieldUtils.getBindStatus(FieldUtils.java:227) ~[thymeleaf-spring6-3.1.2.RELEASE.jar:3.1.2.RELEASE]
	at org.thymeleaf.spring6.processor.AbstractSpringFieldTagProcessor.doProcess(AbstractSpringFieldTagProcessor.java:174) ~[thymeleaf-spring6-3.1.2.RELEASE.jar:3.1.2.RELEASE]
	at org.thymeleaf.processor.element.AbstractAttributeTagProcessor.doProcess(AbstractAttributeTagProcessor.java:74) ~[thymeleaf-3.1.2.RELEASE.jar:3.1.2.RELEASE]
	... 167 common frames omitted

2026-01-25T00:53:12.603+02:00  WARN 31212 --- [http-nio-744-exec-4] o.h.c.spi.AbstractPersistentCollection   : HHH000506: Detaching an uninitialized collection with enabled filters from a session: [com.onlineStoreCom.entity.users.Role.children#1]
2026-01-25T00:53:12.603+02:00  WARN 31212 --- [http-nio-744-exec-4] o.h.c.spi.AbstractPersistentCollection   : HHH000506: Detaching an uninitialized collection with enabled filters from a session: [com.onlineStoreCom.entity.tenant.Tenant.children#0]
2026-01-25T00:53:12.603+02:00  WARN 31212 --- [http-nio-744-exec-2] o.h.c.spi.AbstractPersistentCollection   : HHH000506: Detaching an uninitialized collection with enabled filters from a session: [com.onlineStoreCom.entity.users.Role.children#1]
2026-01-25T00:53:12.603+02:00  WARN 31212 --- [http-nio-744-exec-2] o.h.c.spi.AbstractPersistentCollection   : HHH000506: Detaching an uninitialized collection with enabled filters from a session: [com.onlineStoreCom.entity.tenant.Tenant.children#0]
2026-01-25T00:53:12.603+02:00 ERROR 31212 --- [http-nio-744-exec-4] c.o.a.s.TenantAccessValidationFilter     : Error in TenantAccessValidationFilter

jakarta.servlet.ServletException: Request processing failed: org.thymeleaf.exceptions.TemplateInputException: An error happened during template parsing (template: "class path resource [templates/products/new-products-form.html]")
	at org.springframework.web.servlet.FrameworkServlet.processRequest(FrameworkServlet.java:1019) ~[spring-webmvc-6.0.12.jar:6.0.12]
	at org.springframework.web.servlet.FrameworkServlet.doGet(FrameworkServlet.java:903) ~[spring-webmvc-6.0.12.jar:6.0.12]
	at jakarta.servlet.http.HttpServlet.service(HttpServlet.java:564) ~[tomcat-embed-core-10.1.13.jar:6.0]
	at org.springframework.web.servlet.FrameworkServlet.service(FrameworkServlet.java:885) ~[spring-webmvc-6.0.12.jar:6.0.12]
	at jakarta.servlet.http.HttpServlet.service(HttpServlet.java:658) ~[tomcat-embed-core-10.1.13.jar:6.0]
	at org.apache.catalina.core.ApplicationFilterChain.internalDoFilter(ApplicationFilterChain.java:205) ~[tomcat-embed-core-10.1.13.jar:10.1.13]
	at org.apache.catalina.core.ApplicationFilterChain.doFilter(ApplicationFilterChain.java:149) ~[tomcat-embed-core-10.1.13.jar:10.1.13]
	at org.apache.tomcat.websocket.server.WsFilter.doFilter(WsFilter.java:51) ~[tomcat-embed-websocket-10.1.13.jar:10.1.13]
	at org.apache.catalina.core.ApplicationFilterChain.internalDoFilter(ApplicationFilterChain.java:174) ~[tomcat-embed-core-10.1.13.jar:10.1.13]
	at org.apache.catalina.core.ApplicationFilterChain.doFilter(ApplicationFilterChain.java:149) ~[tomcat-embed-core-10.1.13.jar:10.1.13]
	at org.springframework.web.servlet.resource.ResourceUrlEncodingFilter.doFilter(ResourceUrlEncodingFilter.java:66) ~[spring-webmvc-6.0.12.jar:6.0.12]
	at org.apache.catalina.core.ApplicationFilterChain.internalDoFilter(ApplicationFilterChain.java:174) ~[tomcat-embed-core-10.1.13.jar:10.1.13]
	at org.apache.catalina.core.ApplicationFilterChain.doFilter(ApplicationFilterChain.java:149) ~[tomcat-embed-core-10.1.13.jar:10.1.13]
	at org.springframework.web.filter.OncePerRequestFilter.doFilter(OncePerRequestFilter.java:110) ~[spring-web-6.0.12.jar:6.0.12]
	at org.apache.catalina.core.ApplicationFilterChain.internalDoFilter(ApplicationFilterChain.java:174) ~[tomcat-embed-core-10.1.13.jar:10.1.13]
	at org.apache.catalina.core.ApplicationFilterChain.doFilter(ApplicationFilterChain.java:149) ~[tomcat-embed-core-10.1.13.jar:10.1.13]
	at org.springframework.security.web.FilterChainProxy.lambda$doFilterInternal$3(FilterChainProxy.java:231) ~[spring-security-web-6.1.4.jar:6.1.4]
	at org.springframework.security.web.ObservationFilterChainDecorator$FilterObservation$SimpleFilterObservation.lambda$wrap$1(ObservationFilterChainDecorator.java:479) ~[spring-security-web-6.1.4.jar:6.1.4]
	at org.springframework.security.web.ObservationFilterChainDecorator$AroundFilterObservation$SimpleAroundFilterObservation.lambda$wrap$1(ObservationFilterChainDecorator.java:340) ~[spring-security-web-6.1.4.jar:6.1.4]
	at org.springframework.security.web.ObservationFilterChainDecorator.lambda$wrapSecured$0(ObservationFilterChainDecorator.java:82) ~[spring-security-web-6.1.4.jar:6.1.4]
	at org.springframework.security.web.ObservationFilterChainDecorator$VirtualFilterChain.doFilter(ObservationFilterChainDecorator.java:128) ~[spring-security-web-6.1.4.jar:6.1.4]
	at org.springframework.security.web.access.intercept.AuthorizationFilter.doFilter(AuthorizationFilter.java:100) ~[spring-security-web-6.1.4.jar:6.1.4]
	at org.springframework.security.web.ObservationFilterChainDecorator$ObservationFilter.wrapFilter(ObservationFilterChainDecorator.java:240) ~[spring-security-web-6.1.4.jar:6.1.4]
	at org.springframework.security.web.ObservationFilterChainDecorator$ObservationFilter.doFilter(ObservationFilterChainDecorator.java:227) ~[spring-security-web-6.1.4.jar:6.1.4]
	at org.springframework.security.web.ObservationFilterChainDecorator$VirtualFilterChain.doFilter(ObservationFilterChainDecorator.java:137) ~[spring-security-web-6.1.4.jar:6.1.4]
	at org.springframework.security.web.access.ExceptionTranslationFilter.doFilter(ExceptionTranslationFilter.java:126) ~[spring-security-web-6.1.4.jar:6.1.4]
	at org.springframework.security.web.access.ExceptionTranslationFilter.doFilter(ExceptionTranslationFilter.java:120) ~[spring-security-web-6.1.4.jar:6.1.4]
	at org.springframework.security.web.ObservationFilterChainDecorator$ObservationFilter.wrapFilter(ObservationFilterChainDecorator.java:240) ~[spring-security-web-6.1.4.jar:6.1.4]
	at org.springframework.security.web.ObservationFilterChainDecorator$ObservationFilter.doFilter(ObservationFilterChainDecorator.java:227) ~[spring-security-web-6.1.4.jar:6.1.4]
	at org.springframework.security.web.ObservationFilterChainDecorator$VirtualFilterChain.doFilter(ObservationFilterChainDecorator.java:137) ~[spring-security-web-6.1.4.jar:6.1.4]
	at org.springframework.security.web.session.SessionManagementFilter.doFilter(SessionManagementFilter.java:131) ~[spring-security-web-6.1.4.jar:6.1.4]
	at org.springframework.security.web.session.SessionManagementFilter.doFilter(SessionManagementFilter.java:85) ~[spring-security-web-6.1.4.jar:6.1.4]
	at org.springframework.security.web.ObservationFilterChainDecorator$ObservationFilter.wrapFilter(ObservationFilterChainDecorator.java:240) ~[spring-security-web-6.1.4.jar:6.1.4]
	at org.springframework.security.web.ObservationFilterChainDecorator$ObservationFilter.doFilter(ObservationFilterChainDecorator.java:227) ~[spring-security-web-6.1.4.jar:6.1.4]
	at org.springframework.security.web.ObservationFilterChainDecorator$VirtualFilterChain.doFilter(ObservationFilterChainDecorator.java:137) ~[spring-security-web-6.1.4.jar:6.1.4]
	at org.springframework.security.web.authentication.AnonymousAuthenticationFilter.doFilter(AnonymousAuthenticationFilter.java:100) ~[spring-security-web-6.1.4.jar:6.1.4]
	at org.springframework.security.web.ObservationFilterChainDecorator$ObservationFilter.wrapFilter(ObservationFilterChainDecorator.java:240) ~[spring-security-web-6.1.4.jar:6.1.4]
	at org.springframework.security.web.ObservationFilterChainDecorator$ObservationFilter.doFilter(ObservationFilterChainDecorator.java:227) ~[spring-security-web-6.1.4.jar:6.1.4]
	at org.springframework.security.web.ObservationFilterChainDecorator$VirtualFilterChain.doFilter(ObservationFilterChainDecorator.java:137) ~[spring-security-web-6.1.4.jar:6.1.4]
	at org.springframework.security.web.authentication.rememberme.RememberMeAuthenticationFilter.doFilter(RememberMeAuthenticationFilter.java:110) ~[spring-security-web-6.1.4.jar:6.1.4]
	at org.springframework.security.web.authentication.rememberme.RememberMeAuthenticationFilter.doFilter(RememberMeAuthenticationFilter.java:101) ~[spring-security-web-6.1.4.jar:6.1.4]
	at org.springframework.security.web.ObservationFilterChainDecorator$ObservationFilter.wrapFilter(ObservationFilterChainDecorator.java:240) ~[spring-security-web-6.1.4.jar:6.1.4]
	at org.springframework.security.web.ObservationFilterChainDecorator$ObservationFilter.doFilter(ObservationFilterChainDecorator.java:227) ~[spring-security-web-6.1.4.jar:6.1.4]
	at org.springframework.security.web.ObservationFilterChainDecorator$VirtualFilterChain.doFilter(ObservationFilterChainDecorator.java:137) ~[spring-security-web-6.1.4.jar:6.1.4]
	at org.springframework.security.web.servletapi.SecurityContextHolderAwareRequestFilter.doFilter(SecurityContextHolderAwareRequestFilter.java:179) ~[spring-security-web-6.1.4.jar:6.1.4]
	at org.springframework.security.web.ObservationFilterChainDecorator$ObservationFilter.wrapFilter(ObservationFilterChainDecorator.java:240) ~[spring-security-web-6.1.4.jar:6.1.4]
	at org.springframework.security.web.ObservationFilterChainDecorator$ObservationFilter.doFilter(ObservationFilterChainDecorator.java:227) ~[spring-security-web-6.1.4.jar:6.1.4]
	at org.springframework.security.web.ObservationFilterChainDecorator$VirtualFilterChain.doFilter(ObservationFilterChainDecorator.java:137) ~[spring-security-web-6.1.4.jar:6.1.4]
	at org.springframework.security.web.savedrequest.RequestCacheAwareFilter.doFilter(RequestCacheAwareFilter.java:63) ~[spring-security-web-6.1.4.jar:6.1.4]
	at org.springframework.security.web.ObservationFilterChainDecorator$ObservationFilter.wrapFilter(ObservationFilterChainDecorator.java:240) ~[spring-security-web-6.1.4.jar:6.1.4]
	at org.springframework.security.web.ObservationFilterChainDecorator$ObservationFilter.doFilter(ObservationFilterChainDecorator.java:227) ~[spring-security-web-6.1.4.jar:6.1.4]
	at org.springframework.security.web.ObservationFilterChainDecorator$VirtualFilterChain.doFilter(ObservationFilterChainDecorator.java:137) ~[spring-security-web-6.1.4.jar:6.1.4]
	at org.springframework.security.web.session.ConcurrentSessionFilter.doFilter(ConcurrentSessionFilter.java:151) ~[spring-security-web-6.1.4.jar:6.1.4]
	at org.springframework.security.web.session.ConcurrentSessionFilter.doFilter(ConcurrentSessionFilter.java:129) ~[spring-security-web-6.1.4.jar:6.1.4]
	at org.springframework.security.web.ObservationFilterChainDecorator$ObservationFilter.wrapFilter(ObservationFilterChainDecorator.java:240) ~[spring-security-web-6.1.4.jar:6.1.4]
	at org.springframework.security.web.ObservationFilterChainDecorator$ObservationFilter.doFilter(ObservationFilterChainDecorator.java:227) ~[spring-security-web-6.1.4.jar:6.1.4]
	at org.springframework.security.web.ObservationFilterChainDecorator$VirtualFilterChain.doFilter(ObservationFilterChainDecorator.java:137) ~[spring-security-web-6.1.4.jar:6.1.4]
	at org.springframework.security.web.authentication.AbstractAuthenticationProcessingFilter.doFilter(AbstractAuthenticationProcessingFilter.java:227) ~[spring-security-web-6.1.4.jar:6.1.4]
	at org.springframework.security.web.authentication.AbstractAuthenticationProcessingFilter.doFilter(AbstractAuthenticationProcessingFilter.java:221) ~[spring-security-web-6.1.4.jar:6.1.4]
	at org.springframework.security.web.ObservationFilterChainDecorator$ObservationFilter.wrapFilter(ObservationFilterChainDecorator.java:240) ~[spring-security-web-6.1.4.jar:6.1.4]
	at org.springframework.security.web.ObservationFilterChainDecorator$ObservationFilter.doFilter(ObservationFilterChainDecorator.java:227) ~[spring-security-web-6.1.4.jar:6.1.4]
	at org.springframework.security.web.ObservationFilterChainDecorator$VirtualFilterChain.doFilter(ObservationFilterChainDecorator.java:137) ~[spring-security-web-6.1.4.jar:6.1.4]
	at com.onlineStoreCom.security.tenant.TenantContextFilter.doFilterInternal(TenantContextFilter.java:185) ~[classes/:na]
	at org.springframework.web.filter.OncePerRequestFilter.doFilter(OncePerRequestFilter.java:116) ~[spring-web-6.0.12.jar:6.0.12]
	at org.springframework.security.web.ObservationFilterChainDecorator$ObservationFilter.wrapFilter(ObservationFilterChainDecorator.java:240) ~[spring-security-web-6.1.4.jar:6.1.4]
	at org.springframework.security.web.ObservationFilterChainDecorator$ObservationFilter.doFilter(ObservationFilterChainDecorator.java:227) ~[spring-security-web-6.1.4.jar:6.1.4]
	at org.springframework.security.web.ObservationFilterChainDecorator$VirtualFilterChain.doFilter(ObservationFilterChainDecorator.java:137) ~[spring-security-web-6.1.4.jar:6.1.4]
	at com.onlineStore.admin.security.TenantAccessValidationFilter.doFilterInternal(TenantAccessValidationFilter.java:121) ~[classes/:na]
	at org.springframework.web.filter.OncePerRequestFilter.doFilter(OncePerRequestFilter.java:116) ~[spring-web-6.0.12.jar:6.0.12]
	at org.springframework.security.web.ObservationFilterChainDecorator$ObservationFilter.wrapFilter(ObservationFilterChainDecorator.java:240) ~[spring-security-web-6.1.4.jar:6.1.4]
	at org.springframework.security.web.ObservationFilterChainDecorator$ObservationFilter.doFilter(ObservationFilterChainDecorator.java:227) ~[spring-security-web-6.1.4.jar:6.1.4]
	at org.springframework.security.web.ObservationFilterChainDecorator$VirtualFilterChain.doFilter(ObservationFilterChainDecorator.java:137) ~[spring-security-web-6.1.4.jar:6.1.4]
	at org.springframework.security.web.authentication.logout.LogoutFilter.doFilter(LogoutFilter.java:107) ~[spring-security-web-6.1.4.jar:6.1.4]
	at org.springframework.security.web.authentication.logout.LogoutFilter.doFilter(LogoutFilter.java:93) ~[spring-security-web-6.1.4.jar:6.1.4]
	at org.springframework.security.web.ObservationFilterChainDecorator$ObservationFilter.wrapFilter(ObservationFilterChainDecorator.java:240) ~[spring-security-web-6.1.4.jar:6.1.4]
	at org.springframework.security.web.ObservationFilterChainDecorator$ObservationFilter.doFilter(ObservationFilterChainDecorator.java:227) ~[spring-security-web-6.1.4.jar:6.1.4]
	at org.springframework.security.web.ObservationFilterChainDecorator$VirtualFilterChain.doFilter(ObservationFilterChainDecorator.java:137) ~[spring-security-web-6.1.4.jar:6.1.4]
	at org.springframework.security.web.csrf.CsrfFilter.doFilterInternal(CsrfFilter.java:117) ~[spring-security-web-6.1.4.jar:6.1.4]
	at org.springframework.web.filter.OncePerRequestFilter.doFilter(OncePerRequestFilter.java:116) ~[spring-web-6.0.12.jar:6.0.12]
	at org.springframework.security.web.ObservationFilterChainDecorator$ObservationFilter.wrapFilter(ObservationFilterChainDecorator.java:240) ~[spring-security-web-6.1.4.jar:6.1.4]
	at org.springframework.security.web.ObservationFilterChainDecorator$ObservationFilter.doFilter(ObservationFilterChainDecorator.java:227) ~[spring-security-web-6.1.4.jar:6.1.4]
	at org.springframework.security.web.ObservationFilterChainDecorator$VirtualFilterChain.doFilter(ObservationFilterChainDecorator.java:137) ~[spring-security-web-6.1.4.jar:6.1.4]
	at org.springframework.security.web.header.HeaderWriterFilter.doHeadersAfter(HeaderWriterFilter.java:90) ~[spring-security-web-6.1.4.jar:6.1.4]
	at org.springframework.security.web.header.HeaderWriterFilter.doFilterInternal(HeaderWriterFilter.java:75) ~[spring-security-web-6.1.4.jar:6.1.4]
	at org.springframework.web.filter.OncePerRequestFilter.doFilter(OncePerRequestFilter.java:116) ~[spring-web-6.0.12.jar:6.0.12]
	at org.springframework.security.web.ObservationFilterChainDecorator$ObservationFilter.wrapFilter(ObservationFilterChainDecorator.java:240) ~[spring-security-web-6.1.4.jar:6.1.4]
	at org.springframework.security.web.ObservationFilterChainDecorator$ObservationFilter.doFilter(ObservationFilterChainDecorator.java:227) ~[spring-security-web-6.1.4.jar:6.1.4]
	at org.springframework.security.web.ObservationFilterChainDecorator$VirtualFilterChain.doFilter(ObservationFilterChainDecorator.java:137) ~[spring-security-web-6.1.4.jar:6.1.4]
	at org.springframework.security.web.context.SecurityContextHolderFilter.doFilter(SecurityContextHolderFilter.java:82) ~[spring-security-web-6.1.4.jar:6.1.4]
	at org.springframework.security.web.context.SecurityContextHolderFilter.doFilter(SecurityContextHolderFilter.java:69) ~[spring-security-web-6.1.4.jar:6.1.4]
	at org.springframework.security.web.ObservationFilterChainDecorator$ObservationFilter.wrapFilter(ObservationFilterChainDecorator.java:240) ~[spring-security-web-6.1.4.jar:6.1.4]
	at org.springframework.security.web.ObservationFilterChainDecorator$ObservationFilter.doFilter(ObservationFilterChainDecorator.java:227) ~[spring-security-web-6.1.4.jar:6.1.4]
	at org.springframework.security.web.ObservationFilterChainDecorator$VirtualFilterChain.doFilter(ObservationFilterChainDecorator.java:137) ~[spring-security-web-6.1.4.jar:6.1.4]
	at org.springframework.security.web.context.request.async.WebAsyncManagerIntegrationFilter.doFilterInternal(WebAsyncManagerIntegrationFilter.java:62) ~[spring-security-web-6.1.4.jar:6.1.4]
	at org.springframework.web.filter.OncePerRequestFilter.doFilter(OncePerRequestFilter.java:116) ~[spring-web-6.0.12.jar:6.0.12]
	at org.springframework.security.web.ObservationFilterChainDecorator$ObservationFilter.wrapFilter(ObservationFilterChainDecorator.java:240) ~[spring-security-web-6.1.4.jar:6.1.4]
	at org.springframework.security.web.ObservationFilterChainDecorator$ObservationFilter.doFilter(ObservationFilterChainDecorator.java:227) ~[spring-security-web-6.1.4.jar:6.1.4]
	at org.springframework.security.web.ObservationFilterChainDecorator$VirtualFilterChain.doFilter(ObservationFilterChainDecorator.java:137) ~[spring-security-web-6.1.4.jar:6.1.4]
	at org.springframework.security.web.session.DisableEncodeUrlFilter.doFilterInternal(DisableEncodeUrlFilter.java:42) ~[spring-security-web-6.1.4.jar:6.1.4]
	at org.springframework.web.filter.OncePerRequestFilter.doFilter(OncePerRequestFilter.java:116) ~[spring-web-6.0.12.jar:6.0.12]
	at org.springframework.security.web.ObservationFilterChainDecorator$ObservationFilter.wrapFilter(ObservationFilterChainDecorator.java:240) ~[spring-security-web-6.1.4.jar:6.1.4]
	at org.springframework.security.web.ObservationFilterChainDecorator$AroundFilterObservation$SimpleAroundFilterObservation.lambda$wrap$0(ObservationFilterChainDecorator.java:323) ~[spring-security-web-6.1.4.jar:6.1.4]
	at org.springframework.security.web.ObservationFilterChainDecorator$ObservationFilter.doFilter(ObservationFilterChainDecorator.java:224) ~[spring-security-web-6.1.4.jar:6.1.4]
	at org.springframework.security.web.ObservationFilterChainDecorator$VirtualFilterChain.doFilter(ObservationFilterChainDecorator.java:137) ~[spring-security-web-6.1.4.jar:6.1.4]
	at org.springframework.security.web.FilterChainProxy.doFilterInternal(FilterChainProxy.java:233) ~[spring-security-web-6.1.4.jar:6.1.4]
	at org.springframework.security.web.FilterChainProxy.doFilter(FilterChainProxy.java:191) ~[spring-security-web-6.1.4.jar:6.1.4]
	at org.springframework.web.filter.DelegatingFilterProxy.invokeDelegate(DelegatingFilterProxy.java:352) ~[spring-web-6.0.12.jar:6.0.12]
	at org.springframework.web.filter.DelegatingFilterProxy.doFilter(DelegatingFilterProxy.java:268) ~[spring-web-6.0.12.jar:6.0.12]
	at org.apache.catalina.core.ApplicationFilterChain.internalDoFilter(ApplicationFilterChain.java:174) ~[tomcat-embed-core-10.1.13.jar:10.1.13]
	at org.apache.catalina.core.ApplicationFilterChain.doFilter(ApplicationFilterChain.java:149) ~[tomcat-embed-core-10.1.13.jar:10.1.13]
	at org.springframework.web.filter.RequestContextFilter.doFilterInternal(RequestContextFilter.java:100) ~[spring-web-6.0.12.jar:6.0.12]
	at org.springframework.web.filter.OncePerRequestFilter.doFilter(OncePerRequestFilter.java:116) ~[spring-web-6.0.12.jar:6.0.12]
	at org.apache.catalina.core.ApplicationFilterChain.internalDoFilter(ApplicationFilterChain.java:174) ~[tomcat-embed-core-10.1.13.jar:10.1.13]
	at org.apache.catalina.core.ApplicationFilterChain.doFilter(ApplicationFilterChain.java:149) ~[tomcat-embed-core-10.1.13.jar:10.1.13]
	at org.springframework.web.filter.FormContentFilter.doFilterInternal(FormContentFilter.java:93) ~[spring-web-6.0.12.jar:6.0.12]
	at org.springframework.web.filter.OncePerRequestFilter.doFilter(OncePerRequestFilter.java:116) ~[spring-web-6.0.12.jar:6.0.12]
	at org.apache.catalina.core.ApplicationFilterChain.internalDoFilter(ApplicationFilterChain.java:174) ~[tomcat-embed-core-10.1.13.jar:10.1.13]
	at org.apache.catalina.core.ApplicationFilterChain.doFilter(ApplicationFilterChain.java:149) ~[tomcat-embed-core-10.1.13.jar:10.1.13]
	at org.springframework.web.filter.ServerHttpObservationFilter.doFilterInternal(ServerHttpObservationFilter.java:109) ~[spring-web-6.0.12.jar:6.0.12]
	at org.springframework.web.filter.OncePerRequestFilter.doFilter(OncePerRequestFilter.java:116) ~[spring-web-6.0.12.jar:6.0.12]
	at org.apache.catalina.core.ApplicationFilterChain.internalDoFilter(ApplicationFilterChain.java:174) ~[tomcat-embed-core-10.1.13.jar:10.1.13]
	at org.apache.catalina.core.ApplicationFilterChain.doFilter(ApplicationFilterChain.java:149) ~[tomcat-embed-core-10.1.13.jar:10.1.13]
	at org.springframework.web.filter.CharacterEncodingFilter.doFilterInternal(CharacterEncodingFilter.java:201) ~[spring-web-6.0.12.jar:6.0.12]
	at org.springframework.web.filter.OncePerRequestFilter.doFilter(OncePerRequestFilter.java:116) ~[spring-web-6.0.12.jar:6.0.12]
	at org.apache.catalina.core.ApplicationFilterChain.internalDoFilter(ApplicationFilterChain.java:174) ~[tomcat-embed-core-10.1.13.jar:10.1.13]
	at org.apache.catalina.core.ApplicationFilterChain.doFilter(ApplicationFilterChain.java:149) ~[tomcat-embed-core-10.1.13.jar:10.1.13]
	at org.apache.catalina.core.StandardWrapperValve.invoke(StandardWrapperValve.java:167) ~[tomcat-embed-core-10.1.13.jar:10.1.13]
	at org.apache.catalina.core.StandardContextValve.invoke(StandardContextValve.java:90) ~[tomcat-embed-core-10.1.13.jar:10.1.13]
	at org.apache.catalina.authenticator.AuthenticatorBase.invoke(AuthenticatorBase.java:482) ~[tomcat-embed-core-10.1.13.jar:10.1.13]
	at org.apache.catalina.core.StandardHostValve.invoke(StandardHostValve.java:115) ~[tomcat-embed-core-10.1.13.jar:10.1.13]
	at org.apache.catalina.valves.ErrorReportValve.invoke(ErrorReportValve.java:93) ~[tomcat-embed-core-10.1.13.jar:10.1.13]
	at org.apache.catalina.core.StandardEngineValve.invoke(StandardEngineValve.java:74) ~[tomcat-embed-core-10.1.13.jar:10.1.13]
	at org.apache.catalina.connector.CoyoteAdapter.service(CoyoteAdapter.java:341) ~[tomcat-embed-core-10.1.13.jar:10.1.13]
	at org.apache.coyote.http11.Http11Processor.service(Http11Processor.java:391) ~[tomcat-embed-core-10.1.13.jar:10.1.13]
	at org.apache.coyote.AbstractProcessorLight.process(AbstractProcessorLight.java:63) ~[tomcat-embed-core-10.1.13.jar:10.1.13]
	at org.apache.coyote.AbstractProtocol$ConnectionHandler.process(AbstractProtocol.java:894) ~[tomcat-embed-core-10.1.13.jar:10.1.13]
	at org.apache.tomcat.util.net.NioEndpoint$SocketProcessor.doRun(NioEndpoint.java:1740) ~[tomcat-embed-core-10.1.13.jar:10.1.13]
	at org.apache.tomcat.util.net.SocketProcessorBase.run(SocketProcessorBase.java:52) ~[tomcat-embed-core-10.1.13.jar:10.1.13]
	at org.apache.tomcat.util.threads.ThreadPoolExecutor.runWorker(ThreadPoolExecutor.java:1191) ~[tomcat-embed-core-10.1.13.jar:10.1.13]
	at org.apache.tomcat.util.threads.ThreadPoolExecutor$Worker.run(ThreadPoolExecutor.java:659) ~[tomcat-embed-core-10.1.13.jar:10.1.13]
	at org.apache.tomcat.util.threads.TaskThread$WrappingRunnable.run(TaskThread.java:61) ~[tomcat-embed-core-10.1.13.jar:10.1.13]
	at java.base/java.lang.Thread.run(Thread.java:1589) ~[na:na]
Caused by: org.thymeleaf.exceptions.TemplateInputException: An error happened during template parsing (template: "class path resource [templates/products/new-products-form.html]")
	at org.thymeleaf.templateparser.markup.AbstractMarkupTemplateParser.parse(AbstractMarkupTemplateParser.java:241) ~[thymeleaf-3.1.2.RELEASE.jar:3.1.2.RELEASE]
	at org.thymeleaf.templateparser.markup.AbstractMarkupTemplateParser.parseStandalone(AbstractMarkupTemplateParser.java:100) ~[thymeleaf-3.1.2.RELEASE.jar:3.1.2.RELEASE]
	at org.thymeleaf.engine.TemplateManager.parseAndProcess(TemplateManager.java:666) ~[thymeleaf-3.1.2.RELEASE.jar:3.1.2.RELEASE]
	at org.thymeleaf.TemplateEngine.process(TemplateEngine.java:1103) ~[thymeleaf-3.1.2.RELEASE.jar:3.1.2.RELEASE]
	at org.thymeleaf.TemplateEngine.process(TemplateEngine.java:1077) ~[thymeleaf-3.1.2.RELEASE.jar:3.1.2.RELEASE]
	at org.thymeleaf.spring6.view.ThymeleafView.renderFragment(ThymeleafView.java:372) ~[thymeleaf-spring6-3.1.2.RELEASE.jar:3.1.2.RELEASE]
	at org.thymeleaf.spring6.view.ThymeleafView.render(ThymeleafView.java:192) ~[thymeleaf-spring6-3.1.2.RELEASE.jar:3.1.2.RELEASE]
	at org.springframework.web.servlet.DispatcherServlet.render(DispatcherServlet.java:1415) ~[spring-webmvc-6.0.12.jar:6.0.12]
	at org.springframework.web.servlet.DispatcherServlet.processDispatchResult(DispatcherServlet.java:1159) ~[spring-webmvc-6.0.12.jar:6.0.12]
	at org.springframework.web.servlet.DispatcherServlet.doDispatch(DispatcherServlet.java:1098) ~[spring-webmvc-6.0.12.jar:6.0.12]
	at org.springframework.web.servlet.DispatcherServlet.doService(DispatcherServlet.java:974) ~[spring-webmvc-6.0.12.jar:6.0.12]
	at org.springframework.web.servlet.FrameworkServlet.processRequest(FrameworkServlet.java:1011) ~[spring-webmvc-6.0.12.jar:6.0.12]
	... 141 common frames omitted
Caused by: org.attoparser.ParseException: Error during execution of processor 'org.thymeleaf.spring6.processor.SpringInputCheckboxFieldTagProcessor' (template: "products/new-products-form" - line 48, col 112)
	at org.attoparser.MarkupParser.parseDocument(MarkupParser.java:393) ~[attoparser-2.0.7.RELEASE.jar:2.0.7.RELEASE]
	at org.attoparser.MarkupParser.parse(MarkupParser.java:257) ~[attoparser-2.0.7.RELEASE.jar:2.0.7.RELEASE]
	at org.thymeleaf.templateparser.markup.AbstractMarkupTemplateParser.parse(AbstractMarkupTemplateParser.java:230) ~[thymeleaf-3.1.2.RELEASE.jar:3.1.2.RELEASE]
	... 152 common frames omitted
Caused by: org.thymeleaf.exceptions.TemplateProcessingException: Error during execution of processor 'org.thymeleaf.spring6.processor.SpringInputCheckboxFieldTagProcessor' (template: "products/new-products-form" - line 48, col 112)
	at org.thymeleaf.processor.element.AbstractAttributeTagProcessor.doProcess(AbstractAttributeTagProcessor.java:117) ~[thymeleaf-3.1.2.RELEASE.jar:3.1.2.RELEASE]
	at org.thymeleaf.processor.element.AbstractElementTagProcessor.process(AbstractElementTagProcessor.java:95) ~[thymeleaf-3.1.2.RELEASE.jar:3.1.2.RELEASE]
	at org.thymeleaf.util.ProcessorConfigurationUtils$ElementTagProcessorWrapper.process(ProcessorConfigurationUtils.java:633) ~[thymeleaf-3.1.2.RELEASE.jar:3.1.2.RELEASE]
	at org.thymeleaf.engine.ProcessorTemplateHandler.handleStandaloneElement(ProcessorTemplateHandler.java:918) ~[thymeleaf-3.1.2.RELEASE.jar:3.1.2.RELEASE]
	at org.thymeleaf.engine.TemplateHandlerAdapterMarkupHandler.handleStandaloneElementEnd(TemplateHandlerAdapterMarkupHandler.java:260) ~[thymeleaf-3.1.2.RELEASE.jar:3.1.2.RELEASE]
	at org.thymeleaf.templateparser.markup.InlinedOutputExpressionMarkupHandler$InlineMarkupAdapterPreProcessorHandler.handleStandaloneElementEnd(InlinedOutputExpressionMarkupHandler.java:256) ~[thymeleaf-3.1.2.RELEASE.jar:3.1.2.RELEASE]
	at org.thymeleaf.standard.inline.OutputExpressionInlinePreProcessorHandler.handleStandaloneElementEnd(OutputExpressionInlinePreProcessorHandler.java:169) ~[thymeleaf-3.1.2.RELEASE.jar:3.1.2.RELEASE]
	at org.thymeleaf.templateparser.markup.InlinedOutputExpressionMarkupHandler.handleStandaloneElementEnd(InlinedOutputExpressionMarkupHandler.java:104) ~[thymeleaf-3.1.2.RELEASE.jar:3.1.2.RELEASE]
	at org.attoparser.HtmlVoidElement.handleOpenElementEnd(HtmlVoidElement.java:92) ~[attoparser-2.0.7.RELEASE.jar:2.0.7.RELEASE]
	at org.attoparser.HtmlMarkupHandler.handleOpenElementEnd(HtmlMarkupHandler.java:297) ~[attoparser-2.0.7.RELEASE.jar:2.0.7.RELEASE]
	at org.attoparser.MarkupEventProcessorHandler.handleOpenElementEnd(MarkupEventProcessorHandler.java:402) ~[attoparser-2.0.7.RELEASE.jar:2.0.7.RELEASE]
	at org.attoparser.ParsingElementMarkupUtil.parseOpenElement(ParsingElementMarkupUtil.java:159) ~[attoparser-2.0.7.RELEASE.jar:2.0.7.RELEASE]
	at org.attoparser.MarkupParser.parseBuffer(MarkupParser.java:710) ~[attoparser-2.0.7.RELEASE.jar:2.0.7.RELEASE]
	at org.attoparser.MarkupParser.parseDocument(MarkupParser.java:301) ~[attoparser-2.0.7.RELEASE.jar:2.0.7.RELEASE]
	... 154 common frames omitted
Caused by: org.springframework.beans.NotReadablePropertyException: Invalid property 'hasDescription' of bean class [com.onlineStoreCom.entity.product.Product]: Bean property 'hasDescription' is not readable or has an invalid getter method: Does the return type of the getter match the parameter type of the setter?
	at org.springframework.beans.AbstractNestablePropertyAccessor.getPropertyValue(AbstractNestablePropertyAccessor.java:626) ~[spring-beans-6.0.12.jar:6.0.12]
	at org.springframework.beans.AbstractNestablePropertyAccessor.getPropertyValue(AbstractNestablePropertyAccessor.java:616) ~[spring-beans-6.0.12.jar:6.0.12]
	at org.springframework.validation.AbstractPropertyBindingResult.getActualFieldValue(AbstractPropertyBindingResult.java:104) ~[spring-context-6.0.12.jar:6.0.12]
	at org.springframework.validation.AbstractBindingResult.getFieldValue(AbstractBindingResult.java:225) ~[spring-context-6.0.12.jar:6.0.12]
	at org.springframework.web.servlet.support.BindStatus.<init>(BindStatus.java:129) ~[spring-webmvc-6.0.12.jar:6.0.12]
	at org.springframework.web.servlet.support.RequestContext.getBindStatus(RequestContext.java:926) ~[spring-webmvc-6.0.12.jar:6.0.12]
	at org.thymeleaf.spring6.context.webmvc.SpringWebMvcThymeleafRequestContext.getBindStatus(SpringWebMvcThymeleafRequestContext.java:232) ~[thymeleaf-spring6-3.1.2.RELEASE.jar:3.1.2.RELEASE]
	at org.thymeleaf.spring6.util.FieldUtils.getBindStatusFromParsedExpression(FieldUtils.java:306) ~[thymeleaf-spring6-3.1.2.RELEASE.jar:3.1.2.RELEASE]
	at org.thymeleaf.spring6.util.FieldUtils.getBindStatus(FieldUtils.java:253) ~[thymeleaf-spring6-3.1.2.RELEASE.jar:3.1.2.RELEASE]
	at org.thymeleaf.spring6.util.FieldUtils.getBindStatus(FieldUtils.java:227) ~[thymeleaf-spring6-3.1.2.RELEASE.jar:3.1.2.RELEASE]
	at org.thymeleaf.spring6.processor.AbstractSpringFieldTagProcessor.doProcess(AbstractSpringFieldTagProcessor.java:174) ~[thymeleaf-spring6-3.1.2.RELEASE.jar:3.1.2.RELEASE]
	at org.thymeleaf.processor.element.AbstractAttributeTagProcessor.doProcess(AbstractAttributeTagProcessor.java:74) ~[thymeleaf-3.1.2.RELEASE.jar:3.1.2.RELEASE]
	... 167 common frames omitted

2026-01-25T00:53:12.620+02:00 DEBUG 31212 --- [http-nio-744-exec-4] c.o.a.s.tenant.TenantFilterAspect        : ⚠️ [TenantFilterAspect] Service execution without TenantID
2026-01-25T00:53:12.623+02:00 DEBUG 31212 --- [http-nio-744-exec-4] org.hibernate.SQL                        : select u1_0.id,u1_0.email,u1_0.enabled,u1_0.first_name,u1_0.last_login_time,u1_0.last_name,u1_0.password,u1_0.photos,u1_0.tenant_id,u1_0.user_bio from `'user'` u1_0 where u1_0.email=?
2026-01-25T00:53:12.624+02:00 DEBUG 31212 --- [http-nio-744-exec-4] org.hibernate.SQL                        : select r1_0.user_id,r1_1.id,r1_1.all_parent_ids,r1_1.descrption,r1_1.name,r1_1.parent_id,p2_0.role_id,p2_0.id,p2_0.permission,p2_0.scope from user_roles r1_0 join role r1_1 on r1_1.id=r1_0.role_id left join role_permissions p2_0 on r1_1.id=p2_0.role_id where r1_0.user_id=?
2026-01-25T00:53:12.628+02:00 DEBUG 31212 --- [http-nio-744-exec-4] org.hibernate.SQL                        : select t1_0.user_id,t1_0.id,t1_0.tenant_id from user_tenants t1_0 where t1_0.user_id=?
2026-01-25T00:53:12.632+02:00 DEBUG 31212 --- [http-nio-744-exec-4] c.o.a.s.tenant.TenantFilterAspect        : ⚠️ [TenantFilterAspect] Service execution without TenantID
2026-01-25T00:53:12.633+02:00 DEBUG 31212 --- [http-nio-744-exec-4] org.hibernate.SQL                        : select b1_0.id,b1_0.name from brands b1_0 order by b1_0.name
2026-01-25T00:53:12.637+02:00 DEBUG 31212 --- [http-nio-744-exec-4] c.o.a.s.tenant.TenantFilterAspect        : ⚠️ [TenantFilterAspect] Service execution without TenantID
2026-01-25T00:53:12.640+02:00 DEBUG 31212 --- [http-nio-744-exec-4] org.hibernate.SQL                        : select c1_0.id,c1_0.alias,c1_0.all_parent_ids,c1_0.enabled,c1_0.image,c1_0.level,c1_0.name,c1_0.parent_id,c1_0.tenant_id from categories c1_0 order by c1_0.name
2026-01-25T00:53:12.644+02:00 DEBUG 31212 --- [http-nio-744-exec-4] org.hibernate.SQL                        : select c1_0.parent_id,c1_0.id,c1_0.alias,c1_0.all_parent_ids,c1_0.enabled,c1_0.image,c1_0.level,c1_0.name,c1_0.tenant_id from categories c1_0 where c1_0.parent_id=? order by c1_0.name
2026-01-25T00:53:12.645+02:00 DEBUG 31212 --- [http-nio-744-exec-4] org.hibernate.SQL                        : select c1_0.parent_id,c1_0.id,c1_0.alias,c1_0.all_parent_ids,c1_0.enabled,c1_0.image,c1_0.level,c1_0.name,c1_0.tenant_id from categories c1_0 where c1_0.parent_id=? order by c1_0.name
2026-01-25T00:53:12.647+02:00 DEBUG 31212 --- [http-nio-744-exec-4] org.hibernate.SQL                        : select c1_0.parent_id,c1_0.id,c1_0.alias,c1_0.all_parent_ids,c1_0.enabled,c1_0.image,c1_0.level,c1_0.name,c1_0.tenant_id from categories c1_0 where c1_0.parent_id=? order by c1_0.name
2026-01-25T00:53:12.649+02:00 DEBUG 31212 --- [http-nio-744-exec-4] org.hibernate.SQL                        : select c1_0.parent_id,c1_0.id,c1_0.alias,c1_0.all_parent_ids,c1_0.enabled,c1_0.image,c1_0.level,c1_0.name,c1_0.tenant_id from categories c1_0 where c1_0.parent_id=? order by c1_0.name
2026-01-25T00:53:12.652+02:00 DEBUG 31212 --- [http-nio-744-exec-4] org.hibernate.SQL                        : select c1_0.parent_id,c1_0.id,c1_0.alias,c1_0.all_parent_ids,c1_0.enabled,c1_0.image,c1_0.level,c1_0.name,c1_0.tenant_id from categories c1_0 where c1_0.parent_id=? order by c1_0.name
2026-01-25T00:53:12.654+02:00 DEBUG 31212 --- [http-nio-744-exec-4] org.hibernate.SQL                        : select c1_0.parent_id,c1_0.id,c1_0.alias,c1_0.all_parent_ids,c1_0.enabled,c1_0.image,c1_0.level,c1_0.name,c1_0.tenant_id from categories c1_0 where c1_0.parent_id=? order by c1_0.name
2026-01-25T00:53:12.655+02:00 DEBUG 31212 --- [http-nio-744-exec-4] org.hibernate.SQL                        : select c1_0.parent_id,c1_0.id,c1_0.alias,c1_0.all_parent_ids,c1_0.enabled,c1_0.image,c1_0.level,c1_0.name,c1_0.tenant_id from categories c1_0 where c1_0.parent_id=? order by c1_0.name
2026-01-25T00:53:12.657+02:00 DEBUG 31212 --- [http-nio-744-exec-4] org.hibernate.SQL                        : select c1_0.parent_id,c1_0.id,c1_0.alias,c1_0.all_parent_ids,c1_0.enabled,c1_0.image,c1_0.level,c1_0.name,c1_0.tenant_id from categories c1_0 where c1_0.parent_id=? order by c1_0.name
2026-01-25T00:53:12.658+02:00 DEBUG 31212 --- [http-nio-744-exec-4] org.hibernate.SQL                        : select c1_0.parent_id,c1_0.id,c1_0.alias,c1_0.all_parent_ids,c1_0.enabled,c1_0.image,c1_0.level,c1_0.name,c1_0.tenant_id from categories c1_0 where c1_0.parent_id=? order by c1_0.name
2026-01-25T00:53:12.659+02:00 DEBUG 31212 --- [http-nio-744-exec-4] org.hibernate.SQL                        : select c1_0.parent_id,c1_0.id,c1_0.alias,c1_0.all_parent_ids,c1_0.enabled,c1_0.image,c1_0.level,c1_0.name,c1_0.tenant_id from categories c1_0 where c1_0.parent_id=? order by c1_0.name
2026-01-25T00:53:12.660+02:00 DEBUG 31212 --- [http-nio-744-exec-4] org.hibernate.SQL                        : select c1_0.parent_id,c1_0.id,c1_0.alias,c1_0.all_parent_ids,c1_0.enabled,c1_0.image,c1_0.level,c1_0.name,c1_0.tenant_id from categories c1_0 where c1_0.parent_id=? order by c1_0.name
2026-01-25T00:53:12.661+02:00 DEBUG 31212 --- [http-nio-744-exec-4] org.hibernate.SQL                        : select c1_0.parent_id,c1_0.id,c1_0.alias,c1_0.all_parent_ids,c1_0.enabled,c1_0.image,c1_0.level,c1_0.name,c1_0.tenant_id from categories c1_0 where c1_0.parent_id=? order by c1_0.name
2026-01-25T00:53:12.663+02:00 DEBUG 31212 --- [http-nio-744-exec-4] org.hibernate.SQL                        : select c1_0.parent_id,c1_0.id,c1_0.alias,c1_0.all_parent_ids,c1_0.enabled,c1_0.image,c1_0.level,c1_0.name,c1_0.tenant_id from categories c1_0 where c1_0.parent_id=? order by c1_0.name
2026-01-25T00:53:12.664+02:00 DEBUG 31212 --- [http-nio-744-exec-4] org.hibernate.SQL                        : select c1_0.parent_id,c1_0.id,c1_0.alias,c1_0.all_parent_ids,c1_0.enabled,c1_0.image,c1_0.level,c1_0.name,c1_0.tenant_id from categories c1_0 where c1_0.parent_id=? order by c1_0.name
2026-01-25T00:53:12.667+02:00 DEBUG 31212 --- [http-nio-744-exec-4] org.hibernate.SQL                        : select c1_0.parent_id,c1_0.id,c1_0.alias,c1_0.all_parent_ids,c1_0.enabled,c1_0.image,c1_0.level,c1_0.name,c1_0.tenant_id from categories c1_0 where c1_0.parent_id=? order by c1_0.name
2026-01-25T00:53:12.669+02:00 DEBUG 31212 --- [http-nio-744-exec-4] org.hibernate.SQL                        : select c1_0.parent_id,c1_0.id,c1_0.alias,c1_0.all_parent_ids,c1_0.enabled,c1_0.image,c1_0.level,c1_0.name,c1_0.tenant_id from categories c1_0 where c1_0.parent_id=? order by c1_0.name
2026-01-25T00:53:12.670+02:00 DEBUG 31212 --- [http-nio-744-exec-4] org.hibernate.SQL                        : select c1_0.parent_id,c1_0.id,c1_0.alias,c1_0.all_parent_ids,c1_0.enabled,c1_0.image,c1_0.level,c1_0.name,c1_0.tenant_id from categories c1_0 where c1_0.parent_id=? order by c1_0.name
2026-01-25T00:53:12.671+02:00 DEBUG 31212 --- [http-nio-744-exec-4] org.hibernate.SQL                        : select c1_0.parent_id,c1_0.id,c1_0.alias,c1_0.all_parent_ids,c1_0.enabled,c1_0.image,c1_0.level,c1_0.name,c1_0.tenant_id from categories c1_0 where c1_0.parent_id=? order by c1_0.name
2026-01-25T00:53:12.673+02:00 DEBUG 31212 --- [http-nio-744-exec-4] org.hibernate.SQL                        : select c1_0.parent_id,c1_0.id,c1_0.alias,c1_0.all_parent_ids,c1_0.enabled,c1_0.image,c1_0.level,c1_0.name,c1_0.tenant_id from categories c1_0 where c1_0.parent_id=? order by c1_0.name
2026-01-25T00:53:12.675+02:00 DEBUG 31212 --- [http-nio-744-exec-4] org.hibernate.SQL                        : select c1_0.parent_id,c1_0.id,c1_0.alias,c1_0.all_parent_ids,c1_0.enabled,c1_0.image,c1_0.level,c1_0.name,c1_0.tenant_id from categories c1_0 where c1_0.parent_id=? order by c1_0.name
2026-01-25T00:53:12.676+02:00 DEBUG 31212 --- [http-nio-744-exec-4] org.hibernate.SQL                        : select c1_0.parent_id,c1_0.id,c1_0.alias,c1_0.all_parent_ids,c1_0.enabled,c1_0.image,c1_0.level,c1_0.name,c1_0.tenant_id from categories c1_0 where c1_0.parent_id=? order by c1_0.name
2026-01-25T00:53:12.678+02:00 DEBUG 31212 --- [http-nio-744-exec-4] org.hibernate.SQL                        : select c1_0.parent_id,c1_0.id,c1_0.alias,c1_0.all_parent_ids,c1_0.enabled,c1_0.image,c1_0.level,c1_0.name,c1_0.tenant_id from categories c1_0 where c1_0.parent_id=? order by c1_0.name
2026-01-25T00:53:12.679+02:00 DEBUG 31212 --- [http-nio-744-exec-4] org.hibernate.SQL                        : select c1_0.parent_id,c1_0.id,c1_0.alias,c1_0.all_parent_ids,c1_0.enabled,c1_0.image,c1_0.level,c1_0.name,c1_0.tenant_id from categories c1_0 where c1_0.parent_id=? order by c1_0.name
2026-01-25T00:53:12.680+02:00 DEBUG 31212 --- [http-nio-744-exec-4] org.hibernate.SQL                        : select c1_0.parent_id,c1_0.id,c1_0.alias,c1_0.all_parent_ids,c1_0.enabled,c1_0.image,c1_0.level,c1_0.name,c1_0.tenant_id from categories c1_0 where c1_0.parent_id=? order by c1_0.name
2026-01-25T00:53:12.682+02:00 DEBUG 31212 --- [http-nio-744-exec-4] org.hibernate.SQL                        : select c1_0.parent_id,c1_0.id,c1_0.alias,c1_0.all_parent_ids,c1_0.enabled,c1_0.image,c1_0.level,c1_0.name,c1_0.tenant_id from categories c1_0 where c1_0.parent_id=? order by c1_0.name
2026-01-25T00:53:12.685+02:00 DEBUG 31212 --- [http-nio-744-exec-4] org.hibernate.SQL                        : select c1_0.parent_id,c1_0.id,c1_0.alias,c1_0.all_parent_ids,c1_0.enabled,c1_0.image,c1_0.level,c1_0.name,c1_0.tenant_id from categories c1_0 where c1_0.parent_id=? order by c1_0.name
2026-01-25T00:53:12.686+02:00 DEBUG 31212 --- [http-nio-744-exec-4] org.hibernate.SQL                        : select c1_0.parent_id,c1_0.id,c1_0.alias,c1_0.all_parent_ids,c1_0.enabled,c1_0.image,c1_0.level,c1_0.name,c1_0.tenant_id from categories c1_0 where c1_0.parent_id=? order by c1_0.name
2026-01-25T00:53:12.688+02:00 DEBUG 31212 --- [http-nio-744-exec-4] org.hibernate.SQL                        : select c1_0.parent_id,c1_0.id,c1_0.alias,c1_0.all_parent_ids,c1_0.enabled,c1_0.image,c1_0.level,c1_0.name,c1_0.tenant_id from categories c1_0 where c1_0.parent_id=? order by c1_0.name
2026-01-25T00:53:12.689+02:00 DEBUG 31212 --- [http-nio-744-exec-4] org.hibernate.SQL                        : select c1_0.parent_id,c1_0.id,c1_0.alias,c1_0.all_parent_ids,c1_0.enabled,c1_0.image,c1_0.level,c1_0.name,c1_0.tenant_id from categories c1_0 where c1_0.parent_id=? order by c1_0.name
2026-01-25T00:53:12.691+02:00 DEBUG 31212 --- [http-nio-744-exec-4] org.hibernate.SQL                        : select c1_0.parent_id,c1_0.id,c1_0.alias,c1_0.all_parent_ids,c1_0.enabled,c1_0.image,c1_0.level,c1_0.name,c1_0.tenant_id from categories c1_0 where c1_0.parent_id=? order by c1_0.name
2026-01-25T00:53:12.693+02:00 DEBUG 31212 --- [http-nio-744-exec-4] org.hibernate.SQL                        : select c1_0.parent_id,c1_0.id,c1_0.alias,c1_0.all_parent_ids,c1_0.enabled,c1_0.image,c1_0.level,c1_0.name,c1_0.tenant_id from categories c1_0 where c1_0.parent_id=? order by c1_0.name
2026-01-25T00:53:12.694+02:00 DEBUG 31212 --- [http-nio-744-exec-4] org.hibernate.SQL                        : select c1_0.parent_id,c1_0.id,c1_0.alias,c1_0.all_parent_ids,c1_0.enabled,c1_0.image,c1_0.level,c1_0.name,c1_0.tenant_id from categories c1_0 where c1_0.parent_id=? order by c1_0.name
2026-01-25T00:53:12.696+02:00 DEBUG 31212 --- [http-nio-744-exec-4] org.hibernate.SQL                        : select c1_0.parent_id,c1_0.id,c1_0.alias,c1_0.all_parent_ids,c1_0.enabled,c1_0.image,c1_0.level,c1_0.name,c1_0.tenant_id from categories c1_0 where c1_0.parent_id=? order by c1_0.name
2026-01-25T00:53:12.698+02:00 DEBUG 31212 --- [http-nio-744-exec-4] org.hibernate.SQL                        : select c1_0.parent_id,c1_0.id,c1_0.alias,c1_0.all_parent_ids,c1_0.enabled,c1_0.image,c1_0.level,c1_0.name,c1_0.tenant_id from categories c1_0 where c1_0.parent_id=? order by c1_0.name
2026-01-25T00:53:12.700+02:00 DEBUG 31212 --- [http-nio-744-exec-4] org.hibernate.SQL                        : select c1_0.parent_id,c1_0.id,c1_0.alias,c1_0.all_parent_ids,c1_0.enabled,c1_0.image,c1_0.level,c1_0.name,c1_0.tenant_id from categories c1_0 where c1_0.parent_id=? order by c1_0.name
2026-01-25T00:53:12.702+02:00 DEBUG 31212 --- [http-nio-744-exec-4] org.hibernate.SQL                        : select c1_0.parent_id,c1_0.id,c1_0.alias,c1_0.all_parent_ids,c1_0.enabled,c1_0.image,c1_0.level,c1_0.name,c1_0.tenant_id from categories c1_0 where c1_0.parent_id=? order by c1_0.name
2026-01-25T00:53:12.704+02:00 DEBUG 31212 --- [http-nio-744-exec-4] org.hibernate.SQL                        : select c1_0.parent_id,c1_0.id,c1_0.alias,c1_0.all_parent_ids,c1_0.enabled,c1_0.image,c1_0.level,c1_0.name,c1_0.tenant_id from categories c1_0 where c1_0.parent_id=? order by c1_0.name
2026-01-25T00:53:12.705+02:00 DEBUG 31212 --- [http-nio-744-exec-4] org.hibernate.SQL                        : select c1_0.parent_id,c1_0.id,c1_0.alias,c1_0.all_parent_ids,c1_0.enabled,c1_0.image,c1_0.level,c1_0.name,c1_0.tenant_id from categories c1_0 where c1_0.parent_id=? order by c1_0.name
2026-01-25T00:53:12.707+02:00 DEBUG 31212 --- [http-nio-744-exec-4] org.hibernate.SQL                        : select c1_0.parent_id,c1_0.id,c1_0.alias,c1_0.all_parent_ids,c1_0.enabled,c1_0.image,c1_0.level,c1_0.name,c1_0.tenant_id from categories c1_0 where c1_0.parent_id=? order by c1_0.name
2026-01-25T00:53:12.709+02:00 DEBUG 31212 --- [http-nio-744-exec-4] org.hibernate.SQL                        : select c1_0.parent_id,c1_0.id,c1_0.alias,c1_0.all_parent_ids,c1_0.enabled,c1_0.image,c1_0.level,c1_0.name,c1_0.tenant_id from categories c1_0 where c1_0.parent_id=? order by c1_0.name
2026-01-25T00:53:12.767+02:00 DEBUG 31212 --- [http-nio-744-exec-10] c.o.a.s.tenant.TenantFilterAspect        : ⚠️ [TenantFilterAspect] Service execution without TenantID
2026-01-25T00:53:12.768+02:00 DEBUG 31212 --- [http-nio-744-exec-10] org.hibernate.SQL                        : select u1_0.id,u1_0.email,u1_0.enabled,u1_0.first_name,u1_0.last_login_time,u1_0.last_name,u1_0.password,u1_0.photos,u1_0.tenant_id,u1_0.user_bio from `'user'` u1_0 where u1_0.email=?
2026-01-25T00:53:12.770+02:00 DEBUG 31212 --- [http-nio-744-exec-10] org.hibernate.SQL                        : select r1_0.user_id,r1_1.id,r1_1.all_parent_ids,r1_1.descrption,r1_1.name,r1_1.parent_id,p2_0.role_id,p2_0.id,p2_0.permission,p2_0.scope from user_roles r1_0 join role r1_1 on r1_1.id=r1_0.role_id left join role_permissions p2_0 on r1_1.id=p2_0.role_id where r1_0.user_id=?
2026-01-25T00:53:12.774+02:00 DEBUG 31212 --- [http-nio-744-exec-6] c.o.a.s.tenant.TenantFilterAspect        : ⚠️ [TenantFilterAspect] Service execution without TenantID
2026-01-25T00:53:12.775+02:00 DEBUG 31212 --- [http-nio-744-exec-10] c.o.a.s.tenant.TenantFilterAspect        : ⚠️ [TenantFilterAspect] Service execution without TenantID
2026-01-25T00:53:12.776+02:00 DEBUG 31212 --- [http-nio-744-exec-10] org.hibernate.SQL                        : select t1_0.user_id,t1_0.id,t1_0.tenant_id from user_tenants t1_0 where t1_0.user_id=?
2026-01-25T00:53:12.776+02:00 DEBUG 31212 --- [http-nio-744-exec-6] org.hibernate.SQL                        : select u1_0.id,u1_0.email,u1_0.enabled,u1_0.first_name,u1_0.last_login_time,u1_0.last_name,u1_0.password,u1_0.photos,u1_0.tenant_id,u1_0.user_bio from `'user'` u1_0 where u1_0.email=?
2026-01-25T00:53:12.777+02:00 DEBUG 31212 --- [http-nio-744-exec-6] org.hibernate.SQL                        : select r1_0.user_id,r1_1.id,r1_1.all_parent_ids,r1_1.descrption,r1_1.name,r1_1.parent_id,p2_0.role_id,p2_0.id,p2_0.permission,p2_0.scope from user_roles r1_0 join role r1_1 on r1_1.id=r1_0.role_id left join role_permissions p2_0 on r1_1.id=p2_0.role_id where r1_0.user_id=?
2026-01-25T00:53:12.784+02:00 DEBUG 31212 --- [http-nio-744-exec-6] c.o.a.s.tenant.TenantFilterAspect        : ⚠️ [TenantFilterAspect] Service execution without TenantID
2026-01-25T00:53:12.785+02:00 DEBUG 31212 --- [http-nio-744-exec-6] org.hibernate.SQL                        : select t1_0.user_id,t1_0.id,t1_0.tenant_id from user_tenants t1_0 where t1_0.user_id=?
2026-01-25T00:53:12.787+02:00 DEBUG 31212 --- [http-nio-744-exec-9] c.o.a.s.tenant.TenantFilterAspect        : ⚠️ [TenantFilterAspect] Service execution without TenantID
2026-01-25T00:53:12.793+02:00 DEBUG 31212 --- [http-nio-744-exec-9] org.hibernate.SQL                        : select u1_0.id,u1_0.email,u1_0.enabled,u1_0.first_name,u1_0.last_login_time,u1_0.last_name,u1_0.password,u1_0.photos,u1_0.tenant_id,u1_0.user_bio from `'user'` u1_0 where u1_0.email=?
2026-01-25T00:53:12.795+02:00 DEBUG 31212 --- [http-nio-744-exec-5] c.o.a.s.tenant.TenantFilterAspect        : ⚠️ [TenantFilterAspect] Service execution without TenantID
2026-01-25T00:53:12.792+02:00 ERROR 31212 --- [http-nio-744-exec-4] org.thymeleaf.TemplateEngine             : [THYMELEAF][http-nio-744-exec-4] Exception processing template "products/new-products-form": An error happened during template parsing (template: "class path resource [templates/products/new-products-form.html]")

org.thymeleaf.exceptions.TemplateInputException: An error happened during template parsing (template: "class path resource [templates/products/new-products-form.html]")
	at org.thymeleaf.templateparser.markup.AbstractMarkupTemplateParser.parse(AbstractMarkupTemplateParser.java:241) ~[thymeleaf-3.1.2.RELEASE.jar:3.1.2.RELEASE]
	at org.thymeleaf.templateparser.markup.AbstractMarkupTemplateParser.parseStandalone(AbstractMarkupTemplateParser.java:100) ~[thymeleaf-3.1.2.RELEASE.jar:3.1.2.RELEASE]
	at org.thymeleaf.engine.TemplateManager.parseAndProcess(TemplateManager.java:666) ~[thymeleaf-3.1.2.RELEASE.jar:3.1.2.RELEASE]
	at org.thymeleaf.TemplateEngine.process(TemplateEngine.java:1103) ~[thymeleaf-3.1.2.RELEASE.jar:3.1.2.RELEASE]
	at org.thymeleaf.TemplateEngine.process(TemplateEngine.java:1077) ~[thymeleaf-3.1.2.RELEASE.jar:3.1.2.RELEASE]
	at org.thymeleaf.spring6.view.ThymeleafView.renderFragment(ThymeleafView.java:372) ~[thymeleaf-spring6-3.1.2.RELEASE.jar:3.1.2.RELEASE]
	at org.thymeleaf.spring6.view.ThymeleafView.render(ThymeleafView.java:192) ~[thymeleaf-spring6-3.1.2.RELEASE.jar:3.1.2.RELEASE]
	at org.springframework.web.servlet.DispatcherServlet.render(DispatcherServlet.java:1415) ~[spring-webmvc-6.0.12.jar:6.0.12]
	at org.springframework.web.servlet.DispatcherServlet.processDispatchResult(DispatcherServlet.java:1159) ~[spring-webmvc-6.0.12.jar:6.0.12]
	at org.springframework.web.servlet.DispatcherServlet.doDispatch(DispatcherServlet.java:1098) ~[spring-webmvc-6.0.12.jar:6.0.12]
	at org.springframework.web.servlet.DispatcherServlet.doService(DispatcherServlet.java:974) ~[spring-webmvc-6.0.12.jar:6.0.12]
	at org.springframework.web.servlet.FrameworkServlet.processRequest(FrameworkServlet.java:1011) ~[spring-webmvc-6.0.12.jar:6.0.12]
	at org.springframework.web.servlet.FrameworkServlet.doGet(FrameworkServlet.java:903) ~[spring-webmvc-6.0.12.jar:6.0.12]
	at jakarta.servlet.http.HttpServlet.service(HttpServlet.java:564) ~[tomcat-embed-core-10.1.13.jar:6.0]
	at org.springframework.web.servlet.FrameworkServlet.service(FrameworkServlet.java:885) ~[spring-webmvc-6.0.12.jar:6.0.12]
	at jakarta.servlet.http.HttpServlet.service(HttpServlet.java:658) ~[tomcat-embed-core-10.1.13.jar:6.0]
	at org.apache.catalina.core.ApplicationFilterChain.internalDoFilter(ApplicationFilterChain.java:205) ~[tomcat-embed-core-10.1.13.jar:10.1.13]
	at org.apache.catalina.core.ApplicationFilterChain.doFilter(ApplicationFilterChain.java:149) ~[tomcat-embed-core-10.1.13.jar:10.1.13]
	at org.springframework.security.web.FilterChainProxy.lambda$doFilterInternal$3(FilterChainProxy.java:231) ~[spring-security-web-6.1.4.jar:6.1.4]
	at org.springframework.security.web.ObservationFilterChainDecorator$FilterObservation$SimpleFilterObservation.lambda$wrap$1(ObservationFilterChainDecorator.java:479) ~[spring-security-web-6.1.4.jar:6.1.4]
	at org.springframework.security.web.ObservationFilterChainDecorator$AroundFilterObservation$SimpleAroundFilterObservation.lambda$wrap$1(ObservationFilterChainDecorator.java:340) ~[spring-security-web-6.1.4.jar:6.1.4]
	at org.springframework.security.web.ObservationFilterChainDecorator.lambda$wrapSecured$0(ObservationFilterChainDecorator.java:82) ~[spring-security-web-6.1.4.jar:6.1.4]
	at org.springframework.security.web.ObservationFilterChainDecorator$VirtualFilterChain.doFilter(ObservationFilterChainDecorator.java:128) ~[spring-security-web-6.1.4.jar:6.1.4]
	at com.onlineStore.admin.security.TenantAccessValidationFilter.doFilterInternal(TenantAccessValidationFilter.java:125) ~[classes/:na]
	at org.springframework.web.filter.OncePerRequestFilter.doFilter(OncePerRequestFilter.java:116) ~[spring-web-6.0.12.jar:6.0.12]
	at org.springframework.security.web.ObservationFilterChainDecorator$ObservationFilter.wrapFilter(ObservationFilterChainDecorator.java:240) ~[spring-security-web-6.1.4.jar:6.1.4]
	at org.springframework.security.web.ObservationFilterChainDecorator$ObservationFilter.doFilter(ObservationFilterChainDecorator.java:227) ~[spring-security-web-6.1.4.jar:6.1.4]
	at org.springframework.security.web.ObservationFilterChainDecorator$VirtualFilterChain.doFilter(ObservationFilterChainDecorator.java:137) ~[spring-security-web-6.1.4.jar:6.1.4]
	at org.springframework.security.web.authentication.logout.LogoutFilter.doFilter(LogoutFilter.java:107) ~[spring-security-web-6.1.4.jar:6.1.4]
	at org.springframework.security.web.authentication.logout.LogoutFilter.doFilter(LogoutFilter.java:93) ~[spring-security-web-6.1.4.jar:6.1.4]
	at org.springframework.security.web.ObservationFilterChainDecorator$ObservationFilter.wrapFilter(ObservationFilterChainDecorator.java:240) ~[spring-security-web-6.1.4.jar:6.1.4]
	at org.springframework.security.web.ObservationFilterChainDecorator$ObservationFilter.doFilter(ObservationFilterChainDecorator.java:227) ~[spring-security-web-6.1.4.jar:6.1.4]
	at org.springframework.security.web.ObservationFilterChainDecorator$VirtualFilterChain.doFilter(ObservationFilterChainDecorator.java:137) ~[spring-security-web-6.1.4.jar:6.1.4]
	at org.springframework.security.web.csrf.CsrfFilter.doFilterInternal(CsrfFilter.java:117) ~[spring-security-web-6.1.4.jar:6.1.4]
	at org.springframework.web.filter.OncePerRequestFilter.doFilter(OncePerRequestFilter.java:116) ~[spring-web-6.0.12.jar:6.0.12]
	at org.springframework.security.web.ObservationFilterChainDecorator$ObservationFilter.wrapFilter(ObservationFilterChainDecorator.java:240) ~[spring-security-web-6.1.4.jar:6.1.4]
	at org.springframework.security.web.ObservationFilterChainDecorator$ObservationFilter.doFilter(ObservationFilterChainDecorator.java:227) ~[spring-security-web-6.1.4.jar:6.1.4]
	at org.springframework.security.web.ObservationFilterChainDecorator$VirtualFilterChain.doFilter(ObservationFilterChainDecorator.java:137) ~[spring-security-web-6.1.4.jar:6.1.4]
	at org.springframework.security.web.header.HeaderWriterFilter.doHeadersAfter(HeaderWriterFilter.java:90) ~[spring-security-web-6.1.4.jar:6.1.4]
	at org.springframework.security.web.header.HeaderWriterFilter.doFilterInternal(HeaderWriterFilter.java:75) ~[spring-security-web-6.1.4.jar:6.1.4]
	at org.springframework.web.filter.OncePerRequestFilter.doFilter(OncePerRequestFilter.java:116) ~[spring-web-6.0.12.jar:6.0.12]
	at org.springframework.security.web.ObservationFilterChainDecorator$ObservationFilter.wrapFilter(ObservationFilterChainDecorator.java:240) ~[spring-security-web-6.1.4.jar:6.1.4]
	at org.springframework.security.web.ObservationFilterChainDecorator$ObservationFilter.doFilter(ObservationFilterChainDecorator.java:227) ~[spring-security-web-6.1.4.jar:6.1.4]
	at org.springframework.security.web.ObservationFilterChainDecorator$VirtualFilterChain.doFilter(ObservationFilterChainDecorator.java:137) ~[spring-security-web-6.1.4.jar:6.1.4]
	at org.springframework.security.web.context.SecurityContextHolderFilter.doFilter(SecurityContextHolderFilter.java:82) ~[spring-security-web-6.1.4.jar:6.1.4]
	at org.springframework.security.web.context.SecurityContextHolderFilter.doFilter(SecurityContextHolderFilter.java:69) ~[spring-security-web-6.1.4.jar:6.1.4]
	at org.springframework.security.web.ObservationFilterChainDecorator$ObservationFilter.wrapFilter(ObservationFilterChainDecorator.java:240) ~[spring-security-web-6.1.4.jar:6.1.4]
	at org.springframework.security.web.ObservationFilterChainDecorator$ObservationFilter.doFilter(ObservationFilterChainDecorator.java:227) ~[spring-security-web-6.1.4.jar:6.1.4]
	at org.springframework.security.web.ObservationFilterChainDecorator$VirtualFilterChain.doFilter(ObservationFilterChainDecorator.java:137) ~[spring-security-web-6.1.4.jar:6.1.4]
	at org.springframework.security.web.context.request.async.WebAsyncManagerIntegrationFilter.doFilterInternal(WebAsyncManagerIntegrationFilter.java:62) ~[spring-security-web-6.1.4.jar:6.1.4]
	at org.springframework.web.filter.OncePerRequestFilter.doFilter(OncePerRequestFilter.java:116) ~[spring-web-6.0.12.jar:6.0.12]
	at org.springframework.security.web.ObservationFilterChainDecorator$ObservationFilter.wrapFilter(ObservationFilterChainDecorator.java:240) ~[spring-security-web-6.1.4.jar:6.1.4]
	at org.springframework.security.web.ObservationFilterChainDecorator$ObservationFilter.doFilter(ObservationFilterChainDecorator.java:227) ~[spring-security-web-6.1.4.jar:6.1.4]
	at org.springframework.security.web.ObservationFilterChainDecorator$VirtualFilterChain.doFilter(ObservationFilterChainDecorator.java:137) ~[spring-security-web-6.1.4.jar:6.1.4]
	at org.springframework.security.web.session.DisableEncodeUrlFilter.doFilterInternal(DisableEncodeUrlFilter.java:42) ~[spring-security-web-6.1.4.jar:6.1.4]
	at org.springframework.web.filter.OncePerRequestFilter.doFilter(OncePerRequestFilter.java:116) ~[spring-web-6.0.12.jar:6.0.12]
	at org.springframework.security.web.ObservationFilterChainDecorator$ObservationFilter.wrapFilter(ObservationFilterChainDecorator.java:240) ~[spring-security-web-6.1.4.jar:6.1.4]
	at org.springframework.security.web.ObservationFilterChainDecorator$AroundFilterObservation$SimpleAroundFilterObservation.lambda$wrap$0(ObservationFilterChainDecorator.java:323) ~[spring-security-web-6.1.4.jar:6.1.4]
	at org.springframework.security.web.ObservationFilterChainDecorator$ObservationFilter.doFilter(ObservationFilterChainDecorator.java:224) ~[spring-security-web-6.1.4.jar:6.1.4]
	at org.springframework.security.web.ObservationFilterChainDecorator$VirtualFilterChain.doFilter(ObservationFilterChainDecorator.java:137) ~[spring-security-web-6.1.4.jar:6.1.4]
	at org.springframework.security.web.FilterChainProxy.doFilterInternal(FilterChainProxy.java:233) ~[spring-security-web-6.1.4.jar:6.1.4]
	at org.springframework.security.web.FilterChainProxy.doFilter(FilterChainProxy.java:191) ~[spring-security-web-6.1.4.jar:6.1.4]
	at org.springframework.web.filter.DelegatingFilterProxy.invokeDelegate(DelegatingFilterProxy.java:352) ~[spring-web-6.0.12.jar:6.0.12]
	at org.springframework.web.filter.DelegatingFilterProxy.doFilter(DelegatingFilterProxy.java:268) ~[spring-web-6.0.12.jar:6.0.12]
	at org.apache.catalina.core.ApplicationFilterChain.internalDoFilter(ApplicationFilterChain.java:174) ~[tomcat-embed-core-10.1.13.jar:10.1.13]
	at org.apache.catalina.core.ApplicationFilterChain.doFilter(ApplicationFilterChain.java:149) ~[tomcat-embed-core-10.1.13.jar:10.1.13]
	at org.springframework.web.filter.RequestContextFilter.doFilterInternal(RequestContextFilter.java:100) ~[spring-web-6.0.12.jar:6.0.12]
	at org.springframework.web.filter.OncePerRequestFilter.doFilter(OncePerRequestFilter.java:116) ~[spring-web-6.0.12.jar:6.0.12]
	at org.apache.catalina.core.ApplicationFilterChain.internalDoFilter(ApplicationFilterChain.java:174) ~[tomcat-embed-core-10.1.13.jar:10.1.13]
	at org.apache.catalina.core.ApplicationFilterChain.doFilter(ApplicationFilterChain.java:149) ~[tomcat-embed-core-10.1.13.jar:10.1.13]
	at org.springframework.web.filter.FormContentFilter.doFilterInternal(FormContentFilter.java:93) ~[spring-web-6.0.12.jar:6.0.12]
	at org.springframework.web.filter.OncePerRequestFilter.doFilter(OncePerRequestFilter.java:116) ~[spring-web-6.0.12.jar:6.0.12]
	at org.apache.catalina.core.ApplicationFilterChain.internalDoFilter(ApplicationFilterChain.java:174) ~[tomcat-embed-core-10.1.13.jar:10.1.13]
	at org.apache.catalina.core.ApplicationFilterChain.doFilter(ApplicationFilterChain.java:149) ~[tomcat-embed-core-10.1.13.jar:10.1.13]
	at org.springframework.web.filter.ServerHttpObservationFilter.doFilterInternal(ServerHttpObservationFilter.java:109) ~[spring-web-6.0.12.jar:6.0.12]
	at org.springframework.web.filter.OncePerRequestFilter.doFilter(OncePerRequestFilter.java:116) ~[spring-web-6.0.12.jar:6.0.12]
	at org.apache.catalina.core.ApplicationFilterChain.internalDoFilter(ApplicationFilterChain.java:174) ~[tomcat-embed-core-10.1.13.jar:10.1.13]
	at org.apache.catalina.core.ApplicationFilterChain.doFilter(ApplicationFilterChain.java:149) ~[tomcat-embed-core-10.1.13.jar:10.1.13]
	at org.springframework.web.filter.CharacterEncodingFilter.doFilterInternal(CharacterEncodingFilter.java:201) ~[spring-web-6.0.12.jar:6.0.12]
	at org.springframework.web.filter.OncePerRequestFilter.doFilter(OncePerRequestFilter.java:116) ~[spring-web-6.0.12.jar:6.0.12]
	at org.apache.catalina.core.ApplicationFilterChain.internalDoFilter(ApplicationFilterChain.java:174) ~[tomcat-embed-core-10.1.13.jar:10.1.13]
	at org.apache.catalina.core.ApplicationFilterChain.doFilter(ApplicationFilterChain.java:149) ~[tomcat-embed-core-10.1.13.jar:10.1.13]
	at org.apache.catalina.core.StandardWrapperValve.invoke(StandardWrapperValve.java:167) ~[tomcat-embed-core-10.1.13.jar:10.1.13]
	at org.apache.catalina.core.StandardContextValve.invoke(StandardContextValve.java:90) ~[tomcat-embed-core-10.1.13.jar:10.1.13]
	at org.apache.catalina.authenticator.AuthenticatorBase.invoke(AuthenticatorBase.java:482) ~[tomcat-embed-core-10.1.13.jar:10.1.13]
	at org.apache.catalina.core.StandardHostValve.invoke(StandardHostValve.java:115) ~[tomcat-embed-core-10.1.13.jar:10.1.13]
	at org.apache.catalina.valves.ErrorReportValve.invoke(ErrorReportValve.java:93) ~[tomcat-embed-core-10.1.13.jar:10.1.13]
	at org.apache.catalina.core.StandardEngineValve.invoke(StandardEngineValve.java:74) ~[tomcat-embed-core-10.1.13.jar:10.1.13]
	at org.apache.catalina.connector.CoyoteAdapter.service(CoyoteAdapter.java:341) ~[tomcat-embed-core-10.1.13.jar:10.1.13]
	at org.apache.coyote.http11.Http11Processor.service(Http11Processor.java:391) ~[tomcat-embed-core-10.1.13.jar:10.1.13]
	at org.apache.coyote.AbstractProcessorLight.process(AbstractProcessorLight.java:63) ~[tomcat-embed-core-10.1.13.jar:10.1.13]
	at org.apache.coyote.AbstractProtocol$ConnectionHandler.process(AbstractProtocol.java:894) ~[tomcat-embed-core-10.1.13.jar:10.1.13]
	at org.apache.tomcat.util.net.NioEndpoint$SocketProcessor.doRun(NioEndpoint.java:1740) ~[tomcat-embed-core-10.1.13.jar:10.1.13]
	at org.apache.tomcat.util.net.SocketProcessorBase.run(SocketProcessorBase.java:52) ~[tomcat-embed-core-10.1.13.jar:10.1.13]
	at org.apache.tomcat.util.threads.ThreadPoolExecutor.runWorker(ThreadPoolExecutor.java:1191) ~[tomcat-embed-core-10.1.13.jar:10.1.13]
	at org.apache.tomcat.util.threads.ThreadPoolExecutor$Worker.run(ThreadPoolExecutor.java:659) ~[tomcat-embed-core-10.1.13.jar:10.1.13]
	at org.apache.tomcat.util.threads.TaskThread$WrappingRunnable.run(TaskThread.java:61) ~[tomcat-embed-core-10.1.13.jar:10.1.13]
	at java.base/java.lang.Thread.run(Thread.java:1589) ~[na:na]
Caused by: org.attoparser.ParseException: Error during execution of processor 'org.thymeleaf.spring6.processor.SpringInputCheckboxFieldTagProcessor' (template: "products/new-products-form" - line 48, col 112)
	at org.attoparser.MarkupParser.parseDocument(MarkupParser.java:393) ~[attoparser-2.0.7.RELEASE.jar:2.0.7.RELEASE]
	at org.attoparser.MarkupParser.parse(MarkupParser.java:257) ~[attoparser-2.0.7.RELEASE.jar:2.0.7.RELEASE]
	at org.thymeleaf.templateparser.markup.AbstractMarkupTemplateParser.parse(AbstractMarkupTemplateParser.java:230) ~[thymeleaf-3.1.2.RELEASE.jar:3.1.2.RELEASE]
	... 97 common frames omitted
Caused by: org.thymeleaf.exceptions.TemplateProcessingException: Error during execution of processor 'org.thymeleaf.spring6.processor.SpringInputCheckboxFieldTagProcessor' (template: "products/new-products-form" - line 48, col 112)
	at org.thymeleaf.processor.element.AbstractAttributeTagProcessor.doProcess(AbstractAttributeTagProcessor.java:117) ~[thymeleaf-3.1.2.RELEASE.jar:3.1.2.RELEASE]
	at org.thymeleaf.processor.element.AbstractElementTagProcessor.process(AbstractElementTagProcessor.java:95) ~[thymeleaf-3.1.2.RELEASE.jar:3.1.2.RELEASE]
	at org.thymeleaf.util.ProcessorConfigurationUtils$ElementTagProcessorWrapper.process(ProcessorConfigurationUtils.java:633) ~[thymeleaf-3.1.2.RELEASE.jar:3.1.2.RELEASE]
	at org.thymeleaf.engine.ProcessorTemplateHandler.handleStandaloneElement(ProcessorTemplateHandler.java:918) ~[thymeleaf-3.1.2.RELEASE.jar:3.1.2.RELEASE]
	at org.thymeleaf.engine.TemplateHandlerAdapterMarkupHandler.handleStandaloneElementEnd(TemplateHandlerAdapterMarkupHandler.java:260) ~[thymeleaf-3.1.2.RELEASE.jar:3.1.2.RELEASE]
	at org.thymeleaf.templateparser.markup.InlinedOutputExpressionMarkupHandler$InlineMarkupAdapterPreProcessorHandler.handleStandaloneElementEnd(InlinedOutputExpressionMarkupHandler.java:256) ~[thymeleaf-3.1.2.RELEASE.jar:3.1.2.RELEASE]
	at org.thymeleaf.standard.inline.OutputExpressionInlinePreProcessorHandler.handleStandaloneElementEnd(OutputExpressionInlinePreProcessorHandler.java:169) ~[thymeleaf-3.1.2.RELEASE.jar:3.1.2.RELEASE]
	at org.thymeleaf.templateparser.markup.InlinedOutputExpressionMarkupHandler.handleStandaloneElementEnd(InlinedOutputExpressionMarkupHandler.java:104) ~[thymeleaf-3.1.2.RELEASE.jar:3.1.2.RELEASE]
	at org.attoparser.HtmlVoidElement.handleOpenElementEnd(HtmlVoidElement.java:92) ~[attoparser-2.0.7.RELEASE.jar:2.0.7.RELEASE]
	at org.attoparser.HtmlMarkupHandler.handleOpenElementEnd(HtmlMarkupHandler.java:297) ~[attoparser-2.0.7.RELEASE.jar:2.0.7.RELEASE]
	at org.attoparser.MarkupEventProcessorHandler.handleOpenElementEnd(MarkupEventProcessorHandler.java:402) ~[attoparser-2.0.7.RELEASE.jar:2.0.7.RELEASE]
	at org.attoparser.ParsingElementMarkupUtil.parseOpenElement(ParsingElementMarkupUtil.java:159) ~[attoparser-2.0.7.RELEASE.jar:2.0.7.RELEASE]
	at org.attoparser.MarkupParser.parseBuffer(MarkupParser.java:710) ~[attoparser-2.0.7.RELEASE.jar:2.0.7.RELEASE]
	at org.attoparser.MarkupParser.parseDocument(MarkupParser.java:301) ~[attoparser-2.0.7.RELEASE.jar:2.0.7.RELEASE]
	... 99 common frames omitted
Caused by: org.springframework.beans.NotReadablePropertyException: Invalid property 'hasDescription' of bean class [com.onlineStoreCom.entity.product.Product]: Bean property 'hasDescription' is not readable or has an invalid getter method: Does the return type of the getter match the parameter type of the setter?
	at org.springframework.beans.AbstractNestablePropertyAccessor.getPropertyValue(AbstractNestablePropertyAccessor.java:626) ~[spring-beans-6.0.12.jar:6.0.12]
	at org.springframework.beans.AbstractNestablePropertyAccessor.getPropertyValue(AbstractNestablePropertyAccessor.java:616) ~[spring-beans-6.0.12.jar:6.0.12]
	at org.springframework.validation.AbstractPropertyBindingResult.getActualFieldValue(AbstractPropertyBindingResult.java:104) ~[spring-context-6.0.12.jar:6.0.12]
	at org.springframework.validation.AbstractBindingResult.getFieldValue(AbstractBindingResult.java:225) ~[spring-context-6.0.12.jar:6.0.12]
	at org.springframework.web.servlet.support.BindStatus.<init>(BindStatus.java:129) ~[spring-webmvc-6.0.12.jar:6.0.12]
	at org.springframework.web.servlet.support.RequestContext.getBindStatus(RequestContext.java:926) ~[spring-webmvc-6.0.12.jar:6.0.12]
	at org.thymeleaf.spring6.context.webmvc.SpringWebMvcThymeleafRequestContext.getBindStatus(SpringWebMvcThymeleafRequestContext.java:232) ~[thymeleaf-spring6-3.1.2.RELEASE.jar:3.1.2.RELEASE]
	at org.thymeleaf.spring6.util.FieldUtils.getBindStatusFromParsedExpression(FieldUtils.java:306) ~[thymeleaf-spring6-3.1.2.RELEASE.jar:3.1.2.RELEASE]
	at org.thymeleaf.spring6.util.FieldUtils.getBindStatus(FieldUtils.java:253) ~[thymeleaf-spring6-3.1.2.RELEASE.jar:3.1.2.RELEASE]
	at org.thymeleaf.spring6.util.FieldUtils.getBindStatus(FieldUtils.java:227) ~[thymeleaf-spring6-3.1.2.RELEASE.jar:3.1.2.RELEASE]
	at org.thymeleaf.spring6.processor.AbstractSpringFieldTagProcessor.doProcess(AbstractSpringFieldTagProcessor.java:174) ~[thymeleaf-spring6-3.1.2.RELEASE.jar:3.1.2.RELEASE]
	at org.thymeleaf.processor.element.AbstractAttributeTagProcessor.doProcess(AbstractAttributeTagProcessor.java:74) ~[thymeleaf-3.1.2.RELEASE.jar:3.1.2.RELEASE]
	... 112 common frames omitted

2026-01-25T00:53:12.796+02:00 DEBUG 31212 --- [http-nio-744-exec-9] org.hibernate.SQL                        : select r1_0.user_id,r1_1.id,r1_1.all_parent_ids,r1_1.descrption,r1_1.name,r1_1.parent_id,p2_0.role_id,p2_0.id,p2_0.permission,p2_0.scope from user_roles r1_0 join role r1_1 on r1_1.id=r1_0.role_id left join role_permissions p2_0 on r1_1.id=p2_0.role_id where r1_0.user_id=?
2026-01-25T00:53:12.798+02:00 DEBUG 31212 --- [http-nio-744-exec-5] org.hibernate.SQL                        : select u1_0.id,u1_0.email,u1_0.enabled,u1_0.first_name,u1_0.last_login_time,u1_0.last_name,u1_0.password,u1_0.photos,u1_0.tenant_id,u1_0.user_bio from `'user'` u1_0 where u1_0.email=?
2026-01-25T00:53:12.802+02:00 DEBUG 31212 --- [http-nio-744-exec-9] c.o.a.s.tenant.TenantFilterAspect        : ⚠️ [TenantFilterAspect] Service execution without TenantID
2026-01-25T00:53:12.803+02:00 DEBUG 31212 --- [http-nio-744-exec-5] org.hibernate.SQL                        : select r1_0.user_id,r1_1.id,r1_1.all_parent_ids,r1_1.descrption,r1_1.name,r1_1.parent_id,p2_0.role_id,p2_0.id,p2_0.permission,p2_0.scope from user_roles r1_0 join role r1_1 on r1_1.id=r1_0.role_id left join role_permissions p2_0 on r1_1.id=p2_0.role_id where r1_0.user_id=?
2026-01-25T00:53:12.804+02:00 DEBUG 31212 --- [http-nio-744-exec-9] org.hibernate.SQL                        : select t1_0.user_id,t1_0.id,t1_0.tenant_id from user_tenants t1_0 where t1_0.user_id=?
2026-01-25T00:53:12.808+02:00 DEBUG 31212 --- [http-nio-744-exec-5] c.o.a.s.tenant.TenantFilterAspect        : ⚠️ [TenantFilterAspect] Service execution without TenantID
2026-01-25T00:53:12.809+02:00 DEBUG 31212 --- [http-nio-744-exec-5] org.hibernate.SQL                        : select t1_0.user_id,t1_0.id,t1_0.tenant_id from user_tenants t1_0 where t1_0.user_id=?
2026-01-25T00:53:12.820+02:00 DEBUG 31212 --- [http-nio-744-exec-7] c.o.a.s.tenant.TenantFilterAspect        : ⚠️ [TenantFilterAspect] Service execution without TenantID
2026-01-25T00:53:12.822+02:00 DEBUG 31212 --- [http-nio-744-exec-7] org.hibernate.SQL                        : select u1_0.id,u1_0.email,u1_0.enabled,u1_0.first_name,u1_0.last_login_time,u1_0.last_name,u1_0.password,u1_0.photos,u1_0.tenant_id,u1_0.user_bio from `'user'` u1_0 where u1_0.email=?
2026-01-25T00:53:12.798+02:00 ERROR 31212 --- [http-nio-744-exec-4] o.a.c.c.C.[.[.[/].[dispatcherServlet]    : Servlet.service() for servlet [dispatcherServlet] in context with path [] threw exception [Request processing failed: org.thymeleaf.exceptions.TemplateInputException: An error happened during template parsing (template: "class path resource [templates/products/new-products-form.html]")] with root cause

org.springframework.beans.NotReadablePropertyException: Invalid property 'hasDescription' of bean class [com.onlineStoreCom.entity.product.Product]: Bean property 'hasDescription' is not readable or has an invalid getter method: Does the return type of the getter match the parameter type of the setter?
	at org.springframework.beans.AbstractNestablePropertyAccessor.getPropertyValue(AbstractNestablePropertyAccessor.java:626) ~[spring-beans-6.0.12.jar:6.0.12]
	at org.springframework.beans.AbstractNestablePropertyAccessor.getPropertyValue(AbstractNestablePropertyAccessor.java:616) ~[spring-beans-6.0.12.jar:6.0.12]
	at org.springframework.validation.AbstractPropertyBindingResult.getActualFieldValue(AbstractPropertyBindingResult.java:104) ~[spring-context-6.0.12.jar:6.0.12]
	at org.springframework.validation.AbstractBindingResult.getFieldValue(AbstractBindingResult.java:225) ~[spring-context-6.0.12.jar:6.0.12]
	at org.springframework.web.servlet.support.BindStatus.<init>(BindStatus.java:129) ~[spring-webmvc-6.0.12.jar:6.0.12]
	at org.springframework.web.servlet.support.RequestContext.getBindStatus(RequestContext.java:926) ~[spring-webmvc-6.0.12.jar:6.0.12]
	at org.thymeleaf.spring6.context.webmvc.SpringWebMvcThymeleafRequestContext.getBindStatus(SpringWebMvcThymeleafRequestContext.java:232) ~[thymeleaf-spring6-3.1.2.RELEASE.jar:3.1.2.RELEASE]
	at org.thymeleaf.spring6.util.FieldUtils.getBindStatusFromParsedExpression(FieldUtils.java:306) ~[thymeleaf-spring6-3.1.2.RELEASE.jar:3.1.2.RELEASE]
	at org.thymeleaf.spring6.util.FieldUtils.getBindStatus(FieldUtils.java:253) ~[thymeleaf-spring6-3.1.2.RELEASE.jar:3.1.2.RELEASE]
	at org.thymeleaf.spring6.util.FieldUtils.getBindStatus(FieldUtils.java:227) ~[thymeleaf-spring6-3.1.2.RELEASE.jar:3.1.2.RELEASE]
	at org.thymeleaf.spring6.processor.AbstractSpringFieldTagProcessor.doProcess(AbstractSpringFieldTagProcessor.java:174) ~[thymeleaf-spring6-3.1.2.RELEASE.jar:3.1.2.RELEASE]
	at org.thymeleaf.processor.element.AbstractAttributeTagProcessor.doProcess(AbstractAttributeTagProcessor.java:74) ~[thymeleaf-3.1.2.RELEASE.jar:3.1.2.RELEASE]
	at org.thymeleaf.processor.element.AbstractElementTagProcessor.process(AbstractElementTagProcessor.java:95) ~[thymeleaf-3.1.2.RELEASE.jar:3.1.2.RELEASE]
	at org.thymeleaf.util.ProcessorConfigurationUtils$ElementTagProcessorWrapper.process(ProcessorConfigurationUtils.java:633) ~[thymeleaf-3.1.2.RELEASE.jar:3.1.2.RELEASE]
	at org.thymeleaf.engine.ProcessorTemplateHandler.handleStandaloneElement(ProcessorTemplateHandler.java:918) ~[thymeleaf-3.1.2.RELEASE.jar:3.1.2.RELEASE]
	at org.thymeleaf.engine.TemplateHandlerAdapterMarkupHandler.handleStandaloneElementEnd(TemplateHandlerAdapterMarkupHandler.java:260) ~[thymeleaf-3.1.2.RELEASE.jar:3.1.2.RELEASE]
	at org.thymeleaf.templateparser.markup.InlinedOutputExpressionMarkupHandler$InlineMarkupAdapterPreProcessorHandler.handleStandaloneElementEnd(InlinedOutputExpressionMarkupHandler.java:256) ~[thymeleaf-3.1.2.RELEASE.jar:3.1.2.RELEASE]
	at org.thymeleaf.standard.inline.OutputExpressionInlinePreProcessorHandler.handleStandaloneElementEnd(OutputExpressionInlinePreProcessorHandler.java:169) ~[thymeleaf-3.1.2.RELEASE.jar:3.1.2.RELEASE]
	at org.thymeleaf.templateparser.markup.InlinedOutputExpressionMarkupHandler.handleStandaloneElementEnd(InlinedOutputExpressionMarkupHandler.java:104) ~[thymeleaf-3.1.2.RELEASE.jar:3.1.2.RELEASE]
	at org.attoparser.HtmlVoidElement.handleOpenElementEnd(HtmlVoidElement.java:92) ~[attoparser-2.0.7.RELEASE.jar:2.0.7.RELEASE]
	at org.attoparser.HtmlMarkupHandler.handleOpenElementEnd(HtmlMarkupHandler.java:297) ~[attoparser-2.0.7.RELEASE.jar:2.0.7.RELEASE]
	at org.attoparser.MarkupEventProcessorHandler.handleOpenElementEnd(MarkupEventProcessorHandler.java:402) ~[attoparser-2.0.7.RELEASE.jar:2.0.7.RELEASE]
	at org.attoparser.ParsingElementMarkupUtil.parseOpenElement(ParsingElementMarkupUtil.java:159) ~[attoparser-2.0.7.RELEASE.jar:2.0.7.RELEASE]
	at org.attoparser.MarkupParser.parseBuffer(MarkupParser.java:710) ~[attoparser-2.0.7.RELEASE.jar:2.0.7.RELEASE]
	at org.attoparser.MarkupParser.parseDocument(MarkupParser.java:301) ~[attoparser-2.0.7.RELEASE.jar:2.0.7.RELEASE]
	at org.attoparser.MarkupParser.parse(MarkupParser.java:257) ~[attoparser-2.0.7.RELEASE.jar:2.0.7.RELEASE]
	at org.thymeleaf.templateparser.markup.AbstractMarkupTemplateParser.parse(AbstractMarkupTemplateParser.java:230) ~[thymeleaf-3.1.2.RELEASE.jar:3.1.2.RELEASE]
	at org.thymeleaf.templateparser.markup.AbstractMarkupTemplateParser.parseStandalone(AbstractMarkupTemplateParser.java:100) ~[thymeleaf-3.1.2.RELEASE.jar:3.1.2.RELEASE]
	at org.thymeleaf.engine.TemplateManager.parseAndProcess(TemplateManager.java:666) ~[thymeleaf-3.1.2.RELEASE.jar:3.1.2.RELEASE]
	at org.thymeleaf.TemplateEngine.process(TemplateEngine.java:1103) ~[thymeleaf-3.1.2.RELEASE.jar:3.1.2.RELEASE]
	at org.thymeleaf.TemplateEngine.process(TemplateEngine.java:1077) ~[thymeleaf-3.1.2.RELEASE.jar:3.1.2.RELEASE]
	at org.thymeleaf.spring6.view.ThymeleafView.renderFragment(ThymeleafView.java:372) ~[thymeleaf-spring6-3.1.2.RELEASE.jar:3.1.2.RELEASE]
	at org.thymeleaf.spring6.view.ThymeleafView.render(ThymeleafView.java:192) ~[thymeleaf-spring6-3.1.2.RELEASE.jar:3.1.2.RELEASE]
	at org.springframework.web.servlet.DispatcherServlet.render(DispatcherServlet.java:1415) ~[spring-webmvc-6.0.12.jar:6.0.12]
	at org.springframework.web.servlet.DispatcherServlet.processDispatchResult(DispatcherServlet.java:1159) ~[spring-webmvc-6.0.12.jar:6.0.12]
	at org.springframework.web.servlet.DispatcherServlet.doDispatch(DispatcherServlet.java:1098) ~[spring-webmvc-6.0.12.jar:6.0.12]
	at org.springframework.web.servlet.DispatcherServlet.doService(DispatcherServlet.java:974) ~[spring-webmvc-6.0.12.jar:6.0.12]
	at org.springframework.web.servlet.FrameworkServlet.processRequest(FrameworkServlet.java:1011) ~[spring-webmvc-6.0.12.jar:6.0.12]
	at org.springframework.web.servlet.FrameworkServlet.doGet(FrameworkServlet.java:903) ~[spring-webmvc-6.0.12.jar:6.0.12]
	at jakarta.servlet.http.HttpServlet.service(HttpServlet.java:564) ~[tomcat-embed-core-10.1.13.jar:6.0]
	at org.springframework.web.servlet.FrameworkServlet.service(FrameworkServlet.java:885) ~[spring-webmvc-6.0.12.jar:6.0.12]
	at jakarta.servlet.http.HttpServlet.service(HttpServlet.java:658) ~[tomcat-embed-core-10.1.13.jar:6.0]
	at org.apache.catalina.core.ApplicationFilterChain.internalDoFilter(ApplicationFilterChain.java:205) ~[tomcat-embed-core-10.1.13.jar:10.1.13]
	at org.apache.catalina.core.ApplicationFilterChain.doFilter(ApplicationFilterChain.java:149) ~[tomcat-embed-core-10.1.13.jar:10.1.13]
	at org.springframework.security.web.FilterChainProxy.lambda$doFilterInternal$3(FilterChainProxy.java:231) ~[spring-security-web-6.1.4.jar:6.1.4]
	at org.springframework.security.web.ObservationFilterChainDecorator$FilterObservation$SimpleFilterObservation.lambda$wrap$1(ObservationFilterChainDecorator.java:479) ~[spring-security-web-6.1.4.jar:6.1.4]
	at org.springframework.security.web.ObservationFilterChainDecorator$AroundFilterObservation$SimpleAroundFilterObservation.lambda$wrap$1(ObservationFilterChainDecorator.java:340) ~[spring-security-web-6.1.4.jar:6.1.4]
	at org.springframework.security.web.ObservationFilterChainDecorator.lambda$wrapSecured$0(ObservationFilterChainDecorator.java:82) ~[spring-security-web-6.1.4.jar:6.1.4]
	at org.springframework.security.web.ObservationFilterChainDecorator$VirtualFilterChain.doFilter(ObservationFilterChainDecorator.java:128) ~[spring-security-web-6.1.4.jar:6.1.4]
	at com.onlineStore.admin.security.TenantAccessValidationFilter.doFilterInternal(TenantAccessValidationFilter.java:125) ~[classes/:na]
	at org.springframework.web.filter.OncePerRequestFilter.doFilter(OncePerRequestFilter.java:116) ~[spring-web-6.0.12.jar:6.0.12]
	at org.springframework.security.web.ObservationFilterChainDecorator$ObservationFilter.wrapFilter(ObservationFilterChainDecorator.java:240) ~[spring-security-web-6.1.4.jar:6.1.4]
	at org.springframework.security.web.ObservationFilterChainDecorator$ObservationFilter.doFilter(ObservationFilterChainDecorator.java:227) ~[spring-security-web-6.1.4.jar:6.1.4]
	at org.springframework.security.web.ObservationFilterChainDecorator$VirtualFilterChain.doFilter(ObservationFilterChainDecorator.java:137) ~[spring-security-web-6.1.4.jar:6.1.4]
	at org.springframework.security.web.authentication.logout.LogoutFilter.doFilter(LogoutFilter.java:107) ~[spring-security-web-6.1.4.jar:6.1.4]
	at org.springframework.security.web.authentication.logout.LogoutFilter.doFilter(LogoutFilter.java:93) ~[spring-security-web-6.1.4.jar:6.1.4]
	at org.springframework.security.web.ObservationFilterChainDecorator$ObservationFilter.wrapFilter(ObservationFilterChainDecorator.java:240) ~[spring-security-web-6.1.4.jar:6.1.4]
	at org.springframework.security.web.ObservationFilterChainDecorator$ObservationFilter.doFilter(ObservationFilterChainDecorator.java:227) ~[spring-security-web-6.1.4.jar:6.1.4]
	at org.springframework.security.web.ObservationFilterChainDecorator$VirtualFilterChain.doFilter(ObservationFilterChainDecorator.java:137) ~[spring-security-web-6.1.4.jar:6.1.4]
	at org.springframework.security.web.csrf.CsrfFilter.doFilterInternal(CsrfFilter.java:117) ~[spring-security-web-6.1.4.jar:6.1.4]
	at org.springframework.web.filter.OncePerRequestFilter.doFilter(OncePerRequestFilter.java:116) ~[spring-web-6.0.12.jar:6.0.12]
	at org.springframework.security.web.ObservationFilterChainDecorator$ObservationFilter.wrapFilter(ObservationFilterChainDecorator.java:240) ~[spring-security-web-6.1.4.jar:6.1.4]
	at org.springframework.security.web.ObservationFilterChainDecorator$ObservationFilter.doFilter(ObservationFilterChainDecorator.java:227) ~[spring-security-web-6.1.4.jar:6.1.4]
	at org.springframework.security.web.ObservationFilterChainDecorator$VirtualFilterChain.doFilter(ObservationFilterChainDecorator.java:137) ~[spring-security-web-6.1.4.jar:6.1.4]
	at org.springframework.security.web.header.HeaderWriterFilter.doHeadersAfter(HeaderWriterFilter.java:90) ~[spring-security-web-6.1.4.jar:6.1.4]
	at org.springframework.security.web.header.HeaderWriterFilter.doFilterInternal(HeaderWriterFilter.java:75) ~[spring-security-web-6.1.4.jar:6.1.4]
	at org.springframework.web.filter.OncePerRequestFilter.doFilter(OncePerRequestFilter.java:116) ~[spring-web-6.0.12.jar:6.0.12]
	at org.springframework.security.web.ObservationFilterChainDecorator$ObservationFilter.wrapFilter(ObservationFilterChainDecorator.java:240) ~[spring-security-web-6.1.4.jar:6.1.4]
	at org.springframework.security.web.ObservationFilterChainDecorator$ObservationFilter.doFilter(ObservationFilterChainDecorator.java:227) ~[spring-security-web-6.1.4.jar:6.1.4]
	at org.springframework.security.web.ObservationFilterChainDecorator$VirtualFilterChain.doFilter(ObservationFilterChainDecorator.java:137) ~[spring-security-web-6.1.4.jar:6.1.4]
	at org.springframework.security.web.context.SecurityContextHolderFilter.doFilter(SecurityContextHolderFilter.java:82) ~[spring-security-web-6.1.4.jar:6.1.4]
	at org.springframework.security.web.context.SecurityContextHolderFilter.doFilter(SecurityContextHolderFilter.java:69) ~[spring-security-web-6.1.4.jar:6.1.4]
	at org.springframework.security.web.ObservationFilterChainDecorator$ObservationFilter.wrapFilter(ObservationFilterChainDecorator.java:240) ~[spring-security-web-6.1.4.jar:6.1.4]
	at org.springframework.security.web.ObservationFilterChainDecorator$ObservationFilter.doFilter(ObservationFilterChainDecorator.java:227) ~[spring-security-web-6.1.4.jar:6.1.4]
	at org.springframework.security.web.ObservationFilterChainDecorator$VirtualFilterChain.doFilter(ObservationFilterChainDecorator.java:137) ~[spring-security-web-6.1.4.jar:6.1.4]
	at org.springframework.security.web.context.request.async.WebAsyncManagerIntegrationFilter.doFilterInternal(WebAsyncManagerIntegrationFilter.java:62) ~[spring-security-web-6.1.4.jar:6.1.4]
	at org.springframework.web.filter.OncePerRequestFilter.doFilter(OncePerRequestFilter.java:116) ~[spring-web-6.0.12.jar:6.0.12]
	at org.springframework.security.web.ObservationFilterChainDecorator$ObservationFilter.wrapFilter(ObservationFilterChainDecorator.java:240) ~[spring-security-web-6.1.4.jar:6.1.4]
	at org.springframework.security.web.ObservationFilterChainDecorator$ObservationFilter.doFilter(ObservationFilterChainDecorator.java:227) ~[spring-security-web-6.1.4.jar:6.1.4]
	at org.springframework.security.web.ObservationFilterChainDecorator$VirtualFilterChain.doFilter(ObservationFilterChainDecorator.java:137) ~[spring-security-web-6.1.4.jar:6.1.4]
	at org.springframework.security.web.session.DisableEncodeUrlFilter.doFilterInternal(DisableEncodeUrlFilter.java:42) ~[spring-security-web-6.1.4.jar:6.1.4]
	at org.springframework.web.filter.OncePerRequestFilter.doFilter(OncePerRequestFilter.java:116) ~[spring-web-6.0.12.jar:6.0.12]
	at org.springframework.security.web.ObservationFilterChainDecorator$ObservationFilter.wrapFilter(ObservationFilterChainDecorator.java:240) ~[spring-security-web-6.1.4.jar:6.1.4]
	at org.springframework.security.web.ObservationFilterChainDecorator$AroundFilterObservation$SimpleAroundFilterObservation.lambda$wrap$0(ObservationFilterChainDecorator.java:323) ~[spring-security-web-6.1.4.jar:6.1.4]
	at org.springframework.security.web.ObservationFilterChainDecorator$ObservationFilter.doFilter(ObservationFilterChainDecorator.java:224) ~[spring-security-web-6.1.4.jar:6.1.4]
	at org.springframework.security.web.ObservationFilterChainDecorator$VirtualFilterChain.doFilter(ObservationFilterChainDecorator.java:137) ~[spring-security-web-6.1.4.jar:6.1.4]
	at org.springframework.security.web.FilterChainProxy.doFilterInternal(FilterChainProxy.java:233) ~[spring-security-web-6.1.4.jar:6.1.4]
	at org.springframework.security.web.FilterChainProxy.doFilter(FilterChainProxy.java:191) ~[spring-security-web-6.1.4.jar:6.1.4]
	at org.springframework.web.filter.DelegatingFilterProxy.invokeDelegate(DelegatingFilterProxy.java:352) ~[spring-web-6.0.12.jar:6.0.12]
	at org.springframework.web.filter.DelegatingFilterProxy.doFilter(DelegatingFilterProxy.java:268) ~[spring-web-6.0.12.jar:6.0.12]
	at org.apache.catalina.core.ApplicationFilterChain.internalDoFilter(ApplicationFilterChain.java:174) ~[tomcat-embed-core-10.1.13.jar:10.1.13]
	at org.apache.catalina.core.ApplicationFilterChain.doFilter(ApplicationFilterChain.java:149) ~[tomcat-embed-core-10.1.13.jar:10.1.13]
	at org.springframework.web.filter.RequestContextFilter.doFilterInternal(RequestContextFilter.java:100) ~[spring-web-6.0.12.jar:6.0.12]
	at org.springframework.web.filter.OncePerRequestFilter.doFilter(OncePerRequestFilter.java:116) ~[spring-web-6.0.12.jar:6.0.12]
	at org.apache.catalina.core.ApplicationFilterChain.internalDoFilter(ApplicationFilterChain.java:174) ~[tomcat-embed-core-10.1.13.jar:10.1.13]
	at org.apache.catalina.core.ApplicationFilterChain.doFilter(ApplicationFilterChain.java:149) ~[tomcat-embed-core-10.1.13.jar:10.1.13]
	at org.springframework.web.filter.FormContentFilter.doFilterInternal(FormContentFilter.java:93) ~[spring-web-6.0.12.jar:6.0.12]
	at org.springframework.web.filter.OncePerRequestFilter.doFilter(OncePerRequestFilter.java:116) ~[spring-web-6.0.12.jar:6.0.12]
	at org.apache.catalina.core.ApplicationFilterChain.internalDoFilter(ApplicationFilterChain.java:174) ~[tomcat-embed-core-10.1.13.jar:10.1.13]
	at org.apache.catalina.core.ApplicationFilterChain.doFilter(ApplicationFilterChain.java:149) ~[tomcat-embed-core-10.1.13.jar:10.1.13]
	at org.springframework.web.filter.ServerHttpObservationFilter.doFilterInternal(ServerHttpObservationFilter.java:109) ~[spring-web-6.0.12.jar:6.0.12]
	at org.springframework.web.filter.OncePerRequestFilter.doFilter(OncePerRequestFilter.java:116) ~[spring-web-6.0.12.jar:6.0.12]
	at org.apache.catalina.core.ApplicationFilterChain.internalDoFilter(ApplicationFilterChain.java:174) ~[tomcat-embed-core-10.1.13.jar:10.1.13]
	at org.apache.catalina.core.ApplicationFilterChain.doFilter(ApplicationFilterChain.java:149) ~[tomcat-embed-core-10.1.13.jar:10.1.13]
	at org.springframework.web.filter.CharacterEncodingFilter.doFilterInternal(CharacterEncodingFilter.java:201) ~[spring-web-6.0.12.jar:6.0.12]
	at org.springframework.web.filter.OncePerRequestFilter.doFilter(OncePerRequestFilter.java:116) ~[spring-web-6.0.12.jar:6.0.12]
	at org.apache.catalina.core.ApplicationFilterChain.internalDoFilter(ApplicationFilterChain.java:174) ~[tomcat-embed-core-10.1.13.jar:10.1.13]
	at org.apache.catalina.core.ApplicationFilterChain.doFilter(ApplicationFilterChain.java:149) ~[tomcat-embed-core-10.1.13.jar:10.1.13]
	at org.apache.catalina.core.StandardWrapperValve.invoke(StandardWrapperValve.java:167) ~[tomcat-embed-core-10.1.13.jar:10.1.13]
	at org.apache.catalina.core.StandardContextValve.invoke(StandardContextValve.java:90) ~[tomcat-embed-core-10.1.13.jar:10.1.13]
	at org.apache.catalina.authenticator.AuthenticatorBase.invoke(AuthenticatorBase.java:482) ~[tomcat-embed-core-10.1.13.jar:10.1.13]
	at org.apache.catalina.core.StandardHostValve.invoke(StandardHostValve.java:115) ~[tomcat-embed-core-10.1.13.jar:10.1.13]
	at org.apache.catalina.valves.ErrorReportValve.invoke(ErrorReportValve.java:93) ~[tomcat-embed-core-10.1.13.jar:10.1.13]
	at org.apache.catalina.core.StandardEngineValve.invoke(StandardEngineValve.java:74) ~[tomcat-embed-core-10.1.13.jar:10.1.13]
	at org.apache.catalina.connector.CoyoteAdapter.service(CoyoteAdapter.java:341) ~[tomcat-embed-core-10.1.13.jar:10.1.13]
	at org.apache.coyote.http11.Http11Processor.service(Http11Processor.java:391) ~[tomcat-embed-core-10.1.13.jar:10.1.13]
	at org.apache.coyote.AbstractProcessorLight.process(AbstractProcessorLight.java:63) ~[tomcat-embed-core-10.1.13.jar:10.1.13]
	at org.apache.coyote.AbstractProtocol$ConnectionHandler.process(AbstractProtocol.java:894) ~[tomcat-embed-core-10.1.13.jar:10.1.13]
	at org.apache.tomcat.util.net.NioEndpoint$SocketProcessor.doRun(NioEndpoint.java:1740) ~[tomcat-embed-core-10.1.13.jar:10.1.13]
	at org.apache.tomcat.util.net.SocketProcessorBase.run(SocketProcessorBase.java:52) ~[tomcat-embed-core-10.1.13.jar:10.1.13]
	at org.apache.tomcat.util.threads.ThreadPoolExecutor.runWorker(ThreadPoolExecutor.java:1191) ~[tomcat-embed-core-10.1.13.jar:10.1.13]
	at org.apache.tomcat.util.threads.ThreadPoolExecutor$Worker.run(ThreadPoolExecutor.java:659) ~[tomcat-embed-core-10.1.13.jar:10.1.13]
	at org.apache.tomcat.util.threads.TaskThread$WrappingRunnable.run(TaskThread.java:61) ~[tomcat-embed-core-10.1.13.jar:10.1.13]
	at java.base/java.lang.Thread.run(Thread.java:1589) ~[na:na]

2026-01-25T00:53:12.826+02:00 DEBUG 31212 --- [http-nio-744-exec-7] org.hibernate.SQL                        : select r1_0.user_id,r1_1.id,r1_1.all_parent_ids,r1_1.descrption,r1_1.name,r1_1.parent_id,p2_0.role_id,p2_0.id,p2_0.permission,p2_0.scope from user_roles r1_0 join role r1_1 on r1_1.id=r1_0.role_id left join role_permissions p2_0 on r1_1.id=p2_0.role_id where r1_0.user_id=?
2026-01-25T00:53:12.826+02:00 DEBUG 31212 --- [http-nio-744-exec-6] c.o.a.s.tenant.TenantFilterAspect        : ⚠️ [TenantFilterAspect] Service execution without TenantID
2026-01-25T00:53:12.828+02:00 DEBUG 31212 --- [http-nio-744-exec-6] org.hibernate.SQL                        : select u1_0.id,u1_0.email,u1_0.enabled,u1_0.first_name,u1_0.last_login_time,u1_0.last_name,u1_0.password,u1_0.photos,u1_0.tenant_id,u1_0.user_bio from `'user'` u1_0 where u1_0.email=?
2026-01-25T00:53:12.830+02:00 DEBUG 31212 --- [http-nio-744-exec-6] org.hibernate.SQL                        : select r1_0.user_id,r1_1.id,r1_1.all_parent_ids,r1_1.descrption,r1_1.name,r1_1.parent_id,p2_0.role_id,p2_0.id,p2_0.permission,p2_0.scope from user_roles r1_0 join role r1_1 on r1_1.id=r1_0.role_id left join role_permissions p2_0 on r1_1.id=p2_0.role_id where r1_0.user_id=?
2026-01-25T00:53:12.830+02:00 DEBUG 31212 --- [http-nio-744-exec-7] c.o.a.s.tenant.TenantFilterAspect        : ⚠️ [TenantFilterAspect] Service execution without TenantID
2026-01-25T00:53:12.831+02:00 DEBUG 31212 --- [http-nio-744-exec-7] org.hibernate.SQL                        : select t1_0.user_id,t1_0.id,t1_0.tenant_id from user_tenants t1_0 where t1_0.user_id=?
2026-01-25T00:53:12.833+02:00 DEBUG 31212 --- [http-nio-744-exec-6] org.hibernate.SQL                        : select t1_0.user_id,t1_0.id,t1_0.tenant_id from user_tenants t1_0 where t1_0.user_id=?
2026-01-25T00:53:12.833+02:00 DEBUG 31212 --- [http-nio-744-exec-4] c.o.a.s.tenant.TenantFilterAspect        : ⚠️ [TenantFilterAspect] Service execution without TenantID
2026-01-25T00:53:12.834+02:00 DEBUG 31212 --- [http-nio-744-exec-4] org.hibernate.SQL                        : select u1_0.id,u1_0.email,u1_0.enabled,u1_0.first_name,u1_0.last_login_time,u1_0.last_name,u1_0.password,u1_0.photos,u1_0.tenant_id,u1_0.user_bio from `'user'` u1_0 where u1_0.email=?
2026-01-25T00:53:12.836+02:00 DEBUG 31212 --- [http-nio-744-exec-4] org.hibernate.SQL                        : select r1_0.user_id,r1_1.id,r1_1.all_parent_ids,r1_1.descrption,r1_1.name,r1_1.parent_id,p2_0.role_id,p2_0.id,p2_0.permission,p2_0.scope from user_roles r1_0 join role r1_1 on r1_1.id=r1_0.role_id left join role_permissions p2_0 on r1_1.id=p2_0.role_id where r1_0.user_id=?
2026-01-25T00:53:12.839+02:00 DEBUG 31212 --- [http-nio-744-exec-4] org.hibernate.SQL                        : select t1_0.user_id,t1_0.id,t1_0.tenant_id from user_tenants t1_0 where t1_0.user_id=?
2026-01-25T00:53:12.858+02:00 ERROR 31212 --- [http-nio-744-exec-4] s.e.ErrorMvcAutoConfiguration$StaticView : Cannot render error page for request [/products/new-products-form] as the response has already been committed. As a result, the response may have the wrong status code.
2026-01-25T00:53:12.874+02:00 DEBUG 31212 --- [http-nio-744-exec-1] c.o.a.s.tenant.TenantFilterAspect        : ⚠️ [TenantFilterAspect] Service execution without TenantID
2026-01-25T00:53:12.877+02:00 DEBUG 31212 --- [http-nio-744-exec-1] org.hibernate.SQL                        : select u1_0.id,u1_0.email,u1_0.enabled,u1_0.first_name,u1_0.last_login_time,u1_0.last_name,u1_0.password,u1_0.photos,u1_0.tenant_id,u1_0.user_bio from `'user'` u1_0 where u1_0.email=?
2026-01-25T00:53:12.879+02:00 DEBUG 31212 --- [http-nio-744-exec-1] org.hibernate.SQL                        : select r1_0.user_id,r1_1.id,r1_1.all_parent_ids,r1_1.descrption,r1_1.name,r1_1.parent_id,p2_0.role_id,p2_0.id,p2_0.permission,p2_0.scope from user_roles r1_0 join role r1_1 on r1_1.id=r1_0.role_id left join role_permissions p2_0 on r1_1.id=p2_0.role_id where r1_0.user_id=?
2026-01-25T00:53:12.884+02:00 DEBUG 31212 --- [http-nio-744-exec-1] c.o.a.s.tenant.TenantFilterAspect        : ⚠️ [TenantFilterAspect] Service execution without TenantID
2026-01-25T00:53:12.884+02:00 DEBUG 31212 --- [http-nio-744-exec-1] org.hibernate.SQL                        : select t1_0.user_id,t1_0.id,t1_0.tenant_id from user_tenants t1_0 where t1_0.user_id=?
2026-01-25T00:53:12.888+02:00 DEBUG 31212 --- [http-nio-744-exec-2] c.o.a.s.tenant.TenantFilterAspect        : 🛡️ [TenantFilterAspect] Enforced Filter for TenantID: 0
2026-01-25T00:53:12.891+02:00 DEBUG 31212 --- [http-nio-744-exec-2] org.hibernate.SQL                        : select u1_0.id,u1_0.email,u1_0.enabled,u1_0.first_name,u1_0.last_login_time,u1_0.last_name,u1_0.password,u1_0.photos,u1_0.tenant_id,u1_0.user_bio from `'user'` u1_0 where u1_0.tenant_id = ? and u1_0.tenant_id = ? and u1_0.email=?
2026-01-25T00:53:12.895+02:00 DEBUG 31212 --- [http-nio-744-exec-2] org.hibernate.SQL                        : select r1_0.user_id,r1_1.id,r1_1.all_parent_ids,r1_1.descrption,r1_1.name,r1_1.parent_id,p2_0.role_id,p2_0.id,p2_0.permission,p2_0.scope from user_roles r1_0 join role r1_1 on r1_1.id=r1_0.role_id left join role_permissions p2_0 on r1_1.id=p2_0.role_id where r1_0.user_id=?
2026-01-25T00:53:12.896+02:00 DEBUG 31212 --- [http-nio-744-exec-6] c.o.a.s.tenant.TenantFilterAspect        : ⚠️ [TenantFilterAspect] Service execution without TenantID
2026-01-25T00:53:12.902+02:00 DEBUG 31212 --- [http-nio-744-exec-6] org.hibernate.SQL                        : select u1_0.id,u1_0.email,u1_0.enabled,u1_0.first_name,u1_0.last_login_time,u1_0.last_name,u1_0.password,u1_0.photos,u1_0.tenant_id,u1_0.user_bio from `'user'` u1_0 where u1_0.email=?
2026-01-25T00:53:12.902+02:00 DEBUG 31212 --- [http-nio-744-exec-2] org.hibernate.SQL                        : select t1_0.user_id,t1_0.id,t1_0.tenant_id from user_tenants t1_0 where t1_0.user_id=?
2026-01-25T00:53:12.904+02:00 DEBUG 31212 --- [http-nio-744-exec-6] org.hibernate.SQL                        : select r1_0.user_id,r1_1.id,r1_1.all_parent_ids,r1_1.descrption,r1_1.name,r1_1.parent_id,p2_0.role_id,p2_0.id,p2_0.permission,p2_0.scope from user_roles r1_0 join role r1_1 on r1_1.id=r1_0.role_id left join role_permissions p2_0 on r1_1.id=p2_0.role_id where r1_0.user_id=?
2026-01-25T00:53:12.905+02:00 DEBUG 31212 --- [http-nio-744-exec-2] org.hibernate.SQL                        : select t1_0.id,t1_0.active,t1_0.code,t1_0.created_at,t1_0.level,t1_0.name,t1_0.parent_id,t1_0.status from tenants t1_0 where t1_0.id=?
2026-01-25T00:53:12.907+02:00 DEBUG 31212 --- [http-nio-744-exec-2] c.o.a.s.tenant.TenantFilterAspect        : 🛡️ [TenantFilterAspect] Enforced Filter for TenantID: 0
2026-01-25T00:53:12.910+02:00 DEBUG 31212 --- [http-nio-744-exec-6] c.o.a.s.tenant.TenantFilterAspect        : ⚠️ [TenantFilterAspect] Service execution without TenantID
2026-01-25T00:53:12.910+02:00 DEBUG 31212 --- [http-nio-744-exec-2] org.hibernate.SQL                        : select s1_0.id,s1_0.category,s1_0.`key`,s1_0.tenant_id,s1_0.value from settings s1_0 where (s1_0.tenant_id = ? or s1_0.tenant_id = 0 or s1_0.tenant_id is null) and s1_0.tenant_id = ? and s1_0.category=?
2026-01-25T00:53:12.910+02:00 DEBUG 31212 --- [http-nio-744-exec-6] org.hibernate.SQL                        : select t1_0.user_id,t1_0.id,t1_0.tenant_id from user_tenants t1_0 where t1_0.user_id=?
2026-01-25T00:53:12.913+02:00  WARN 31212 --- [http-nio-744-exec-2] o.h.c.spi.AbstractPersistentCollection   : HHH000506: Detaching an uninitialized collection with enabled filters from a session: [com.onlineStoreCom.entity.users.Role.children#1]
2026-01-25T00:53:12.913+02:00  WARN 31212 --- [http-nio-744-exec-2] o.h.c.spi.AbstractPersistentCollection   : HHH000506: Detaching an uninitialized collection with enabled filters from a session: [com.onlineStoreCom.entity.tenant.Tenant.children#0]
2026-01-25T00:53:12.934+02:00 DEBUG 31212 --- [http-nio-744-exec-6] c.o.a.s.tenant.TenantFilterAspect        : ⚠️ [TenantFilterAspect] Service execution without TenantID
2026-01-25T00:53:12.937+02:00 DEBUG 31212 --- [http-nio-744-exec-6] org.hibernate.SQL                        : select u1_0.id,u1_0.email,u1_0.enabled,u1_0.first_name,u1_0.last_login_time,u1_0.last_name,u1_0.password,u1_0.photos,u1_0.tenant_id,u1_0.user_bio from `'user'` u1_0 where u1_0.email=?
2026-01-25T00:53:12.939+02:00 DEBUG 31212 --- [http-nio-744-exec-6] org.hibernate.SQL                        : select r1_0.user_id,r1_1.id,r1_1.all_parent_ids,r1_1.descrption,r1_1.name,r1_1.parent_id,p2_0.role_id,p2_0.id,p2_0.permission,p2_0.scope from user_roles r1_0 join role r1_1 on r1_1.id=r1_0.role_id left join role_permissions p2_0 on r1_1.id=p2_0.role_id where r1_0.user_id=?
2026-01-25T00:53:12.943+02:00 DEBUG 31212 --- [http-nio-744-exec-6] org.hibernate.SQL                        : select t1_0.user_id,t1_0.id,t1_0.tenant_id from user_tenants t1_0 where t1_0.user_id=?
2026-01-25T00:53:18.981+02:00 DEBUG 31212 --- [http-nio-744-exec-4] org.hibernate.SQL                        : select t1_0.id,t1_0.active,t1_0.code,t1_0.created_at,t1_0.level,t1_0.name,t1_0.parent_id,t1_0.status from tenants t1_0 where t1_0.id=?
2026-01-25T00:53:30.576+02:00 DEBUG 31212 --- [http-nio-744-exec-9] org.hibernate.SQL                        : select t1_0.id,t1_0.active,t1_0.code,t1_0.created_at,t1_0.level,t1_0.name,t1_0.parent_id,t1_0.status from tenants t1_0 where t1_0.id=?
2026-01-25T00:53:48.974+02:00 DEBUG 31212 --- [http-nio-744-exec-9] org.hibernate.SQL                        : select t1_0.id,t1_0.active,t1_0.code,t1_0.created_at,t1_0.level,t1_0.name,t1_0.parent_id,t1_0.status from tenants t1_0 where t1_0.id=?
2026-01-25T00:54:18.977+02:00 DEBUG 31212 --- [http-nio-744-exec-10] org.hibernate.SQL                        : select t1_0.id,t1_0.active,t1_0.code,t1_0.created_at,t1_0.level,t1_0.name,t1_0.parent_id,t1_0.status from tenants t1_0 where t1_0.id=?
2026-01-25T00:54:49.001+02:00 DEBUG 31212 --- [http-nio-744-exec-1] org.hibernate.SQL                        : select t1_0.id,t1_0.active,t1_0.code,t1_0.created_at,t1_0.level,t1_0.name,t1_0.parent_id,t1_0.status from tenants t1_0 where t1_0.id=?
2026-01-25T00:56:12.976+02:00 DEBUG 31212 --- [http-nio-744-exec-2] org.hibernate.SQL                        : select t1_0.id,t1_0.active,t1_0.code,t1_0.created_at,t1_0.level,t1_0.name,t1_0.parent_id,t1_0.status from tenants t1_0 where t1_0.id=?
2026-01-25T00:57:12.981+02:00 DEBUG 31212 --- [http-nio-744-exec-9] org.hibernate.SQL                        : select t1_0.id,t1_0.active,t1_0.code,t1_0.created_at,t1_0.level,t1_0.name,t1_0.parent_id,t1_0.status from tenants t1_0 where t1_0.id=?
2026-01-25T00:58:12.975+02:00 DEBUG 31212 --- [http-nio-744-exec-10] org.hibernate.SQL                        : select t1_0.id,t1_0.active,t1_0.code,t1_0.created_at,t1_0.level,t1_0.name,t1_0.parent_id,t1_0.status from tenants t1_0 where t1_0.id=?
2026-01-25T00:59:12.981+02:00 DEBUG 31212 --- [http-nio-744-exec-6] org.hibernate.SQL                        : select t1_0.id,t1_0.active,t1_0.code,t1_0.created_at,t1_0.level,t1_0.name,t1_0.parent_id,t1_0.status from tenants t1_0 where t1_0.id=?
2026-01-25T01:00:12.984+02:00 DEBUG 31212 --- [http-nio-744-exec-4] org.hibernate.SQL                        : select t1_0.id,t1_0.active,t1_0.code,t1_0.created_at,t1_0.level,t1_0.name,t1_0.parent_id,t1_0.status from tenants t1_0 where t1_0.id=?
2026-01-25T01:00:59.726+02:00  INFO 31212 --- [SpringApplicationShutdownHook] j.LocalContainerEntityManagerFactoryBean : Closing JPA EntityManagerFactory for persistence unit 'default'
2026-01-25T01:01:00.187+02:00  INFO 31212 --- [SpringApplicationShutdownHook] com.zaxxer.hikari.HikariDataSource       : HikariPool-1 - Shutdown initiated...
2026-01-25T01:01:00.429+02:00  INFO 31212 --- [SpringApplicationShutdownHook] com.zaxxer.hikari.HikariDataSource       : HikariPool-1 - Shutdown completed.
2026-01-25T02:10:12.960+02:00  INFO 26232 --- [main] c.o.admin.WebBackEndApplication          : Starting WebBackEndApplication using Java 19.0.1 with PID 26232 (E:\onlineStore_Active\webParentVer2\WebBackEndVer2\target\classes started by enoam in E:\onlineStore_Active)
2026-01-25T02:10:12.980+02:00  INFO 26232 --- [main] c.o.admin.WebBackEndApplication          : No active profile set, falling back to 1 default profile: "default"
2026-01-25T02:10:17.198+02:00  INFO 26232 --- [main] .s.d.r.c.RepositoryConfigurationDelegate : Bootstrapping Spring Data JPA repositories in DEFAULT mode.
2026-01-25T02:10:17.530+02:00  INFO 26232 --- [main] .s.d.r.c.RepositoryConfigurationDelegate : Finished Spring Data repository scanning in 313 ms. Found 35 JPA repository interfaces.
2026-01-25T02:10:17.544+02:00  INFO 26232 --- [main] .s.d.r.c.RepositoryConfigurationDelegate : Bootstrapping Spring Data JPA repositories in DEFAULT mode.
2026-01-25T02:10:17.666+02:00  INFO 26232 --- [main] .s.d.r.c.RepositoryConfigurationDelegate : Finished Spring Data repository scanning in 120 ms. Found 34 JPA repository interfaces.
2026-01-25T02:10:19.578+02:00  INFO 26232 --- [main] o.s.b.w.embedded.tomcat.TomcatWebServer  : Tomcat initialized with port(s): 744 (http)
2026-01-25T02:10:19.589+02:00  INFO 26232 --- [main] o.apache.catalina.core.StandardService   : Starting service [Tomcat]
2026-01-25T02:10:19.590+02:00  INFO 26232 --- [main] o.apache.catalina.core.StandardEngine    : Starting Servlet engine: [Apache Tomcat/10.1.13]
2026-01-25T02:10:19.697+02:00  INFO 26232 --- [main] o.a.c.c.C.[Tomcat].[localhost].[/]       : Initializing Spring embedded WebApplicationContext
2026-01-25T02:10:19.697+02:00  INFO 26232 --- [main] w.s.c.ServletWebServerApplicationContext : Root WebApplicationContext: initialization completed in 6633 ms
2026-01-25T02:10:19.840+02:00  INFO 26232 --- [main] o.hibernate.jpa.internal.util.LogHelper  : HHH000204: Processing PersistenceUnitInfo [name: default]
2026-01-25T02:10:19.897+02:00  INFO 26232 --- [main] org.hibernate.Version                    : HHH000412: Hibernate ORM core version 6.2.9.Final
2026-01-25T02:10:19.900+02:00  INFO 26232 --- [main] org.hibernate.cfg.Environment            : HHH000406: Using bytecode reflection optimizer
2026-01-25T02:10:20.060+02:00  INFO 26232 --- [main] o.h.b.i.BytecodeProviderInitiator        : HHH000021: Bytecode provider name : bytebuddy
2026-01-25T02:10:20.233+02:00  INFO 26232 --- [main] o.s.o.j.p.SpringPersistenceUnitInfo      : No LoadTimeWeaver setup: ignoring JPA class transformer
2026-01-25T02:10:20.249+02:00  INFO 26232 --- [main] com.zaxxer.hikari.HikariDataSource       : HikariPool-1 - Starting...
2026-01-25T02:10:20.513+02:00  INFO 26232 --- [main] com.zaxxer.hikari.pool.HikariPool        : HikariPool-1 - Added connection com.mysql.cj.jdbc.ConnectionImpl@33399052
2026-01-25T02:10:20.515+02:00  INFO 26232 --- [main] com.zaxxer.hikari.HikariDataSource       : HikariPool-1 - Start completed.
2026-01-25T02:10:21.049+02:00  INFO 26232 --- [main] o.h.b.i.BytecodeProviderInitiator        : HHH000021: Bytecode provider name : bytebuddy
2026-01-25T02:10:22.406+02:00  INFO 26232 --- [main] o.h.e.t.j.p.i.JtaPlatformInitiator       : HHH000490: Using JtaPlatform implementation: [org.hibernate.engine.transaction.jta.platform.internal.NoJtaPlatform]
2026-01-25T02:10:23.052+02:00  INFO 26232 --- [main] j.LocalContainerEntityManagerFactoryBean : Initialized JPA EntityManagerFactory for persistence unit 'default'
2026-01-25T02:10:23.828+02:00  INFO 26232 --- [main] o.s.d.j.r.query.QueryEnhancerFactory     : Hibernate is in classpath; If applicable, HQL parser will be used.
2026-01-25T02:10:24.143+02:00  INFO 26232 --- [main] o.s.boot.web.servlet.RegistrationBean    : Filter tenantFilterRegistration was not registered (disabled)
2026-01-25T02:10:24.143+02:00  INFO 26232 --- [main] o.s.boot.web.servlet.RegistrationBean    : Filter tenantContextFilterRegistration was not registered (disabled)
2026-01-25T02:10:25.441+02:00  INFO 26232 --- [main] c.o.a.g.watchdog.FileSystemMonitor       : Watchdog: Registered monitor for tenants
2026-01-25T02:10:25.443+02:00  INFO 26232 --- [main] c.o.a.g.watchdog.FileSystemMonitor       : Watchdog: Registered monitor for .
2026-01-25T02:10:25.443+02:00  INFO 26232 --- [Architecture-Watchdog-Thread] c.o.a.g.watchdog.FileSystemMonitor       : Watchdog: FileSystemMonitor thread started.
2026-01-25T02:10:27.430+02:00  WARN 26232 --- [main] JpaBaseConfiguration$JpaWebConfiguration : spring.jpa.open-in-view is enabled by default. Therefore, database queries may be performed during view rendering. Explicitly configure spring.jpa.open-in-view to disable this warning
2026-01-25T02:10:28.756+02:00  INFO 26232 --- [main] o.s.b.a.e.web.EndpointLinksResolver      : Exposing 5 endpoint(s) beneath base path '/actuator'
2026-01-25T02:10:28.966+02:00  INFO 26232 --- [main] o.s.s.web.DefaultSecurityFilterChain     : Will secure any request with [org.springframework.security.web.session.DisableEncodeUrlFilter@136cef7c, org.springframework.security.web.context.request.async.WebAsyncManagerIntegrationFilter@2d5116c6, org.springframework.security.web.context.SecurityContextHolderFilter@1c989acb, org.springframework.security.web.header.HeaderWriterFilter@1d5a4df3, org.springframework.security.web.csrf.CsrfFilter@327890cd, org.springframework.security.web.authentication.logout.LogoutFilter@7f3469e7, com.onlineStore.admin.security.TenantAccessValidationFilter@77f76656, com.onlineStoreCom.security.tenant.TenantContextFilter@788cb7b0, org.springframework.security.web.authentication.UsernamePasswordAuthenticationFilter@164cb6a9, org.springframework.security.web.session.ConcurrentSessionFilter@316a06f, org.springframework.security.web.savedrequest.RequestCacheAwareFilter@fd39a21, org.springframework.security.web.servletapi.SecurityContextHolderAwareRequestFilter@61b9f9a1, org.springframework.security.web.authentication.rememberme.RememberMeAuthenticationFilter@1edd9e09, org.springframework.security.web.authentication.AnonymousAuthenticationFilter@4b904d1a, org.springframework.security.web.session.SessionManagementFilter@2c981784, org.springframework.security.web.access.ExceptionTranslationFilter@6395aed6, org.springframework.security.web.access.intercept.AuthorizationFilter@1c9a4631]
2026-01-25T02:10:29.552+02:00  INFO 26232 --- [main] o.s.b.w.embedded.tomcat.TomcatWebServer  : Tomcat started on port(s): 744 (http) with context path ''
2026-01-25T02:10:29.567+02:00  INFO 26232 --- [main] c.o.admin.WebBackEndApplication          : Started WebBackEndApplication in 17.235 seconds (process running for 19.286)
2026-01-25T02:10:29.585+02:00  INFO 26232 --- [main] c.o.admin.CorrectTenant0To4Data          : ================================================================================
2026-01-25T02:10:29.585+02:00  INFO 26232 --- [main] c.o.admin.CorrectTenant0To4Data          : 🔧 MIGRATING DATA: TENANT 0 -> TENANT 4 (SKIPPED FOR ASSET MIGRATION)
2026-01-25T02:10:29.585+02:00  INFO 26232 --- [main] c.o.admin.CorrectTenant0To4Data          : ================================================================================
2026-01-25T02:10:29.590+02:00  INFO 26232 --- [main] c.onlineStore.admin.CorrectTenant4Data   : ================================================================================
2026-01-25T02:10:29.590+02:00  INFO 26232 --- [main] c.onlineStore.admin.CorrectTenant4Data   : 🔧 FIXING TENANT 4 DATA MIGRATION
2026-01-25T02:10:29.590+02:00  INFO 26232 --- [main] c.onlineStore.admin.CorrectTenant4Data   : ================================================================================
2026-01-25T02:10:29.617+02:00 DEBUG 26232 --- [main] org.hibernate.SQL                        : UPDATE categories SET tenant_id = 4 WHERE tenant_id = 1
2026-01-25T02:10:29.625+02:00  INFO 26232 --- [main] c.onlineStore.admin.CorrectTenant4Data   : ✅ Fixed 0 categories: tenant_id 1 → 4
2026-01-25T02:10:29.626+02:00 DEBUG 26232 --- [main] org.hibernate.SQL                        : UPDATE brands SET tenant_id = 4 WHERE tenant_id = 1
2026-01-25T02:10:29.627+02:00  INFO 26232 --- [main] c.onlineStore.admin.CorrectTenant4Data   : ✅ Fixed 0 brands: tenant_id 1 → 4
2026-01-25T02:10:29.628+02:00 DEBUG 26232 --- [main] org.hibernate.SQL                        : UPDATE products SET tenant_id = 4 WHERE tenant_id = 1
2026-01-25T02:10:29.631+02:00  INFO 26232 --- [main] c.onlineStore.admin.CorrectTenant4Data   : ✅ Fixed 0 products: tenant_id 1 → 4
2026-01-25T02:10:29.632+02:00 DEBUG 26232 --- [main] org.hibernate.SQL                        :     DELETE FROM settings
    WHERE tenant_id = 1
    AND `key` IN (
        SELECT `key` FROM (
            SELECT `key` FROM settings WHERE tenant_id = 4
        ) as temp
    )

2026-01-25T02:10:29.638+02:00  INFO 26232 --- [main] c.onlineStore.admin.CorrectTenant4Data   : ⚠️ Deleted 0 duplicate settings from Tenant 1
2026-01-25T02:10:29.640+02:00 DEBUG 26232 --- [main] org.hibernate.SQL                        : UPDATE settings SET tenant_id = 4 WHERE tenant_id = 1
2026-01-25T02:10:29.641+02:00  INFO 26232 --- [main] c.onlineStore.admin.CorrectTenant4Data   : ✅ Fixed 0 settings: tenant_id 1 → 4
2026-01-25T02:10:29.642+02:00 DEBUG 26232 --- [main] org.hibernate.SQL                        : UPDATE customers SET tenant_id = 4 WHERE tenant_id = 1
2026-01-25T02:10:29.644+02:00  INFO 26232 --- [main] c.onlineStore.admin.CorrectTenant4Data   : ✅ Fixed 0 customers: tenant_id 1 → 4
2026-01-25T02:10:29.644+02:00 DEBUG 26232 --- [main] org.hibernate.SQL                        : UPDATE orders SET tenant_id = 4 WHERE tenant_id = 1
2026-01-25T02:10:29.646+02:00  INFO 26232 --- [main] c.onlineStore.admin.CorrectTenant4Data   : ✅ Fixed 0 orders: tenant_id 1 → 4
2026-01-25T02:10:29.646+02:00 DEBUG 26232 --- [main] org.hibernate.SQL                        : UPDATE reviews SET tenant_id = 4 WHERE tenant_id = 1
2026-01-25T02:10:29.648+02:00  INFO 26232 --- [main] c.onlineStore.admin.CorrectTenant4Data   : ✅ Fixed 0 reviews: tenant_id 1 → 4
2026-01-25T02:10:29.648+02:00 DEBUG 26232 --- [main] org.hibernate.SQL                        : UPDATE articles SET tenant_id = 4 WHERE tenant_id = 1
2026-01-25T02:10:29.651+02:00 DEBUG 26232 --- [main] org.hibernate.SQL                        : UPDATE menus SET tenant_id = 4 WHERE tenant_id = 1
2026-01-25T02:10:29.653+02:00 DEBUG 26232 --- [main] org.hibernate.SQL                        : UPDATE sections SET tenant_id = 4 WHERE tenant_id = 1
2026-01-25T02:10:29.655+02:00  INFO 26232 --- [main] c.onlineStore.admin.CorrectTenant4Data   : ✅ Fixed Content: 0 articles, 0 menus, 0 sections
2026-01-25T02:10:29.675+02:00 DEBUG 26232 --- [main] org.hibernate.SQL                        :     SELECT COUNT(*) FROM brands_categories bc
    JOIN brands b ON bc.brand_id = b.id
    JOIN categories c ON bc.category_id = c.id
    WHERE b.tenant_id = 4 AND c.tenant_id = 1

2026-01-25T02:10:29.718+02:00  INFO 26232 --- [main] c.onlineStore.admin.CorrectTenant4Data   : 📊 Remaining cross-tenant refs (Tenant 4 brands → Tenant 1 categories): 0
2026-01-25T02:10:29.718+02:00  INFO 26232 --- [main] c.onlineStore.admin.CorrectTenant4Data   : ✅ ALL CROSS-TENANT REFERENCES RESOLVED!
2026-01-25T02:10:29.718+02:00  INFO 26232 --- [main] c.onlineStore.admin.CorrectTenant4Data   : ================================================================================
2026-01-25T02:10:29.722+02:00 DEBUG 26232 --- [main] org.hibernate.SQL                        :     SELECT c.id, c.tenant_id, p.id, p.tenant_id
    FROM categories c
    JOIN categories p ON c.parent_id = p.id
    WHERE c.tenant_id != p.tenant_id

2026-01-25T02:10:29.725+02:00 DEBUG 26232 --- [main] org.hibernate.SQL                        :     SELECT p.id, p.tenant_id, c.id, c.tenant_id
    FROM products p
    JOIN categories c ON p.category_id = c.id
    WHERE p.tenant_id != c.tenant_id

2026-01-25T02:10:29.728+02:00 DEBUG 26232 --- [main] org.hibernate.SQL                        :     SELECT p.id, p.tenant_id, b.id, b.tenant_id
    FROM products p
    JOIN brands b ON p.brand_id = b.id
    WHERE p.tenant_id != b.tenant_id

2026-01-25T02:10:29.728+02:00 DEBUG 26232 --- [main] org.hibernate.SQL                        :     DELETE bc FROM brands_categories bc
    JOIN brands b ON bc.brand_id = b.id
    JOIN categories c ON bc.category_id = c.id
    WHERE b.tenant_id != c.tenant_id

2026-01-25T02:10:29.732+02:00 DEBUG 26232 --- [main] org.hibernate.SQL                        :     SELECT o.id, o.tenant_id, c.id, c.tenant_id
    FROM orders o
    JOIN customers c ON o.customer_id = c.id
    WHERE o.tenant_id != c.tenant_id

2026-01-25T02:10:29.733+02:00 DEBUG 26232 --- [main] org.hibernate.SQL                        :     SELECT od.id, o.tenant_id, p.id, p.tenant_id
    FROM order_details od
    JOIN orders o ON od.order_id = o.id
    JOIN products p ON od.product_id = p.id
    WHERE o.tenant_id != p.tenant_id

2026-01-25T02:10:29.746+02:00 DEBUG 26232 --- [main] org.hibernate.SQL                        : SELECT COUNT(*) FROM categories WHERE tenant_id = 4
2026-01-25T02:10:29.746+02:00 DEBUG 26232 --- [main] org.hibernate.SQL                        : SELECT COUNT(*) FROM categories WHERE tenant_id = 5
2026-01-25T02:10:29.748+02:00 DEBUG 26232 --- [main] org.hibernate.SQL                        : SELECT COUNT(*) FROM brands WHERE tenant_id = 4
2026-01-25T02:10:29.750+02:00 DEBUG 26232 --- [main] org.hibernate.SQL                        : SELECT COUNT(*) FROM brands WHERE tenant_id = 5
2026-01-25T02:10:29.751+02:00 DEBUG 26232 --- [main] org.hibernate.SQL                        : SELECT COUNT(*) FROM products WHERE tenant_id = 4
2026-01-25T02:10:29.752+02:00 DEBUG 26232 --- [main] org.hibernate.SQL                        : SELECT COUNT(*) FROM products WHERE tenant_id = 5
2026-01-25T02:10:29.757+02:00 DEBUG 26232 --- [main] org.hibernate.SQL                        :     SELECT c.id, c.name, c.tenant_id, p.id, p.name, p.tenant_id
    FROM categories c
    JOIN categories p ON c.parent_id = p.id
    WHERE c.tenant_id = 4 AND p.tenant_id = 5

2026-01-25T02:10:29.760+02:00 DEBUG 26232 --- [main] org.hibernate.SQL                        :     SELECT bc.brand_id, b.name, b.tenant_id, bc.category_id, c.name, c.tenant_id
    FROM brands_categories bc
    JOIN brands b ON bc.brand_id = b.id
    JOIN categories c ON bc.category_id = c.id
    WHERE b.tenant_id = 4 AND c.tenant_id = 5

2026-01-25T02:10:29.763+02:00 DEBUG 26232 --- [main] org.hibernate.SQL                        :     SELECT p.id, p.name, p.tenant_id, p.category_id, c.name, c.tenant_id
    FROM products p
    JOIN categories c ON p.category_id = c.id
    WHERE p.tenant_id = 4 AND c.tenant_id = 5

2026-01-25T02:10:29.765+02:00 DEBUG 26232 --- [main] org.hibernate.SQL                        :     SELECT p.id, p.name, p.tenant_id, p.brand_id, b.name, b.tenant_id
    FROM products p
    JOIN brands b ON p.brand_id = b.id
    WHERE p.tenant_id = 4 AND b.tenant_id = 5

2026-01-25T02:10:29.767+02:00 DEBUG 26232 --- [main] org.hibernate.SQL                        :     SELECT bc.brand_id, b.name, b.tenant_id, bc.category_id, c.name, c.tenant_id
    FROM brands_categories bc
    JOIN brands b ON bc.brand_id = b.id
    JOIN categories c ON bc.category_id = c.id
    WHERE b.tenant_id = 5 AND c.tenant_id = 4

2026-01-25T02:10:29.776+02:00 DEBUG 26232 --- [main] org.hibernate.SQL                        :     SELECT c.id, c.name, c.tenant_id AS child_tenant,
           p.id AS parent_id, p.name AS parent_name, p.tenant_id AS parent_tenant
    FROM categories c
    JOIN categories p ON c.parent_id = p.id
    WHERE c.tenant_id != p.tenant_id
    ORDER BY c.tenant_id, p.tenant_id

2026-01-25T02:10:29.780+02:00 DEBUG 26232 --- [main] org.hibernate.SQL                        :     SELECT c.id, c.name, p.id, p.name, p.tenant_id
    FROM categories c
    JOIN categories p ON c.parent_id = p.id
    WHERE c.tenant_id = 4 AND c.tenant_id != p.tenant_id

2026-01-25T02:10:29.781+02:00 DEBUG 26232 --- [main] org.hibernate.SQL                        :     SELECT c.id, c.name, c.tenant_id, c.parent_id
    FROM categories c
    WHERE c.parent_id IS NOT NULL
    AND c.parent_id NOT IN (SELECT id FROM categories)

2026-01-25T02:10:29.789+02:00  INFO 26232 --- [main] c.onlineStore.admin.MigrationVerifier    : 🕵️ STARTING MIGRATION VERIFICATION 🕵️
2026-01-25T02:10:29.790+02:00 DEBUG 26232 --- [main] org.hibernate.SQL                        : SELECT COUNT(*) FROM products WHERE tenant_id = 1
2026-01-25T02:10:29.793+02:00 DEBUG 26232 --- [main] org.hibernate.SQL                        : SELECT COUNT(*) FROM products WHERE tenant_id = 4
2026-01-25T02:10:29.795+02:00  INFO 26232 --- [main] c.onlineStore.admin.MigrationVerifier    : [products       ] Tenant 1: 0 | Tenant 4: 108 | Status: ✅ Clean
2026-01-25T02:10:29.795+02:00 DEBUG 26232 --- [main] org.hibernate.SQL                        : SELECT COUNT(*) FROM categories WHERE tenant_id = 1
2026-01-25T02:10:29.797+02:00 DEBUG 26232 --- [main] org.hibernate.SQL                        : SELECT COUNT(*) FROM categories WHERE tenant_id = 4
2026-01-25T02:10:29.798+02:00  INFO 26232 --- [main] c.onlineStore.admin.MigrationVerifier    : [categories     ] Tenant 1: 0 | Tenant 4: 34 | Status: ✅ Clean
2026-01-25T02:10:29.799+02:00 DEBUG 26232 --- [main] org.hibernate.SQL                        : SELECT COUNT(*) FROM brands WHERE tenant_id = 1
2026-01-25T02:10:29.800+02:00 DEBUG 26232 --- [main] org.hibernate.SQL                        : SELECT COUNT(*) FROM brands WHERE tenant_id = 4
2026-01-25T02:10:29.803+02:00  INFO 26232 --- [main] c.onlineStore.admin.MigrationVerifier    : [brands         ] Tenant 1: 0 | Tenant 4: 77 | Status: ✅ Clean
2026-01-25T02:10:29.803+02:00 DEBUG 26232 --- [main] org.hibernate.SQL                        : SELECT COUNT(*) FROM customers WHERE tenant_id = 1
2026-01-25T02:10:29.806+02:00 DEBUG 26232 --- [main] org.hibernate.SQL                        : SELECT COUNT(*) FROM customers WHERE tenant_id = 4
2026-01-25T02:10:29.808+02:00  INFO 26232 --- [main] c.onlineStore.admin.MigrationVerifier    : [customers      ] Tenant 1: 0 | Tenant 4: 43 | Status: ✅ Clean
2026-01-25T02:10:29.809+02:00 DEBUG 26232 --- [main] org.hibernate.SQL                        : SELECT COUNT(*) FROM orders WHERE tenant_id = 1
2026-01-25T02:10:29.811+02:00 DEBUG 26232 --- [main] org.hibernate.SQL                        : SELECT COUNT(*) FROM orders WHERE tenant_id = 4
2026-01-25T02:10:29.812+02:00  INFO 26232 --- [main] c.onlineStore.admin.MigrationVerifier    : [orders         ] Tenant 1: 0 | Tenant 4: 160 | Status: ✅ Clean
2026-01-25T02:10:29.813+02:00 DEBUG 26232 --- [main] org.hibernate.SQL                        : SELECT COUNT(*) FROM reviews WHERE tenant_id = 1
2026-01-25T02:10:29.815+02:00 DEBUG 26232 --- [main] org.hibernate.SQL                        : SELECT COUNT(*) FROM reviews WHERE tenant_id = 4
2026-01-25T02:10:29.816+02:00  INFO 26232 --- [main] c.onlineStore.admin.MigrationVerifier    : [reviews        ] Tenant 1: 0 | Tenant 4: 66 | Status: ✅ Clean
2026-01-25T02:10:29.817+02:00 DEBUG 26232 --- [main] org.hibernate.SQL                        : SELECT COUNT(*) FROM articles WHERE tenant_id = 1
2026-01-25T02:10:29.819+02:00 DEBUG 26232 --- [main] org.hibernate.SQL                        : SELECT COUNT(*) FROM articles WHERE tenant_id = 4
2026-01-25T02:10:29.822+02:00  INFO 26232 --- [main] c.onlineStore.admin.MigrationVerifier    : [articles       ] Tenant 1: 0 | Tenant 4: 9 | Status: ✅ Clean
2026-01-25T02:10:29.822+02:00 DEBUG 26232 --- [main] org.hibernate.SQL                        : SELECT COUNT(*) FROM menus WHERE tenant_id = 1
2026-01-25T02:10:29.824+02:00 DEBUG 26232 --- [main] org.hibernate.SQL                        : SELECT COUNT(*) FROM menus WHERE tenant_id = 4
2026-01-25T02:10:29.825+02:00  INFO 26232 --- [main] c.onlineStore.admin.MigrationVerifier    : [menus          ] Tenant 1: 0 | Tenant 4: 0 | Status: ✅ Clean
2026-01-25T02:10:29.826+02:00 DEBUG 26232 --- [main] org.hibernate.SQL                        : SELECT COUNT(*) FROM sections WHERE tenant_id = 1
2026-01-25T02:10:29.828+02:00 DEBUG 26232 --- [main] org.hibernate.SQL                        : SELECT COUNT(*) FROM sections WHERE tenant_id = 4
2026-01-25T02:10:29.829+02:00  INFO 26232 --- [main] c.onlineStore.admin.MigrationVerifier    : [sections       ] Tenant 1: 0 | Tenant 4: 0 | Status: ✅ Clean
2026-01-25T02:10:29.830+02:00 DEBUG 26232 --- [main] org.hibernate.SQL                        : SELECT COUNT(*) FROM settings WHERE tenant_id = 1
2026-01-25T02:10:29.832+02:00 DEBUG 26232 --- [main] org.hibernate.SQL                        : SELECT COUNT(*) FROM settings WHERE tenant_id = 4
2026-01-25T02:10:29.833+02:00  INFO 26232 --- [main] c.onlineStore.admin.MigrationVerifier    : [settings       ] Tenant 1: 0 | Tenant 4: 67 | Status: ✅ Clean
2026-01-25T02:10:29.835+02:00  INFO 26232 --- [main] c.onlineStore.admin.MigrationVerifier    : 🕵️ VERIFICATION COMPLETE. Check verification_result.txt 🕵️
2026-01-25T02:10:29.921+02:00 DEBUG 26232 --- [main] org.hibernate.SQL                        : select p1_0.id,p1_0.alias,p1_0.average_rating,p1_0.booking_slots,p1_0.brand_id,p1_0.category_id,p1_0.cost,p1_0.created_time,p1_0.discount_percent,p1_0.enabled,p1_0.full_description,p1_0.has_description,p1_0.has_extra_details,p1_0.has_location,p1_0.has_scheduling,p1_0.has_shipping,p1_0.height,p1_0.in_stock,p1_0.length,p1_0.main_image,p1_0.name,p1_0.price,p1_0.product_type,p1_0.review_count,p1_0.service_duration,p1_0.short_description,p1_0.subscription_interval,p1_0.tenant_id,p1_0.track_stock,p1_0.updated_time,p1_0.weight,p1_0.width from products p1_0
2026-01-25T02:10:29.972+02:00 DEBUG 26232 --- [main] org.hibernate.SQL                        : select b1_0.id,b1_0.logo,b1_0.name,b1_0.tenant_id from brands b1_0 where b1_0.id=?
2026-01-25T02:10:29.978+02:00 DEBUG 26232 --- [main] org.hibernate.SQL                        : select c1_0.id,c1_0.alias,c1_0.all_parent_ids,c1_0.enabled,c1_0.image,c1_0.level,c1_0.name,c1_0.parent_id,c1_0.tenant_id from categories c1_0 where c1_0.id=?
2026-01-25T02:10:29.982+02:00 DEBUG 26232 --- [main] org.hibernate.SQL                        : select b1_0.id,b1_0.logo,b1_0.name,b1_0.tenant_id from brands b1_0 where b1_0.id=?
2026-01-25T02:10:29.985+02:00 DEBUG 26232 --- [main] org.hibernate.SQL                        : select b1_0.id,b1_0.logo,b1_0.name,b1_0.tenant_id from brands b1_0 where b1_0.id=?
2026-01-25T02:10:29.989+02:00 DEBUG 26232 --- [main] org.hibernate.SQL                        : select c1_0.id,c1_0.alias,c1_0.all_parent_ids,c1_0.enabled,c1_0.image,c1_0.level,c1_0.name,c1_0.parent_id,c1_0.tenant_id from categories c1_0 where c1_0.id=?
2026-01-25T02:10:29.993+02:00 DEBUG 26232 --- [main] org.hibernate.SQL                        : select b1_0.id,b1_0.logo,b1_0.name,b1_0.tenant_id from brands b1_0 where b1_0.id=?
2026-01-25T02:10:29.995+02:00 DEBUG 26232 --- [main] org.hibernate.SQL                        : select c1_0.id,c1_0.alias,c1_0.all_parent_ids,c1_0.enabled,c1_0.image,c1_0.level,c1_0.name,c1_0.parent_id,c1_0.tenant_id from categories c1_0 where c1_0.id=?
2026-01-25T02:10:30.006+02:00 DEBUG 26232 --- [main] org.hibernate.SQL                        : select b1_0.id,b1_0.logo,b1_0.name,b1_0.tenant_id from brands b1_0 where b1_0.id=?
2026-01-25T02:10:30.009+02:00 DEBUG 26232 --- [main] org.hibernate.SQL                        : select c1_0.id,c1_0.alias,c1_0.all_parent_ids,c1_0.enabled,c1_0.image,c1_0.level,c1_0.name,c1_0.parent_id,c1_0.tenant_id from categories c1_0 where c1_0.id=?
2026-01-25T02:10:30.012+02:00 DEBUG 26232 --- [main] org.hibernate.SQL                        : select b1_0.id,b1_0.logo,b1_0.name,b1_0.tenant_id from brands b1_0 where b1_0.id=?
2026-01-25T02:10:30.014+02:00 DEBUG 26232 --- [main] org.hibernate.SQL                        : select b1_0.id,b1_0.logo,b1_0.name,b1_0.tenant_id from brands b1_0 where b1_0.id=?
2026-01-25T02:10:30.017+02:00 DEBUG 26232 --- [main] org.hibernate.SQL                        : select b1_0.id,b1_0.logo,b1_0.name,b1_0.tenant_id from brands b1_0 where b1_0.id=?
2026-01-25T02:10:30.020+02:00 DEBUG 26232 --- [main] org.hibernate.SQL                        : select b1_0.id,b1_0.logo,b1_0.name,b1_0.tenant_id from brands b1_0 where b1_0.id=?
2026-01-25T02:10:30.021+02:00 DEBUG 26232 --- [main] org.hibernate.SQL                        : select c1_0.id,c1_0.alias,c1_0.all_parent_ids,c1_0.enabled,c1_0.image,c1_0.level,c1_0.name,c1_0.parent_id,c1_0.tenant_id from categories c1_0 where c1_0.id=?
2026-01-25T02:10:30.026+02:00 DEBUG 26232 --- [main] org.hibernate.SQL                        : select b1_0.id,b1_0.logo,b1_0.name,b1_0.tenant_id from brands b1_0 where b1_0.id=?
2026-01-25T02:10:30.028+02:00 DEBUG 26232 --- [main] org.hibernate.SQL                        : select c1_0.id,c1_0.alias,c1_0.all_parent_ids,c1_0.enabled,c1_0.image,c1_0.level,c1_0.name,c1_0.parent_id,c1_0.tenant_id from categories c1_0 where c1_0.id=?
2026-01-25T02:10:30.031+02:00 DEBUG 26232 --- [main] org.hibernate.SQL                        : select b1_0.id,b1_0.logo,b1_0.name,b1_0.tenant_id from brands b1_0 where b1_0.id=?
2026-01-25T02:10:30.034+02:00 DEBUG 26232 --- [main] org.hibernate.SQL                        : select b1_0.id,b1_0.logo,b1_0.name,b1_0.tenant_id from brands b1_0 where b1_0.id=?
2026-01-25T02:10:30.035+02:00 DEBUG 26232 --- [main] org.hibernate.SQL                        : select c1_0.id,c1_0.alias,c1_0.all_parent_ids,c1_0.enabled,c1_0.image,c1_0.level,c1_0.name,c1_0.parent_id,c1_0.tenant_id from categories c1_0 where c1_0.id=?
2026-01-25T02:10:30.038+02:00 DEBUG 26232 --- [main] org.hibernate.SQL                        : select b1_0.id,b1_0.logo,b1_0.name,b1_0.tenant_id from brands b1_0 where b1_0.id=?
2026-01-25T02:10:30.042+02:00 DEBUG 26232 --- [main] org.hibernate.SQL                        : select b1_0.id,b1_0.logo,b1_0.name,b1_0.tenant_id from brands b1_0 where b1_0.id=?
2026-01-25T02:10:30.044+02:00 DEBUG 26232 --- [main] org.hibernate.SQL                        : select b1_0.id,b1_0.logo,b1_0.name,b1_0.tenant_id from brands b1_0 where b1_0.id=?
2026-01-25T02:10:30.047+02:00 DEBUG 26232 --- [main] org.hibernate.SQL                        : select b1_0.id,b1_0.logo,b1_0.name,b1_0.tenant_id from brands b1_0 where b1_0.id=?
2026-01-25T02:10:30.049+02:00 DEBUG 26232 --- [main] org.hibernate.SQL                        : select b1_0.id,b1_0.logo,b1_0.name,b1_0.tenant_id from brands b1_0 where b1_0.id=?
2026-01-25T02:10:30.052+02:00 DEBUG 26232 --- [main] org.hibernate.SQL                        : select b1_0.id,b1_0.logo,b1_0.name,b1_0.tenant_id from brands b1_0 where b1_0.id=?
2026-01-25T02:10:30.056+02:00 DEBUG 26232 --- [main] org.hibernate.SQL                        : select c1_0.id,c1_0.alias,c1_0.all_parent_ids,c1_0.enabled,c1_0.image,c1_0.level,c1_0.name,c1_0.parent_id,c1_0.tenant_id from categories c1_0 where c1_0.id=?
2026-01-25T02:10:30.060+02:00 DEBUG 26232 --- [main] org.hibernate.SQL                        : select b1_0.id,b1_0.logo,b1_0.name,b1_0.tenant_id from brands b1_0 where b1_0.id=?
2026-01-25T02:10:30.061+02:00 DEBUG 26232 --- [main] org.hibernate.SQL                        : select b1_0.id,b1_0.logo,b1_0.name,b1_0.tenant_id from brands b1_0 where b1_0.id=?
2026-01-25T02:10:30.063+02:00 DEBUG 26232 --- [main] org.hibernate.SQL                        : select b1_0.id,b1_0.logo,b1_0.name,b1_0.tenant_id from brands b1_0 where b1_0.id=?
2026-01-25T02:10:30.065+02:00 DEBUG 26232 --- [main] org.hibernate.SQL                        : select b1_0.id,b1_0.logo,b1_0.name,b1_0.tenant_id from brands b1_0 where b1_0.id=?
2026-01-25T02:10:30.067+02:00 DEBUG 26232 --- [main] org.hibernate.SQL                        : select c1_0.id,c1_0.alias,c1_0.all_parent_ids,c1_0.enabled,c1_0.image,c1_0.level,c1_0.name,c1_0.parent_id,c1_0.tenant_id from categories c1_0 where c1_0.id=?
2026-01-25T02:10:30.068+02:00 DEBUG 26232 --- [main] org.hibernate.SQL                        : select b1_0.id,b1_0.logo,b1_0.name,b1_0.tenant_id from brands b1_0 where b1_0.id=?
2026-01-25T02:10:30.073+02:00 DEBUG 26232 --- [main] org.hibernate.SQL                        : select b1_0.id,b1_0.logo,b1_0.name,b1_0.tenant_id from brands b1_0 where b1_0.id=?
2026-01-25T02:10:30.073+02:00 DEBUG 26232 --- [main] org.hibernate.SQL                        : select b1_0.id,b1_0.logo,b1_0.name,b1_0.tenant_id from brands b1_0 where b1_0.id=?
2026-01-25T02:10:30.077+02:00 DEBUG 26232 --- [main] org.hibernate.SQL                        : select c1_0.id,c1_0.alias,c1_0.all_parent_ids,c1_0.enabled,c1_0.image,c1_0.level,c1_0.name,c1_0.parent_id,c1_0.tenant_id from categories c1_0 where c1_0.id=?
2026-01-25T02:10:30.078+02:00 DEBUG 26232 --- [main] org.hibernate.SQL                        : select b1_0.id,b1_0.logo,b1_0.name,b1_0.tenant_id from brands b1_0 where b1_0.id=?
2026-01-25T02:10:30.081+02:00 DEBUG 26232 --- [main] org.hibernate.SQL                        : select b1_0.id,b1_0.logo,b1_0.name,b1_0.tenant_id from brands b1_0 where b1_0.id=?
2026-01-25T02:10:30.083+02:00 DEBUG 26232 --- [main] org.hibernate.SQL                        : select c1_0.id,c1_0.alias,c1_0.all_parent_ids,c1_0.enabled,c1_0.image,c1_0.level,c1_0.name,c1_0.parent_id,c1_0.tenant_id from categories c1_0 where c1_0.id=?
2026-01-25T02:10:30.085+02:00 DEBUG 26232 --- [main] org.hibernate.SQL                        : select b1_0.id,b1_0.logo,b1_0.name,b1_0.tenant_id from brands b1_0 where b1_0.id=?
2026-01-25T02:10:30.088+02:00 DEBUG 26232 --- [main] org.hibernate.SQL                        : select b1_0.id,b1_0.logo,b1_0.name,b1_0.tenant_id from brands b1_0 where b1_0.id=?
2026-01-25T02:10:30.091+02:00 DEBUG 26232 --- [main] org.hibernate.SQL                        : select b1_0.id,b1_0.logo,b1_0.name,b1_0.tenant_id from brands b1_0 where b1_0.id=?
2026-01-25T02:10:30.093+02:00 DEBUG 26232 --- [main] org.hibernate.SQL                        : select b1_0.id,b1_0.logo,b1_0.name,b1_0.tenant_id from brands b1_0 where b1_0.id=?
2026-01-25T02:10:30.095+02:00 DEBUG 26232 --- [main] org.hibernate.SQL                        : select b1_0.id,b1_0.logo,b1_0.name,b1_0.tenant_id from brands b1_0 where b1_0.id=?
2026-01-25T02:10:30.097+02:00 DEBUG 26232 --- [main] org.hibernate.SQL                        : select c1_0.id,c1_0.alias,c1_0.all_parent_ids,c1_0.enabled,c1_0.image,c1_0.level,c1_0.name,c1_0.parent_id,c1_0.tenant_id from categories c1_0 where c1_0.id=?
2026-01-25T02:10:30.099+02:00 DEBUG 26232 --- [main] org.hibernate.SQL                        : select b1_0.id,b1_0.logo,b1_0.name,b1_0.tenant_id from brands b1_0 where b1_0.id=?
2026-01-25T02:10:30.100+02:00 DEBUG 26232 --- [main] org.hibernate.SQL                        : select b1_0.id,b1_0.logo,b1_0.name,b1_0.tenant_id from brands b1_0 where b1_0.id=?
2026-01-25T02:10:30.102+02:00 DEBUG 26232 --- [main] org.hibernate.SQL                        : select b1_0.id,b1_0.logo,b1_0.name,b1_0.tenant_id from brands b1_0 where b1_0.id=?
2026-01-25T02:10:30.106+02:00 DEBUG 26232 --- [main] org.hibernate.SQL                        : select c1_0.id,c1_0.alias,c1_0.all_parent_ids,c1_0.enabled,c1_0.image,c1_0.level,c1_0.name,c1_0.parent_id,c1_0.tenant_id from categories c1_0 where c1_0.id=?
2026-01-25T02:10:30.109+02:00 DEBUG 26232 --- [main] org.hibernate.SQL                        : select b1_0.id,b1_0.logo,b1_0.name,b1_0.tenant_id from brands b1_0 where b1_0.id=?
2026-01-25T02:10:30.111+02:00 DEBUG 26232 --- [main] org.hibernate.SQL                        : select b1_0.id,b1_0.logo,b1_0.name,b1_0.tenant_id from brands b1_0 where b1_0.id=?
2026-01-25T02:10:30.113+02:00 DEBUG 26232 --- [main] org.hibernate.SQL                        : select c1_0.id,c1_0.alias,c1_0.all_parent_ids,c1_0.enabled,c1_0.image,c1_0.level,c1_0.name,c1_0.parent_id,c1_0.tenant_id from categories c1_0 where c1_0.id=?
2026-01-25T02:10:30.116+02:00 DEBUG 26232 --- [main] org.hibernate.SQL                        : select b1_0.id,b1_0.logo,b1_0.name,b1_0.tenant_id from brands b1_0 where b1_0.id=?
2026-01-25T02:10:30.119+02:00 DEBUG 26232 --- [main] org.hibernate.SQL                        : select b1_0.id,b1_0.logo,b1_0.name,b1_0.tenant_id from brands b1_0 where b1_0.id=?
2026-01-25T02:10:30.123+02:00 DEBUG 26232 --- [main] org.hibernate.SQL                        : select b1_0.id,b1_0.logo,b1_0.name,b1_0.tenant_id from brands b1_0 where b1_0.id=?
2026-01-25T02:10:30.124+02:00 DEBUG 26232 --- [main] org.hibernate.SQL                        : select c1_0.id,c1_0.alias,c1_0.all_parent_ids,c1_0.enabled,c1_0.image,c1_0.level,c1_0.name,c1_0.parent_id,c1_0.tenant_id from categories c1_0 where c1_0.id=?
2026-01-25T02:10:30.126+02:00 DEBUG 26232 --- [main] org.hibernate.SQL                        : select b1_0.id,b1_0.logo,b1_0.name,b1_0.tenant_id from brands b1_0 where b1_0.id=?
2026-01-25T02:10:30.128+02:00 DEBUG 26232 --- [main] org.hibernate.SQL                        : select c1_0.id,c1_0.alias,c1_0.all_parent_ids,c1_0.enabled,c1_0.image,c1_0.level,c1_0.name,c1_0.parent_id,c1_0.tenant_id from categories c1_0 where c1_0.id=?
2026-01-25T02:10:30.128+02:00 DEBUG 26232 --- [main] org.hibernate.SQL                        : select b1_0.id,b1_0.logo,b1_0.name,b1_0.tenant_id from brands b1_0 where b1_0.id=?
2026-01-25T02:10:30.130+02:00 DEBUG 26232 --- [main] org.hibernate.SQL                        : select b1_0.id,b1_0.logo,b1_0.name,b1_0.tenant_id from brands b1_0 where b1_0.id=?
2026-01-25T02:10:30.131+02:00 DEBUG 26232 --- [main] org.hibernate.SQL                        : select c1_0.id,c1_0.alias,c1_0.all_parent_ids,c1_0.enabled,c1_0.image,c1_0.level,c1_0.name,c1_0.parent_id,c1_0.tenant_id from categories c1_0 where c1_0.id=?
2026-01-25T02:10:30.134+02:00 DEBUG 26232 --- [main] org.hibernate.SQL                        : select b1_0.id,b1_0.logo,b1_0.name,b1_0.tenant_id from brands b1_0 where b1_0.id=?
2026-01-25T02:10:30.136+02:00 DEBUG 26232 --- [main] org.hibernate.SQL                        : select c1_0.id,c1_0.alias,c1_0.all_parent_ids,c1_0.enabled,c1_0.image,c1_0.level,c1_0.name,c1_0.parent_id,c1_0.tenant_id from categories c1_0 where c1_0.id=?
2026-01-25T02:10:30.140+02:00 DEBUG 26232 --- [main] org.hibernate.SQL                        : select c1_0.id,c1_0.alias,c1_0.all_parent_ids,c1_0.enabled,c1_0.image,c1_0.level,c1_0.name,c1_0.parent_id,c1_0.tenant_id from categories c1_0 where c1_0.id=?
2026-01-25T02:10:30.143+02:00 DEBUG 26232 --- [main] org.hibernate.SQL                        : select b1_0.id,b1_0.logo,b1_0.name,b1_0.tenant_id from brands b1_0 where b1_0.id=?
2026-01-25T02:10:30.145+02:00 DEBUG 26232 --- [main] org.hibernate.SQL                        : select b1_0.id,b1_0.logo,b1_0.name,b1_0.tenant_id from brands b1_0 where b1_0.id=?
2026-01-25T02:10:30.146+02:00 DEBUG 26232 --- [main] org.hibernate.SQL                        : select b1_0.id,b1_0.logo,b1_0.name,b1_0.tenant_id from brands b1_0 where b1_0.id=?
2026-01-25T02:10:30.148+02:00 DEBUG 26232 --- [main] org.hibernate.SQL                        : select c1_0.id,c1_0.alias,c1_0.all_parent_ids,c1_0.enabled,c1_0.image,c1_0.level,c1_0.name,c1_0.parent_id,c1_0.tenant_id from categories c1_0 where c1_0.id=?
2026-01-25T02:10:30.149+02:00 DEBUG 26232 --- [main] org.hibernate.SQL                        : select b1_0.id,b1_0.logo,b1_0.name,b1_0.tenant_id from brands b1_0 where b1_0.id=?
2026-01-25T02:10:30.151+02:00 DEBUG 26232 --- [main] org.hibernate.SQL                        : select c1_0.id,c1_0.alias,c1_0.all_parent_ids,c1_0.enabled,c1_0.image,c1_0.level,c1_0.name,c1_0.parent_id,c1_0.tenant_id from categories c1_0 where c1_0.id=?
2026-01-25T02:10:30.153+02:00 DEBUG 26232 --- [main] org.hibernate.SQL                        : select b1_0.id,b1_0.logo,b1_0.name,b1_0.tenant_id from brands b1_0 where b1_0.id=?
2026-01-25T02:10:30.156+02:00 DEBUG 26232 --- [main] org.hibernate.SQL                        : select b1_0.id,b1_0.logo,b1_0.name,b1_0.tenant_id from brands b1_0 where b1_0.id=?
2026-01-25T02:10:30.158+02:00 DEBUG 26232 --- [main] org.hibernate.SQL                        : select c1_0.id,c1_0.alias,c1_0.all_parent_ids,c1_0.enabled,c1_0.image,c1_0.level,c1_0.name,c1_0.parent_id,c1_0.tenant_id from categories c1_0 where c1_0.id=?
2026-01-25T02:10:30.160+02:00 DEBUG 26232 --- [main] org.hibernate.SQL                        : select b1_0.id,b1_0.logo,b1_0.name,b1_0.tenant_id from brands b1_0 where b1_0.id=?
2026-01-25T02:10:30.160+02:00 DEBUG 26232 --- [main] org.hibernate.SQL                        : select b1_0.id,b1_0.logo,b1_0.name,b1_0.tenant_id from brands b1_0 where b1_0.id=?
2026-01-25T02:10:30.162+02:00 DEBUG 26232 --- [main] org.hibernate.SQL                        : select c1_0.id,c1_0.alias,c1_0.all_parent_ids,c1_0.enabled,c1_0.image,c1_0.level,c1_0.name,c1_0.parent_id,c1_0.tenant_id from categories c1_0 where c1_0.id=?
2026-01-25T02:10:30.163+02:00 DEBUG 26232 --- [main] org.hibernate.SQL                        : select b1_0.id,b1_0.logo,b1_0.name,b1_0.tenant_id from brands b1_0 where b1_0.id=?
2026-01-25T02:10:30.164+02:00 DEBUG 26232 --- [main] org.hibernate.SQL                        : select c1_0.id,c1_0.alias,c1_0.all_parent_ids,c1_0.enabled,c1_0.image,c1_0.level,c1_0.name,c1_0.parent_id,c1_0.tenant_id from categories c1_0 where c1_0.id=?
2026-01-25T02:10:30.278+02:00 DEBUG 26232 --- [main] org.hibernate.SQL                        : UPDATE categories c JOIN categories p ON c.parent_id = p.id SET c.parent_id = NULL WHERE c.tenant_id != p.tenant_id
2026-01-25T02:10:30.337+02:00 DEBUG 26232 --- [main] org.hibernate.SQL                        : select t1_0.id,t1_0.active,t1_0.code,t1_0.created_at,t1_0.level,t1_0.name,t1_0.parent_id,t1_0.status from tenants t1_0 where t1_0.code=?
2026-01-25T02:10:30.343+02:00 DEBUG 26232 --- [main] org.hibernate.SQL                        : select t1_0.id,t1_0.active,t1_0.code,t1_0.created_at,t1_0.level,t1_0.name,t1_0.parent_id,t1_0.status from tenants t1_0 where t1_0.code=?
2026-01-25T02:10:30.345+02:00 DEBUG 26232 --- [main] org.hibernate.SQL                        : select t1_0.id,t1_0.active,t1_0.code,t1_0.created_at,t1_0.level,t1_0.name,t1_0.parent_id,t1_0.status from tenants t1_0 where t1_0.code=?
2026-01-25T02:10:30.359+02:00 DEBUG 26232 --- [main] org.hibernate.SQL                        : select r1_0.id,r1_0.all_parent_ids,r1_0.descrption,r1_0.name,r1_0.parent_id from role r1_0
2026-01-25T02:10:30.365+02:00 DEBUG 26232 --- [main] org.hibernate.SQL                        : select p1_0.role_id,p1_0.id,p1_0.permission,p1_0.scope from role_permissions p1_0 where p1_0.role_id=?
2026-01-25T02:10:30.366+02:00 DEBUG 26232 --- [main] org.hibernate.SQL                        : select p1_0.role_id,p1_0.id,p1_0.permission,p1_0.scope from role_permissions p1_0 where p1_0.role_id=?
2026-01-25T02:10:30.367+02:00 DEBUG 26232 --- [main] org.hibernate.SQL                        : select p1_0.role_id,p1_0.id,p1_0.permission,p1_0.scope from role_permissions p1_0 where p1_0.role_id=?
2026-01-25T02:10:30.367+02:00 DEBUG 26232 --- [main] org.hibernate.SQL                        : select p1_0.role_id,p1_0.id,p1_0.permission,p1_0.scope from role_permissions p1_0 where p1_0.role_id=?
2026-01-25T02:10:30.368+02:00 DEBUG 26232 --- [main] org.hibernate.SQL                        : select p1_0.role_id,p1_0.id,p1_0.permission,p1_0.scope from role_permissions p1_0 where p1_0.role_id=?
2026-01-25T02:10:30.370+02:00 DEBUG 26232 --- [main] org.hibernate.SQL                        : select p1_0.role_id,p1_0.id,p1_0.permission,p1_0.scope from role_permissions p1_0 where p1_0.role_id=?
2026-01-25T02:10:30.377+02:00 DEBUG 26232 --- [main] org.hibernate.SQL                        : select r1_0.id,r1_0.all_parent_ids,r1_0.descrption,r1_0.name,r1_0.parent_id from role r1_0
2026-01-25T02:10:30.378+02:00 DEBUG 26232 --- [main] org.hibernate.SQL                        : select p1_0.role_id,p1_0.id,p1_0.permission,p1_0.scope from role_permissions p1_0 where p1_0.role_id=?
2026-01-25T02:10:30.379+02:00 DEBUG 26232 --- [main] org.hibernate.SQL                        : select p1_0.role_id,p1_0.id,p1_0.permission,p1_0.scope from role_permissions p1_0 where p1_0.role_id=?
2026-01-25T02:10:30.380+02:00 DEBUG 26232 --- [main] org.hibernate.SQL                        : select p1_0.role_id,p1_0.id,p1_0.permission,p1_0.scope from role_permissions p1_0 where p1_0.role_id=?
2026-01-25T02:10:30.380+02:00 DEBUG 26232 --- [main] org.hibernate.SQL                        : select p1_0.role_id,p1_0.id,p1_0.permission,p1_0.scope from role_permissions p1_0 where p1_0.role_id=?
2026-01-25T02:10:30.381+02:00 DEBUG 26232 --- [main] org.hibernate.SQL                        : select p1_0.role_id,p1_0.id,p1_0.permission,p1_0.scope from role_permissions p1_0 where p1_0.role_id=?
2026-01-25T02:10:30.381+02:00 DEBUG 26232 --- [main] org.hibernate.SQL                        : select p1_0.role_id,p1_0.id,p1_0.permission,p1_0.scope from role_permissions p1_0 where p1_0.role_id=?
2026-01-25T02:10:30.386+02:00 DEBUG 26232 --- [main] org.hibernate.SQL                        : select u1_0.id,u1_0.email,u1_0.enabled,u1_0.first_name,u1_0.last_login_time,u1_0.last_name,u1_0.password,u1_0.photos,u1_0.tenant_id,u1_0.user_bio from `'user'` u1_0 where u1_0.email=?
2026-01-25T02:10:30.390+02:00 DEBUG 26232 --- [main] org.hibernate.SQL                        : select r1_0.user_id,r1_1.id,r1_1.all_parent_ids,r1_1.descrption,r1_1.name,r1_1.parent_id,p2_0.role_id,p2_0.id,p2_0.permission,p2_0.scope from user_roles r1_0 join role r1_1 on r1_1.id=r1_0.role_id left join role_permissions p2_0 on r1_1.id=p2_0.role_id where r1_0.user_id=?
2026-01-25T02:10:30.396+02:00 DEBUG 26232 --- [main] org.hibernate.SQL                        : select u1_0.id,u1_0.email,u1_0.enabled,u1_0.first_name,u1_0.last_login_time,u1_0.last_name,u1_0.password,u1_0.photos,u1_0.tenant_id,u1_0.user_bio from `'user'` u1_0 where u1_0.email=?
2026-01-25T02:10:30.397+02:00 DEBUG 26232 --- [main] org.hibernate.SQL                        : select r1_0.user_id,r1_1.id,r1_1.all_parent_ids,r1_1.descrption,r1_1.name,r1_1.parent_id,p2_0.role_id,p2_0.id,p2_0.permission,p2_0.scope from user_roles r1_0 join role r1_1 on r1_1.id=r1_0.role_id left join role_permissions p2_0 on r1_1.id=p2_0.role_id where r1_0.user_id=?
2026-01-25T02:10:30.403+02:00 DEBUG 26232 --- [main] org.hibernate.SQL                        : select u1_0.id,u1_0.email,u1_0.enabled,u1_0.first_name,u1_0.last_login_time,u1_0.last_name,u1_0.password,u1_0.photos,u1_0.tenant_id,u1_0.user_bio from `'user'` u1_0 where u1_0.email=?
2026-01-25T02:10:30.405+02:00 DEBUG 26232 --- [main] org.hibernate.SQL                        : select r1_0.user_id,r1_1.id,r1_1.all_parent_ids,r1_1.descrption,r1_1.name,r1_1.parent_id,p2_0.role_id,p2_0.id,p2_0.permission,p2_0.scope from user_roles r1_0 join role r1_1 on r1_1.id=r1_0.role_id left join role_permissions p2_0 on r1_1.id=p2_0.role_id where r1_0.user_id=?
2026-01-25T02:10:30.408+02:00 DEBUG 26232 --- [main] org.hibernate.SQL                        : select t1_0.user_id,t1_0.id,t1_0.tenant_id from user_tenants t1_0 where t1_0.user_id=?
2026-01-25T02:11:13.082+02:00  INFO 26232 --- [http-nio-744-exec-2] o.a.c.c.C.[Tomcat].[localhost].[/]       : Initializing Spring DispatcherServlet 'dispatcherServlet'
2026-01-25T02:11:13.083+02:00  INFO 26232 --- [http-nio-744-exec-2] o.s.web.servlet.DispatcherServlet        : Initializing Servlet 'dispatcherServlet'
2026-01-25T02:11:13.093+02:00  INFO 26232 --- [http-nio-744-exec-2] o.s.web.servlet.DispatcherServlet        : Completed initialization in 10 ms
2026-01-25T02:11:13.374+02:00 DEBUG 26232 --- [http-nio-744-exec-3] org.hibernate.SQL                        : select t1_0.id,t1_0.active,t1_0.code,t1_0.created_at,t1_0.level,t1_0.name,t1_0.parent_id,t1_0.status from tenants t1_0 where t1_0.id=?
2026-01-25T02:11:14.331+02:00  WARN 26232 --- [AsyncReporter{org.springframework.boot.actuate.autoconfigure.tracing.zipkin.ZipkinRestTemplateSender@2623ad23}] z.r.AsyncReporter$BoundedAsyncReporter   : Spans were dropped due to exceptions. All subsequent errors will be logged at FINE level.
2026-01-25T02:11:14.331+02:00  WARN 26232 --- [AsyncReporter{org.springframework.boot.actuate.autoconfigure.tracing.zipkin.ZipkinRestTemplateSender@2623ad23}] z.r.AsyncReporter$BoundedAsyncReporter   : Dropped 11 spans due to ResourceAccessException(I/O error on POST request for "http://localhost:9411/api/v2/spans": Connection refused: no further information)

org.springframework.web.client.ResourceAccessException: I/O error on POST request for "http://localhost:9411/api/v2/spans": Connection refused: no further information
	at org.springframework.web.client.RestTemplate.createResourceAccessException(RestTemplate.java:888) ~[spring-web-6.0.12.jar:6.0.12]
	at org.springframework.web.client.RestTemplate.doExecute(RestTemplate.java:868) ~[spring-web-6.0.12.jar:6.0.12]
	at org.springframework.web.client.RestTemplate.execute(RestTemplate.java:764) ~[spring-web-6.0.12.jar:6.0.12]
	at org.springframework.web.client.RestTemplate.exchange(RestTemplate.java:646) ~[spring-web-6.0.12.jar:6.0.12]
	at org.springframework.boot.actuate.autoconfigure.tracing.zipkin.ZipkinRestTemplateSender$RestTemplateHttpPostCall.doExecute(ZipkinRestTemplateSender.java:68) ~[spring-boot-actuator-autoconfigure-3.1.4.jar:3.1.4]
	at org.springframework.boot.actuate.autoconfigure.tracing.zipkin.ZipkinRestTemplateSender$RestTemplateHttpPostCall.doExecute(ZipkinRestTemplateSender.java:48) ~[spring-boot-actuator-autoconfigure-3.1.4.jar:3.1.4]
	at zipkin2.Call$Base.execute(Call.java:391) ~[zipkin-2.23.2.jar:na]
	at zipkin2.reporter.AsyncReporter$BoundedAsyncReporter.flush(AsyncReporter.java:299) ~[zipkin-reporter-2.16.3.jar:na]
	at zipkin2.reporter.AsyncReporter$Flusher.run(AsyncReporter.java:378) ~[zipkin-reporter-2.16.3.jar:na]
	at java.base/java.lang.Thread.run(Thread.java:1589) ~[na:na]
Caused by: java.net.ConnectException: Connection refused: no further information
	at java.base/sun.nio.ch.Net.pollConnect(Native Method) ~[na:na]
	at java.base/sun.nio.ch.Net.pollConnectNow(Net.java:672) ~[na:na]
	at java.base/sun.nio.ch.NioSocketImpl.timedFinishConnect(NioSocketImpl.java:535) ~[na:na]
	at java.base/sun.nio.ch.NioSocketImpl.connect(NioSocketImpl.java:585) ~[na:na]
	at java.base/java.net.Socket.connect(Socket.java:666) ~[na:na]
	at java.base/sun.net.NetworkClient.doConnect(NetworkClient.java:178) ~[na:na]
	at java.base/sun.net.www.http.HttpClient.openServer(HttpClient.java:531) ~[na:na]
	at java.base/sun.net.www.http.HttpClient.openServer(HttpClient.java:636) ~[na:na]
	at java.base/sun.net.www.http.HttpClient.<init>(HttpClient.java:279) ~[na:na]
	at java.base/sun.net.www.http.HttpClient.New(HttpClient.java:384) ~[na:na]
	at java.base/sun.net.www.http.HttpClient.New(HttpClient.java:406) ~[na:na]
	at java.base/sun.net.www.protocol.http.HttpURLConnection.getNewHttpClient(HttpURLConnection.java:1308) ~[na:na]
	at java.base/sun.net.www.protocol.http.HttpURLConnection.plainConnect0(HttpURLConnection.java:1241) ~[na:na]
	at java.base/sun.net.www.protocol.http.HttpURLConnection.plainConnect(HttpURLConnection.java:1127) ~[na:na]
	at java.base/sun.net.www.protocol.http.HttpURLConnection.connect(HttpURLConnection.java:1056) ~[na:na]
	at org.springframework.http.client.SimpleBufferingClientHttpRequest.executeInternal(SimpleBufferingClientHttpRequest.java:75) ~[spring-web-6.0.12.jar:6.0.12]
	at org.springframework.http.client.AbstractBufferingClientHttpRequest.executeInternal(AbstractBufferingClientHttpRequest.java:48) ~[spring-web-6.0.12.jar:6.0.12]
	at org.springframework.http.client.AbstractClientHttpRequest.execute(AbstractClientHttpRequest.java:66) ~[spring-web-6.0.12.jar:6.0.12]
	at org.springframework.web.client.RestTemplate.doExecute(RestTemplate.java:862) ~[spring-web-6.0.12.jar:6.0.12]
	... 8 common frames omitted

2026-01-25T02:12:13.013+02:00 DEBUG 26232 --- [http-nio-744-exec-5] org.hibernate.SQL                        : select t1_0.id,t1_0.active,t1_0.code,t1_0.created_at,t1_0.level,t1_0.name,t1_0.parent_id,t1_0.status from tenants t1_0 where t1_0.id=?
2026-01-25T02:13:13.027+02:00 DEBUG 26232 --- [http-nio-744-exec-9] org.hibernate.SQL                        : select t1_0.id,t1_0.active,t1_0.code,t1_0.created_at,t1_0.level,t1_0.name,t1_0.parent_id,t1_0.status from tenants t1_0 where t1_0.id=?
2026-01-25T02:13:26.020+02:00  INFO 26232 --- [SpringApplicationShutdownHook] j.LocalContainerEntityManagerFactoryBean : Closing JPA EntityManagerFactory for persistence unit 'default'
2026-01-25T02:13:26.037+02:00  INFO 26232 --- [SpringApplicationShutdownHook] com.zaxxer.hikari.HikariDataSource       : HikariPool-1 - Shutdown initiated...
2026-01-25T02:13:26.092+02:00  INFO 26232 --- [SpringApplicationShutdownHook] com.zaxxer.hikari.HikariDataSource       : HikariPool-1 - Shutdown completed.
2026-01-25T02:42:39.033+02:00  INFO 22400 --- [main] c.o.admin.WebBackEndApplication          : Starting WebBackEndApplication using Java 19.0.1 with PID 22400 (E:\onlineStore_Active\webParentVer2\WebBackEndVer2\target\classes started by enoam in E:\onlineStore_Active)
2026-01-25T02:42:39.041+02:00  INFO 22400 --- [main] c.o.admin.WebBackEndApplication          : No active profile set, falling back to 1 default profile: "default"
2026-01-25T02:42:44.478+02:00  INFO 22400 --- [main] .s.d.r.c.RepositoryConfigurationDelegate : Bootstrapping Spring Data JPA repositories in DEFAULT mode.
2026-01-25T02:42:44.681+02:00  INFO 22400 --- [main] .s.d.r.c.RepositoryConfigurationDelegate : Finished Spring Data repository scanning in 189 ms. Found 35 JPA repository interfaces.
2026-01-25T02:42:44.715+02:00  INFO 22400 --- [main] .s.d.r.c.RepositoryConfigurationDelegate : Bootstrapping Spring Data JPA repositories in DEFAULT mode.
2026-01-25T02:42:44.783+02:00  INFO 22400 --- [main] .s.d.r.c.RepositoryConfigurationDelegate : Finished Spring Data repository scanning in 68 ms. Found 34 JPA repository interfaces.
2026-01-25T02:42:46.323+02:00  INFO 22400 --- [main] o.s.b.w.embedded.tomcat.TomcatWebServer  : Tomcat initialized with port(s): 744 (http)
2026-01-25T02:42:46.334+02:00  INFO 22400 --- [main] o.apache.catalina.core.StandardService   : Starting service [Tomcat]
2026-01-25T02:42:46.334+02:00  INFO 22400 --- [main] o.apache.catalina.core.StandardEngine    : Starting Servlet engine: [Apache Tomcat/10.1.13]
2026-01-25T02:42:46.437+02:00  INFO 22400 --- [main] o.a.c.c.C.[Tomcat].[localhost].[/]       : Initializing Spring embedded WebApplicationContext
2026-01-25T02:42:46.437+02:00  INFO 22400 --- [main] w.s.c.ServletWebServerApplicationContext : Root WebApplicationContext: initialization completed in 7299 ms
2026-01-25T02:42:46.647+02:00  INFO 22400 --- [main] o.hibernate.jpa.internal.util.LogHelper  : HHH000204: Processing PersistenceUnitInfo [name: default]
2026-01-25T02:42:46.753+02:00  INFO 22400 --- [main] org.hibernate.Version                    : HHH000412: Hibernate ORM core version 6.2.9.Final
2026-01-25T02:42:46.759+02:00  INFO 22400 --- [main] org.hibernate.cfg.Environment            : HHH000406: Using bytecode reflection optimizer
2026-01-25T02:42:46.959+02:00  INFO 22400 --- [main] o.h.b.i.BytecodeProviderInitiator        : HHH000021: Bytecode provider name : bytebuddy
2026-01-25T02:42:47.151+02:00  INFO 22400 --- [main] o.s.o.j.p.SpringPersistenceUnitInfo      : No LoadTimeWeaver setup: ignoring JPA class transformer
2026-01-25T02:42:47.178+02:00  INFO 22400 --- [main] com.zaxxer.hikari.HikariDataSource       : HikariPool-1 - Starting...
2026-01-25T02:42:47.551+02:00  INFO 22400 --- [main] com.zaxxer.hikari.pool.HikariPool        : HikariPool-1 - Added connection com.mysql.cj.jdbc.ConnectionImpl@53432aef
2026-01-25T02:42:47.553+02:00  INFO 22400 --- [main] com.zaxxer.hikari.HikariDataSource       : HikariPool-1 - Start completed.
2026-01-25T02:42:48.138+02:00  INFO 22400 --- [main] o.h.b.i.BytecodeProviderInitiator        : HHH000021: Bytecode provider name : bytebuddy
2026-01-25T02:42:49.559+02:00  INFO 22400 --- [main] o.h.e.t.j.p.i.JtaPlatformInitiator       : HHH000490: Using JtaPlatform implementation: [org.hibernate.engine.transaction.jta.platform.internal.NoJtaPlatform]
2026-01-25T02:42:50.101+02:00  INFO 22400 --- [main] j.LocalContainerEntityManagerFactoryBean : Initialized JPA EntityManagerFactory for persistence unit 'default'
2026-01-25T02:42:51.003+02:00  INFO 22400 --- [main] o.s.d.j.r.query.QueryEnhancerFactory     : Hibernate is in classpath; If applicable, HQL parser will be used.
2026-01-25T02:42:51.376+02:00  INFO 22400 --- [main] o.s.boot.web.servlet.RegistrationBean    : Filter tenantFilterRegistration was not registered (disabled)
2026-01-25T02:42:51.376+02:00  INFO 22400 --- [main] o.s.boot.web.servlet.RegistrationBean    : Filter tenantContextFilterRegistration was not registered (disabled)
2026-01-25T02:42:52.836+02:00  INFO 22400 --- [main] c.o.a.g.watchdog.FileSystemMonitor       : Watchdog: Registered monitor for tenants
2026-01-25T02:42:52.836+02:00  INFO 22400 --- [main] c.o.a.g.watchdog.FileSystemMonitor       : Watchdog: Registered monitor for .
2026-01-25T02:42:52.837+02:00  INFO 22400 --- [Architecture-Watchdog-Thread] c.o.a.g.watchdog.FileSystemMonitor       : Watchdog: FileSystemMonitor thread started.
2026-01-25T02:42:54.614+02:00  WARN 22400 --- [main] JpaBaseConfiguration$JpaWebConfiguration : spring.jpa.open-in-view is enabled by default. Therefore, database queries may be performed during view rendering. Explicitly configure spring.jpa.open-in-view to disable this warning
2026-01-25T02:42:56.337+02:00  INFO 22400 --- [main] o.s.b.a.e.web.EndpointLinksResolver      : Exposing 5 endpoint(s) beneath base path '/actuator'
2026-01-25T02:42:56.572+02:00  INFO 22400 --- [main] o.s.s.web.DefaultSecurityFilterChain     : Will secure any request with [org.springframework.security.web.session.DisableEncodeUrlFilter@6c4aafe4, org.springframework.security.web.context.request.async.WebAsyncManagerIntegrationFilter@46df7d9b, org.springframework.security.web.context.SecurityContextHolderFilter@783a8ec4, org.springframework.security.web.header.HeaderWriterFilter@70ac0188, org.springframework.security.web.csrf.CsrfFilter@6b629e54, org.springframework.security.web.authentication.logout.LogoutFilter@2332f57d, com.onlineStore.admin.security.TenantAccessValidationFilter@4a6198a7, com.onlineStoreCom.security.tenant.TenantContextFilter@2d728a9c, org.springframework.security.web.authentication.UsernamePasswordAuthenticationFilter@947e589, org.springframework.security.web.session.ConcurrentSessionFilter@f559f83, org.springframework.security.web.savedrequest.RequestCacheAwareFilter@7e632933, org.springframework.security.web.servletapi.SecurityContextHolderAwareRequestFilter@5354846b, org.springframework.security.web.authentication.rememberme.RememberMeAuthenticationFilter@4b34ce2a, org.springframework.security.web.authentication.AnonymousAuthenticationFilter@376cb3de, org.springframework.security.web.session.SessionManagementFilter@1c989acb, org.springframework.security.web.access.ExceptionTranslationFilter@332f2b1b, org.springframework.security.web.access.intercept.AuthorizationFilter@2b11ba6f]
2026-01-25T02:42:57.344+02:00  INFO 22400 --- [main] o.s.b.w.embedded.tomcat.TomcatWebServer  : Tomcat started on port(s): 744 (http) with context path ''
2026-01-25T02:42:57.362+02:00  INFO 22400 --- [main] c.o.admin.WebBackEndApplication          : Started WebBackEndApplication in 19.181 seconds (process running for 20.432)
2026-01-25T02:42:57.379+02:00  INFO 22400 --- [main] c.o.admin.CorrectTenant0To4Data          : ================================================================================
2026-01-25T02:42:57.379+02:00  INFO 22400 --- [main] c.o.admin.CorrectTenant0To4Data          : 🔧 MIGRATING DATA: TENANT 0 -> TENANT 4 (SKIPPED FOR ASSET MIGRATION)
2026-01-25T02:42:57.379+02:00  INFO 22400 --- [main] c.o.admin.CorrectTenant0To4Data          : ================================================================================
2026-01-25T02:42:57.382+02:00  INFO 22400 --- [main] c.onlineStore.admin.CorrectTenant4Data   : ================================================================================
2026-01-25T02:42:57.383+02:00  INFO 22400 --- [main] c.onlineStore.admin.CorrectTenant4Data   : 🔧 FIXING TENANT 4 DATA MIGRATION
2026-01-25T02:42:57.383+02:00  INFO 22400 --- [main] c.onlineStore.admin.CorrectTenant4Data   : ================================================================================
2026-01-25T02:42:57.413+02:00 DEBUG 22400 --- [main] org.hibernate.SQL                        : UPDATE categories SET tenant_id = 4 WHERE tenant_id = 1
2026-01-25T02:42:57.416+02:00  INFO 22400 --- [main] c.onlineStore.admin.CorrectTenant4Data   : ✅ Fixed 0 categories: tenant_id 1 → 4
2026-01-25T02:42:57.417+02:00 DEBUG 22400 --- [main] org.hibernate.SQL                        : UPDATE brands SET tenant_id = 4 WHERE tenant_id = 1
2026-01-25T02:42:57.418+02:00  INFO 22400 --- [main] c.onlineStore.admin.CorrectTenant4Data   : ✅ Fixed 0 brands: tenant_id 1 → 4
2026-01-25T02:42:57.419+02:00 DEBUG 22400 --- [main] org.hibernate.SQL                        : UPDATE products SET tenant_id = 4 WHERE tenant_id = 1
2026-01-25T02:42:57.429+02:00  INFO 22400 --- [main] c.onlineStore.admin.CorrectTenant4Data   : ✅ Fixed 1 products: tenant_id 1 → 4
2026-01-25T02:42:57.430+02:00 DEBUG 22400 --- [main] org.hibernate.SQL                        :     DELETE FROM settings
    WHERE tenant_id = 1
    AND `key` IN (
        SELECT `key` FROM (
            SELECT `key` FROM settings WHERE tenant_id = 4
        ) as temp
    )

2026-01-25T02:42:57.438+02:00  INFO 22400 --- [main] c.onlineStore.admin.CorrectTenant4Data   : ⚠️ Deleted 0 duplicate settings from Tenant 1
2026-01-25T02:42:57.439+02:00 DEBUG 22400 --- [main] org.hibernate.SQL                        : UPDATE settings SET tenant_id = 4 WHERE tenant_id = 1
2026-01-25T02:42:57.440+02:00  INFO 22400 --- [main] c.onlineStore.admin.CorrectTenant4Data   : ✅ Fixed 0 settings: tenant_id 1 → 4
2026-01-25T02:42:57.441+02:00 DEBUG 22400 --- [main] org.hibernate.SQL                        : UPDATE customers SET tenant_id = 4 WHERE tenant_id = 1
2026-01-25T02:42:57.443+02:00  INFO 22400 --- [main] c.onlineStore.admin.CorrectTenant4Data   : ✅ Fixed 0 customers: tenant_id 1 → 4
2026-01-25T02:42:57.444+02:00 DEBUG 22400 --- [main] org.hibernate.SQL                        : UPDATE orders SET tenant_id = 4 WHERE tenant_id = 1
2026-01-25T02:42:57.445+02:00  INFO 22400 --- [main] c.onlineStore.admin.CorrectTenant4Data   : ✅ Fixed 0 orders: tenant_id 1 → 4
2026-01-25T02:42:57.447+02:00 DEBUG 22400 --- [main] org.hibernate.SQL                        : UPDATE reviews SET tenant_id = 4 WHERE tenant_id = 1
2026-01-25T02:42:57.449+02:00  INFO 22400 --- [main] c.onlineStore.admin.CorrectTenant4Data   : ✅ Fixed 0 reviews: tenant_id 1 → 4
2026-01-25T02:42:57.449+02:00 DEBUG 22400 --- [main] org.hibernate.SQL                        : UPDATE articles SET tenant_id = 4 WHERE tenant_id = 1
2026-01-25T02:42:57.452+02:00 DEBUG 22400 --- [main] org.hibernate.SQL                        : UPDATE menus SET tenant_id = 4 WHERE tenant_id = 1
2026-01-25T02:42:57.453+02:00 DEBUG 22400 --- [main] org.hibernate.SQL                        : UPDATE sections SET tenant_id = 4 WHERE tenant_id = 1
2026-01-25T02:42:57.455+02:00  INFO 22400 --- [main] c.onlineStore.admin.CorrectTenant4Data   : ✅ Fixed Content: 0 articles, 0 menus, 0 sections
2026-01-25T02:42:57.473+02:00 DEBUG 22400 --- [main] org.hibernate.SQL                        :     SELECT COUNT(*) FROM brands_categories bc
    JOIN brands b ON bc.brand_id = b.id
    JOIN categories c ON bc.category_id = c.id
    WHERE b.tenant_id = 4 AND c.tenant_id = 1

2026-01-25T02:42:57.523+02:00  INFO 22400 --- [main] c.onlineStore.admin.CorrectTenant4Data   : 📊 Remaining cross-tenant refs (Tenant 4 brands → Tenant 1 categories): 0
2026-01-25T02:42:57.523+02:00  INFO 22400 --- [main] c.onlineStore.admin.CorrectTenant4Data   : ✅ ALL CROSS-TENANT REFERENCES RESOLVED!
2026-01-25T02:42:57.523+02:00  INFO 22400 --- [main] c.onlineStore.admin.CorrectTenant4Data   : ================================================================================
2026-01-25T02:42:57.530+02:00 DEBUG 22400 --- [main] org.hibernate.SQL                        :     SELECT c.id, c.tenant_id, p.id, p.tenant_id
    FROM categories c
    JOIN categories p ON c.parent_id = p.id
    WHERE c.tenant_id != p.tenant_id

2026-01-25T02:42:57.533+02:00 DEBUG 22400 --- [main] org.hibernate.SQL                        :     SELECT p.id, p.tenant_id, c.id, c.tenant_id
    FROM products p
    JOIN categories c ON p.category_id = c.id
    WHERE p.tenant_id != c.tenant_id

2026-01-25T02:42:57.536+02:00 DEBUG 22400 --- [main] org.hibernate.SQL                        :     SELECT p.id, p.tenant_id, b.id, b.tenant_id
    FROM products p
    JOIN brands b ON p.brand_id = b.id
    WHERE p.tenant_id != b.tenant_id

2026-01-25T02:42:57.538+02:00 DEBUG 22400 --- [main] org.hibernate.SQL                        :     DELETE bc FROM brands_categories bc
    JOIN brands b ON bc.brand_id = b.id
    JOIN categories c ON bc.category_id = c.id
    WHERE b.tenant_id != c.tenant_id

2026-01-25T02:42:57.542+02:00 DEBUG 22400 --- [main] org.hibernate.SQL                        :     SELECT o.id, o.tenant_id, c.id, c.tenant_id
    FROM orders o
    JOIN customers c ON o.customer_id = c.id
    WHERE o.tenant_id != c.tenant_id

2026-01-25T02:42:57.544+02:00 DEBUG 22400 --- [main] org.hibernate.SQL                        :     SELECT od.id, o.tenant_id, p.id, p.tenant_id
    FROM order_details od
    JOIN orders o ON od.order_id = o.id
    JOIN products p ON od.product_id = p.id
    WHERE o.tenant_id != p.tenant_id

2026-01-25T02:42:57.556+02:00 DEBUG 22400 --- [main] org.hibernate.SQL                        : SELECT COUNT(*) FROM categories WHERE tenant_id = 4
2026-01-25T02:42:57.558+02:00 DEBUG 22400 --- [main] org.hibernate.SQL                        : SELECT COUNT(*) FROM categories WHERE tenant_id = 5
2026-01-25T02:42:57.561+02:00 DEBUG 22400 --- [main] org.hibernate.SQL                        : SELECT COUNT(*) FROM brands WHERE tenant_id = 4
2026-01-25T02:42:57.563+02:00 DEBUG 22400 --- [main] org.hibernate.SQL                        : SELECT COUNT(*) FROM brands WHERE tenant_id = 5
2026-01-25T02:42:57.565+02:00 DEBUG 22400 --- [main] org.hibernate.SQL                        : SELECT COUNT(*) FROM products WHERE tenant_id = 4
2026-01-25T02:42:57.567+02:00 DEBUG 22400 --- [main] org.hibernate.SQL                        : SELECT COUNT(*) FROM products WHERE tenant_id = 5
2026-01-25T02:42:57.570+02:00 DEBUG 22400 --- [main] org.hibernate.SQL                        :     SELECT c.id, c.name, c.tenant_id, p.id, p.name, p.tenant_id
    FROM categories c
    JOIN categories p ON c.parent_id = p.id
    WHERE c.tenant_id = 4 AND p.tenant_id = 5

2026-01-25T02:42:57.573+02:00 DEBUG 22400 --- [main] org.hibernate.SQL                        :     SELECT bc.brand_id, b.name, b.tenant_id, bc.category_id, c.name, c.tenant_id
    FROM brands_categories bc
    JOIN brands b ON bc.brand_id = b.id
    JOIN categories c ON bc.category_id = c.id
    WHERE b.tenant_id = 4 AND c.tenant_id = 5

2026-01-25T02:42:57.577+02:00 DEBUG 22400 --- [main] org.hibernate.SQL                        :     SELECT p.id, p.name, p.tenant_id, p.category_id, c.name, c.tenant_id
    FROM products p
    JOIN categories c ON p.category_id = c.id
    WHERE p.tenant_id = 4 AND c.tenant_id = 5

2026-01-25T02:42:57.581+02:00 DEBUG 22400 --- [main] org.hibernate.SQL                        :     SELECT p.id, p.name, p.tenant_id, p.brand_id, b.name, b.tenant_id
    FROM products p
    JOIN brands b ON p.brand_id = b.id
    WHERE p.tenant_id = 4 AND b.tenant_id = 5

2026-01-25T02:42:57.583+02:00 DEBUG 22400 --- [main] org.hibernate.SQL                        :     SELECT bc.brand_id, b.name, b.tenant_id, bc.category_id, c.name, c.tenant_id
    FROM brands_categories bc
    JOIN brands b ON bc.brand_id = b.id
    JOIN categories c ON bc.category_id = c.id
    WHERE b.tenant_id = 5 AND c.tenant_id = 4

2026-01-25T02:42:57.589+02:00 DEBUG 22400 --- [main] org.hibernate.SQL                        :     SELECT c.id, c.name, c.tenant_id AS child_tenant,
           p.id AS parent_id, p.name AS parent_name, p.tenant_id AS parent_tenant
    FROM categories c
    JOIN categories p ON c.parent_id = p.id
    WHERE c.tenant_id != p.tenant_id
    ORDER BY c.tenant_id, p.tenant_id

2026-01-25T02:42:57.594+02:00 DEBUG 22400 --- [main] org.hibernate.SQL                        :     SELECT c.id, c.name, p.id, p.name, p.tenant_id
    FROM categories c
    JOIN categories p ON c.parent_id = p.id
    WHERE c.tenant_id = 4 AND c.tenant_id != p.tenant_id

2026-01-25T02:42:57.596+02:00 DEBUG 22400 --- [main] org.hibernate.SQL                        :     SELECT c.id, c.name, c.tenant_id, c.parent_id
    FROM categories c
    WHERE c.parent_id IS NOT NULL
    AND c.parent_id NOT IN (SELECT id FROM categories)

2026-01-25T02:42:57.601+02:00  INFO 22400 --- [main] c.onlineStore.admin.MigrationVerifier    : 🕵️ STARTING MIGRATION VERIFICATION 🕵️
2026-01-25T02:42:57.602+02:00 DEBUG 22400 --- [main] org.hibernate.SQL                        : SELECT COUNT(*) FROM products WHERE tenant_id = 1
2026-01-25T02:42:57.604+02:00 DEBUG 22400 --- [main] org.hibernate.SQL                        : SELECT COUNT(*) FROM products WHERE tenant_id = 4
2026-01-25T02:42:57.607+02:00  INFO 22400 --- [main] c.onlineStore.admin.MigrationVerifier    : [products       ] Tenant 1: 0 | Tenant 4: 109 | Status: ✅ Clean
2026-01-25T02:42:57.608+02:00 DEBUG 22400 --- [main] org.hibernate.SQL                        : SELECT COUNT(*) FROM categories WHERE tenant_id = 1
2026-01-25T02:42:57.611+02:00 DEBUG 22400 --- [main] org.hibernate.SQL                        : SELECT COUNT(*) FROM categories WHERE tenant_id = 4
2026-01-25T02:42:57.613+02:00  INFO 22400 --- [main] c.onlineStore.admin.MigrationVerifier    : [categories     ] Tenant 1: 0 | Tenant 4: 34 | Status: ✅ Clean
2026-01-25T02:42:57.615+02:00 DEBUG 22400 --- [main] org.hibernate.SQL                        : SELECT COUNT(*) FROM brands WHERE tenant_id = 1
2026-01-25T02:42:57.617+02:00 DEBUG 22400 --- [main] org.hibernate.SQL                        : SELECT COUNT(*) FROM brands WHERE tenant_id = 4
2026-01-25T02:42:57.619+02:00  INFO 22400 --- [main] c.onlineStore.admin.MigrationVerifier    : [brands         ] Tenant 1: 0 | Tenant 4: 77 | Status: ✅ Clean
2026-01-25T02:42:57.620+02:00 DEBUG 22400 --- [main] org.hibernate.SQL                        : SELECT COUNT(*) FROM customers WHERE tenant_id = 1
2026-01-25T02:42:57.623+02:00 DEBUG 22400 --- [main] org.hibernate.SQL                        : SELECT COUNT(*) FROM customers WHERE tenant_id = 4
2026-01-25T02:42:57.627+02:00  INFO 22400 --- [main] c.onlineStore.admin.MigrationVerifier    : [customers      ] Tenant 1: 0 | Tenant 4: 43 | Status: ✅ Clean
2026-01-25T02:42:57.627+02:00 DEBUG 22400 --- [main] org.hibernate.SQL                        : SELECT COUNT(*) FROM orders WHERE tenant_id = 1
2026-01-25T02:42:57.631+02:00 DEBUG 22400 --- [main] org.hibernate.SQL                        : SELECT COUNT(*) FROM orders WHERE tenant_id = 4
2026-01-25T02:42:57.634+02:00  INFO 22400 --- [main] c.onlineStore.admin.MigrationVerifier    : [orders         ] Tenant 1: 0 | Tenant 4: 160 | Status: ✅ Clean
2026-01-25T02:42:57.635+02:00 DEBUG 22400 --- [main] org.hibernate.SQL                        : SELECT COUNT(*) FROM reviews WHERE tenant_id = 1
2026-01-25T02:42:57.636+02:00 DEBUG 22400 --- [main] org.hibernate.SQL                        : SELECT COUNT(*) FROM reviews WHERE tenant_id = 4
2026-01-25T02:42:57.637+02:00  INFO 22400 --- [main] c.onlineStore.admin.MigrationVerifier    : [reviews        ] Tenant 1: 0 | Tenant 4: 66 | Status: ✅ Clean
2026-01-25T02:42:57.638+02:00 DEBUG 22400 --- [main] org.hibernate.SQL                        : SELECT COUNT(*) FROM articles WHERE tenant_id = 1
2026-01-25T02:42:57.640+02:00 DEBUG 22400 --- [main] org.hibernate.SQL                        : SELECT COUNT(*) FROM articles WHERE tenant_id = 4
2026-01-25T02:42:57.644+02:00  INFO 22400 --- [main] c.onlineStore.admin.MigrationVerifier    : [articles       ] Tenant 1: 0 | Tenant 4: 9 | Status: ✅ Clean
2026-01-25T02:42:57.644+02:00 DEBUG 22400 --- [main] org.hibernate.SQL                        : SELECT COUNT(*) FROM menus WHERE tenant_id = 1
2026-01-25T02:42:57.647+02:00 DEBUG 22400 --- [main] org.hibernate.SQL                        : SELECT COUNT(*) FROM menus WHERE tenant_id = 4
2026-01-25T02:42:57.649+02:00  INFO 22400 --- [main] c.onlineStore.admin.MigrationVerifier    : [menus          ] Tenant 1: 0 | Tenant 4: 0 | Status: ✅ Clean
2026-01-25T02:42:57.649+02:00 DEBUG 22400 --- [main] org.hibernate.SQL                        : SELECT COUNT(*) FROM sections WHERE tenant_id = 1
2026-01-25T02:42:57.651+02:00 DEBUG 22400 --- [main] org.hibernate.SQL                        : SELECT COUNT(*) FROM sections WHERE tenant_id = 4
2026-01-25T02:42:57.652+02:00  INFO 22400 --- [main] c.onlineStore.admin.MigrationVerifier    : [sections       ] Tenant 1: 0 | Tenant 4: 0 | Status: ✅ Clean
2026-01-25T02:42:57.652+02:00 DEBUG 22400 --- [main] org.hibernate.SQL                        : SELECT COUNT(*) FROM settings WHERE tenant_id = 1
2026-01-25T02:42:57.655+02:00 DEBUG 22400 --- [main] org.hibernate.SQL                        : SELECT COUNT(*) FROM settings WHERE tenant_id = 4
2026-01-25T02:42:57.657+02:00  INFO 22400 --- [main] c.onlineStore.admin.MigrationVerifier    : [settings       ] Tenant 1: 0 | Tenant 4: 67 | Status: ✅ Clean
2026-01-25T02:42:57.661+02:00  INFO 22400 --- [main] c.onlineStore.admin.MigrationVerifier    : 🕵️ VERIFICATION COMPLETE. Check verification_result.txt 🕵️
2026-01-25T02:42:57.750+02:00 DEBUG 22400 --- [main] org.hibernate.SQL                        : select p1_0.id,p1_0.alias,p1_0.average_rating,p1_0.booking_slots,p1_0.brand_id,p1_0.category_id,p1_0.cost,p1_0.created_time,p1_0.discount_percent,p1_0.enabled,p1_0.full_description,p1_0.has_description,p1_0.has_extra_details,p1_0.has_location,p1_0.has_scheduling,p1_0.has_shipping,p1_0.height,p1_0.in_stock,p1_0.length,p1_0.main_image,p1_0.name,p1_0.price,p1_0.product_type,p1_0.review_count,p1_0.service_duration,p1_0.short_description,p1_0.subscription_interval,p1_0.tenant_id,p1_0.track_stock,p1_0.updated_time,p1_0.weight,p1_0.width from products p1_0
2026-01-25T02:42:57.817+02:00 DEBUG 22400 --- [main] org.hibernate.SQL                        : select b1_0.id,b1_0.logo,b1_0.name,b1_0.tenant_id from brands b1_0 where b1_0.id=?
2026-01-25T02:42:57.824+02:00 DEBUG 22400 --- [main] org.hibernate.SQL                        : select c1_0.id,c1_0.alias,c1_0.all_parent_ids,c1_0.enabled,c1_0.image,c1_0.level,c1_0.name,c1_0.parent_id,c1_0.tenant_id from categories c1_0 where c1_0.id=?
2026-01-25T02:42:57.828+02:00 DEBUG 22400 --- [main] org.hibernate.SQL                        : select b1_0.id,b1_0.logo,b1_0.name,b1_0.tenant_id from brands b1_0 where b1_0.id=?
2026-01-25T02:42:57.834+02:00 DEBUG 22400 --- [main] org.hibernate.SQL                        : select b1_0.id,b1_0.logo,b1_0.name,b1_0.tenant_id from brands b1_0 where b1_0.id=?
2026-01-25T02:42:57.836+02:00 DEBUG 22400 --- [main] org.hibernate.SQL                        : select c1_0.id,c1_0.alias,c1_0.all_parent_ids,c1_0.enabled,c1_0.image,c1_0.level,c1_0.name,c1_0.parent_id,c1_0.tenant_id from categories c1_0 where c1_0.id=?
2026-01-25T02:42:57.840+02:00 DEBUG 22400 --- [main] org.hibernate.SQL                        : select b1_0.id,b1_0.logo,b1_0.name,b1_0.tenant_id from brands b1_0 where b1_0.id=?
2026-01-25T02:42:57.844+02:00 DEBUG 22400 --- [main] org.hibernate.SQL                        : select c1_0.id,c1_0.alias,c1_0.all_parent_ids,c1_0.enabled,c1_0.image,c1_0.level,c1_0.name,c1_0.parent_id,c1_0.tenant_id from categories c1_0 where c1_0.id=?
2026-01-25T02:42:57.855+02:00 DEBUG 22400 --- [main] org.hibernate.SQL                        : select b1_0.id,b1_0.logo,b1_0.name,b1_0.tenant_id from brands b1_0 where b1_0.id=?
2026-01-25T02:42:57.861+02:00 DEBUG 22400 --- [main] org.hibernate.SQL                        : select c1_0.id,c1_0.alias,c1_0.all_parent_ids,c1_0.enabled,c1_0.image,c1_0.level,c1_0.name,c1_0.parent_id,c1_0.tenant_id from categories c1_0 where c1_0.id=?
2026-01-25T02:42:57.866+02:00 DEBUG 22400 --- [main] org.hibernate.SQL                        : select b1_0.id,b1_0.logo,b1_0.name,b1_0.tenant_id from brands b1_0 where b1_0.id=?
2026-01-25T02:42:57.869+02:00 DEBUG 22400 --- [main] org.hibernate.SQL                        : select b1_0.id,b1_0.logo,b1_0.name,b1_0.tenant_id from brands b1_0 where b1_0.id=?
2026-01-25T02:42:57.871+02:00 DEBUG 22400 --- [main] org.hibernate.SQL                        : select b1_0.id,b1_0.logo,b1_0.name,b1_0.tenant_id from brands b1_0 where b1_0.id=?
2026-01-25T02:42:57.875+02:00 DEBUG 22400 --- [main] org.hibernate.SQL                        : select b1_0.id,b1_0.logo,b1_0.name,b1_0.tenant_id from brands b1_0 where b1_0.id=?
2026-01-25T02:42:57.877+02:00 DEBUG 22400 --- [main] org.hibernate.SQL                        : select c1_0.id,c1_0.alias,c1_0.all_parent_ids,c1_0.enabled,c1_0.image,c1_0.level,c1_0.name,c1_0.parent_id,c1_0.tenant_id from categories c1_0 where c1_0.id=?
2026-01-25T02:42:57.881+02:00 DEBUG 22400 --- [main] org.hibernate.SQL                        : select b1_0.id,b1_0.logo,b1_0.name,b1_0.tenant_id from brands b1_0 where b1_0.id=?
2026-01-25T02:42:57.884+02:00 DEBUG 22400 --- [main] org.hibernate.SQL                        : select c1_0.id,c1_0.alias,c1_0.all_parent_ids,c1_0.enabled,c1_0.image,c1_0.level,c1_0.name,c1_0.parent_id,c1_0.tenant_id from categories c1_0 where c1_0.id=?
2026-01-25T02:42:57.887+02:00 DEBUG 22400 --- [main] org.hibernate.SQL                        : select b1_0.id,b1_0.logo,b1_0.name,b1_0.tenant_id from brands b1_0 where b1_0.id=?
2026-01-25T02:42:57.888+02:00 DEBUG 22400 --- [main] org.hibernate.SQL                        : select b1_0.id,b1_0.logo,b1_0.name,b1_0.tenant_id from brands b1_0 where b1_0.id=?
2026-01-25T02:42:57.891+02:00 DEBUG 22400 --- [main] org.hibernate.SQL                        : select c1_0.id,c1_0.alias,c1_0.all_parent_ids,c1_0.enabled,c1_0.image,c1_0.level,c1_0.name,c1_0.parent_id,c1_0.tenant_id from categories c1_0 where c1_0.id=?
2026-01-25T02:42:57.894+02:00 DEBUG 22400 --- [main] org.hibernate.SQL                        : select b1_0.id,b1_0.logo,b1_0.name,b1_0.tenant_id from brands b1_0 where b1_0.id=?
2026-01-25T02:42:57.896+02:00 DEBUG 22400 --- [main] org.hibernate.SQL                        : select b1_0.id,b1_0.logo,b1_0.name,b1_0.tenant_id from brands b1_0 where b1_0.id=?
2026-01-25T02:42:57.898+02:00 DEBUG 22400 --- [main] org.hibernate.SQL                        : select b1_0.id,b1_0.logo,b1_0.name,b1_0.tenant_id from brands b1_0 where b1_0.id=?
2026-01-25T02:42:57.901+02:00 DEBUG 22400 --- [main] org.hibernate.SQL                        : select b1_0.id,b1_0.logo,b1_0.name,b1_0.tenant_id from brands b1_0 where b1_0.id=?
2026-01-25T02:42:57.903+02:00 DEBUG 22400 --- [main] org.hibernate.SQL                        : select b1_0.id,b1_0.logo,b1_0.name,b1_0.tenant_id from brands b1_0 where b1_0.id=?
2026-01-25T02:42:57.905+02:00 DEBUG 22400 --- [main] org.hibernate.SQL                        : select b1_0.id,b1_0.logo,b1_0.name,b1_0.tenant_id from brands b1_0 where b1_0.id=?
2026-01-25T02:42:57.909+02:00 DEBUG 22400 --- [main] org.hibernate.SQL                        : select c1_0.id,c1_0.alias,c1_0.all_parent_ids,c1_0.enabled,c1_0.image,c1_0.level,c1_0.name,c1_0.parent_id,c1_0.tenant_id from categories c1_0 where c1_0.id=?
2026-01-25T02:42:57.913+02:00 DEBUG 22400 --- [main] org.hibernate.SQL                        : select b1_0.id,b1_0.logo,b1_0.name,b1_0.tenant_id from brands b1_0 where b1_0.id=?
2026-01-25T02:42:57.915+02:00 DEBUG 22400 --- [main] org.hibernate.SQL                        : select b1_0.id,b1_0.logo,b1_0.name,b1_0.tenant_id from brands b1_0 where b1_0.id=?
2026-01-25T02:42:57.917+02:00 DEBUG 22400 --- [main] org.hibernate.SQL                        : select b1_0.id,b1_0.logo,b1_0.name,b1_0.tenant_id from brands b1_0 where b1_0.id=?
2026-01-25T02:42:57.918+02:00 DEBUG 22400 --- [main] org.hibernate.SQL                        : select b1_0.id,b1_0.logo,b1_0.name,b1_0.tenant_id from brands b1_0 where b1_0.id=?
2026-01-25T02:42:57.919+02:00 DEBUG 22400 --- [main] org.hibernate.SQL                        : select c1_0.id,c1_0.alias,c1_0.all_parent_ids,c1_0.enabled,c1_0.image,c1_0.level,c1_0.name,c1_0.parent_id,c1_0.tenant_id from categories c1_0 where c1_0.id=?
2026-01-25T02:42:57.921+02:00 DEBUG 22400 --- [main] org.hibernate.SQL                        : select b1_0.id,b1_0.logo,b1_0.name,b1_0.tenant_id from brands b1_0 where b1_0.id=?
2026-01-25T02:42:57.923+02:00 DEBUG 22400 --- [main] org.hibernate.SQL                        : select b1_0.id,b1_0.logo,b1_0.name,b1_0.tenant_id from brands b1_0 where b1_0.id=?
2026-01-25T02:42:57.925+02:00 DEBUG 22400 --- [main] org.hibernate.SQL                        : select b1_0.id,b1_0.logo,b1_0.name,b1_0.tenant_id from brands b1_0 where b1_0.id=?
2026-01-25T02:42:57.927+02:00 DEBUG 22400 --- [main] org.hibernate.SQL                        : select c1_0.id,c1_0.alias,c1_0.all_parent_ids,c1_0.enabled,c1_0.image,c1_0.level,c1_0.name,c1_0.parent_id,c1_0.tenant_id from categories c1_0 where c1_0.id=?
2026-01-25T02:42:57.928+02:00 DEBUG 22400 --- [main] org.hibernate.SQL                        : select b1_0.id,b1_0.logo,b1_0.name,b1_0.tenant_id from brands b1_0 where b1_0.id=?
2026-01-25T02:42:57.931+02:00 DEBUG 22400 --- [main] org.hibernate.SQL                        : select b1_0.id,b1_0.logo,b1_0.name,b1_0.tenant_id from brands b1_0 where b1_0.id=?
2026-01-25T02:42:57.931+02:00 DEBUG 22400 --- [main] org.hibernate.SQL                        : select c1_0.id,c1_0.alias,c1_0.all_parent_ids,c1_0.enabled,c1_0.image,c1_0.level,c1_0.name,c1_0.parent_id,c1_0.tenant_id from categories c1_0 where c1_0.id=?
2026-01-25T02:42:57.933+02:00 DEBUG 22400 --- [main] org.hibernate.SQL                        : select b1_0.id,b1_0.logo,b1_0.name,b1_0.tenant_id from brands b1_0 where b1_0.id=?
2026-01-25T02:42:57.935+02:00 DEBUG 22400 --- [main] org.hibernate.SQL                        : select b1_0.id,b1_0.logo,b1_0.name,b1_0.tenant_id from brands b1_0 where b1_0.id=?
2026-01-25T02:42:57.935+02:00 DEBUG 22400 --- [main] org.hibernate.SQL                        : select b1_0.id,b1_0.logo,b1_0.name,b1_0.tenant_id from brands b1_0 where b1_0.id=?
2026-01-25T02:42:57.938+02:00 DEBUG 22400 --- [main] org.hibernate.SQL                        : select b1_0.id,b1_0.logo,b1_0.name,b1_0.tenant_id from brands b1_0 where b1_0.id=?
2026-01-25T02:42:57.939+02:00 DEBUG 22400 --- [main] org.hibernate.SQL                        : select b1_0.id,b1_0.logo,b1_0.name,b1_0.tenant_id from brands b1_0 where b1_0.id=?
2026-01-25T02:42:57.940+02:00 DEBUG 22400 --- [main] org.hibernate.SQL                        : select c1_0.id,c1_0.alias,c1_0.all_parent_ids,c1_0.enabled,c1_0.image,c1_0.level,c1_0.name,c1_0.parent_id,c1_0.tenant_id from categories c1_0 where c1_0.id=?
2026-01-25T02:42:57.942+02:00 DEBUG 22400 --- [main] org.hibernate.SQL                        : select b1_0.id,b1_0.logo,b1_0.name,b1_0.tenant_id from brands b1_0 where b1_0.id=?
2026-01-25T02:42:57.944+02:00 DEBUG 22400 --- [main] org.hibernate.SQL                        : select b1_0.id,b1_0.logo,b1_0.name,b1_0.tenant_id from brands b1_0 where b1_0.id=?
2026-01-25T02:42:57.946+02:00 DEBUG 22400 --- [main] org.hibernate.SQL                        : select b1_0.id,b1_0.logo,b1_0.name,b1_0.tenant_id from brands b1_0 where b1_0.id=?
2026-01-25T02:42:57.947+02:00 DEBUG 22400 --- [main] org.hibernate.SQL                        : select c1_0.id,c1_0.alias,c1_0.all_parent_ids,c1_0.enabled,c1_0.image,c1_0.level,c1_0.name,c1_0.parent_id,c1_0.tenant_id from categories c1_0 where c1_0.id=?
2026-01-25T02:42:57.951+02:00 DEBUG 22400 --- [main] org.hibernate.SQL                        : select b1_0.id,b1_0.logo,b1_0.name,b1_0.tenant_id from brands b1_0 where b1_0.id=?
2026-01-25T02:42:57.953+02:00 DEBUG 22400 --- [main] org.hibernate.SQL                        : select b1_0.id,b1_0.logo,b1_0.name,b1_0.tenant_id from brands b1_0 where b1_0.id=?
2026-01-25T02:42:57.955+02:00 DEBUG 22400 --- [main] org.hibernate.SQL                        : select c1_0.id,c1_0.alias,c1_0.all_parent_ids,c1_0.enabled,c1_0.image,c1_0.level,c1_0.name,c1_0.parent_id,c1_0.tenant_id from categories c1_0 where c1_0.id=?
2026-01-25T02:42:57.958+02:00 DEBUG 22400 --- [main] org.hibernate.SQL                        : select b1_0.id,b1_0.logo,b1_0.name,b1_0.tenant_id from brands b1_0 where b1_0.id=?
2026-01-25T02:42:57.959+02:00 DEBUG 22400 --- [main] org.hibernate.SQL                        : select b1_0.id,b1_0.logo,b1_0.name,b1_0.tenant_id from brands b1_0 where b1_0.id=?
2026-01-25T02:42:57.963+02:00 DEBUG 22400 --- [main] org.hibernate.SQL                        : select b1_0.id,b1_0.logo,b1_0.name,b1_0.tenant_id from brands b1_0 where b1_0.id=?
2026-01-25T02:42:57.964+02:00 DEBUG 22400 --- [main] org.hibernate.SQL                        : select c1_0.id,c1_0.alias,c1_0.all_parent_ids,c1_0.enabled,c1_0.image,c1_0.level,c1_0.name,c1_0.parent_id,c1_0.tenant_id from categories c1_0 where c1_0.id=?
2026-01-25T02:42:57.966+02:00 DEBUG 22400 --- [main] org.hibernate.SQL                        : select b1_0.id,b1_0.logo,b1_0.name,b1_0.tenant_id from brands b1_0 where b1_0.id=?
2026-01-25T02:42:57.967+02:00 DEBUG 22400 --- [main] org.hibernate.SQL                        : select c1_0.id,c1_0.alias,c1_0.all_parent_ids,c1_0.enabled,c1_0.image,c1_0.level,c1_0.name,c1_0.parent_id,c1_0.tenant_id from categories c1_0 where c1_0.id=?
2026-01-25T02:42:57.969+02:00 DEBUG 22400 --- [main] org.hibernate.SQL                        : select b1_0.id,b1_0.logo,b1_0.name,b1_0.tenant_id from brands b1_0 where b1_0.id=?
2026-01-25T02:42:57.972+02:00 DEBUG 22400 --- [main] org.hibernate.SQL                        : select b1_0.id,b1_0.logo,b1_0.name,b1_0.tenant_id from brands b1_0 where b1_0.id=?
2026-01-25T02:42:57.975+02:00 DEBUG 22400 --- [main] org.hibernate.SQL                        : select c1_0.id,c1_0.alias,c1_0.all_parent_ids,c1_0.enabled,c1_0.image,c1_0.level,c1_0.name,c1_0.parent_id,c1_0.tenant_id from categories c1_0 where c1_0.id=?
2026-01-25T02:42:57.977+02:00 DEBUG 22400 --- [main] org.hibernate.SQL                        : select b1_0.id,b1_0.logo,b1_0.name,b1_0.tenant_id from brands b1_0 where b1_0.id=?
2026-01-25T02:42:57.980+02:00 DEBUG 22400 --- [main] org.hibernate.SQL                        : select c1_0.id,c1_0.alias,c1_0.all_parent_ids,c1_0.enabled,c1_0.image,c1_0.level,c1_0.name,c1_0.parent_id,c1_0.tenant_id from categories c1_0 where c1_0.id=?
2026-01-25T02:42:57.982+02:00 DEBUG 22400 --- [main] org.hibernate.SQL                        : select c1_0.id,c1_0.alias,c1_0.all_parent_ids,c1_0.enabled,c1_0.image,c1_0.level,c1_0.name,c1_0.parent_id,c1_0.tenant_id from categories c1_0 where c1_0.id=?
2026-01-25T02:42:57.985+02:00 DEBUG 22400 --- [main] org.hibernate.SQL                        : select b1_0.id,b1_0.logo,b1_0.name,b1_0.tenant_id from brands b1_0 where b1_0.id=?
2026-01-25T02:42:57.987+02:00 DEBUG 22400 --- [main] org.hibernate.SQL                        : select b1_0.id,b1_0.logo,b1_0.name,b1_0.tenant_id from brands b1_0 where b1_0.id=?
2026-01-25T02:42:57.989+02:00 DEBUG 22400 --- [main] org.hibernate.SQL                        : select b1_0.id,b1_0.logo,b1_0.name,b1_0.tenant_id from brands b1_0 where b1_0.id=?
2026-01-25T02:42:57.993+02:00 DEBUG 22400 --- [main] org.hibernate.SQL                        : select c1_0.id,c1_0.alias,c1_0.all_parent_ids,c1_0.enabled,c1_0.image,c1_0.level,c1_0.name,c1_0.parent_id,c1_0.tenant_id from categories c1_0 where c1_0.id=?
2026-01-25T02:42:57.996+02:00 DEBUG 22400 --- [main] org.hibernate.SQL                        : select b1_0.id,b1_0.logo,b1_0.name,b1_0.tenant_id from brands b1_0 where b1_0.id=?
2026-01-25T02:42:57.997+02:00 DEBUG 22400 --- [main] org.hibernate.SQL                        : select c1_0.id,c1_0.alias,c1_0.all_parent_ids,c1_0.enabled,c1_0.image,c1_0.level,c1_0.name,c1_0.parent_id,c1_0.tenant_id from categories c1_0 where c1_0.id=?
2026-01-25T02:42:58.001+02:00 DEBUG 22400 --- [main] org.hibernate.SQL                        : select b1_0.id,b1_0.logo,b1_0.name,b1_0.tenant_id from brands b1_0 where b1_0.id=?
2026-01-25T02:42:58.002+02:00 DEBUG 22400 --- [main] org.hibernate.SQL                        : select b1_0.id,b1_0.logo,b1_0.name,b1_0.tenant_id from brands b1_0 where b1_0.id=?
2026-01-25T02:42:58.004+02:00 DEBUG 22400 --- [main] org.hibernate.SQL                        : select c1_0.id,c1_0.alias,c1_0.all_parent_ids,c1_0.enabled,c1_0.image,c1_0.level,c1_0.name,c1_0.parent_id,c1_0.tenant_id from categories c1_0 where c1_0.id=?
2026-01-25T02:42:58.007+02:00 DEBUG 22400 --- [main] org.hibernate.SQL                        : select b1_0.id,b1_0.logo,b1_0.name,b1_0.tenant_id from brands b1_0 where b1_0.id=?
2026-01-25T02:42:58.010+02:00 DEBUG 22400 --- [main] org.hibernate.SQL                        : select b1_0.id,b1_0.logo,b1_0.name,b1_0.tenant_id from brands b1_0 where b1_0.id=?
2026-01-25T02:42:58.012+02:00 DEBUG 22400 --- [main] org.hibernate.SQL                        : select c1_0.id,c1_0.alias,c1_0.all_parent_ids,c1_0.enabled,c1_0.image,c1_0.level,c1_0.name,c1_0.parent_id,c1_0.tenant_id from categories c1_0 where c1_0.id=?
2026-01-25T02:42:58.016+02:00 DEBUG 22400 --- [main] org.hibernate.SQL                        : select b1_0.id,b1_0.logo,b1_0.name,b1_0.tenant_id from brands b1_0 where b1_0.id=?
2026-01-25T02:42:58.018+02:00 DEBUG 22400 --- [main] org.hibernate.SQL                        : select c1_0.id,c1_0.alias,c1_0.all_parent_ids,c1_0.enabled,c1_0.image,c1_0.level,c1_0.name,c1_0.parent_id,c1_0.tenant_id from categories c1_0 where c1_0.id=?
2026-01-25T02:42:58.135+02:00 DEBUG 22400 --- [main] org.hibernate.SQL                        : UPDATE categories c JOIN categories p ON c.parent_id = p.id SET c.parent_id = NULL WHERE c.tenant_id != p.tenant_id
2026-01-25T02:42:58.200+02:00 DEBUG 22400 --- [main] org.hibernate.SQL                        : select t1_0.id,t1_0.active,t1_0.code,t1_0.created_at,t1_0.level,t1_0.name,t1_0.parent_id,t1_0.status from tenants t1_0 where t1_0.code=?
2026-01-25T02:42:58.209+02:00 DEBUG 22400 --- [main] org.hibernate.SQL                        : select t1_0.id,t1_0.active,t1_0.code,t1_0.created_at,t1_0.level,t1_0.name,t1_0.parent_id,t1_0.status from tenants t1_0 where t1_0.code=?
2026-01-25T02:42:58.214+02:00 DEBUG 22400 --- [main] org.hibernate.SQL                        : select t1_0.id,t1_0.active,t1_0.code,t1_0.created_at,t1_0.level,t1_0.name,t1_0.parent_id,t1_0.status from tenants t1_0 where t1_0.code=?
2026-01-25T02:42:58.229+02:00 DEBUG 22400 --- [main] org.hibernate.SQL                        : select r1_0.id,r1_0.all_parent_ids,r1_0.descrption,r1_0.name,r1_0.parent_id from role r1_0
2026-01-25T02:42:58.239+02:00 DEBUG 22400 --- [main] org.hibernate.SQL                        : select p1_0.role_id,p1_0.id,p1_0.permission,p1_0.scope from role_permissions p1_0 where p1_0.role_id=?
2026-01-25T02:42:58.243+02:00 DEBUG 22400 --- [main] org.hibernate.SQL                        : select p1_0.role_id,p1_0.id,p1_0.permission,p1_0.scope from role_permissions p1_0 where p1_0.role_id=?
2026-01-25T02:42:58.244+02:00 DEBUG 22400 --- [main] org.hibernate.SQL                        : select p1_0.role_id,p1_0.id,p1_0.permission,p1_0.scope from role_permissions p1_0 where p1_0.role_id=?
2026-01-25T02:42:58.246+02:00 DEBUG 22400 --- [main] org.hibernate.SQL                        : select p1_0.role_id,p1_0.id,p1_0.permission,p1_0.scope from role_permissions p1_0 where p1_0.role_id=?
2026-01-25T02:42:58.248+02:00 DEBUG 22400 --- [main] org.hibernate.SQL                        : select p1_0.role_id,p1_0.id,p1_0.permission,p1_0.scope from role_permissions p1_0 where p1_0.role_id=?
2026-01-25T02:42:58.249+02:00 DEBUG 22400 --- [main] org.hibernate.SQL                        : select p1_0.role_id,p1_0.id,p1_0.permission,p1_0.scope from role_permissions p1_0 where p1_0.role_id=?
2026-01-25T02:42:58.254+02:00 DEBUG 22400 --- [main] org.hibernate.SQL                        : select r1_0.id,r1_0.all_parent_ids,r1_0.descrption,r1_0.name,r1_0.parent_id from role r1_0
2026-01-25T02:42:58.256+02:00 DEBUG 22400 --- [main] org.hibernate.SQL                        : select p1_0.role_id,p1_0.id,p1_0.permission,p1_0.scope from role_permissions p1_0 where p1_0.role_id=?
2026-01-25T02:42:58.259+02:00 DEBUG 22400 --- [main] org.hibernate.SQL                        : select p1_0.role_id,p1_0.id,p1_0.permission,p1_0.scope from role_permissions p1_0 where p1_0.role_id=?
2026-01-25T02:42:58.261+02:00 DEBUG 22400 --- [main] org.hibernate.SQL                        : select p1_0.role_id,p1_0.id,p1_0.permission,p1_0.scope from role_permissions p1_0 where p1_0.role_id=?
2026-01-25T02:42:58.263+02:00 DEBUG 22400 --- [main] org.hibernate.SQL                        : select p1_0.role_id,p1_0.id,p1_0.permission,p1_0.scope from role_permissions p1_0 where p1_0.role_id=?
2026-01-25T02:42:58.265+02:00 DEBUG 22400 --- [main] org.hibernate.SQL                        : select p1_0.role_id,p1_0.id,p1_0.permission,p1_0.scope from role_permissions p1_0 where p1_0.role_id=?
2026-01-25T02:42:58.267+02:00 DEBUG 22400 --- [main] org.hibernate.SQL                        : select p1_0.role_id,p1_0.id,p1_0.permission,p1_0.scope from role_permissions p1_0 where p1_0.role_id=?
2026-01-25T02:42:58.271+02:00 DEBUG 22400 --- [main] org.hibernate.SQL                        : select u1_0.id,u1_0.email,u1_0.enabled,u1_0.first_name,u1_0.last_login_time,u1_0.last_name,u1_0.password,u1_0.photos,u1_0.tenant_id,u1_0.user_bio from `'user'` u1_0 where u1_0.email=?
2026-01-25T02:42:58.273+02:00 DEBUG 22400 --- [main] org.hibernate.SQL                        : select r1_0.user_id,r1_1.id,r1_1.all_parent_ids,r1_1.descrption,r1_1.name,r1_1.parent_id,p2_0.role_id,p2_0.id,p2_0.permission,p2_0.scope from user_roles r1_0 join role r1_1 on r1_1.id=r1_0.role_id left join role_permissions p2_0 on r1_1.id=p2_0.role_id where r1_0.user_id=?
2026-01-25T02:42:58.281+02:00 DEBUG 22400 --- [main] org.hibernate.SQL                        : select u1_0.id,u1_0.email,u1_0.enabled,u1_0.first_name,u1_0.last_login_time,u1_0.last_name,u1_0.password,u1_0.photos,u1_0.tenant_id,u1_0.user_bio from `'user'` u1_0 where u1_0.email=?
2026-01-25T02:42:58.282+02:00 DEBUG 22400 --- [main] org.hibernate.SQL                        : select r1_0.user_id,r1_1.id,r1_1.all_parent_ids,r1_1.descrption,r1_1.name,r1_1.parent_id,p2_0.role_id,p2_0.id,p2_0.permission,p2_0.scope from user_roles r1_0 join role r1_1 on r1_1.id=r1_0.role_id left join role_permissions p2_0 on r1_1.id=p2_0.role_id where r1_0.user_id=?
2026-01-25T02:42:58.285+02:00 DEBUG 22400 --- [main] org.hibernate.SQL                        : select u1_0.id,u1_0.email,u1_0.enabled,u1_0.first_name,u1_0.last_login_time,u1_0.last_name,u1_0.password,u1_0.photos,u1_0.tenant_id,u1_0.user_bio from `'user'` u1_0 where u1_0.email=?
2026-01-25T02:42:58.286+02:00 DEBUG 22400 --- [main] org.hibernate.SQL                        : select r1_0.user_id,r1_1.id,r1_1.all_parent_ids,r1_1.descrption,r1_1.name,r1_1.parent_id,p2_0.role_id,p2_0.id,p2_0.permission,p2_0.scope from user_roles r1_0 join role r1_1 on r1_1.id=r1_0.role_id left join role_permissions p2_0 on r1_1.id=p2_0.role_id where r1_0.user_id=?
2026-01-25T02:42:58.289+02:00 DEBUG 22400 --- [main] org.hibernate.SQL                        : select t1_0.user_id,t1_0.id,t1_0.tenant_id from user_tenants t1_0 where t1_0.user_id=?
2026-01-25T02:42:58.703+02:00  INFO 22400 --- [RMI TCP Connection(1)-192.168.1.58] o.a.c.c.C.[Tomcat].[localhost].[/]       : Initializing Spring DispatcherServlet 'dispatcherServlet'
2026-01-25T02:42:58.703+02:00  INFO 22400 --- [RMI TCP Connection(1)-192.168.1.58] o.s.web.servlet.DispatcherServlet        : Initializing Servlet 'dispatcherServlet'
2026-01-25T02:42:58.707+02:00  INFO 22400 --- [RMI TCP Connection(1)-192.168.1.58] o.s.web.servlet.DispatcherServlet        : Completed initialization in 3 ms
2026-01-25T02:43:04.280+02:00 DEBUG 22400 --- [http-nio-744-exec-3] org.hibernate.SQL                        : select t1_0.id,t1_0.active,t1_0.code,t1_0.created_at,t1_0.level,t1_0.name,t1_0.parent_id,t1_0.status from tenants t1_0 where t1_0.id=?
2026-01-25T02:43:05.265+02:00  WARN 22400 --- [AsyncReporter{org.springframework.boot.actuate.autoconfigure.tracing.zipkin.ZipkinRestTemplateSender@2978d342}] z.r.AsyncReporter$BoundedAsyncReporter   : Spans were dropped due to exceptions. All subsequent errors will be logged at FINE level.
2026-01-25T02:43:05.265+02:00  WARN 22400 --- [AsyncReporter{org.springframework.boot.actuate.autoconfigure.tracing.zipkin.ZipkinRestTemplateSender@2978d342}] z.r.AsyncReporter$BoundedAsyncReporter   : Dropped 15 spans due to IllegalArgumentException(URI is not absolute)

java.lang.IllegalArgumentException: URI is not absolute
	at java.base/java.net.URL.fromURI(URL.java:722) ~[na:na]
	at java.base/java.net.URI.toURL(URI.java:1136) ~[na:na]
	at org.springframework.http.client.SimpleClientHttpRequestFactory.createRequest(SimpleClientHttpRequestFactory.java:130) ~[spring-web-6.0.12.jar:6.0.12]
	at org.springframework.http.client.support.HttpAccessor.createRequest(HttpAccessor.java:124) ~[spring-web-6.0.12.jar:6.0.12]
	at org.springframework.web.client.RestTemplate.doExecute(RestTemplate.java:847) ~[spring-web-6.0.12.jar:6.0.12]
	at org.springframework.web.client.RestTemplate.execute(RestTemplate.java:764) ~[spring-web-6.0.12.jar:6.0.12]
	at org.springframework.web.client.RestTemplate.exchange(RestTemplate.java:646) ~[spring-web-6.0.12.jar:6.0.12]
	at org.springframework.boot.actuate.autoconfigure.tracing.zipkin.ZipkinRestTemplateSender$RestTemplateHttpPostCall.doExecute(ZipkinRestTemplateSender.java:68) ~[spring-boot-actuator-autoconfigure-3.1.4.jar:3.1.4]
	at org.springframework.boot.actuate.autoconfigure.tracing.zipkin.ZipkinRestTemplateSender$RestTemplateHttpPostCall.doExecute(ZipkinRestTemplateSender.java:48) ~[spring-boot-actuator-autoconfigure-3.1.4.jar:3.1.4]
	at zipkin2.Call$Base.execute(Call.java:391) ~[zipkin-2.23.2.jar:na]
	at zipkin2.reporter.AsyncReporter$BoundedAsyncReporter.flush(AsyncReporter.java:299) ~[zipkin-reporter-2.16.3.jar:na]
	at zipkin2.reporter.AsyncReporter$Flusher.run(AsyncReporter.java:378) ~[zipkin-reporter-2.16.3.jar:na]
	at java.base/java.lang.Thread.run(Thread.java:1589) ~[na:na]

2026-01-25T02:43:08.199+02:00 DEBUG 22400 --- [http-nio-744-exec-6] org.hibernate.SQL                        : select t1_0.id,t1_0.active,t1_0.code,t1_0.created_at,t1_0.level,t1_0.name,t1_0.parent_id,t1_0.status from tenants t1_0 where t1_0.id=?
2026-01-25T02:43:10.880+02:00 DEBUG 22400 --- [http-nio-744-exec-8] c.o.a.s.tenant.TenantFilterAspect        : 🛡️ [TenantFilterAspect] Enforced Filter for TenantID: 4
2026-01-25T02:43:10.882+02:00 DEBUG 22400 --- [http-nio-744-exec-8] org.hibernate.SQL                        : select u1_0.id,u1_0.email,u1_0.enabled,u1_0.first_name,u1_0.last_login_time,u1_0.last_name,u1_0.password,u1_0.photos,u1_0.tenant_id,u1_0.user_bio from `'user'` u1_0 where u1_0.email=?
2026-01-25T02:43:10.887+02:00 DEBUG 22400 --- [http-nio-744-exec-8] org.hibernate.SQL                        : select r1_0.user_id,r1_1.id,r1_1.all_parent_ids,r1_1.descrption,r1_1.name,r1_1.parent_id,p2_0.role_id,p2_0.id,p2_0.permission,p2_0.scope from user_roles r1_0 join role r1_1 on r1_1.id=r1_0.role_id left join role_permissions p2_0 on r1_1.id=p2_0.role_id where r1_0.user_id=?
2026-01-25T02:43:11.169+02:00 DEBUG 22400 --- [http-nio-744-exec-9] c.o.a.s.tenant.TenantFilterAspect        : ⚠️ [TenantFilterAspect] Service execution without TenantID
2026-01-25T02:43:11.171+02:00 DEBUG 22400 --- [http-nio-744-exec-9] org.hibernate.SQL                        : select u1_0.id,u1_0.email,u1_0.enabled,u1_0.first_name,u1_0.last_login_time,u1_0.last_name,u1_0.password,u1_0.photos,u1_0.tenant_id,u1_0.user_bio from `'user'` u1_0 where u1_0.email=?
2026-01-25T02:43:11.177+02:00 DEBUG 22400 --- [http-nio-744-exec-9] org.hibernate.SQL                        : select r1_0.user_id,r1_1.id,r1_1.all_parent_ids,r1_1.descrption,r1_1.name,r1_1.parent_id,p2_0.role_id,p2_0.id,p2_0.permission,p2_0.scope from user_roles r1_0 join role r1_1 on r1_1.id=r1_0.role_id left join role_permissions p2_0 on r1_1.id=p2_0.role_id where r1_0.user_id=?
2026-01-25T02:43:11.261+02:00 DEBUG 22400 --- [http-nio-744-exec-9] c.o.a.s.tenant.TenantFilterAspect        : ⚠️ [TenantFilterAspect] Service execution without TenantID
2026-01-25T02:43:11.265+02:00 DEBUG 22400 --- [http-nio-744-exec-9] org.hibernate.SQL                        : select t1_0.user_id,t1_0.id,t1_0.tenant_id from user_tenants t1_0 where t1_0.user_id=?
2026-01-25T02:43:11.278+02:00 DEBUG 22400 --- [http-nio-744-exec-9] org.hibernate.SQL                        : select u1_0.tenant_id from user_tenants u1_0 where u1_0.user_id=?
2026-01-25T02:43:11.299+02:00 DEBUG 22400 --- [http-nio-744-exec-9] org.hibernate.SQL                        : select t1_0.id,t1_0.active,t1_0.code,t1_0.created_at,t1_0.level,t1_0.name,t1_0.parent_id,t1_0.status from tenants t1_0 where t1_0.id=?
2026-01-25T02:43:11.304+02:00 DEBUG 22400 --- [http-nio-744-exec-9] c.o.a.s.tenant.TenantFilterAspect        : 🛡️ [TenantFilterAspect] Enforced Filter for TenantID: 5
2026-01-25T02:43:11.316+02:00 DEBUG 22400 --- [http-nio-744-exec-9] org.hibernate.SQL                        : select u1_0.id,u1_0.email,u1_0.enabled,u1_0.first_name,u1_0.last_login_time,u1_0.last_name,u1_0.password,u1_0.photos,u1_0.tenant_id,u1_0.user_bio from `'user'` u1_0 where u1_0.tenant_id = ? and u1_0.tenant_id = ? and u1_0.email=?
2026-01-25T02:43:11.320+02:00 DEBUG 22400 --- [http-nio-744-exec-9] org.hibernate.SQL                        : select r1_0.user_id,r1_1.id,r1_1.all_parent_ids,r1_1.descrption,r1_1.name,r1_1.parent_id,p2_0.role_id,p2_0.id,p2_0.permission,p2_0.scope from user_roles r1_0 join role r1_1 on r1_1.id=r1_0.role_id left join role_permissions p2_0 on r1_1.id=p2_0.role_id where r1_0.user_id=?
2026-01-25T02:43:11.328+02:00 DEBUG 22400 --- [http-nio-744-exec-9] org.hibernate.SQL                        : select t1_0.user_id,t1_0.id,t1_0.tenant_id from user_tenants t1_0 where t1_0.user_id=?
2026-01-25T02:43:11.352+02:00  WARN 22400 --- [http-nio-744-exec-9] o.h.c.spi.AbstractPersistentCollection   : HHH000506: Detaching an uninitialized collection with enabled filters from a session: [com.onlineStoreCom.entity.tenant.Tenant.children#5]
2026-01-25T02:43:11.352+02:00  WARN 22400 --- [http-nio-744-exec-9] o.h.c.spi.AbstractPersistentCollection   : HHH000506: Detaching an uninitialized collection with enabled filters from a session: [com.onlineStoreCom.entity.users.Role.children#1]
2026-01-25T02:43:11.369+02:00 DEBUG 22400 --- [http-nio-744-exec-10] c.o.a.s.tenant.TenantFilterAspect        : ⚠️ [TenantFilterAspect] Service execution without TenantID
2026-01-25T02:43:11.371+02:00 DEBUG 22400 --- [http-nio-744-exec-10] org.hibernate.SQL                        : select u1_0.id,u1_0.email,u1_0.enabled,u1_0.first_name,u1_0.last_login_time,u1_0.last_name,u1_0.password,u1_0.photos,u1_0.tenant_id,u1_0.user_bio from `'user'` u1_0 where u1_0.email=?
2026-01-25T02:43:11.375+02:00 DEBUG 22400 --- [http-nio-744-exec-10] org.hibernate.SQL                        : select r1_0.user_id,r1_1.id,r1_1.all_parent_ids,r1_1.descrption,r1_1.name,r1_1.parent_id,p2_0.role_id,p2_0.id,p2_0.permission,p2_0.scope from user_roles r1_0 join role r1_1 on r1_1.id=r1_0.role_id left join role_permissions p2_0 on r1_1.id=p2_0.role_id where r1_0.user_id=?
2026-01-25T02:43:11.382+02:00 DEBUG 22400 --- [http-nio-744-exec-10] c.o.a.s.tenant.TenantFilterAspect        : ⚠️ [TenantFilterAspect] Service execution without TenantID
2026-01-25T02:43:11.383+02:00 DEBUG 22400 --- [http-nio-744-exec-10] org.hibernate.SQL                        : select t1_0.user_id,t1_0.id,t1_0.tenant_id from user_tenants t1_0 where t1_0.user_id=?
2026-01-25T02:43:11.388+02:00 DEBUG 22400 --- [http-nio-744-exec-10] org.hibernate.SQL                        : select u1_0.tenant_id from user_tenants u1_0 where u1_0.user_id=?
2026-01-25T02:43:11.415+02:00 DEBUG 22400 --- [http-nio-744-exec-10] org.hibernate.SQL                        : select t1_0.id,t1_0.active,t1_0.code,t1_0.created_at,t1_0.level,t1_0.name,t1_0.parent_id,t1_0.status from tenants t1_0 where t1_0.id=?
2026-01-25T02:43:11.419+02:00 DEBUG 22400 --- [http-nio-744-exec-10] c.o.a.s.tenant.TenantFilterAspect        : 🛡️ [TenantFilterAspect] Enforced Filter for TenantID: 5
2026-01-25T02:43:11.421+02:00 DEBUG 22400 --- [http-nio-744-exec-10] org.hibernate.SQL                        : select u1_0.id,u1_0.email,u1_0.enabled,u1_0.first_name,u1_0.last_login_time,u1_0.last_name,u1_0.password,u1_0.photos,u1_0.tenant_id,u1_0.user_bio from `'user'` u1_0 where u1_0.tenant_id = ? and u1_0.tenant_id = ? and u1_0.email=?
2026-01-25T02:43:11.423+02:00 DEBUG 22400 --- [http-nio-744-exec-10] org.hibernate.SQL                        : select r1_0.user_id,r1_1.id,r1_1.all_parent_ids,r1_1.descrption,r1_1.name,r1_1.parent_id,p2_0.role_id,p2_0.id,p2_0.permission,p2_0.scope from user_roles r1_0 join role r1_1 on r1_1.id=r1_0.role_id left join role_permissions p2_0 on r1_1.id=p2_0.role_id where r1_0.user_id=?
2026-01-25T02:43:11.429+02:00 DEBUG 22400 --- [http-nio-744-exec-10] org.hibernate.SQL                        : select t1_0.user_id,t1_0.id,t1_0.tenant_id from user_tenants t1_0 where t1_0.user_id=?
2026-01-25T02:43:11.433+02:00  WARN 22400 --- [http-nio-744-exec-10] o.h.c.spi.AbstractPersistentCollection   : HHH000506: Detaching an uninitialized collection with enabled filters from a session: [com.onlineStoreCom.entity.tenant.Tenant.children#5]
2026-01-25T02:43:11.433+02:00  WARN 22400 --- [http-nio-744-exec-10] o.h.c.spi.AbstractPersistentCollection   : HHH000506: Detaching an uninitialized collection with enabled filters from a session: [com.onlineStoreCom.entity.users.Role.children#1]
2026-01-25T02:43:11.444+02:00 DEBUG 22400 --- [http-nio-744-exec-3] c.o.a.s.tenant.TenantFilterAspect        : ⚠️ [TenantFilterAspect] Service execution without TenantID
2026-01-25T02:43:11.446+02:00 DEBUG 22400 --- [http-nio-744-exec-3] org.hibernate.SQL                        : select u1_0.id,u1_0.email,u1_0.enabled,u1_0.first_name,u1_0.last_login_time,u1_0.last_name,u1_0.password,u1_0.photos,u1_0.tenant_id,u1_0.user_bio from `'user'` u1_0 where u1_0.email=?
2026-01-25T02:43:11.449+02:00 DEBUG 22400 --- [http-nio-744-exec-3] org.hibernate.SQL                        : select r1_0.user_id,r1_1.id,r1_1.all_parent_ids,r1_1.descrption,r1_1.name,r1_1.parent_id,p2_0.role_id,p2_0.id,p2_0.permission,p2_0.scope from user_roles r1_0 join role r1_1 on r1_1.id=r1_0.role_id left join role_permissions p2_0 on r1_1.id=p2_0.role_id where r1_0.user_id=?
2026-01-25T02:43:11.453+02:00 DEBUG 22400 --- [http-nio-744-exec-3] c.o.a.s.tenant.TenantFilterAspect        : ⚠️ [TenantFilterAspect] Service execution without TenantID
2026-01-25T02:43:11.455+02:00 DEBUG 22400 --- [http-nio-744-exec-3] org.hibernate.SQL                        : select t1_0.user_id,t1_0.id,t1_0.tenant_id from user_tenants t1_0 where t1_0.user_id=?
2026-01-25T02:43:11.457+02:00 DEBUG 22400 --- [http-nio-744-exec-3] org.hibernate.SQL                        : select u1_0.tenant_id from user_tenants u1_0 where u1_0.user_id=?
2026-01-25T02:43:11.486+02:00 DEBUG 22400 --- [http-nio-744-exec-3] org.hibernate.SQL                        : select t1_0.id,t1_0.active,t1_0.code,t1_0.created_at,t1_0.level,t1_0.name,t1_0.parent_id,t1_0.status from tenants t1_0 where t1_0.id=?
2026-01-25T02:43:11.490+02:00 DEBUG 22400 --- [http-nio-744-exec-3] c.o.a.s.tenant.TenantFilterAspect        : 🛡️ [TenantFilterAspect] Enforced Filter for TenantID: 5
2026-01-25T02:43:11.493+02:00 DEBUG 22400 --- [http-nio-744-exec-3] org.hibernate.SQL                        : select u1_0.id,u1_0.email,u1_0.enabled,u1_0.first_name,u1_0.last_login_time,u1_0.last_name,u1_0.password,u1_0.photos,u1_0.tenant_id,u1_0.user_bio from `'user'` u1_0 where u1_0.tenant_id = ? and u1_0.tenant_id = ? and u1_0.email=?
2026-01-25T02:43:11.495+02:00 DEBUG 22400 --- [http-nio-744-exec-3] org.hibernate.SQL                        : select r1_0.user_id,r1_1.id,r1_1.all_parent_ids,r1_1.descrption,r1_1.name,r1_1.parent_id,p2_0.role_id,p2_0.id,p2_0.permission,p2_0.scope from user_roles r1_0 join role r1_1 on r1_1.id=r1_0.role_id left join role_permissions p2_0 on r1_1.id=p2_0.role_id where r1_0.user_id=?
2026-01-25T02:43:11.499+02:00 DEBUG 22400 --- [http-nio-744-exec-3] org.hibernate.SQL                        : select t1_0.user_id,t1_0.id,t1_0.tenant_id from user_tenants t1_0 where t1_0.user_id=?
2026-01-25T02:43:11.510+02:00 DEBUG 22400 --- [http-nio-744-exec-3] c.o.a.s.tenant.TenantFilterAspect        : 🛡️ [TenantFilterAspect] Enforced Filter for TenantID: 5
2026-01-25T02:43:11.519+02:00 DEBUG 22400 --- [http-nio-744-exec-3] org.hibernate.SQL                        : select u1_0.id,u1_0.email,u1_0.enabled,u1_0.first_name,u1_0.last_login_time,u1_0.last_name,u1_0.password,u1_0.photos,u1_0.tenant_id,u1_0.user_bio from `'user'` u1_0 where u1_0.tenant_id = ? and u1_0.tenant_id = ? order by u1_0.first_name limit ?,?
2026-01-25T02:43:11.523+02:00 DEBUG 22400 --- [http-nio-744-exec-3] org.hibernate.SQL                        : select r1_0.user_id,r1_1.id,r1_1.all_parent_ids,r1_1.descrption,r1_1.name,r1_1.parent_id,p2_0.role_id,p2_0.id,p2_0.permission,p2_0.scope from user_roles r1_0 join role r1_1 on r1_1.id=r1_0.role_id left join role_permissions p2_0 on r1_1.id=p2_0.role_id where r1_0.user_id=?
2026-01-25T02:43:11.526+02:00 DEBUG 22400 --- [http-nio-744-exec-3] org.hibernate.SQL                        : select r1_0.user_id,r1_1.id,r1_1.all_parent_ids,r1_1.descrption,r1_1.name,r1_1.parent_id,p2_0.role_id,p2_0.id,p2_0.permission,p2_0.scope from user_roles r1_0 join role r1_1 on r1_1.id=r1_0.role_id left join role_permissions p2_0 on r1_1.id=p2_0.role_id where r1_0.user_id=?
2026-01-25T02:43:11.528+02:00 DEBUG 22400 --- [http-nio-744-exec-3] org.hibernate.SQL                        : select r1_0.user_id,r1_1.id,r1_1.all_parent_ids,r1_1.descrption,r1_1.name,r1_1.parent_id,p2_0.role_id,p2_0.id,p2_0.permission,p2_0.scope from user_roles r1_0 join role r1_1 on r1_1.id=r1_0.role_id left join role_permissions p2_0 on r1_1.id=p2_0.role_id where r1_0.user_id=?
2026-01-25T02:43:11.530+02:00 DEBUG 22400 --- [http-nio-744-exec-3] org.hibernate.SQL                        : select r1_0.user_id,r1_1.id,r1_1.all_parent_ids,r1_1.descrption,r1_1.name,r1_1.parent_id,p2_0.role_id,p2_0.id,p2_0.permission,p2_0.scope from user_roles r1_0 join role r1_1 on r1_1.id=r1_0.role_id left join role_permissions p2_0 on r1_1.id=p2_0.role_id where r1_0.user_id=?
2026-01-25T02:43:11.546+02:00 DEBUG 22400 --- [http-nio-744-exec-3] org.hibernate.SQL                        : select count(u1_0.id) from `'user'` u1_0 where u1_0.tenant_id = ? and u1_0.tenant_id = ?
2026-01-25T02:43:12.425+02:00 DEBUG 22400 --- [http-nio-744-exec-4] c.o.a.s.tenant.TenantFilterAspect        : ⚠️ [TenantFilterAspect] Service execution without TenantID
2026-01-25T02:43:12.428+02:00 DEBUG 22400 --- [http-nio-744-exec-5] c.o.a.s.tenant.TenantFilterAspect        : ⚠️ [TenantFilterAspect] Service execution without TenantID
2026-01-25T02:43:12.429+02:00 DEBUG 22400 --- [http-nio-744-exec-4] org.hibernate.SQL                        : select u1_0.id,u1_0.email,u1_0.enabled,u1_0.first_name,u1_0.last_login_time,u1_0.last_name,u1_0.password,u1_0.photos,u1_0.tenant_id,u1_0.user_bio from `'user'` u1_0 where u1_0.email=?
2026-01-25T02:43:12.433+02:00 DEBUG 22400 --- [http-nio-744-exec-4] org.hibernate.SQL                        : select r1_0.user_id,r1_1.id,r1_1.all_parent_ids,r1_1.descrption,r1_1.name,r1_1.parent_id,p2_0.role_id,p2_0.id,p2_0.permission,p2_0.scope from user_roles r1_0 join role r1_1 on r1_1.id=r1_0.role_id left join role_permissions p2_0 on r1_1.id=p2_0.role_id where r1_0.user_id=?
2026-01-25T02:43:12.436+02:00 DEBUG 22400 --- [http-nio-744-exec-5] org.hibernate.SQL                        : select u1_0.id,u1_0.email,u1_0.enabled,u1_0.first_name,u1_0.last_login_time,u1_0.last_name,u1_0.password,u1_0.photos,u1_0.tenant_id,u1_0.user_bio from `'user'` u1_0 where u1_0.email=?
2026-01-25T02:43:12.439+02:00 DEBUG 22400 --- [http-nio-744-exec-5] org.hibernate.SQL                        : select r1_0.user_id,r1_1.id,r1_1.all_parent_ids,r1_1.descrption,r1_1.name,r1_1.parent_id,p2_0.role_id,p2_0.id,p2_0.permission,p2_0.scope from user_roles r1_0 join role r1_1 on r1_1.id=r1_0.role_id left join role_permissions p2_0 on r1_1.id=p2_0.role_id where r1_0.user_id=?
2026-01-25T02:43:12.440+02:00 DEBUG 22400 --- [http-nio-744-exec-4] c.o.a.s.tenant.TenantFilterAspect        : ⚠️ [TenantFilterAspect] Service execution without TenantID
2026-01-25T02:43:12.441+02:00 DEBUG 22400 --- [http-nio-744-exec-4] org.hibernate.SQL                        : select t1_0.user_id,t1_0.id,t1_0.tenant_id from user_tenants t1_0 where t1_0.user_id=?
2026-01-25T02:43:12.446+02:00 DEBUG 22400 --- [http-nio-744-exec-5] c.o.a.s.tenant.TenantFilterAspect        : ⚠️ [TenantFilterAspect] Service execution without TenantID
2026-01-25T02:43:12.446+02:00 DEBUG 22400 --- [http-nio-744-exec-5] org.hibernate.SQL                        : select t1_0.user_id,t1_0.id,t1_0.tenant_id from user_tenants t1_0 where t1_0.user_id=?
2026-01-25T02:43:12.446+02:00 DEBUG 22400 --- [http-nio-744-exec-4] org.hibernate.SQL                        : select u1_0.tenant_id from user_tenants u1_0 where u1_0.user_id=?
2026-01-25T02:43:12.449+02:00 DEBUG 22400 --- [http-nio-744-exec-5] org.hibernate.SQL                        : select u1_0.tenant_id from user_tenants u1_0 where u1_0.user_id=?
2026-01-25T02:43:12.511+02:00 DEBUG 22400 --- [http-nio-744-exec-1] org.hibernate.SQL                        : select t1_0.id,t1_0.active,t1_0.code,t1_0.created_at,t1_0.level,t1_0.name,t1_0.parent_id,t1_0.status from tenants t1_0 where t1_0.id=?
2026-01-25T02:43:12.516+02:00 DEBUG 22400 --- [http-nio-744-exec-1] c.o.a.s.tenant.TenantFilterAspect        : 🛡️ [TenantFilterAspect] Enforced Filter for TenantID: 5
2026-01-25T02:43:12.519+02:00 DEBUG 22400 --- [http-nio-744-exec-1] org.hibernate.SQL                        : select u1_0.id,u1_0.email,u1_0.enabled,u1_0.first_name,u1_0.last_login_time,u1_0.last_name,u1_0.password,u1_0.photos,u1_0.tenant_id,u1_0.user_bio from `'user'` u1_0 where u1_0.tenant_id = ? and u1_0.tenant_id = ? and u1_0.email=?
2026-01-25T02:43:12.523+02:00 DEBUG 22400 --- [http-nio-744-exec-1] org.hibernate.SQL                        : select r1_0.user_id,r1_1.id,r1_1.all_parent_ids,r1_1.descrption,r1_1.name,r1_1.parent_id,p2_0.role_id,p2_0.id,p2_0.permission,p2_0.scope from user_roles r1_0 join role r1_1 on r1_1.id=r1_0.role_id left join role_permissions p2_0 on r1_1.id=p2_0.role_id where r1_0.user_id=?
2026-01-25T02:43:12.534+02:00 DEBUG 22400 --- [http-nio-744-exec-1] org.hibernate.SQL                        : select t1_0.user_id,t1_0.id,t1_0.tenant_id from user_tenants t1_0 where t1_0.user_id=?
2026-01-25T02:43:12.539+02:00 DEBUG 22400 --- [http-nio-744-exec-1] c.o.a.s.tenant.TenantFilterAspect        : 🛡️ [TenantFilterAspect] Enforced Filter for TenantID: 5
2026-01-25T02:43:12.547+02:00 DEBUG 22400 --- [http-nio-744-exec-1] org.hibernate.SQL                        : select s1_0.id,s1_0.category,s1_0.`key`,s1_0.tenant_id,s1_0.value from settings s1_0 where (s1_0.tenant_id = ? or s1_0.tenant_id = 0 or s1_0.tenant_id is null) and s1_0.tenant_id = ? and s1_0.category=?
2026-01-25T02:43:12.554+02:00 DEBUG 22400 --- [http-nio-744-exec-5] c.o.a.s.tenant.TenantFilterAspect        : ⚠️ [TenantFilterAspect] Service execution without TenantID
2026-01-25T02:43:12.561+02:00 DEBUG 22400 --- [http-nio-744-exec-5] org.hibernate.SQL                        : select u1_0.id,u1_0.email,u1_0.enabled,u1_0.first_name,u1_0.last_login_time,u1_0.last_name,u1_0.password,u1_0.photos,u1_0.tenant_id,u1_0.user_bio from `'user'` u1_0 where u1_0.email=?
2026-01-25T02:43:12.565+02:00 DEBUG 22400 --- [http-nio-744-exec-5] org.hibernate.SQL                        : select r1_0.user_id,r1_1.id,r1_1.all_parent_ids,r1_1.descrption,r1_1.name,r1_1.parent_id,p2_0.role_id,p2_0.id,p2_0.permission,p2_0.scope from user_roles r1_0 join role r1_1 on r1_1.id=r1_0.role_id left join role_permissions p2_0 on r1_1.id=p2_0.role_id where r1_0.user_id=?
2026-01-25T02:43:12.568+02:00  WARN 22400 --- [http-nio-744-exec-1] o.h.c.spi.AbstractPersistentCollection   : HHH000506: Detaching an uninitialized collection with enabled filters from a session: [com.onlineStoreCom.entity.tenant.Tenant.children#5]
2026-01-25T02:43:12.569+02:00  WARN 22400 --- [http-nio-744-exec-1] o.h.c.spi.AbstractPersistentCollection   : HHH000506: Detaching an uninitialized collection with enabled filters from a session: [com.onlineStoreCom.entity.users.Role.children#1]
2026-01-25T02:43:12.572+02:00 DEBUG 22400 --- [http-nio-744-exec-5] c.o.a.s.tenant.TenantFilterAspect        : ⚠️ [TenantFilterAspect] Service execution without TenantID
2026-01-25T02:43:12.573+02:00 DEBUG 22400 --- [http-nio-744-exec-5] org.hibernate.SQL                        : select t1_0.user_id,t1_0.id,t1_0.tenant_id from user_tenants t1_0 where t1_0.user_id=?
2026-01-25T02:43:12.578+02:00 DEBUG 22400 --- [http-nio-744-exec-5] org.hibernate.SQL                        : select u1_0.tenant_id from user_tenants u1_0 where u1_0.user_id=?
2026-01-25T02:43:12.747+02:00 DEBUG 22400 --- [http-nio-744-exec-6] c.o.a.s.tenant.TenantFilterAspect        : ⚠️ [TenantFilterAspect] Service execution without TenantID
2026-01-25T02:43:12.748+02:00 DEBUG 22400 --- [http-nio-744-exec-8] c.o.a.s.tenant.TenantFilterAspect        : ⚠️ [TenantFilterAspect] Service execution without TenantID
2026-01-25T02:43:12.750+02:00 DEBUG 22400 --- [http-nio-744-exec-6] org.hibernate.SQL                        : select u1_0.id,u1_0.email,u1_0.enabled,u1_0.first_name,u1_0.last_login_time,u1_0.last_name,u1_0.password,u1_0.photos,u1_0.tenant_id,u1_0.user_bio from `'user'` u1_0 where u1_0.email=?
2026-01-25T02:43:12.753+02:00 DEBUG 22400 --- [http-nio-744-exec-6] org.hibernate.SQL                        : select r1_0.user_id,r1_1.id,r1_1.all_parent_ids,r1_1.descrption,r1_1.name,r1_1.parent_id,p2_0.role_id,p2_0.id,p2_0.permission,p2_0.scope from user_roles r1_0 join role r1_1 on r1_1.id=r1_0.role_id left join role_permissions p2_0 on r1_1.id=p2_0.role_id where r1_0.user_id=?
2026-01-25T02:43:12.750+02:00 DEBUG 22400 --- [http-nio-744-exec-8] org.hibernate.SQL                        : select u1_0.id,u1_0.email,u1_0.enabled,u1_0.first_name,u1_0.last_login_time,u1_0.last_name,u1_0.password,u1_0.photos,u1_0.tenant_id,u1_0.user_bio from `'user'` u1_0 where u1_0.email=?
2026-01-25T02:43:12.755+02:00 DEBUG 22400 --- [http-nio-744-exec-8] org.hibernate.SQL                        : select r1_0.user_id,r1_1.id,r1_1.all_parent_ids,r1_1.descrption,r1_1.name,r1_1.parent_id,p2_0.role_id,p2_0.id,p2_0.permission,p2_0.scope from user_roles r1_0 join role r1_1 on r1_1.id=r1_0.role_id left join role_permissions p2_0 on r1_1.id=p2_0.role_id where r1_0.user_id=?
2026-01-25T02:43:12.755+02:00 DEBUG 22400 --- [http-nio-744-exec-6] c.o.a.s.tenant.TenantFilterAspect        : ⚠️ [TenantFilterAspect] Service execution without TenantID
2026-01-25T02:43:12.760+02:00 DEBUG 22400 --- [http-nio-744-exec-6] org.hibernate.SQL                        : select t1_0.user_id,t1_0.id,t1_0.tenant_id from user_tenants t1_0 where t1_0.user_id=?
2026-01-25T02:43:12.761+02:00 DEBUG 22400 --- [http-nio-744-exec-8] c.o.a.s.tenant.TenantFilterAspect        : ⚠️ [TenantFilterAspect] Service execution without TenantID
2026-01-25T02:43:12.763+02:00 DEBUG 22400 --- [http-nio-744-exec-6] org.hibernate.SQL                        : select u1_0.tenant_id from user_tenants u1_0 where u1_0.user_id=?
2026-01-25T02:43:12.763+02:00 DEBUG 22400 --- [http-nio-744-exec-8] org.hibernate.SQL                        : select t1_0.user_id,t1_0.id,t1_0.tenant_id from user_tenants t1_0 where t1_0.user_id=?
2026-01-25T02:43:12.767+02:00 DEBUG 22400 --- [http-nio-744-exec-8] org.hibernate.SQL                        : select u1_0.tenant_id from user_tenants u1_0 where u1_0.user_id=?
2026-01-25T02:43:12.771+02:00  WARN 22400 --- [http-nio-744-exec-3] o.h.c.spi.AbstractPersistentCollection   : HHH000506: Detaching an uninitialized collection with enabled filters from a session: [com.onlineStoreCom.entity.tenant.Tenant.children#5]
2026-01-25T02:43:12.771+02:00  WARN 22400 --- [http-nio-744-exec-3] o.h.c.spi.AbstractPersistentCollection   : HHH000506: Detaching an uninitialized collection with enabled filters from a session: [com.onlineStoreCom.entity.users.Role.children#1]
2026-01-25T02:43:12.771+02:00  WARN 22400 --- [http-nio-744-exec-3] o.h.c.spi.AbstractPersistentCollection   : HHH000506: Detaching an uninitialized collection with enabled filters from a session: [com.onlineStoreCom.entity.users.User.tenants#259]
2026-01-25T02:43:12.771+02:00  WARN 22400 --- [http-nio-744-exec-3] o.h.c.spi.AbstractPersistentCollection   : HHH000506: Detaching an uninitialized collection with enabled filters from a session: [com.onlineStoreCom.entity.users.User.tenants#260]
2026-01-25T02:43:12.771+02:00  WARN 22400 --- [http-nio-744-exec-3] o.h.c.spi.AbstractPersistentCollection   : HHH000506: Detaching an uninitialized collection with enabled filters from a session: [com.onlineStoreCom.entity.users.User.tenants#261]
2026-01-25T02:43:12.771+02:00  WARN 22400 --- [http-nio-744-exec-3] o.h.c.spi.AbstractPersistentCollection   : HHH000506: Detaching an uninitialized collection with enabled filters from a session: [com.onlineStoreCom.entity.users.User.tenants#262]
2026-01-25T02:43:12.806+02:00 DEBUG 22400 --- [http-nio-744-exec-7] c.o.a.s.tenant.TenantFilterAspect        : ⚠️ [TenantFilterAspect] Service execution without TenantID
2026-01-25T02:43:12.809+02:00 DEBUG 22400 --- [http-nio-744-exec-7] org.hibernate.SQL                        : select u1_0.id,u1_0.email,u1_0.enabled,u1_0.first_name,u1_0.last_login_time,u1_0.last_name,u1_0.password,u1_0.photos,u1_0.tenant_id,u1_0.user_bio from `'user'` u1_0 where u1_0.email=?
2026-01-25T02:43:12.812+02:00 DEBUG 22400 --- [http-nio-744-exec-7] org.hibernate.SQL                        : select r1_0.user_id,r1_1.id,r1_1.all_parent_ids,r1_1.descrption,r1_1.name,r1_1.parent_id,p2_0.role_id,p2_0.id,p2_0.permission,p2_0.scope from user_roles r1_0 join role r1_1 on r1_1.id=r1_0.role_id left join role_permissions p2_0 on r1_1.id=p2_0.role_id where r1_0.user_id=?
2026-01-25T02:43:12.815+02:00 DEBUG 22400 --- [http-nio-744-exec-9] c.o.a.s.tenant.TenantFilterAspect        : ⚠️ [TenantFilterAspect] Service execution without TenantID
2026-01-25T02:43:12.815+02:00 DEBUG 22400 --- [http-nio-744-exec-8] c.o.a.s.tenant.TenantFilterAspect        : ⚠️ [TenantFilterAspect] Service execution without TenantID
2026-01-25T02:43:12.817+02:00 DEBUG 22400 --- [http-nio-744-exec-8] org.hibernate.SQL                        : select u1_0.id,u1_0.email,u1_0.enabled,u1_0.first_name,u1_0.last_login_time,u1_0.last_name,u1_0.password,u1_0.photos,u1_0.tenant_id,u1_0.user_bio from `'user'` u1_0 where u1_0.email=?
2026-01-25T02:43:12.818+02:00 DEBUG 22400 --- [http-nio-744-exec-9] org.hibernate.SQL                        : select u1_0.id,u1_0.email,u1_0.enabled,u1_0.first_name,u1_0.last_login_time,u1_0.last_name,u1_0.password,u1_0.photos,u1_0.tenant_id,u1_0.user_bio from `'user'` u1_0 where u1_0.email=?
2026-01-25T02:43:12.819+02:00 DEBUG 22400 --- [http-nio-744-exec-7] c.o.a.s.tenant.TenantFilterAspect        : ⚠️ [TenantFilterAspect] Service execution without TenantID
2026-01-25T02:43:12.820+02:00 DEBUG 22400 --- [http-nio-744-exec-8] org.hibernate.SQL                        : select r1_0.user_id,r1_1.id,r1_1.all_parent_ids,r1_1.descrption,r1_1.name,r1_1.parent_id,p2_0.role_id,p2_0.id,p2_0.permission,p2_0.scope from user_roles r1_0 join role r1_1 on r1_1.id=r1_0.role_id left join role_permissions p2_0 on r1_1.id=p2_0.role_id where r1_0.user_id=?
2026-01-25T02:43:12.820+02:00 DEBUG 22400 --- [http-nio-744-exec-7] org.hibernate.SQL                        : select t1_0.user_id,t1_0.id,t1_0.tenant_id from user_tenants t1_0 where t1_0.user_id=?
2026-01-25T02:43:12.823+02:00 DEBUG 22400 --- [http-nio-744-exec-9] org.hibernate.SQL                        : select r1_0.user_id,r1_1.id,r1_1.all_parent_ids,r1_1.descrption,r1_1.name,r1_1.parent_id,p2_0.role_id,p2_0.id,p2_0.permission,p2_0.scope from user_roles r1_0 join role r1_1 on r1_1.id=r1_0.role_id left join role_permissions p2_0 on r1_1.id=p2_0.role_id where r1_0.user_id=?
2026-01-25T02:43:12.825+02:00 DEBUG 22400 --- [http-nio-744-exec-7] org.hibernate.SQL                        : select u1_0.tenant_id from user_tenants u1_0 where u1_0.user_id=?
2026-01-25T02:43:12.825+02:00 DEBUG 22400 --- [http-nio-744-exec-8] org.hibernate.SQL                        : select t1_0.user_id,t1_0.id,t1_0.tenant_id from user_tenants t1_0 where t1_0.user_id=?
2026-01-25T02:43:12.831+02:00 DEBUG 22400 --- [http-nio-744-exec-9] c.o.a.s.tenant.TenantFilterAspect        : ⚠️ [TenantFilterAspect] Service execution without TenantID
2026-01-25T02:43:12.832+02:00 DEBUG 22400 --- [http-nio-744-exec-9] org.hibernate.SQL                        : select t1_0.user_id,t1_0.id,t1_0.tenant_id from user_tenants t1_0 where t1_0.user_id=?
2026-01-25T02:43:12.837+02:00 DEBUG 22400 --- [http-nio-744-exec-9] org.hibernate.SQL                        : select u1_0.tenant_id from user_tenants u1_0 where u1_0.user_id=?
2026-01-25T02:43:12.844+02:00 DEBUG 22400 --- [http-nio-744-exec-6] c.o.a.s.tenant.TenantFilterAspect        : ⚠️ [TenantFilterAspect] Service execution without TenantID
2026-01-25T02:43:12.852+02:00 DEBUG 22400 --- [http-nio-744-exec-6] org.hibernate.SQL                        : select u1_0.id,u1_0.email,u1_0.enabled,u1_0.first_name,u1_0.last_login_time,u1_0.last_name,u1_0.password,u1_0.photos,u1_0.tenant_id,u1_0.user_bio from `'user'` u1_0 where u1_0.email=?
2026-01-25T02:43:12.855+02:00 DEBUG 22400 --- [http-nio-744-exec-6] org.hibernate.SQL                        : select r1_0.user_id,r1_1.id,r1_1.all_parent_ids,r1_1.descrption,r1_1.name,r1_1.parent_id,p2_0.role_id,p2_0.id,p2_0.permission,p2_0.scope from user_roles r1_0 join role r1_1 on r1_1.id=r1_0.role_id left join role_permissions p2_0 on r1_1.id=p2_0.role_id where r1_0.user_id=?
2026-01-25T02:43:12.864+02:00 DEBUG 22400 --- [http-nio-744-exec-4] c.o.a.s.tenant.TenantFilterAspect        : ⚠️ [TenantFilterAspect] Service execution without TenantID
2026-01-25T02:43:12.866+02:00 DEBUG 22400 --- [http-nio-744-exec-6] org.hibernate.SQL                        : select t1_0.user_id,t1_0.id,t1_0.tenant_id from user_tenants t1_0 where t1_0.user_id=?
2026-01-25T02:43:12.867+02:00 DEBUG 22400 --- [http-nio-744-exec-4] org.hibernate.SQL                        : select u1_0.id,u1_0.email,u1_0.enabled,u1_0.first_name,u1_0.last_login_time,u1_0.last_name,u1_0.password,u1_0.photos,u1_0.tenant_id,u1_0.user_bio from `'user'` u1_0 where u1_0.email=?
2026-01-25T02:43:12.867+02:00 DEBUG 22400 --- [http-nio-744-exec-7] c.o.a.s.tenant.TenantFilterAspect        : ⚠️ [TenantFilterAspect] Service execution without TenantID
2026-01-25T02:43:12.870+02:00 DEBUG 22400 --- [http-nio-744-exec-7] org.hibernate.SQL                        : select u1_0.id,u1_0.email,u1_0.enabled,u1_0.first_name,u1_0.last_login_time,u1_0.last_name,u1_0.password,u1_0.photos,u1_0.tenant_id,u1_0.user_bio from `'user'` u1_0 where u1_0.email=?
2026-01-25T02:43:12.870+02:00 DEBUG 22400 --- [http-nio-744-exec-4] org.hibernate.SQL                        : select r1_0.user_id,r1_1.id,r1_1.all_parent_ids,r1_1.descrption,r1_1.name,r1_1.parent_id,p2_0.role_id,p2_0.id,p2_0.permission,p2_0.scope from user_roles r1_0 join role r1_1 on r1_1.id=r1_0.role_id left join role_permissions p2_0 on r1_1.id=p2_0.role_id where r1_0.user_id=?
2026-01-25T02:43:12.873+02:00 DEBUG 22400 --- [http-nio-744-exec-7] org.hibernate.SQL                        : select r1_0.user_id,r1_1.id,r1_1.all_parent_ids,r1_1.descrption,r1_1.name,r1_1.parent_id,p2_0.role_id,p2_0.id,p2_0.permission,p2_0.scope from user_roles r1_0 join role r1_1 on r1_1.id=r1_0.role_id left join role_permissions p2_0 on r1_1.id=p2_0.role_id where r1_0.user_id=?
2026-01-25T02:43:12.875+02:00 DEBUG 22400 --- [http-nio-744-exec-4] c.o.a.s.tenant.TenantFilterAspect        : ⚠️ [TenantFilterAspect] Service execution without TenantID
2026-01-25T02:43:12.877+02:00 DEBUG 22400 --- [http-nio-744-exec-4] org.hibernate.SQL                        : select t1_0.user_id,t1_0.id,t1_0.tenant_id from user_tenants t1_0 where t1_0.user_id=?
2026-01-25T02:43:12.880+02:00 DEBUG 22400 --- [http-nio-744-exec-7] org.hibernate.SQL                        : select t1_0.user_id,t1_0.id,t1_0.tenant_id from user_tenants t1_0 where t1_0.user_id=?
2026-01-25T02:43:12.881+02:00 DEBUG 22400 --- [http-nio-744-exec-4] org.hibernate.SQL                        : select u1_0.tenant_id from user_tenants u1_0 where u1_0.user_id=?
2026-01-25T02:43:12.889+02:00 DEBUG 22400 --- [http-nio-744-exec-9] c.o.a.s.tenant.TenantFilterAspect        : ⚠️ [TenantFilterAspect] Service execution without TenantID
2026-01-25T02:43:12.892+02:00 DEBUG 22400 --- [http-nio-744-exec-9] org.hibernate.SQL                        : select u1_0.id,u1_0.email,u1_0.enabled,u1_0.first_name,u1_0.last_login_time,u1_0.last_name,u1_0.password,u1_0.photos,u1_0.tenant_id,u1_0.user_bio from `'user'` u1_0 where u1_0.email=?
2026-01-25T02:43:12.895+02:00 DEBUG 22400 --- [http-nio-744-exec-9] org.hibernate.SQL                        : select r1_0.user_id,r1_1.id,r1_1.all_parent_ids,r1_1.descrption,r1_1.name,r1_1.parent_id,p2_0.role_id,p2_0.id,p2_0.permission,p2_0.scope from user_roles r1_0 join role r1_1 on r1_1.id=r1_0.role_id left join role_permissions p2_0 on r1_1.id=p2_0.role_id where r1_0.user_id=?
2026-01-25T02:43:12.899+02:00 DEBUG 22400 --- [http-nio-744-exec-9] org.hibernate.SQL                        : select t1_0.user_id,t1_0.id,t1_0.tenant_id from user_tenants t1_0 where t1_0.user_id=?
2026-01-25T02:43:12.907+02:00 DEBUG 22400 --- [http-nio-744-exec-2] c.o.a.s.tenant.TenantFilterAspect        : ⚠️ [TenantFilterAspect] Service execution without TenantID
2026-01-25T02:43:12.911+02:00 DEBUG 22400 --- [http-nio-744-exec-2] org.hibernate.SQL                        : select u1_0.id,u1_0.email,u1_0.enabled,u1_0.first_name,u1_0.last_login_time,u1_0.last_name,u1_0.password,u1_0.photos,u1_0.tenant_id,u1_0.user_bio from `'user'` u1_0 where u1_0.email=?
2026-01-25T02:43:12.916+02:00 DEBUG 22400 --- [http-nio-744-exec-3] c.o.a.s.tenant.TenantFilterAspect        : ⚠️ [TenantFilterAspect] Service execution without TenantID
2026-01-25T02:43:12.918+02:00 DEBUG 22400 --- [http-nio-744-exec-2] org.hibernate.SQL                        : select r1_0.user_id,r1_1.id,r1_1.all_parent_ids,r1_1.descrption,r1_1.name,r1_1.parent_id,p2_0.role_id,p2_0.id,p2_0.permission,p2_0.scope from user_roles r1_0 join role r1_1 on r1_1.id=r1_0.role_id left join role_permissions p2_0 on r1_1.id=p2_0.role_id where r1_0.user_id=?
2026-01-25T02:43:12.919+02:00 DEBUG 22400 --- [http-nio-744-exec-3] org.hibernate.SQL                        : select u1_0.id,u1_0.email,u1_0.enabled,u1_0.first_name,u1_0.last_login_time,u1_0.last_name,u1_0.password,u1_0.photos,u1_0.tenant_id,u1_0.user_bio from `'user'` u1_0 where u1_0.email=?
2026-01-25T02:43:12.922+02:00 DEBUG 22400 --- [http-nio-744-exec-3] org.hibernate.SQL                        : select r1_0.user_id,r1_1.id,r1_1.all_parent_ids,r1_1.descrption,r1_1.name,r1_1.parent_id,p2_0.role_id,p2_0.id,p2_0.permission,p2_0.scope from user_roles r1_0 join role r1_1 on r1_1.id=r1_0.role_id left join role_permissions p2_0 on r1_1.id=p2_0.role_id where r1_0.user_id=?
2026-01-25T02:43:12.923+02:00 DEBUG 22400 --- [http-nio-744-exec-2] c.o.a.s.tenant.TenantFilterAspect        : ⚠️ [TenantFilterAspect] Service execution without TenantID
2026-01-25T02:43:12.925+02:00 DEBUG 22400 --- [http-nio-744-exec-2] org.hibernate.SQL                        : select t1_0.user_id,t1_0.id,t1_0.tenant_id from user_tenants t1_0 where t1_0.user_id=?
2026-01-25T02:43:12.926+02:00 DEBUG 22400 --- [http-nio-744-exec-3] c.o.a.s.tenant.TenantFilterAspect        : ⚠️ [TenantFilterAspect] Service execution without TenantID
2026-01-25T02:43:12.928+02:00 DEBUG 22400 --- [http-nio-744-exec-4] c.o.a.s.tenant.TenantFilterAspect        : ⚠️ [TenantFilterAspect] Service execution without TenantID
2026-01-25T02:43:12.928+02:00 DEBUG 22400 --- [http-nio-744-exec-3] org.hibernate.SQL                        : select t1_0.user_id,t1_0.id,t1_0.tenant_id from user_tenants t1_0 where t1_0.user_id=?
2026-01-25T02:43:12.929+02:00 DEBUG 22400 --- [http-nio-744-exec-2] org.hibernate.SQL                        : select u1_0.tenant_id from user_tenants u1_0 where u1_0.user_id=?
2026-01-25T02:43:12.930+02:00 DEBUG 22400 --- [http-nio-744-exec-4] org.hibernate.SQL                        : select u1_0.id,u1_0.email,u1_0.enabled,u1_0.first_name,u1_0.last_login_time,u1_0.last_name,u1_0.password,u1_0.photos,u1_0.tenant_id,u1_0.user_bio from `'user'` u1_0 where u1_0.email=?
2026-01-25T02:43:12.932+02:00 DEBUG 22400 --- [http-nio-744-exec-3] org.hibernate.SQL                        : select u1_0.tenant_id from user_tenants u1_0 where u1_0.user_id=?
2026-01-25T02:43:12.933+02:00 DEBUG 22400 --- [http-nio-744-exec-4] org.hibernate.SQL                        : select r1_0.user_id,r1_1.id,r1_1.all_parent_ids,r1_1.descrption,r1_1.name,r1_1.parent_id,p2_0.role_id,p2_0.id,p2_0.permission,p2_0.scope from user_roles r1_0 join role r1_1 on r1_1.id=r1_0.role_id left join role_permissions p2_0 on r1_1.id=p2_0.role_id where r1_0.user_id=?
2026-01-25T02:43:12.937+02:00 DEBUG 22400 --- [http-nio-744-exec-4] org.hibernate.SQL                        : select t1_0.user_id,t1_0.id,t1_0.tenant_id from user_tenants t1_0 where t1_0.user_id=?
2026-01-25T02:43:12.949+02:00 DEBUG 22400 --- [http-nio-744-exec-5] c.o.a.s.tenant.TenantFilterAspect        : ⚠️ [TenantFilterAspect] Service execution without TenantID
2026-01-25T02:43:12.951+02:00 DEBUG 22400 --- [http-nio-744-exec-3] org.hibernate.SQL                        : select t1_0.id,t1_0.active,t1_0.code,t1_0.created_at,t1_0.level,t1_0.name,t1_0.parent_id,t1_0.status from tenants t1_0 where t1_0.id=?
2026-01-25T02:43:12.951+02:00 DEBUG 22400 --- [http-nio-744-exec-5] org.hibernate.SQL                        : select u1_0.id,u1_0.email,u1_0.enabled,u1_0.first_name,u1_0.last_login_time,u1_0.last_name,u1_0.password,u1_0.photos,u1_0.tenant_id,u1_0.user_bio from `'user'` u1_0 where u1_0.email=?
2026-01-25T02:43:12.953+02:00 DEBUG 22400 --- [http-nio-744-exec-5] org.hibernate.SQL                        : select r1_0.user_id,r1_1.id,r1_1.all_parent_ids,r1_1.descrption,r1_1.name,r1_1.parent_id,p2_0.role_id,p2_0.id,p2_0.permission,p2_0.scope from user_roles r1_0 join role r1_1 on r1_1.id=r1_0.role_id left join role_permissions p2_0 on r1_1.id=p2_0.role_id where r1_0.user_id=?
2026-01-25T02:43:12.955+02:00 DEBUG 22400 --- [http-nio-744-exec-3] c.o.a.s.tenant.TenantFilterAspect        : 🛡️ [TenantFilterAspect] Enforced Filter for TenantID: 5
2026-01-25T02:43:12.955+02:00 DEBUG 22400 --- [http-nio-744-exec-5] org.hibernate.SQL                        : select t1_0.user_id,t1_0.id,t1_0.tenant_id from user_tenants t1_0 where t1_0.user_id=?
2026-01-25T02:43:12.959+02:00 DEBUG 22400 --- [http-nio-744-exec-3] org.hibernate.SQL                        : select u1_0.id,u1_0.email,u1_0.enabled,u1_0.first_name,u1_0.last_login_time,u1_0.last_name,u1_0.password,u1_0.photos,u1_0.tenant_id,u1_0.user_bio from `'user'` u1_0 where u1_0.tenant_id = ? and u1_0.tenant_id = ? and u1_0.email=?
2026-01-25T02:43:12.962+02:00 DEBUG 22400 --- [http-nio-744-exec-3] org.hibernate.SQL                        : select r1_0.user_id,r1_1.id,r1_1.all_parent_ids,r1_1.descrption,r1_1.name,r1_1.parent_id,p2_0.role_id,p2_0.id,p2_0.permission,p2_0.scope from user_roles r1_0 join role r1_1 on r1_1.id=r1_0.role_id left join role_permissions p2_0 on r1_1.id=p2_0.role_id where r1_0.user_id=?
2026-01-25T02:43:12.967+02:00 DEBUG 22400 --- [http-nio-744-exec-3] org.hibernate.SQL                        : select t1_0.user_id,t1_0.id,t1_0.tenant_id from user_tenants t1_0 where t1_0.user_id=?
2026-01-25T02:43:12.971+02:00 DEBUG 22400 --- [http-nio-744-exec-3] c.o.a.s.tenant.TenantFilterAspect        : 🛡️ [TenantFilterAspect] Enforced Filter for TenantID: 5
2026-01-25T02:43:12.975+02:00 DEBUG 22400 --- [http-nio-744-exec-3] org.hibernate.SQL                        : select u1_0.id,u1_0.email,u1_0.enabled,u1_0.first_name,u1_0.last_login_time,u1_0.last_name,u1_0.password,u1_0.photos,u1_0.tenant_id,u1_0.user_bio from `'user'` u1_0 where u1_0.tenant_id = ? and u1_0.tenant_id = ? and u1_0.email=?
2026-01-25T02:43:12.980+02:00 DEBUG 22400 --- [http-nio-744-exec-3] c.o.a.s.tenant.TenantFilterAspect        : 🛡️ [TenantFilterAspect] Enforced Filter for TenantID: 5
2026-01-25T02:43:12.988+02:00  WARN 22400 --- [http-nio-744-exec-3] o.h.c.spi.AbstractPersistentCollection   : HHH000506: Detaching an uninitialized collection with enabled filters from a session: [com.onlineStoreCom.entity.tenant.Tenant.children#5]
2026-01-25T02:43:12.988+02:00  WARN 22400 --- [http-nio-744-exec-3] o.h.c.spi.AbstractPersistentCollection   : HHH000506: Detaching an uninitialized collection with enabled filters from a session: [com.onlineStoreCom.entity.users.Role.children#1]
2026-01-25T02:43:17.666+02:00 DEBUG 22400 --- [http-nio-744-exec-1] c.o.a.s.tenant.TenantFilterAspect        : ⚠️ [TenantFilterAspect] Service execution without TenantID
2026-01-25T02:43:17.667+02:00 DEBUG 22400 --- [http-nio-744-exec-1] org.hibernate.SQL                        : select u1_0.id,u1_0.email,u1_0.enabled,u1_0.first_name,u1_0.last_login_time,u1_0.last_name,u1_0.password,u1_0.photos,u1_0.tenant_id,u1_0.user_bio from `'user'` u1_0 where u1_0.email=?
2026-01-25T02:43:17.670+02:00 DEBUG 22400 --- [http-nio-744-exec-1] org.hibernate.SQL                        : select r1_0.user_id,r1_1.id,r1_1.all_parent_ids,r1_1.descrption,r1_1.name,r1_1.parent_id,p2_0.role_id,p2_0.id,p2_0.permission,p2_0.scope from user_roles r1_0 join role r1_1 on r1_1.id=r1_0.role_id left join role_permissions p2_0 on r1_1.id=p2_0.role_id where r1_0.user_id=?
2026-01-25T02:43:17.675+02:00 DEBUG 22400 --- [http-nio-744-exec-1] c.o.a.s.tenant.TenantFilterAspect        : ⚠️ [TenantFilterAspect] Service execution without TenantID
2026-01-25T02:43:17.678+02:00 DEBUG 22400 --- [http-nio-744-exec-1] org.hibernate.SQL                        : select t1_0.user_id,t1_0.id,t1_0.tenant_id from user_tenants t1_0 where t1_0.user_id=?
2026-01-25T02:43:17.681+02:00 DEBUG 22400 --- [http-nio-744-exec-1] org.hibernate.SQL                        : select u1_0.tenant_id from user_tenants u1_0 where u1_0.user_id=?
2026-01-25T02:43:17.692+02:00 DEBUG 22400 --- [http-nio-744-exec-1] org.hibernate.SQL                        : select t1_0.id,t1_0.active,t1_0.code,t1_0.created_at,t1_0.level,t1_0.name,t1_0.parent_id,t1_0.status from tenants t1_0 where t1_0.id=?
2026-01-25T02:43:17.695+02:00 DEBUG 22400 --- [http-nio-744-exec-1] c.o.a.s.tenant.TenantFilterAspect        : 🛡️ [TenantFilterAspect] Enforced Filter for TenantID: 5
2026-01-25T02:43:17.696+02:00 DEBUG 22400 --- [http-nio-744-exec-1] org.hibernate.SQL                        : select u1_0.id,u1_0.email,u1_0.enabled,u1_0.first_name,u1_0.last_login_time,u1_0.last_name,u1_0.password,u1_0.photos,u1_0.tenant_id,u1_0.user_bio from `'user'` u1_0 where u1_0.tenant_id = ? and u1_0.tenant_id = ? and u1_0.email=?
2026-01-25T02:43:17.698+02:00 DEBUG 22400 --- [http-nio-744-exec-1] org.hibernate.SQL                        : select r1_0.user_id,r1_1.id,r1_1.all_parent_ids,r1_1.descrption,r1_1.name,r1_1.parent_id,p2_0.role_id,p2_0.id,p2_0.permission,p2_0.scope from user_roles r1_0 join role r1_1 on r1_1.id=r1_0.role_id left join role_permissions p2_0 on r1_1.id=p2_0.role_id where r1_0.user_id=?
2026-01-25T02:43:17.701+02:00 DEBUG 22400 --- [http-nio-744-exec-1] org.hibernate.SQL                        : select t1_0.user_id,t1_0.id,t1_0.tenant_id from user_tenants t1_0 where t1_0.user_id=?
2026-01-25T02:43:17.702+02:00  WARN 22400 --- [http-nio-744-exec-1] o.h.c.spi.AbstractPersistentCollection   : HHH000506: Detaching an uninitialized collection with enabled filters from a session: [com.onlineStoreCom.entity.tenant.Tenant.children#5]
2026-01-25T02:43:17.703+02:00  WARN 22400 --- [http-nio-744-exec-1] o.h.c.spi.AbstractPersistentCollection   : HHH000506: Detaching an uninitialized collection with enabled filters from a session: [com.onlineStoreCom.entity.users.Role.children#1]
2026-01-25T02:43:17.716+02:00 DEBUG 22400 --- [http-nio-744-exec-6] c.o.a.s.tenant.TenantFilterAspect        : ⚠️ [TenantFilterAspect] Service execution without TenantID
2026-01-25T02:43:17.716+02:00 DEBUG 22400 --- [http-nio-744-exec-6] org.hibernate.SQL                        : select u1_0.id,u1_0.email,u1_0.enabled,u1_0.first_name,u1_0.last_login_time,u1_0.last_name,u1_0.password,u1_0.photos,u1_0.tenant_id,u1_0.user_bio from `'user'` u1_0 where u1_0.email=?
2026-01-25T02:43:17.719+02:00 DEBUG 22400 --- [http-nio-744-exec-6] org.hibernate.SQL                        : select r1_0.user_id,r1_1.id,r1_1.all_parent_ids,r1_1.descrption,r1_1.name,r1_1.parent_id,p2_0.role_id,p2_0.id,p2_0.permission,p2_0.scope from user_roles r1_0 join role r1_1 on r1_1.id=r1_0.role_id left join role_permissions p2_0 on r1_1.id=p2_0.role_id where r1_0.user_id=?
2026-01-25T02:43:17.721+02:00 DEBUG 22400 --- [http-nio-744-exec-6] c.o.a.s.tenant.TenantFilterAspect        : ⚠️ [TenantFilterAspect] Service execution without TenantID
2026-01-25T02:43:17.723+02:00 DEBUG 22400 --- [http-nio-744-exec-6] org.hibernate.SQL                        : select t1_0.user_id,t1_0.id,t1_0.tenant_id from user_tenants t1_0 where t1_0.user_id=?
2026-01-25T02:43:17.726+02:00 DEBUG 22400 --- [http-nio-744-exec-6] org.hibernate.SQL                        : select u1_0.tenant_id from user_tenants u1_0 where u1_0.user_id=?
2026-01-25T02:43:17.750+02:00 DEBUG 22400 --- [http-nio-744-exec-6] org.hibernate.SQL                        : select t1_0.id,t1_0.active,t1_0.code,t1_0.created_at,t1_0.level,t1_0.name,t1_0.parent_id,t1_0.status from tenants t1_0 where t1_0.id=?
2026-01-25T02:43:17.754+02:00 DEBUG 22400 --- [http-nio-744-exec-6] c.o.a.s.tenant.TenantFilterAspect        : 🛡️ [TenantFilterAspect] Enforced Filter for TenantID: 5
2026-01-25T02:43:17.755+02:00 DEBUG 22400 --- [http-nio-744-exec-6] org.hibernate.SQL                        : select u1_0.id,u1_0.email,u1_0.enabled,u1_0.first_name,u1_0.last_login_time,u1_0.last_name,u1_0.password,u1_0.photos,u1_0.tenant_id,u1_0.user_bio from `'user'` u1_0 where u1_0.tenant_id = ? and u1_0.tenant_id = ? and u1_0.email=?
2026-01-25T02:43:17.758+02:00 DEBUG 22400 --- [http-nio-744-exec-6] org.hibernate.SQL                        : select r1_0.user_id,r1_1.id,r1_1.all_parent_ids,r1_1.descrption,r1_1.name,r1_1.parent_id,p2_0.role_id,p2_0.id,p2_0.permission,p2_0.scope from user_roles r1_0 join role r1_1 on r1_1.id=r1_0.role_id left join role_permissions p2_0 on r1_1.id=p2_0.role_id where r1_0.user_id=?
2026-01-25T02:43:17.762+02:00 DEBUG 22400 --- [http-nio-744-exec-6] org.hibernate.SQL                        : select t1_0.user_id,t1_0.id,t1_0.tenant_id from user_tenants t1_0 where t1_0.user_id=?
2026-01-25T02:43:17.764+02:00 DEBUG 22400 --- [http-nio-744-exec-6] c.o.a.s.tenant.TenantFilterAspect        : 🛡️ [TenantFilterAspect] Enforced Filter for TenantID: 5
2026-01-25T02:43:17.767+02:00 DEBUG 22400 --- [http-nio-744-exec-6] org.hibernate.SQL                        : select c1_0.id,c1_0.address_line_1,c1_0.address_line_2,c1_0.authentication_type,c1_0.city,c1_0.country_id,c1_0.created_time,c1_0.email,c1_0.enabled,c1_0.first_name,c1_0.image,c1_0.last_login_time,c1_0.last_name,c1_0.password,c1_0.phone_number,c1_0.points_balance,c1_0.postal_code,c1_0.rest_password_token,c1_0.state,c1_0.tenant_id,c1_0.verification_code from customers c1_0 where c1_0.tenant_id = ? and c1_0.tenant_id = ? order by c1_0.first_name limit ?,?
2026-01-25T02:43:17.770+02:00 DEBUG 22400 --- [http-nio-744-exec-6] org.hibernate.SQL                        : select c1_0.id,c1_0.code,c1_0.name from countries c1_0 where c1_0.id=?
2026-01-25T02:43:17.961+02:00 DEBUG 22400 --- [http-nio-744-exec-4] c.o.a.s.tenant.TenantFilterAspect        : ⚠️ [TenantFilterAspect] Service execution without TenantID
2026-01-25T02:43:17.962+02:00 DEBUG 22400 --- [http-nio-744-exec-7] c.o.a.s.tenant.TenantFilterAspect        : ⚠️ [TenantFilterAspect] Service execution without TenantID
2026-01-25T02:43:17.963+02:00 DEBUG 22400 --- [http-nio-744-exec-4] org.hibernate.SQL                        : select u1_0.id,u1_0.email,u1_0.enabled,u1_0.first_name,u1_0.last_login_time,u1_0.last_name,u1_0.password,u1_0.photos,u1_0.tenant_id,u1_0.user_bio from `'user'` u1_0 where u1_0.email=?
2026-01-25T02:43:17.964+02:00 DEBUG 22400 --- [http-nio-744-exec-7] org.hibernate.SQL                        : select u1_0.id,u1_0.email,u1_0.enabled,u1_0.first_name,u1_0.last_login_time,u1_0.last_name,u1_0.password,u1_0.photos,u1_0.tenant_id,u1_0.user_bio from `'user'` u1_0 where u1_0.email=?
2026-01-25T02:43:17.964+02:00 DEBUG 22400 --- [http-nio-744-exec-4] org.hibernate.SQL                        : select r1_0.user_id,r1_1.id,r1_1.all_parent_ids,r1_1.descrption,r1_1.name,r1_1.parent_id,p2_0.role_id,p2_0.id,p2_0.permission,p2_0.scope from user_roles r1_0 join role r1_1 on r1_1.id=r1_0.role_id left join role_permissions p2_0 on r1_1.id=p2_0.role_id where r1_0.user_id=?
2026-01-25T02:43:17.965+02:00 DEBUG 22400 --- [http-nio-744-exec-7] org.hibernate.SQL                        : select r1_0.user_id,r1_1.id,r1_1.all_parent_ids,r1_1.descrption,r1_1.name,r1_1.parent_id,p2_0.role_id,p2_0.id,p2_0.permission,p2_0.scope from user_roles r1_0 join role r1_1 on r1_1.id=r1_0.role_id left join role_permissions p2_0 on r1_1.id=p2_0.role_id where r1_0.user_id=?
2026-01-25T02:43:17.967+02:00 DEBUG 22400 --- [http-nio-744-exec-4] c.o.a.s.tenant.TenantFilterAspect        : ⚠️ [TenantFilterAspect] Service execution without TenantID
2026-01-25T02:43:17.967+02:00 DEBUG 22400 --- [http-nio-744-exec-7] c.o.a.s.tenant.TenantFilterAspect        : ⚠️ [TenantFilterAspect] Service execution without TenantID
2026-01-25T02:43:17.969+02:00 DEBUG 22400 --- [http-nio-744-exec-4] org.hibernate.SQL                        : select t1_0.user_id,t1_0.id,t1_0.tenant_id from user_tenants t1_0 where t1_0.user_id=?
2026-01-25T02:43:17.969+02:00 DEBUG 22400 --- [http-nio-744-exec-7] org.hibernate.SQL                        : select t1_0.user_id,t1_0.id,t1_0.tenant_id from user_tenants t1_0 where t1_0.user_id=?
2026-01-25T02:43:17.972+02:00 DEBUG 22400 --- [http-nio-744-exec-7] org.hibernate.SQL                        : select u1_0.tenant_id from user_tenants u1_0 where u1_0.user_id=?
2026-01-25T02:43:17.975+02:00 DEBUG 22400 --- [http-nio-744-exec-4] org.hibernate.SQL                        : select u1_0.tenant_id from user_tenants u1_0 where u1_0.user_id=?
2026-01-25T02:43:18.015+02:00 DEBUG 22400 --- [http-nio-744-exec-10] org.hibernate.SQL                        : select t1_0.id,t1_0.active,t1_0.code,t1_0.created_at,t1_0.level,t1_0.name,t1_0.parent_id,t1_0.status from tenants t1_0 where t1_0.id=?
2026-01-25T02:43:18.018+02:00 DEBUG 22400 --- [http-nio-744-exec-10] c.o.a.s.tenant.TenantFilterAspect        : 🛡️ [TenantFilterAspect] Enforced Filter for TenantID: 5
2026-01-25T02:43:18.021+02:00 DEBUG 22400 --- [http-nio-744-exec-10] org.hibernate.SQL                        : select u1_0.id,u1_0.email,u1_0.enabled,u1_0.first_name,u1_0.last_login_time,u1_0.last_name,u1_0.password,u1_0.photos,u1_0.tenant_id,u1_0.user_bio from `'user'` u1_0 where u1_0.tenant_id = ? and u1_0.tenant_id = ? and u1_0.email=?
2026-01-25T02:43:18.022+02:00 DEBUG 22400 --- [http-nio-744-exec-10] org.hibernate.SQL                        : select r1_0.user_id,r1_1.id,r1_1.all_parent_ids,r1_1.descrption,r1_1.name,r1_1.parent_id,p2_0.role_id,p2_0.id,p2_0.permission,p2_0.scope from user_roles r1_0 join role r1_1 on r1_1.id=r1_0.role_id left join role_permissions p2_0 on r1_1.id=p2_0.role_id where r1_0.user_id=?
2026-01-25T02:43:18.022+02:00 DEBUG 22400 --- [http-nio-744-exec-5] c.o.a.s.tenant.TenantFilterAspect        : ⚠️ [TenantFilterAspect] Service execution without TenantID
2026-01-25T02:43:18.027+02:00 DEBUG 22400 --- [http-nio-744-exec-5] org.hibernate.SQL                        : select u1_0.id,u1_0.email,u1_0.enabled,u1_0.first_name,u1_0.last_login_time,u1_0.last_name,u1_0.password,u1_0.photos,u1_0.tenant_id,u1_0.user_bio from `'user'` u1_0 where u1_0.email=?
2026-01-25T02:43:18.031+02:00 DEBUG 22400 --- [http-nio-744-exec-10] org.hibernate.SQL                        : select t1_0.user_id,t1_0.id,t1_0.tenant_id from user_tenants t1_0 where t1_0.user_id=?
2026-01-25T02:43:18.031+02:00 DEBUG 22400 --- [http-nio-744-exec-5] org.hibernate.SQL                        : select r1_0.user_id,r1_1.id,r1_1.all_parent_ids,r1_1.descrption,r1_1.name,r1_1.parent_id,p2_0.role_id,p2_0.id,p2_0.permission,p2_0.scope from user_roles r1_0 join role r1_1 on r1_1.id=r1_0.role_id left join role_permissions p2_0 on r1_1.id=p2_0.role_id where r1_0.user_id=?
2026-01-25T02:43:18.033+02:00 DEBUG 22400 --- [http-nio-744-exec-10] c.o.a.s.tenant.TenantFilterAspect        : 🛡️ [TenantFilterAspect] Enforced Filter for TenantID: 5
2026-01-25T02:43:18.035+02:00 DEBUG 22400 --- [http-nio-744-exec-5] c.o.a.s.tenant.TenantFilterAspect        : ⚠️ [TenantFilterAspect] Service execution without TenantID
2026-01-25T02:43:18.036+02:00 DEBUG 22400 --- [http-nio-744-exec-5] org.hibernate.SQL                        : select t1_0.user_id,t1_0.id,t1_0.tenant_id from user_tenants t1_0 where t1_0.user_id=?
2026-01-25T02:43:18.038+02:00 DEBUG 22400 --- [http-nio-744-exec-10] org.hibernate.SQL                        : select s1_0.id,s1_0.category,s1_0.`key`,s1_0.tenant_id,s1_0.value from settings s1_0 where (s1_0.tenant_id = ? or s1_0.tenant_id = 0 or s1_0.tenant_id is null) and s1_0.tenant_id = ? and s1_0.category=?
2026-01-25T02:43:18.039+02:00 DEBUG 22400 --- [http-nio-744-exec-5] org.hibernate.SQL                        : select u1_0.tenant_id from user_tenants u1_0 where u1_0.user_id=?
2026-01-25T02:43:18.043+02:00  WARN 22400 --- [http-nio-744-exec-10] o.h.c.spi.AbstractPersistentCollection   : HHH000506: Detaching an uninitialized collection with enabled filters from a session: [com.onlineStoreCom.entity.tenant.Tenant.children#5]
2026-01-25T02:43:18.043+02:00  WARN 22400 --- [http-nio-744-exec-10] o.h.c.spi.AbstractPersistentCollection   : HHH000506: Detaching an uninitialized collection with enabled filters from a session: [com.onlineStoreCom.entity.users.Role.children#1]
2026-01-25T02:43:18.093+02:00  WARN 22400 --- [http-nio-744-exec-6] o.h.c.spi.AbstractPersistentCollection   : HHH000506: Detaching an uninitialized collection with enabled filters from a session: [com.onlineStoreCom.entity.tenant.Tenant.children#5]
2026-01-25T02:43:18.093+02:00  WARN 22400 --- [http-nio-744-exec-6] o.h.c.spi.AbstractPersistentCollection   : HHH000506: Detaching an uninitialized collection with enabled filters from a session: [com.onlineStoreCom.entity.users.Role.children#1]
2026-01-25T02:43:18.093+02:00  WARN 22400 --- [http-nio-744-exec-6] o.h.c.spi.AbstractPersistentCollection   : HHH000506: Detaching an uninitialized collection with enabled filters from a session: [com.onlineStoreCom.entity.customer.Customer.cartItems#86]
2026-01-25T02:43:18.093+02:00  WARN 22400 --- [http-nio-744-exec-6] o.h.c.spi.AbstractPersistentCollection   : HHH000506: Detaching an uninitialized collection with enabled filters from a session: [com.onlineStoreCom.entity.setting.state.Country.Country.customers#261]
2026-01-25T02:43:18.093+02:00  WARN 22400 --- [http-nio-744-exec-6] o.h.c.spi.AbstractPersistentCollection   : HHH000506: Detaching an uninitialized collection with enabled filters from a session: [com.onlineStoreCom.entity.setting.state.Country.Country.states#261]
2026-01-25T02:43:18.093+02:00  WARN 22400 --- [http-nio-744-exec-6] o.h.c.spi.AbstractPersistentCollection   : HHH000506: Detaching an uninitialized collection with enabled filters from a session: [com.onlineStoreCom.entity.customer.Customer.cartItems#96]
2026-01-25T02:43:18.093+02:00  WARN 22400 --- [http-nio-744-exec-6] o.h.c.spi.AbstractPersistentCollection   : HHH000506: Detaching an uninitialized collection with enabled filters from a session: [com.onlineStoreCom.entity.customer.Customer.cartItems#97]
2026-01-25T02:43:18.093+02:00  WARN 22400 --- [http-nio-744-exec-6] o.h.c.spi.AbstractPersistentCollection   : HHH000506: Detaching an uninitialized collection with enabled filters from a session: [com.onlineStoreCom.entity.customer.Customer.cartItems#109]
2026-01-25T02:43:18.105+02:00 DEBUG 22400 --- [http-nio-744-exec-3] c.o.a.s.tenant.TenantFilterAspect        : ⚠️ [TenantFilterAspect] Service execution without TenantID
2026-01-25T02:43:18.108+02:00 DEBUG 22400 --- [http-nio-744-exec-8] c.o.a.s.tenant.TenantFilterAspect        : ⚠️ [TenantFilterAspect] Service execution without TenantID
2026-01-25T02:43:18.110+02:00 DEBUG 22400 --- [http-nio-744-exec-4] c.o.a.s.tenant.TenantFilterAspect        : ⚠️ [TenantFilterAspect] Service execution without TenantID
2026-01-25T02:43:18.109+02:00 DEBUG 22400 --- [http-nio-744-exec-8] org.hibernate.SQL                        : select u1_0.id,u1_0.email,u1_0.enabled,u1_0.first_name,u1_0.last_login_time,u1_0.last_name,u1_0.password,u1_0.photos,u1_0.tenant_id,u1_0.user_bio from `'user'` u1_0 where u1_0.email=?
2026-01-25T02:43:18.110+02:00 DEBUG 22400 --- [http-nio-744-exec-1] c.o.a.s.tenant.TenantFilterAspect        : ⚠️ [TenantFilterAspect] Service execution without TenantID
2026-01-25T02:43:18.110+02:00 DEBUG 22400 --- [http-nio-744-exec-10] c.o.a.s.tenant.TenantFilterAspect        : ⚠️ [TenantFilterAspect] Service execution without TenantID
2026-01-25T02:43:18.111+02:00 DEBUG 22400 --- [http-nio-744-exec-3] org.hibernate.SQL                        : select u1_0.id,u1_0.email,u1_0.enabled,u1_0.first_name,u1_0.last_login_time,u1_0.last_name,u1_0.password,u1_0.photos,u1_0.tenant_id,u1_0.user_bio from `'user'` u1_0 where u1_0.email=?
2026-01-25T02:43:18.111+02:00 DEBUG 22400 --- [http-nio-744-exec-10] org.hibernate.SQL                        : select u1_0.id,u1_0.email,u1_0.enabled,u1_0.first_name,u1_0.last_login_time,u1_0.last_name,u1_0.password,u1_0.photos,u1_0.tenant_id,u1_0.user_bio from `'user'` u1_0 where u1_0.email=?
2026-01-25T02:43:18.112+02:00 DEBUG 22400 --- [http-nio-744-exec-4] org.hibernate.SQL                        : select u1_0.id,u1_0.email,u1_0.enabled,u1_0.first_name,u1_0.last_login_time,u1_0.last_name,u1_0.password,u1_0.photos,u1_0.tenant_id,u1_0.user_bio from `'user'` u1_0 where u1_0.email=?
2026-01-25T02:43:18.112+02:00 DEBUG 22400 --- [http-nio-744-exec-2] c.o.a.s.tenant.TenantFilterAspect        : ⚠️ [TenantFilterAspect] Service execution without TenantID
2026-01-25T02:43:18.112+02:00 DEBUG 22400 --- [http-nio-744-exec-3] org.hibernate.SQL                        : select r1_0.user_id,r1_1.id,r1_1.all_parent_ids,r1_1.descrption,r1_1.name,r1_1.parent_id,p2_0.role_id,p2_0.id,p2_0.permission,p2_0.scope from user_roles r1_0 join role r1_1 on r1_1.id=r1_0.role_id left join role_permissions p2_0 on r1_1.id=p2_0.role_id where r1_0.user_id=?
2026-01-25T02:43:18.112+02:00 DEBUG 22400 --- [http-nio-744-exec-4] org.hibernate.SQL                        : select r1_0.user_id,r1_1.id,r1_1.all_parent_ids,r1_1.descrption,r1_1.name,r1_1.parent_id,p2_0.role_id,p2_0.id,p2_0.permission,p2_0.scope from user_roles r1_0 join role r1_1 on r1_1.id=r1_0.role_id left join role_permissions p2_0 on r1_1.id=p2_0.role_id where r1_0.user_id=?
2026-01-25T02:43:18.113+02:00 DEBUG 22400 --- [http-nio-744-exec-8] org.hibernate.SQL                        : select r1_0.user_id,r1_1.id,r1_1.all_parent_ids,r1_1.descrption,r1_1.name,r1_1.parent_id,p2_0.role_id,p2_0.id,p2_0.permission,p2_0.scope from user_roles r1_0 join role r1_1 on r1_1.id=r1_0.role_id left join role_permissions p2_0 on r1_1.id=p2_0.role_id where r1_0.user_id=?
2026-01-25T02:43:18.114+02:00 DEBUG 22400 --- [http-nio-744-exec-2] org.hibernate.SQL                        : select u1_0.id,u1_0.email,u1_0.enabled,u1_0.first_name,u1_0.last_login_time,u1_0.last_name,u1_0.password,u1_0.photos,u1_0.tenant_id,u1_0.user_bio from `'user'` u1_0 where u1_0.email=?
2026-01-25T02:43:18.114+02:00 DEBUG 22400 --- [http-nio-744-exec-1] org.hibernate.SQL                        : select u1_0.id,u1_0.email,u1_0.enabled,u1_0.first_name,u1_0.last_login_time,u1_0.last_name,u1_0.password,u1_0.photos,u1_0.tenant_id,u1_0.user_bio from `'user'` u1_0 where u1_0.email=?
2026-01-25T02:43:18.115+02:00 DEBUG 22400 --- [http-nio-744-exec-10] org.hibernate.SQL                        : select r1_0.user_id,r1_1.id,r1_1.all_parent_ids,r1_1.descrption,r1_1.name,r1_1.parent_id,p2_0.role_id,p2_0.id,p2_0.permission,p2_0.scope from user_roles r1_0 join role r1_1 on r1_1.id=r1_0.role_id left join role_permissions p2_0 on r1_1.id=p2_0.role_id where r1_0.user_id=?
2026-01-25T02:43:18.117+02:00 DEBUG 22400 --- [http-nio-744-exec-1] org.hibernate.SQL                        : select r1_0.user_id,r1_1.id,r1_1.all_parent_ids,r1_1.descrption,r1_1.name,r1_1.parent_id,p2_0.role_id,p2_0.id,p2_0.permission,p2_0.scope from user_roles r1_0 join role r1_1 on r1_1.id=r1_0.role_id left join role_permissions p2_0 on r1_1.id=p2_0.role_id where r1_0.user_id=?
2026-01-25T02:43:18.117+02:00 DEBUG 22400 --- [http-nio-744-exec-3] c.o.a.s.tenant.TenantFilterAspect        : ⚠️ [TenantFilterAspect] Service execution without TenantID
2026-01-25T02:43:18.117+02:00 DEBUG 22400 --- [http-nio-744-exec-4] c.o.a.s.tenant.TenantFilterAspect        : ⚠️ [TenantFilterAspect] Service execution without TenantID
2026-01-25T02:43:18.117+02:00 DEBUG 22400 --- [http-nio-744-exec-3] org.hibernate.SQL                        : select t1_0.user_id,t1_0.id,t1_0.tenant_id from user_tenants t1_0 where t1_0.user_id=?
2026-01-25T02:43:18.117+02:00 DEBUG 22400 --- [http-nio-744-exec-4] org.hibernate.SQL                        : select t1_0.user_id,t1_0.id,t1_0.tenant_id from user_tenants t1_0 where t1_0.user_id=?
2026-01-25T02:43:18.118+02:00 DEBUG 22400 --- [http-nio-744-exec-8] c.o.a.s.tenant.TenantFilterAspect        : ⚠️ [TenantFilterAspect] Service execution without TenantID
2026-01-25T02:43:18.118+02:00 DEBUG 22400 --- [http-nio-744-exec-10] c.o.a.s.tenant.TenantFilterAspect        : ⚠️ [TenantFilterAspect] Service execution without TenantID
2026-01-25T02:43:18.118+02:00 DEBUG 22400 --- [http-nio-744-exec-2] org.hibernate.SQL                        : select r1_0.user_id,r1_1.id,r1_1.all_parent_ids,r1_1.descrption,r1_1.name,r1_1.parent_id,p2_0.role_id,p2_0.id,p2_0.permission,p2_0.scope from user_roles r1_0 join role r1_1 on r1_1.id=r1_0.role_id left join role_permissions p2_0 on r1_1.id=p2_0.role_id where r1_0.user_id=?
2026-01-25T02:43:18.120+02:00 DEBUG 22400 --- [http-nio-744-exec-10] org.hibernate.SQL                        : select t1_0.user_id,t1_0.id,t1_0.tenant_id from user_tenants t1_0 where t1_0.user_id=?
2026-01-25T02:43:18.120+02:00 DEBUG 22400 --- [http-nio-744-exec-8] org.hibernate.SQL                        : select t1_0.user_id,t1_0.id,t1_0.tenant_id from user_tenants t1_0 where t1_0.user_id=?
2026-01-25T02:43:18.121+02:00 DEBUG 22400 --- [http-nio-744-exec-1] c.o.a.s.tenant.TenantFilterAspect        : ⚠️ [TenantFilterAspect] Service execution without TenantID
2026-01-25T02:43:18.122+02:00 DEBUG 22400 --- [http-nio-744-exec-1] org.hibernate.SQL                        : select t1_0.user_id,t1_0.id,t1_0.tenant_id from user_tenants t1_0 where t1_0.user_id=?
2026-01-25T02:43:18.122+02:00 DEBUG 22400 --- [http-nio-744-exec-3] org.hibernate.SQL                        : select u1_0.tenant_id from user_tenants u1_0 where u1_0.user_id=?
2026-01-25T02:43:18.123+02:00 DEBUG 22400 --- [http-nio-744-exec-8] org.hibernate.SQL                        : select u1_0.tenant_id from user_tenants u1_0 where u1_0.user_id=?
2026-01-25T02:43:18.123+02:00 DEBUG 22400 --- [http-nio-744-exec-4] org.hibernate.SQL                        : select u1_0.tenant_id from user_tenants u1_0 where u1_0.user_id=?
2026-01-25T02:43:18.123+02:00 DEBUG 22400 --- [http-nio-744-exec-10] org.hibernate.SQL                        : select u1_0.tenant_id from user_tenants u1_0 where u1_0.user_id=?
2026-01-25T02:43:18.126+02:00 DEBUG 22400 --- [http-nio-744-exec-2] c.o.a.s.tenant.TenantFilterAspect        : ⚠️ [TenantFilterAspect] Service execution without TenantID
2026-01-25T02:43:18.133+02:00 DEBUG 22400 --- [http-nio-744-exec-2] org.hibernate.SQL                        : select t1_0.user_id,t1_0.id,t1_0.tenant_id from user_tenants t1_0 where t1_0.user_id=?
2026-01-25T02:43:18.135+02:00 DEBUG 22400 --- [http-nio-744-exec-1] org.hibernate.SQL                        : select u1_0.tenant_id from user_tenants u1_0 where u1_0.user_id=?
2026-01-25T02:43:18.136+02:00 DEBUG 22400 --- [http-nio-744-exec-2] org.hibernate.SQL                        : select u1_0.tenant_id from user_tenants u1_0 where u1_0.user_id=?
2026-01-25T02:43:18.149+02:00 DEBUG 22400 --- [http-nio-744-exec-4] c.o.a.s.tenant.TenantFilterAspect        : ⚠️ [TenantFilterAspect] Service execution without TenantID
2026-01-25T02:43:18.149+02:00 DEBUG 22400 --- [http-nio-744-exec-8] c.o.a.s.tenant.TenantFilterAspect        : ⚠️ [TenantFilterAspect] Service execution without TenantID
2026-01-25T02:43:18.150+02:00 DEBUG 22400 --- [http-nio-744-exec-4] org.hibernate.SQL                        : select u1_0.id,u1_0.email,u1_0.enabled,u1_0.first_name,u1_0.last_login_time,u1_0.last_name,u1_0.password,u1_0.photos,u1_0.tenant_id,u1_0.user_bio from `'user'` u1_0 where u1_0.email=?
2026-01-25T02:43:18.150+02:00 DEBUG 22400 --- [http-nio-744-exec-8] org.hibernate.SQL                        : select u1_0.id,u1_0.email,u1_0.enabled,u1_0.first_name,u1_0.last_login_time,u1_0.last_name,u1_0.password,u1_0.photos,u1_0.tenant_id,u1_0.user_bio from `'user'` u1_0 where u1_0.email=?
2026-01-25T02:43:18.152+02:00 DEBUG 22400 --- [http-nio-744-exec-4] org.hibernate.SQL                        : select r1_0.user_id,r1_1.id,r1_1.all_parent_ids,r1_1.descrption,r1_1.name,r1_1.parent_id,p2_0.role_id,p2_0.id,p2_0.permission,p2_0.scope from user_roles r1_0 join role r1_1 on r1_1.id=r1_0.role_id left join role_permissions p2_0 on r1_1.id=p2_0.role_id where r1_0.user_id=?
2026-01-25T02:43:18.152+02:00 DEBUG 22400 --- [http-nio-744-exec-8] org.hibernate.SQL                        : select r1_0.user_id,r1_1.id,r1_1.all_parent_ids,r1_1.descrption,r1_1.name,r1_1.parent_id,p2_0.role_id,p2_0.id,p2_0.permission,p2_0.scope from user_roles r1_0 join role r1_1 on r1_1.id=r1_0.role_id left join role_permissions p2_0 on r1_1.id=p2_0.role_id where r1_0.user_id=?
2026-01-25T02:43:18.154+02:00 DEBUG 22400 --- [http-nio-744-exec-4] org.hibernate.SQL                        : select t1_0.user_id,t1_0.id,t1_0.tenant_id from user_tenants t1_0 where t1_0.user_id=?
2026-01-25T02:43:18.154+02:00 DEBUG 22400 --- [http-nio-744-exec-8] org.hibernate.SQL                        : select t1_0.user_id,t1_0.id,t1_0.tenant_id from user_tenants t1_0 where t1_0.user_id=?
2026-01-25T02:43:18.172+02:00 DEBUG 22400 --- [http-nio-744-exec-2] c.o.a.s.tenant.TenantFilterAspect        : ⚠️ [TenantFilterAspect] Service execution without TenantID
2026-01-25T02:43:18.172+02:00 DEBUG 22400 --- [http-nio-744-exec-1] c.o.a.s.tenant.TenantFilterAspect        : ⚠️ [TenantFilterAspect] Service execution without TenantID
2026-01-25T02:43:18.173+02:00 DEBUG 22400 --- [http-nio-744-exec-10] c.o.a.s.tenant.TenantFilterAspect        : ⚠️ [TenantFilterAspect] Service execution without TenantID
2026-01-25T02:43:18.174+02:00 DEBUG 22400 --- [http-nio-744-exec-2] org.hibernate.SQL                        : select u1_0.id,u1_0.email,u1_0.enabled,u1_0.first_name,u1_0.last_login_time,u1_0.last_name,u1_0.password,u1_0.photos,u1_0.tenant_id,u1_0.user_bio from `'user'` u1_0 where u1_0.email=?
2026-01-25T02:43:18.175+02:00 DEBUG 22400 --- [http-nio-744-exec-1] org.hibernate.SQL                        : select u1_0.id,u1_0.email,u1_0.enabled,u1_0.first_name,u1_0.last_login_time,u1_0.last_name,u1_0.password,u1_0.photos,u1_0.tenant_id,u1_0.user_bio from `'user'` u1_0 where u1_0.email=?
2026-01-25T02:43:18.176+02:00 DEBUG 22400 --- [http-nio-744-exec-10] org.hibernate.SQL                        : select u1_0.id,u1_0.email,u1_0.enabled,u1_0.first_name,u1_0.last_login_time,u1_0.last_name,u1_0.password,u1_0.photos,u1_0.tenant_id,u1_0.user_bio from `'user'` u1_0 where u1_0.email=?
2026-01-25T02:43:18.176+02:00 DEBUG 22400 --- [http-nio-744-exec-2] org.hibernate.SQL                        : select r1_0.user_id,r1_1.id,r1_1.all_parent_ids,r1_1.descrption,r1_1.name,r1_1.parent_id,p2_0.role_id,p2_0.id,p2_0.permission,p2_0.scope from user_roles r1_0 join role r1_1 on r1_1.id=r1_0.role_id left join role_permissions p2_0 on r1_1.id=p2_0.role_id where r1_0.user_id=?
2026-01-25T02:43:18.177+02:00 DEBUG 22400 --- [http-nio-744-exec-1] org.hibernate.SQL                        : select r1_0.user_id,r1_1.id,r1_1.all_parent_ids,r1_1.descrption,r1_1.name,r1_1.parent_id,p2_0.role_id,p2_0.id,p2_0.permission,p2_0.scope from user_roles r1_0 join role r1_1 on r1_1.id=r1_0.role_id left join role_permissions p2_0 on r1_1.id=p2_0.role_id where r1_0.user_id=?
2026-01-25T02:43:18.178+02:00 DEBUG 22400 --- [http-nio-744-exec-10] org.hibernate.SQL                        : select r1_0.user_id,r1_1.id,r1_1.all_parent_ids,r1_1.descrption,r1_1.name,r1_1.parent_id,p2_0.role_id,p2_0.id,p2_0.permission,p2_0.scope from user_roles r1_0 join role r1_1 on r1_1.id=r1_0.role_id left join role_permissions p2_0 on r1_1.id=p2_0.role_id where r1_0.user_id=?
2026-01-25T02:43:18.180+02:00 DEBUG 22400 --- [http-nio-744-exec-1] org.hibernate.SQL                        : select t1_0.user_id,t1_0.id,t1_0.tenant_id from user_tenants t1_0 where t1_0.user_id=?
2026-01-25T02:43:18.180+02:00 DEBUG 22400 --- [http-nio-744-exec-2] org.hibernate.SQL                        : select t1_0.user_id,t1_0.id,t1_0.tenant_id from user_tenants t1_0 where t1_0.user_id=?
2026-01-25T02:43:18.188+02:00 DEBUG 22400 --- [http-nio-744-exec-10] org.hibernate.SQL                        : select t1_0.user_id,t1_0.id,t1_0.tenant_id from user_tenants t1_0 where t1_0.user_id=?
2026-01-25T02:43:18.194+02:00 DEBUG 22400 --- [http-nio-744-exec-9] c.o.a.s.tenant.TenantFilterAspect        : ⚠️ [TenantFilterAspect] Service execution without TenantID
2026-01-25T02:43:18.197+02:00 DEBUG 22400 --- [http-nio-744-exec-9] org.hibernate.SQL                        : select u1_0.id,u1_0.email,u1_0.enabled,u1_0.first_name,u1_0.last_login_time,u1_0.last_name,u1_0.password,u1_0.photos,u1_0.tenant_id,u1_0.user_bio from `'user'` u1_0 where u1_0.email=?
2026-01-25T02:43:18.198+02:00 DEBUG 22400 --- [http-nio-744-exec-5] c.o.a.s.tenant.TenantFilterAspect        : ⚠️ [TenantFilterAspect] Service execution without TenantID
2026-01-25T02:43:18.198+02:00 DEBUG 22400 --- [http-nio-744-exec-9] org.hibernate.SQL                        : select r1_0.user_id,r1_1.id,r1_1.all_parent_ids,r1_1.descrption,r1_1.name,r1_1.parent_id,p2_0.role_id,p2_0.id,p2_0.permission,p2_0.scope from user_roles r1_0 join role r1_1 on r1_1.id=r1_0.role_id left join role_permissions p2_0 on r1_1.id=p2_0.role_id where r1_0.user_id=?
2026-01-25T02:43:18.199+02:00 DEBUG 22400 --- [http-nio-744-exec-5] org.hibernate.SQL                        : select u1_0.id,u1_0.email,u1_0.enabled,u1_0.first_name,u1_0.last_login_time,u1_0.last_name,u1_0.password,u1_0.photos,u1_0.tenant_id,u1_0.user_bio from `'user'` u1_0 where u1_0.email=?
2026-01-25T02:43:18.201+02:00 DEBUG 22400 --- [http-nio-744-exec-5] org.hibernate.SQL                        : select r1_0.user_id,r1_1.id,r1_1.all_parent_ids,r1_1.descrption,r1_1.name,r1_1.parent_id,p2_0.role_id,p2_0.id,p2_0.permission,p2_0.scope from user_roles r1_0 join role r1_1 on r1_1.id=r1_0.role_id left join role_permissions p2_0 on r1_1.id=p2_0.role_id where r1_0.user_id=?
2026-01-25T02:43:18.205+02:00 DEBUG 22400 --- [http-nio-744-exec-9] c.o.a.s.tenant.TenantFilterAspect        : ⚠️ [TenantFilterAspect] Service execution without TenantID
2026-01-25T02:43:18.205+02:00 DEBUG 22400 --- [http-nio-744-exec-5] org.hibernate.SQL                        : select t1_0.user_id,t1_0.id,t1_0.tenant_id from user_tenants t1_0 where t1_0.user_id=?
2026-01-25T02:43:18.205+02:00 DEBUG 22400 --- [http-nio-744-exec-9] org.hibernate.SQL                        : select t1_0.user_id,t1_0.id,t1_0.tenant_id from user_tenants t1_0 where t1_0.user_id=?
2026-01-25T02:43:18.209+02:00 DEBUG 22400 --- [http-nio-744-exec-9] org.hibernate.SQL                        : select u1_0.tenant_id from user_tenants u1_0 where u1_0.user_id=?
2026-01-25T02:43:18.223+02:00 DEBUG 22400 --- [http-nio-744-exec-9] org.hibernate.SQL                        : select t1_0.id,t1_0.active,t1_0.code,t1_0.created_at,t1_0.level,t1_0.name,t1_0.parent_id,t1_0.status from tenants t1_0 where t1_0.id=?
2026-01-25T02:43:18.229+02:00 DEBUG 22400 --- [http-nio-744-exec-9] c.o.a.s.tenant.TenantFilterAspect        : 🛡️ [TenantFilterAspect] Enforced Filter for TenantID: 5
2026-01-25T02:43:18.231+02:00 DEBUG 22400 --- [http-nio-744-exec-9] org.hibernate.SQL                        : select u1_0.id,u1_0.email,u1_0.enabled,u1_0.first_name,u1_0.last_login_time,u1_0.last_name,u1_0.password,u1_0.photos,u1_0.tenant_id,u1_0.user_bio from `'user'` u1_0 where u1_0.tenant_id = ? and u1_0.tenant_id = ? and u1_0.email=?
2026-01-25T02:43:18.233+02:00 DEBUG 22400 --- [http-nio-744-exec-9] org.hibernate.SQL                        : select r1_0.user_id,r1_1.id,r1_1.all_parent_ids,r1_1.descrption,r1_1.name,r1_1.parent_id,p2_0.role_id,p2_0.id,p2_0.permission,p2_0.scope from user_roles r1_0 join role r1_1 on r1_1.id=r1_0.role_id left join role_permissions p2_0 on r1_1.id=p2_0.role_id where r1_0.user_id=?
2026-01-25T02:43:18.237+02:00 DEBUG 22400 --- [http-nio-744-exec-9] org.hibernate.SQL                        : select t1_0.user_id,t1_0.id,t1_0.tenant_id from user_tenants t1_0 where t1_0.user_id=?
2026-01-25T02:43:18.240+02:00 DEBUG 22400 --- [http-nio-744-exec-9] c.o.a.s.tenant.TenantFilterAspect        : 🛡️ [TenantFilterAspect] Enforced Filter for TenantID: 5
2026-01-25T02:43:18.242+02:00 DEBUG 22400 --- [http-nio-744-exec-9] org.hibernate.SQL                        : select u1_0.id,u1_0.email,u1_0.enabled,u1_0.first_name,u1_0.last_login_time,u1_0.last_name,u1_0.password,u1_0.photos,u1_0.tenant_id,u1_0.user_bio from `'user'` u1_0 where u1_0.tenant_id = ? and u1_0.tenant_id = ? and u1_0.email=?
2026-01-25T02:43:18.247+02:00 DEBUG 22400 --- [http-nio-744-exec-9] c.o.a.s.tenant.TenantFilterAspect        : 🛡️ [TenantFilterAspect] Enforced Filter for TenantID: 5
2026-01-25T02:43:18.253+02:00  WARN 22400 --- [http-nio-744-exec-9] o.h.c.spi.AbstractPersistentCollection   : HHH000506: Detaching an uninitialized collection with enabled filters from a session: [com.onlineStoreCom.entity.tenant.Tenant.children#5]
2026-01-25T02:43:18.253+02:00  WARN 22400 --- [http-nio-744-exec-9] o.h.c.spi.AbstractPersistentCollection   : HHH000506: Detaching an uninitialized collection with enabled filters from a session: [com.onlineStoreCom.entity.users.Role.children#1]
2026-01-25T02:43:22.341+02:00 DEBUG 22400 --- [http-nio-744-exec-6] c.o.a.s.tenant.TenantFilterAspect        : ⚠️ [TenantFilterAspect] Service execution without TenantID
2026-01-25T02:43:22.344+02:00 DEBUG 22400 --- [http-nio-744-exec-6] org.hibernate.SQL                        : select u1_0.id,u1_0.email,u1_0.enabled,u1_0.first_name,u1_0.last_login_time,u1_0.last_name,u1_0.password,u1_0.photos,u1_0.tenant_id,u1_0.user_bio from `'user'` u1_0 where u1_0.email=?
2026-01-25T02:43:22.345+02:00 DEBUG 22400 --- [http-nio-744-exec-6] org.hibernate.SQL                        : select r1_0.user_id,r1_1.id,r1_1.all_parent_ids,r1_1.descrption,r1_1.name,r1_1.parent_id,p2_0.role_id,p2_0.id,p2_0.permission,p2_0.scope from user_roles r1_0 join role r1_1 on r1_1.id=r1_0.role_id left join role_permissions p2_0 on r1_1.id=p2_0.role_id where r1_0.user_id=?
2026-01-25T02:43:22.349+02:00 DEBUG 22400 --- [http-nio-744-exec-6] c.o.a.s.tenant.TenantFilterAspect        : ⚠️ [TenantFilterAspect] Service execution without TenantID
2026-01-25T02:43:22.350+02:00 DEBUG 22400 --- [http-nio-744-exec-6] org.hibernate.SQL                        : select t1_0.user_id,t1_0.id,t1_0.tenant_id from user_tenants t1_0 where t1_0.user_id=?
2026-01-25T02:43:22.352+02:00 DEBUG 22400 --- [http-nio-744-exec-6] org.hibernate.SQL                        : select u1_0.tenant_id from user_tenants u1_0 where u1_0.user_id=?
2026-01-25T02:43:22.369+02:00 DEBUG 22400 --- [http-nio-744-exec-6] org.hibernate.SQL                        : select t1_0.id,t1_0.active,t1_0.code,t1_0.created_at,t1_0.level,t1_0.name,t1_0.parent_id,t1_0.status from tenants t1_0 where t1_0.id=?
2026-01-25T02:43:22.371+02:00 DEBUG 22400 --- [http-nio-744-exec-6] c.o.a.s.tenant.TenantFilterAspect        : 🛡️ [TenantFilterAspect] Enforced Filter for TenantID: 5
2026-01-25T02:43:22.372+02:00 DEBUG 22400 --- [http-nio-744-exec-6] org.hibernate.SQL                        : select u1_0.id,u1_0.email,u1_0.enabled,u1_0.first_name,u1_0.last_login_time,u1_0.last_name,u1_0.password,u1_0.photos,u1_0.tenant_id,u1_0.user_bio from `'user'` u1_0 where u1_0.tenant_id = ? and u1_0.tenant_id = ? and u1_0.email=?
2026-01-25T02:43:22.374+02:00 DEBUG 22400 --- [http-nio-744-exec-6] org.hibernate.SQL                        : select r1_0.user_id,r1_1.id,r1_1.all_parent_ids,r1_1.descrption,r1_1.name,r1_1.parent_id,p2_0.role_id,p2_0.id,p2_0.permission,p2_0.scope from user_roles r1_0 join role r1_1 on r1_1.id=r1_0.role_id left join role_permissions p2_0 on r1_1.id=p2_0.role_id where r1_0.user_id=?
2026-01-25T02:43:22.376+02:00 DEBUG 22400 --- [http-nio-744-exec-6] org.hibernate.SQL                        : select t1_0.user_id,t1_0.id,t1_0.tenant_id from user_tenants t1_0 where t1_0.user_id=?
2026-01-25T02:43:22.381+02:00 DEBUG 22400 --- [http-nio-744-exec-6] c.o.a.s.tenant.TenantFilterAspect        : 🛡️ [TenantFilterAspect] Enforced Filter for TenantID: 5
2026-01-25T02:43:22.390+02:00 DEBUG 22400 --- [http-nio-744-exec-6] org.hibernate.SQL                        : update customers set enabled=? where id=? and tenant_id = ? and tenant_id = ?
2026-01-25T02:43:22.401+02:00  WARN 22400 --- [http-nio-744-exec-6] o.h.c.spi.AbstractPersistentCollection   : HHH000506: Detaching an uninitialized collection with enabled filters from a session: [com.onlineStoreCom.entity.tenant.Tenant.children#5]
2026-01-25T02:43:22.401+02:00  WARN 22400 --- [http-nio-744-exec-6] o.h.c.spi.AbstractPersistentCollection   : HHH000506: Detaching an uninitialized collection with enabled filters from a session: [com.onlineStoreCom.entity.users.Role.children#1]
2026-01-25T02:43:22.410+02:00 DEBUG 22400 --- [http-nio-744-exec-4] c.o.a.s.tenant.TenantFilterAspect        : ⚠️ [TenantFilterAspect] Service execution without TenantID
2026-01-25T02:43:22.413+02:00 DEBUG 22400 --- [http-nio-744-exec-4] org.hibernate.SQL                        : select u1_0.id,u1_0.email,u1_0.enabled,u1_0.first_name,u1_0.last_login_time,u1_0.last_name,u1_0.password,u1_0.photos,u1_0.tenant_id,u1_0.user_bio from `'user'` u1_0 where u1_0.email=?
2026-01-25T02:43:22.413+02:00 DEBUG 22400 --- [http-nio-744-exec-4] org.hibernate.SQL                        : select r1_0.user_id,r1_1.id,r1_1.all_parent_ids,r1_1.descrption,r1_1.name,r1_1.parent_id,p2_0.role_id,p2_0.id,p2_0.permission,p2_0.scope from user_roles r1_0 join role r1_1 on r1_1.id=r1_0.role_id left join role_permissions p2_0 on r1_1.id=p2_0.role_id where r1_0.user_id=?
2026-01-25T02:43:22.416+02:00 DEBUG 22400 --- [http-nio-744-exec-4] c.o.a.s.tenant.TenantFilterAspect        : ⚠️ [TenantFilterAspect] Service execution without TenantID
2026-01-25T02:43:22.417+02:00 DEBUG 22400 --- [http-nio-744-exec-4] org.hibernate.SQL                        : select t1_0.user_id,t1_0.id,t1_0.tenant_id from user_tenants t1_0 where t1_0.user_id=?
2026-01-25T02:43:22.419+02:00 DEBUG 22400 --- [http-nio-744-exec-4] org.hibernate.SQL                        : select u1_0.tenant_id from user_tenants u1_0 where u1_0.user_id=?
2026-01-25T02:43:22.428+02:00 DEBUG 22400 --- [http-nio-744-exec-4] org.hibernate.SQL                        : select t1_0.id,t1_0.active,t1_0.code,t1_0.created_at,t1_0.level,t1_0.name,t1_0.parent_id,t1_0.status from tenants t1_0 where t1_0.id=?
2026-01-25T02:43:22.433+02:00 DEBUG 22400 --- [http-nio-744-exec-4] c.o.a.s.tenant.TenantFilterAspect        : 🛡️ [TenantFilterAspect] Enforced Filter for TenantID: 5
2026-01-25T02:43:22.434+02:00 DEBUG 22400 --- [http-nio-744-exec-4] org.hibernate.SQL                        : select u1_0.id,u1_0.email,u1_0.enabled,u1_0.first_name,u1_0.last_login_time,u1_0.last_name,u1_0.password,u1_0.photos,u1_0.tenant_id,u1_0.user_bio from `'user'` u1_0 where u1_0.tenant_id = ? and u1_0.tenant_id = ? and u1_0.email=?
2026-01-25T02:43:22.435+02:00 DEBUG 22400 --- [http-nio-744-exec-4] org.hibernate.SQL                        : select r1_0.user_id,r1_1.id,r1_1.all_parent_ids,r1_1.descrption,r1_1.name,r1_1.parent_id,p2_0.role_id,p2_0.id,p2_0.permission,p2_0.scope from user_roles r1_0 join role r1_1 on r1_1.id=r1_0.role_id left join role_permissions p2_0 on r1_1.id=p2_0.role_id where r1_0.user_id=?
2026-01-25T02:43:22.437+02:00 DEBUG 22400 --- [http-nio-744-exec-4] org.hibernate.SQL                        : select t1_0.user_id,t1_0.id,t1_0.tenant_id from user_tenants t1_0 where t1_0.user_id=?
2026-01-25T02:43:22.439+02:00  WARN 22400 --- [http-nio-744-exec-4] o.h.c.spi.AbstractPersistentCollection   : HHH000506: Detaching an uninitialized collection with enabled filters from a session: [com.onlineStoreCom.entity.tenant.Tenant.children#5]
2026-01-25T02:43:22.439+02:00  WARN 22400 --- [http-nio-744-exec-4] o.h.c.spi.AbstractPersistentCollection   : HHH000506: Detaching an uninitialized collection with enabled filters from a session: [com.onlineStoreCom.entity.users.Role.children#1]
2026-01-25T02:43:22.447+02:00 DEBUG 22400 --- [http-nio-744-exec-8] c.o.a.s.tenant.TenantFilterAspect        : ⚠️ [TenantFilterAspect] Service execution without TenantID
2026-01-25T02:43:22.448+02:00 DEBUG 22400 --- [http-nio-744-exec-8] org.hibernate.SQL                        : select u1_0.id,u1_0.email,u1_0.enabled,u1_0.first_name,u1_0.last_login_time,u1_0.last_name,u1_0.password,u1_0.photos,u1_0.tenant_id,u1_0.user_bio from `'user'` u1_0 where u1_0.email=?
2026-01-25T02:43:22.450+02:00 DEBUG 22400 --- [http-nio-744-exec-8] org.hibernate.SQL                        : select r1_0.user_id,r1_1.id,r1_1.all_parent_ids,r1_1.descrption,r1_1.name,r1_1.parent_id,p2_0.role_id,p2_0.id,p2_0.permission,p2_0.scope from user_roles r1_0 join role r1_1 on r1_1.id=r1_0.role_id left join role_permissions p2_0 on r1_1.id=p2_0.role_id where r1_0.user_id=?
2026-01-25T02:43:22.452+02:00 DEBUG 22400 --- [http-nio-744-exec-8] c.o.a.s.tenant.TenantFilterAspect        : ⚠️ [TenantFilterAspect] Service execution without TenantID
2026-01-25T02:43:22.453+02:00 DEBUG 22400 --- [http-nio-744-exec-8] org.hibernate.SQL                        : select t1_0.user_id,t1_0.id,t1_0.tenant_id from user_tenants t1_0 where t1_0.user_id=?
2026-01-25T02:43:22.455+02:00 DEBUG 22400 --- [http-nio-744-exec-8] org.hibernate.SQL                        : select u1_0.tenant_id from user_tenants u1_0 where u1_0.user_id=?
2026-01-25T02:43:22.469+02:00 DEBUG 22400 --- [http-nio-744-exec-8] org.hibernate.SQL                        : select t1_0.id,t1_0.active,t1_0.code,t1_0.created_at,t1_0.level,t1_0.name,t1_0.parent_id,t1_0.status from tenants t1_0 where t1_0.id=?
2026-01-25T02:43:22.471+02:00 DEBUG 22400 --- [http-nio-744-exec-8] c.o.a.s.tenant.TenantFilterAspect        : 🛡️ [TenantFilterAspect] Enforced Filter for TenantID: 5
2026-01-25T02:43:22.471+02:00 DEBUG 22400 --- [http-nio-744-exec-8] org.hibernate.SQL                        : select u1_0.id,u1_0.email,u1_0.enabled,u1_0.first_name,u1_0.last_login_time,u1_0.last_name,u1_0.password,u1_0.photos,u1_0.tenant_id,u1_0.user_bio from `'user'` u1_0 where u1_0.tenant_id = ? and u1_0.tenant_id = ? and u1_0.email=?
2026-01-25T02:43:22.473+02:00 DEBUG 22400 --- [http-nio-744-exec-8] org.hibernate.SQL                        : select r1_0.user_id,r1_1.id,r1_1.all_parent_ids,r1_1.descrption,r1_1.name,r1_1.parent_id,p2_0.role_id,p2_0.id,p2_0.permission,p2_0.scope from user_roles r1_0 join role r1_1 on r1_1.id=r1_0.role_id left join role_permissions p2_0 on r1_1.id=p2_0.role_id where r1_0.user_id=?
2026-01-25T02:43:22.476+02:00 DEBUG 22400 --- [http-nio-744-exec-8] org.hibernate.SQL                        : select t1_0.user_id,t1_0.id,t1_0.tenant_id from user_tenants t1_0 where t1_0.user_id=?
2026-01-25T02:43:22.478+02:00 DEBUG 22400 --- [http-nio-744-exec-8] c.o.a.s.tenant.TenantFilterAspect        : 🛡️ [TenantFilterAspect] Enforced Filter for TenantID: 5
2026-01-25T02:43:22.480+02:00 DEBUG 22400 --- [http-nio-744-exec-8] org.hibernate.SQL                        : select c1_0.id,c1_0.address_line_1,c1_0.address_line_2,c1_0.authentication_type,c1_0.city,c1_0.country_id,c1_0.created_time,c1_0.email,c1_0.enabled,c1_0.first_name,c1_0.image,c1_0.last_login_time,c1_0.last_name,c1_0.password,c1_0.phone_number,c1_0.points_balance,c1_0.postal_code,c1_0.rest_password_token,c1_0.state,c1_0.tenant_id,c1_0.verification_code from customers c1_0 where c1_0.tenant_id = ? and c1_0.tenant_id = ? order by c1_0.first_name limit ?,?
2026-01-25T02:43:22.481+02:00 DEBUG 22400 --- [http-nio-744-exec-8] org.hibernate.SQL                        : select c1_0.id,c1_0.code,c1_0.name from countries c1_0 where c1_0.id=?
2026-01-25T02:43:22.570+02:00 DEBUG 22400 --- [http-nio-744-exec-1] c.o.a.s.tenant.TenantFilterAspect        : ⚠️ [TenantFilterAspect] Service execution without TenantID
2026-01-25T02:43:22.570+02:00 DEBUG 22400 --- [http-nio-744-exec-3] c.o.a.s.tenant.TenantFilterAspect        : ⚠️ [TenantFilterAspect] Service execution without TenantID
2026-01-25T02:43:22.571+02:00 DEBUG 22400 --- [http-nio-744-exec-1] org.hibernate.SQL                        : select u1_0.id,u1_0.email,u1_0.enabled,u1_0.first_name,u1_0.last_login_time,u1_0.last_name,u1_0.password,u1_0.photos,u1_0.tenant_id,u1_0.user_bio from `'user'` u1_0 where u1_0.email=?
2026-01-25T02:43:22.571+02:00 DEBUG 22400 --- [http-nio-744-exec-3] org.hibernate.SQL                        : select u1_0.id,u1_0.email,u1_0.enabled,u1_0.first_name,u1_0.last_login_time,u1_0.last_name,u1_0.password,u1_0.photos,u1_0.tenant_id,u1_0.user_bio from `'user'` u1_0 where u1_0.email=?
2026-01-25T02:43:22.573+02:00 DEBUG 22400 --- [http-nio-744-exec-3] org.hibernate.SQL                        : select r1_0.user_id,r1_1.id,r1_1.all_parent_ids,r1_1.descrption,r1_1.name,r1_1.parent_id,p2_0.role_id,p2_0.id,p2_0.permission,p2_0.scope from user_roles r1_0 join role r1_1 on r1_1.id=r1_0.role_id left join role_permissions p2_0 on r1_1.id=p2_0.role_id where r1_0.user_id=?
2026-01-25T02:43:22.573+02:00 DEBUG 22400 --- [http-nio-744-exec-1] org.hibernate.SQL                        : select r1_0.user_id,r1_1.id,r1_1.all_parent_ids,r1_1.descrption,r1_1.name,r1_1.parent_id,p2_0.role_id,p2_0.id,p2_0.permission,p2_0.scope from user_roles r1_0 join role r1_1 on r1_1.id=r1_0.role_id left join role_permissions p2_0 on r1_1.id=p2_0.role_id where r1_0.user_id=?
2026-01-25T02:43:22.576+02:00 DEBUG 22400 --- [http-nio-744-exec-1] c.o.a.s.tenant.TenantFilterAspect        : ⚠️ [TenantFilterAspect] Service execution without TenantID
2026-01-25T02:43:22.578+02:00 DEBUG 22400 --- [http-nio-744-exec-1] org.hibernate.SQL                        : select t1_0.user_id,t1_0.id,t1_0.tenant_id from user_tenants t1_0 where t1_0.user_id=?
2026-01-25T02:43:22.579+02:00 DEBUG 22400 --- [http-nio-744-exec-3] c.o.a.s.tenant.TenantFilterAspect        : ⚠️ [TenantFilterAspect] Service execution without TenantID
2026-01-25T02:43:22.579+02:00 DEBUG 22400 --- [http-nio-744-exec-3] org.hibernate.SQL                        : select t1_0.user_id,t1_0.id,t1_0.tenant_id from user_tenants t1_0 where t1_0.user_id=?
2026-01-25T02:43:22.581+02:00 DEBUG 22400 --- [http-nio-744-exec-1] org.hibernate.SQL                        : select u1_0.tenant_id from user_tenants u1_0 where u1_0.user_id=?
2026-01-25T02:43:22.582+02:00 DEBUG 22400 --- [http-nio-744-exec-3] org.hibernate.SQL                        : select u1_0.tenant_id from user_tenants u1_0 where u1_0.user_id=?
2026-01-25T02:43:22.610+02:00  WARN 22400 --- [http-nio-744-exec-8] o.h.c.spi.AbstractPersistentCollection   : HHH000506: Detaching an uninitialized collection with enabled filters from a session: [com.onlineStoreCom.entity.tenant.Tenant.children#5]
2026-01-25T02:43:22.610+02:00  WARN 22400 --- [http-nio-744-exec-8] o.h.c.spi.AbstractPersistentCollection   : HHH000506: Detaching an uninitialized collection with enabled filters from a session: [com.onlineStoreCom.entity.users.Role.children#1]
2026-01-25T02:43:22.610+02:00  WARN 22400 --- [http-nio-744-exec-8] o.h.c.spi.AbstractPersistentCollection   : HHH000506: Detaching an uninitialized collection with enabled filters from a session: [com.onlineStoreCom.entity.customer.Customer.cartItems#86]
2026-01-25T02:43:22.610+02:00  WARN 22400 --- [http-nio-744-exec-8] o.h.c.spi.AbstractPersistentCollection   : HHH000506: Detaching an uninitialized collection with enabled filters from a session: [com.onlineStoreCom.entity.setting.state.Country.Country.customers#261]
2026-01-25T02:43:22.610+02:00  WARN 22400 --- [http-nio-744-exec-8] o.h.c.spi.AbstractPersistentCollection   : HHH000506: Detaching an uninitialized collection with enabled filters from a session: [com.onlineStoreCom.entity.setting.state.Country.Country.states#261]
2026-01-25T02:43:22.610+02:00  WARN 22400 --- [http-nio-744-exec-8] o.h.c.spi.AbstractPersistentCollection   : HHH000506: Detaching an uninitialized collection with enabled filters from a session: [com.onlineStoreCom.entity.customer.Customer.cartItems#96]
2026-01-25T02:43:22.610+02:00  WARN 22400 --- [http-nio-744-exec-8] o.h.c.spi.AbstractPersistentCollection   : HHH000506: Detaching an uninitialized collection with enabled filters from a session: [com.onlineStoreCom.entity.customer.Customer.cartItems#97]
2026-01-25T02:43:22.610+02:00  WARN 22400 --- [http-nio-744-exec-8] o.h.c.spi.AbstractPersistentCollection   : HHH000506: Detaching an uninitialized collection with enabled filters from a session: [com.onlineStoreCom.entity.customer.Customer.cartItems#109]
2026-01-25T02:43:22.620+02:00 DEBUG 22400 --- [http-nio-744-exec-9] c.o.a.s.tenant.TenantFilterAspect        : ⚠️ [TenantFilterAspect] Service execution without TenantID
2026-01-25T02:43:22.623+02:00 DEBUG 22400 --- [http-nio-744-exec-9] org.hibernate.SQL                        : select u1_0.id,u1_0.email,u1_0.enabled,u1_0.first_name,u1_0.last_login_time,u1_0.last_name,u1_0.password,u1_0.photos,u1_0.tenant_id,u1_0.user_bio from `'user'` u1_0 where u1_0.email=?
2026-01-25T02:43:22.631+02:00 DEBUG 22400 --- [http-nio-744-exec-2] org.hibernate.SQL                        : select t1_0.id,t1_0.active,t1_0.code,t1_0.created_at,t1_0.level,t1_0.name,t1_0.parent_id,t1_0.status from tenants t1_0 where t1_0.id=?
2026-01-25T02:43:22.631+02:00 DEBUG 22400 --- [http-nio-744-exec-9] org.hibernate.SQL                        : select r1_0.user_id,r1_1.id,r1_1.all_parent_ids,r1_1.descrption,r1_1.name,r1_1.parent_id,p2_0.role_id,p2_0.id,p2_0.permission,p2_0.scope from user_roles r1_0 join role r1_1 on r1_1.id=r1_0.role_id left join role_permissions p2_0 on r1_1.id=p2_0.role_id where r1_0.user_id=?
2026-01-25T02:43:22.635+02:00 DEBUG 22400 --- [http-nio-744-exec-9] c.o.a.s.tenant.TenantFilterAspect        : ⚠️ [TenantFilterAspect] Service execution without TenantID
2026-01-25T02:43:22.635+02:00 DEBUG 22400 --- [http-nio-744-exec-2] c.o.a.s.tenant.TenantFilterAspect        : 🛡️ [TenantFilterAspect] Enforced Filter for TenantID: 5
2026-01-25T02:43:22.636+02:00 DEBUG 22400 --- [http-nio-744-exec-9] org.hibernate.SQL                        : select t1_0.user_id,t1_0.id,t1_0.tenant_id from user_tenants t1_0 where t1_0.user_id=?
2026-01-25T02:43:22.636+02:00 DEBUG 22400 --- [http-nio-744-exec-2] org.hibernate.SQL                        : select u1_0.id,u1_0.email,u1_0.enabled,u1_0.first_name,u1_0.last_login_time,u1_0.last_name,u1_0.password,u1_0.photos,u1_0.tenant_id,u1_0.user_bio from `'user'` u1_0 where u1_0.tenant_id = ? and u1_0.tenant_id = ? and u1_0.email=?
2026-01-25T02:43:22.638+02:00 DEBUG 22400 --- [http-nio-744-exec-2] org.hibernate.SQL                        : select r1_0.user_id,r1_1.id,r1_1.all_parent_ids,r1_1.descrption,r1_1.name,r1_1.parent_id,p2_0.role_id,p2_0.id,p2_0.permission,p2_0.scope from user_roles r1_0 join role r1_1 on r1_1.id=r1_0.role_id left join role_permissions p2_0 on r1_1.id=p2_0.role_id where r1_0.user_id=?
2026-01-25T02:43:22.638+02:00 DEBUG 22400 --- [http-nio-744-exec-9] org.hibernate.SQL                        : select u1_0.tenant_id from user_tenants u1_0 where u1_0.user_id=?
2026-01-25T02:43:22.649+02:00 DEBUG 22400 --- [http-nio-744-exec-2] org.hibernate.SQL                        : select t1_0.user_id,t1_0.id,t1_0.tenant_id from user_tenants t1_0 where t1_0.user_id=?
2026-01-25T02:43:22.651+02:00 DEBUG 22400 --- [http-nio-744-exec-2] c.o.a.s.tenant.TenantFilterAspect        : 🛡️ [TenantFilterAspect] Enforced Filter for TenantID: 5
2026-01-25T02:43:22.652+02:00 DEBUG 22400 --- [http-nio-744-exec-2] org.hibernate.SQL                        : select s1_0.id,s1_0.category,s1_0.`key`,s1_0.tenant_id,s1_0.value from settings s1_0 where (s1_0.tenant_id = ? or s1_0.tenant_id = 0 or s1_0.tenant_id is null) and s1_0.tenant_id = ? and s1_0.category=?
2026-01-25T02:43:22.661+02:00  WARN 22400 --- [http-nio-744-exec-2] o.h.c.spi.AbstractPersistentCollection   : HHH000506: Detaching an uninitialized collection with enabled filters from a session: [com.onlineStoreCom.entity.tenant.Tenant.children#5]
2026-01-25T02:43:22.661+02:00  WARN 22400 --- [http-nio-744-exec-2] o.h.c.spi.AbstractPersistentCollection   : HHH000506: Detaching an uninitialized collection with enabled filters from a session: [com.onlineStoreCom.entity.users.Role.children#1]
2026-01-25T02:43:22.669+02:00 DEBUG 22400 --- [http-nio-744-exec-8] c.o.a.s.tenant.TenantFilterAspect        : ⚠️ [TenantFilterAspect] Service execution without TenantID
2026-01-25T02:43:22.669+02:00 DEBUG 22400 --- [http-nio-744-exec-10] c.o.a.s.tenant.TenantFilterAspect        : ⚠️ [TenantFilterAspect] Service execution without TenantID
2026-01-25T02:43:22.671+02:00 DEBUG 22400 --- [http-nio-744-exec-10] org.hibernate.SQL                        : select u1_0.id,u1_0.email,u1_0.enabled,u1_0.first_name,u1_0.last_login_time,u1_0.last_name,u1_0.password,u1_0.photos,u1_0.tenant_id,u1_0.user_bio from `'user'` u1_0 where u1_0.email=?
2026-01-25T02:43:22.671+02:00 DEBUG 22400 --- [http-nio-744-exec-8] org.hibernate.SQL                        : select u1_0.id,u1_0.email,u1_0.enabled,u1_0.first_name,u1_0.last_login_time,u1_0.last_name,u1_0.password,u1_0.photos,u1_0.tenant_id,u1_0.user_bio from `'user'` u1_0 where u1_0.email=?
2026-01-25T02:43:22.673+02:00 DEBUG 22400 --- [http-nio-744-exec-8] org.hibernate.SQL                        : select r1_0.user_id,r1_1.id,r1_1.all_parent_ids,r1_1.descrption,r1_1.name,r1_1.parent_id,p2_0.role_id,p2_0.id,p2_0.permission,p2_0.scope from user_roles r1_0 join role r1_1 on r1_1.id=r1_0.role_id left join role_permissions p2_0 on r1_1.id=p2_0.role_id where r1_0.user_id=?
2026-01-25T02:43:22.673+02:00 DEBUG 22400 --- [http-nio-744-exec-10] org.hibernate.SQL                        : select r1_0.user_id,r1_1.id,r1_1.all_parent_ids,r1_1.descrption,r1_1.name,r1_1.parent_id,p2_0.role_id,p2_0.id,p2_0.permission,p2_0.scope from user_roles r1_0 join role r1_1 on r1_1.id=r1_0.role_id left join role_permissions p2_0 on r1_1.id=p2_0.role_id where r1_0.user_id=?
2026-01-25T02:43:22.678+02:00 DEBUG 22400 --- [http-nio-744-exec-8] c.o.a.s.tenant.TenantFilterAspect        : ⚠️ [TenantFilterAspect] Service execution without TenantID
2026-01-25T02:43:22.679+02:00 DEBUG 22400 --- [http-nio-744-exec-10] c.o.a.s.tenant.TenantFilterAspect        : ⚠️ [TenantFilterAspect] Service execution without TenantID
2026-01-25T02:43:22.679+02:00 DEBUG 22400 --- [http-nio-744-exec-8] org.hibernate.SQL                        : select t1_0.user_id,t1_0.id,t1_0.tenant_id from user_tenants t1_0 where t1_0.user_id=?
2026-01-25T02:43:22.679+02:00 DEBUG 22400 --- [http-nio-744-exec-10] org.hibernate.SQL                        : select t1_0.user_id,t1_0.id,t1_0.tenant_id from user_tenants t1_0 where t1_0.user_id=?
2026-01-25T02:43:22.681+02:00 DEBUG 22400 --- [http-nio-744-exec-8] org.hibernate.SQL                        : select u1_0.tenant_id from user_tenants u1_0 where u1_0.user_id=?
2026-01-25T02:43:22.682+02:00 DEBUG 22400 --- [http-nio-744-exec-10] org.hibernate.SQL                        : select u1_0.tenant_id from user_tenants u1_0 where u1_0.user_id=?
2026-01-25T02:43:22.689+02:00 DEBUG 22400 --- [http-nio-744-exec-6] c.o.a.s.tenant.TenantFilterAspect        : ⚠️ [TenantFilterAspect] Service execution without TenantID
2026-01-25T02:43:22.689+02:00 DEBUG 22400 --- [http-nio-744-exec-3] c.o.a.s.tenant.TenantFilterAspect        : ⚠️ [TenantFilterAspect] Service execution without TenantID
2026-01-25T02:43:22.691+02:00 DEBUG 22400 --- [http-nio-744-exec-3] org.hibernate.SQL                        : select u1_0.id,u1_0.email,u1_0.enabled,u1_0.first_name,u1_0.last_login_time,u1_0.last_name,u1_0.password,u1_0.photos,u1_0.tenant_id,u1_0.user_bio from `'user'` u1_0 where u1_0.email=?
2026-01-25T02:43:22.691+02:00 DEBUG 22400 --- [http-nio-744-exec-6] org.hibernate.SQL                        : select u1_0.id,u1_0.email,u1_0.enabled,u1_0.first_name,u1_0.last_login_time,u1_0.last_name,u1_0.password,u1_0.photos,u1_0.tenant_id,u1_0.user_bio from `'user'` u1_0 where u1_0.email=?
2026-01-25T02:43:22.693+02:00 DEBUG 22400 --- [http-nio-744-exec-3] org.hibernate.SQL                        : select r1_0.user_id,r1_1.id,r1_1.all_parent_ids,r1_1.descrption,r1_1.name,r1_1.parent_id,p2_0.role_id,p2_0.id,p2_0.permission,p2_0.scope from user_roles r1_0 join role r1_1 on r1_1.id=r1_0.role_id left join role_permissions p2_0 on r1_1.id=p2_0.role_id where r1_0.user_id=?
2026-01-25T02:43:22.694+02:00 DEBUG 22400 --- [http-nio-744-exec-6] org.hibernate.SQL                        : select r1_0.user_id,r1_1.id,r1_1.all_parent_ids,r1_1.descrption,r1_1.name,r1_1.parent_id,p2_0.role_id,p2_0.id,p2_0.permission,p2_0.scope from user_roles r1_0 join role r1_1 on r1_1.id=r1_0.role_id left join role_permissions p2_0 on r1_1.id=p2_0.role_id where r1_0.user_id=?
2026-01-25T02:43:22.697+02:00 DEBUG 22400 --- [http-nio-744-exec-3] c.o.a.s.tenant.TenantFilterAspect        : ⚠️ [TenantFilterAspect] Service execution without TenantID
2026-01-25T02:43:22.697+02:00 DEBUG 22400 --- [http-nio-744-exec-6] c.o.a.s.tenant.TenantFilterAspect        : ⚠️ [TenantFilterAspect] Service execution without TenantID
2026-01-25T02:43:22.697+02:00 DEBUG 22400 --- [http-nio-744-exec-6] org.hibernate.SQL                        : select t1_0.user_id,t1_0.id,t1_0.tenant_id from user_tenants t1_0 where t1_0.user_id=?
2026-01-25T02:43:22.697+02:00 DEBUG 22400 --- [http-nio-744-exec-3] org.hibernate.SQL                        : select t1_0.user_id,t1_0.id,t1_0.tenant_id from user_tenants t1_0 where t1_0.user_id=?
2026-01-25T02:43:22.699+02:00 DEBUG 22400 --- [http-nio-744-exec-6] org.hibernate.SQL                        : select u1_0.tenant_id from user_tenants u1_0 where u1_0.user_id=?
2026-01-25T02:43:22.699+02:00 DEBUG 22400 --- [http-nio-744-exec-3] org.hibernate.SQL                        : select u1_0.tenant_id from user_tenants u1_0 where u1_0.user_id=?
2026-01-25T02:43:22.713+02:00 DEBUG 22400 --- [http-nio-744-exec-1] c.o.a.s.tenant.TenantFilterAspect        : ⚠️ [TenantFilterAspect] Service execution without TenantID
2026-01-25T02:43:22.713+02:00 DEBUG 22400 --- [http-nio-744-exec-5] c.o.a.s.tenant.TenantFilterAspect        : ⚠️ [TenantFilterAspect] Service execution without TenantID
2026-01-25T02:43:22.716+02:00 DEBUG 22400 --- [http-nio-744-exec-5] org.hibernate.SQL                        : select u1_0.id,u1_0.email,u1_0.enabled,u1_0.first_name,u1_0.last_login_time,u1_0.last_name,u1_0.password,u1_0.photos,u1_0.tenant_id,u1_0.user_bio from `'user'` u1_0 where u1_0.email=?
2026-01-25T02:43:22.719+02:00 DEBUG 22400 --- [http-nio-744-exec-5] org.hibernate.SQL                        : select r1_0.user_id,r1_1.id,r1_1.all_parent_ids,r1_1.descrption,r1_1.name,r1_1.parent_id,p2_0.role_id,p2_0.id,p2_0.permission,p2_0.scope from user_roles r1_0 join role r1_1 on r1_1.id=r1_0.role_id left join role_permissions p2_0 on r1_1.id=p2_0.role_id where r1_0.user_id=?
2026-01-25T02:43:22.722+02:00 DEBUG 22400 --- [http-nio-744-exec-1] org.hibernate.SQL                        : select u1_0.id,u1_0.email,u1_0.enabled,u1_0.first_name,u1_0.last_login_time,u1_0.last_name,u1_0.password,u1_0.photos,u1_0.tenant_id,u1_0.user_bio from `'user'` u1_0 where u1_0.email=?
2026-01-25T02:43:22.722+02:00 DEBUG 22400 --- [http-nio-744-exec-8] c.o.a.s.tenant.TenantFilterAspect        : ⚠️ [TenantFilterAspect] Service execution without TenantID
2026-01-25T02:43:22.723+02:00 DEBUG 22400 --- [http-nio-744-exec-8] org.hibernate.SQL                        : select u1_0.id,u1_0.email,u1_0.enabled,u1_0.first_name,u1_0.last_login_time,u1_0.last_name,u1_0.password,u1_0.photos,u1_0.tenant_id,u1_0.user_bio from `'user'` u1_0 where u1_0.email=?
2026-01-25T02:43:22.723+02:00 DEBUG 22400 --- [http-nio-744-exec-1] org.hibernate.SQL                        : select r1_0.user_id,r1_1.id,r1_1.all_parent_ids,r1_1.descrption,r1_1.name,r1_1.parent_id,p2_0.role_id,p2_0.id,p2_0.permission,p2_0.scope from user_roles r1_0 join role r1_1 on r1_1.id=r1_0.role_id left join role_permissions p2_0 on r1_1.id=p2_0.role_id where r1_0.user_id=?
2026-01-25T02:43:22.723+02:00 DEBUG 22400 --- [http-nio-744-exec-5] c.o.a.s.tenant.TenantFilterAspect        : ⚠️ [TenantFilterAspect] Service execution without TenantID
2026-01-25T02:43:22.723+02:00 DEBUG 22400 --- [http-nio-744-exec-5] org.hibernate.SQL                        : select t1_0.user_id,t1_0.id,t1_0.tenant_id from user_tenants t1_0 where t1_0.user_id=?
2026-01-25T02:43:22.724+02:00 DEBUG 22400 --- [http-nio-744-exec-8] org.hibernate.SQL                        : select r1_0.user_id,r1_1.id,r1_1.all_parent_ids,r1_1.descrption,r1_1.name,r1_1.parent_id,p2_0.role_id,p2_0.id,p2_0.permission,p2_0.scope from user_roles r1_0 join role r1_1 on r1_1.id=r1_0.role_id left join role_permissions p2_0 on r1_1.id=p2_0.role_id where r1_0.user_id=?
2026-01-25T02:43:22.728+02:00 DEBUG 22400 --- [http-nio-744-exec-8] org.hibernate.SQL                        : select t1_0.user_id,t1_0.id,t1_0.tenant_id from user_tenants t1_0 where t1_0.user_id=?
2026-01-25T02:43:22.728+02:00 DEBUG 22400 --- [http-nio-744-exec-5] org.hibernate.SQL                        : select u1_0.tenant_id from user_tenants u1_0 where u1_0.user_id=?
2026-01-25T02:43:22.728+02:00 DEBUG 22400 --- [http-nio-744-exec-1] c.o.a.s.tenant.TenantFilterAspect        : ⚠️ [TenantFilterAspect] Service execution without TenantID
2026-01-25T02:43:22.729+02:00 DEBUG 22400 --- [http-nio-744-exec-1] org.hibernate.SQL                        : select t1_0.user_id,t1_0.id,t1_0.tenant_id from user_tenants t1_0 where t1_0.user_id=?
2026-01-25T02:43:22.731+02:00 DEBUG 22400 --- [http-nio-744-exec-1] org.hibernate.SQL                        : select u1_0.tenant_id from user_tenants u1_0 where u1_0.user_id=?
2026-01-25T02:43:22.733+02:00 DEBUG 22400 --- [http-nio-744-exec-4] c.o.a.s.tenant.TenantFilterAspect        : ⚠️ [TenantFilterAspect] Service execution without TenantID
2026-01-25T02:43:22.734+02:00 DEBUG 22400 --- [http-nio-744-exec-4] org.hibernate.SQL                        : select u1_0.id,u1_0.email,u1_0.enabled,u1_0.first_name,u1_0.last_login_time,u1_0.last_name,u1_0.password,u1_0.photos,u1_0.tenant_id,u1_0.user_bio from `'user'` u1_0 where u1_0.email=?
2026-01-25T02:43:22.736+02:00 DEBUG 22400 --- [http-nio-744-exec-4] org.hibernate.SQL                        : select r1_0.user_id,r1_1.id,r1_1.all_parent_ids,r1_1.descrption,r1_1.name,r1_1.parent_id,p2_0.role_id,p2_0.id,p2_0.permission,p2_0.scope from user_roles r1_0 join role r1_1 on r1_1.id=r1_0.role_id left join role_permissions p2_0 on r1_1.id=p2_0.role_id where r1_0.user_id=?
2026-01-25T02:43:22.738+02:00 DEBUG 22400 --- [http-nio-744-exec-10] c.o.a.s.tenant.TenantFilterAspect        : ⚠️ [TenantFilterAspect] Service execution without TenantID
2026-01-25T02:43:22.740+02:00 DEBUG 22400 --- [http-nio-744-exec-4] c.o.a.s.tenant.TenantFilterAspect        : ⚠️ [TenantFilterAspect] Service execution without TenantID
2026-01-25T02:43:22.740+02:00 DEBUG 22400 --- [http-nio-744-exec-10] org.hibernate.SQL                        : select u1_0.id,u1_0.email,u1_0.enabled,u1_0.first_name,u1_0.last_login_time,u1_0.last_name,u1_0.password,u1_0.photos,u1_0.tenant_id,u1_0.user_bio from `'user'` u1_0 where u1_0.email=?
2026-01-25T02:43:22.740+02:00 DEBUG 22400 --- [http-nio-744-exec-6] c.o.a.s.tenant.TenantFilterAspect        : ⚠️ [TenantFilterAspect] Service execution without TenantID
2026-01-25T02:43:22.740+02:00 DEBUG 22400 --- [http-nio-744-exec-4] org.hibernate.SQL                        : select t1_0.user_id,t1_0.id,t1_0.tenant_id from user_tenants t1_0 where t1_0.user_id=?
2026-01-25T02:43:22.741+02:00 DEBUG 22400 --- [http-nio-744-exec-10] org.hibernate.SQL                        : select r1_0.user_id,r1_1.id,r1_1.all_parent_ids,r1_1.descrption,r1_1.name,r1_1.parent_id,p2_0.role_id,p2_0.id,p2_0.permission,p2_0.scope from user_roles r1_0 join role r1_1 on r1_1.id=r1_0.role_id left join role_permissions p2_0 on r1_1.id=p2_0.role_id where r1_0.user_id=?
2026-01-25T02:43:22.745+02:00 DEBUG 22400 --- [http-nio-744-exec-4] org.hibernate.SQL                        : select u1_0.tenant_id from user_tenants u1_0 where u1_0.user_id=?
2026-01-25T02:43:22.746+02:00 DEBUG 22400 --- [http-nio-744-exec-3] c.o.a.s.tenant.TenantFilterAspect        : ⚠️ [TenantFilterAspect] Service execution without TenantID
2026-01-25T02:43:22.747+02:00 DEBUG 22400 --- [http-nio-744-exec-10] org.hibernate.SQL                        : select t1_0.user_id,t1_0.id,t1_0.tenant_id from user_tenants t1_0 where t1_0.user_id=?
2026-01-25T02:43:22.747+02:00 DEBUG 22400 --- [http-nio-744-exec-6] org.hibernate.SQL                        : select u1_0.id,u1_0.email,u1_0.enabled,u1_0.first_name,u1_0.last_login_time,u1_0.last_name,u1_0.password,u1_0.photos,u1_0.tenant_id,u1_0.user_bio from `'user'` u1_0 where u1_0.email=?
2026-01-25T02:43:22.748+02:00 DEBUG 22400 --- [http-nio-744-exec-3] org.hibernate.SQL                        : select u1_0.id,u1_0.email,u1_0.enabled,u1_0.first_name,u1_0.last_login_time,u1_0.last_name,u1_0.password,u1_0.photos,u1_0.tenant_id,u1_0.user_bio from `'user'` u1_0 where u1_0.email=?
2026-01-25T02:43:22.749+02:00 DEBUG 22400 --- [http-nio-744-exec-6] org.hibernate.SQL                        : select r1_0.user_id,r1_1.id,r1_1.all_parent_ids,r1_1.descrption,r1_1.name,r1_1.parent_id,p2_0.role_id,p2_0.id,p2_0.permission,p2_0.scope from user_roles r1_0 join role r1_1 on r1_1.id=r1_0.role_id left join role_permissions p2_0 on r1_1.id=p2_0.role_id where r1_0.user_id=?
2026-01-25T02:43:22.749+02:00 DEBUG 22400 --- [http-nio-744-exec-3] org.hibernate.SQL                        : select r1_0.user_id,r1_1.id,r1_1.all_parent_ids,r1_1.descrption,r1_1.name,r1_1.parent_id,p2_0.role_id,p2_0.id,p2_0.permission,p2_0.scope from user_roles r1_0 join role r1_1 on r1_1.id=r1_0.role_id left join role_permissions p2_0 on r1_1.id=p2_0.role_id where r1_0.user_id=?
2026-01-25T02:43:22.751+02:00 DEBUG 22400 --- [http-nio-744-exec-6] org.hibernate.SQL                        : select t1_0.user_id,t1_0.id,t1_0.tenant_id from user_tenants t1_0 where t1_0.user_id=?
2026-01-25T02:43:22.756+02:00 DEBUG 22400 --- [http-nio-744-exec-3] org.hibernate.SQL                        : select t1_0.user_id,t1_0.id,t1_0.tenant_id from user_tenants t1_0 where t1_0.user_id=?
2026-01-25T02:43:22.760+02:00 DEBUG 22400 --- [http-nio-744-exec-4] org.hibernate.SQL                        : select t1_0.id,t1_0.active,t1_0.code,t1_0.created_at,t1_0.level,t1_0.name,t1_0.parent_id,t1_0.status from tenants t1_0 where t1_0.id=?
2026-01-25T02:43:22.763+02:00 DEBUG 22400 --- [http-nio-744-exec-4] c.o.a.s.tenant.TenantFilterAspect        : 🛡️ [TenantFilterAspect] Enforced Filter for TenantID: 5
2026-01-25T02:43:22.765+02:00 DEBUG 22400 --- [http-nio-744-exec-2] c.o.a.s.tenant.TenantFilterAspect        : ⚠️ [TenantFilterAspect] Service execution without TenantID
2026-01-25T02:43:22.765+02:00 DEBUG 22400 --- [http-nio-744-exec-2] org.hibernate.SQL                        : select u1_0.id,u1_0.email,u1_0.enabled,u1_0.first_name,u1_0.last_login_time,u1_0.last_name,u1_0.password,u1_0.photos,u1_0.tenant_id,u1_0.user_bio from `'user'` u1_0 where u1_0.email=?
2026-01-25T02:43:22.765+02:00 DEBUG 22400 --- [http-nio-744-exec-4] org.hibernate.SQL                        : select u1_0.id,u1_0.email,u1_0.enabled,u1_0.first_name,u1_0.last_login_time,u1_0.last_name,u1_0.password,u1_0.photos,u1_0.tenant_id,u1_0.user_bio from `'user'` u1_0 where u1_0.tenant_id = ? and u1_0.tenant_id = ? and u1_0.email=?
2026-01-25T02:43:22.766+02:00 DEBUG 22400 --- [http-nio-744-exec-5] c.o.a.s.tenant.TenantFilterAspect        : ⚠️ [TenantFilterAspect] Service execution without TenantID
2026-01-25T02:43:22.767+02:00 DEBUG 22400 --- [http-nio-744-exec-2] org.hibernate.SQL                        : select r1_0.user_id,r1_1.id,r1_1.all_parent_ids,r1_1.descrption,r1_1.name,r1_1.parent_id,p2_0.role_id,p2_0.id,p2_0.permission,p2_0.scope from user_roles r1_0 join role r1_1 on r1_1.id=r1_0.role_id left join role_permissions p2_0 on r1_1.id=p2_0.role_id where r1_0.user_id=?
2026-01-25T02:43:22.767+02:00 DEBUG 22400 --- [http-nio-744-exec-4] org.hibernate.SQL                        : select r1_0.user_id,r1_1.id,r1_1.all_parent_ids,r1_1.descrption,r1_1.name,r1_1.parent_id,p2_0.role_id,p2_0.id,p2_0.permission,p2_0.scope from user_roles r1_0 join role r1_1 on r1_1.id=r1_0.role_id left join role_permissions p2_0 on r1_1.id=p2_0.role_id where r1_0.user_id=?
2026-01-25T02:43:22.767+02:00 DEBUG 22400 --- [http-nio-744-exec-5] org.hibernate.SQL                        : select u1_0.id,u1_0.email,u1_0.enabled,u1_0.first_name,u1_0.last_login_time,u1_0.last_name,u1_0.password,u1_0.photos,u1_0.tenant_id,u1_0.user_bio from `'user'` u1_0 where u1_0.email=?
2026-01-25T02:43:22.769+02:00 DEBUG 22400 --- [http-nio-744-exec-5] org.hibernate.SQL                        : select r1_0.user_id,r1_1.id,r1_1.all_parent_ids,r1_1.descrption,r1_1.name,r1_1.parent_id,p2_0.role_id,p2_0.id,p2_0.permission,p2_0.scope from user_roles r1_0 join role r1_1 on r1_1.id=r1_0.role_id left join role_permissions p2_0 on r1_1.id=p2_0.role_id where r1_0.user_id=?
2026-01-25T02:43:22.769+02:00 DEBUG 22400 --- [http-nio-744-exec-2] org.hibernate.SQL                        : select t1_0.user_id,t1_0.id,t1_0.tenant_id from user_tenants t1_0 where t1_0.user_id=?
2026-01-25T02:43:22.769+02:00 DEBUG 22400 --- [http-nio-744-exec-4] org.hibernate.SQL                        : select t1_0.user_id,t1_0.id,t1_0.tenant_id from user_tenants t1_0 where t1_0.user_id=?
2026-01-25T02:43:22.770+02:00 DEBUG 22400 --- [http-nio-744-exec-4] c.o.a.s.tenant.TenantFilterAspect        : 🛡️ [TenantFilterAspect] Enforced Filter for TenantID: 5
2026-01-25T02:43:22.771+02:00 DEBUG 22400 --- [http-nio-744-exec-5] org.hibernate.SQL                        : select t1_0.user_id,t1_0.id,t1_0.tenant_id from user_tenants t1_0 where t1_0.user_id=?
2026-01-25T02:43:22.772+02:00 DEBUG 22400 --- [http-nio-744-exec-4] org.hibernate.SQL                        : select u1_0.id,u1_0.email,u1_0.enabled,u1_0.first_name,u1_0.last_login_time,u1_0.last_name,u1_0.password,u1_0.photos,u1_0.tenant_id,u1_0.user_bio from `'user'` u1_0 where u1_0.tenant_id = ? and u1_0.tenant_id = ? and u1_0.email=?
2026-01-25T02:43:22.776+02:00 DEBUG 22400 --- [http-nio-744-exec-4] c.o.a.s.tenant.TenantFilterAspect        : 🛡️ [TenantFilterAspect] Enforced Filter for TenantID: 5
2026-01-25T02:43:22.778+02:00  WARN 22400 --- [http-nio-744-exec-4] o.h.c.spi.AbstractPersistentCollection   : HHH000506: Detaching an uninitialized collection with enabled filters from a session: [com.onlineStoreCom.entity.tenant.Tenant.children#5]
2026-01-25T02:43:22.778+02:00  WARN 22400 --- [http-nio-744-exec-4] o.h.c.spi.AbstractPersistentCollection   : HHH000506: Detaching an uninitialized collection with enabled filters from a session: [com.onlineStoreCom.entity.users.Role.children#1]
2026-01-25T02:43:52.737+02:00 DEBUG 22400 --- [http-nio-744-exec-2] c.o.a.s.tenant.TenantFilterAspect        : ⚠️ [TenantFilterAspect] Service execution without TenantID
2026-01-25T02:43:52.743+02:00 DEBUG 22400 --- [http-nio-744-exec-2] org.hibernate.SQL                        : select u1_0.id,u1_0.email,u1_0.enabled,u1_0.first_name,u1_0.last_login_time,u1_0.last_name,u1_0.password,u1_0.photos,u1_0.tenant_id,u1_0.user_bio from `'user'` u1_0 where u1_0.email=?
2026-01-25T02:43:52.746+02:00 DEBUG 22400 --- [http-nio-744-exec-2] org.hibernate.SQL                        : select r1_0.user_id,r1_1.id,r1_1.all_parent_ids,r1_1.descrption,r1_1.name,r1_1.parent_id,p2_0.role_id,p2_0.id,p2_0.permission,p2_0.scope from user_roles r1_0 join role r1_1 on r1_1.id=r1_0.role_id left join role_permissions p2_0 on r1_1.id=p2_0.role_id where r1_0.user_id=?
2026-01-25T02:43:52.749+02:00 DEBUG 22400 --- [http-nio-744-exec-2] org.hibernate.SQL                        : select t1_0.user_id,t1_0.id,t1_0.tenant_id from user_tenants t1_0 where t1_0.user_id=?
2026-01-25T02:43:54.865+02:00 DEBUG 22400 --- [http-nio-744-exec-5] c.o.a.s.tenant.TenantFilterAspect        : ⚠️ [TenantFilterAspect] Service execution without TenantID
2026-01-25T02:43:54.867+02:00 DEBUG 22400 --- [http-nio-744-exec-5] org.hibernate.SQL                        : select u1_0.id,u1_0.email,u1_0.enabled,u1_0.first_name,u1_0.last_login_time,u1_0.last_name,u1_0.password,u1_0.photos,u1_0.tenant_id,u1_0.user_bio from `'user'` u1_0 where u1_0.email=?
2026-01-25T02:43:54.868+02:00 DEBUG 22400 --- [http-nio-744-exec-5] org.hibernate.SQL                        : select r1_0.user_id,r1_1.id,r1_1.all_parent_ids,r1_1.descrption,r1_1.name,r1_1.parent_id,p2_0.role_id,p2_0.id,p2_0.permission,p2_0.scope from user_roles r1_0 join role r1_1 on r1_1.id=r1_0.role_id left join role_permissions p2_0 on r1_1.id=p2_0.role_id where r1_0.user_id=?
2026-01-25T02:43:54.871+02:00 DEBUG 22400 --- [http-nio-744-exec-5] c.o.a.s.tenant.TenantFilterAspect        : ⚠️ [TenantFilterAspect] Service execution without TenantID
2026-01-25T02:43:54.872+02:00 DEBUG 22400 --- [http-nio-744-exec-5] org.hibernate.SQL                        : select t1_0.user_id,t1_0.id,t1_0.tenant_id from user_tenants t1_0 where t1_0.user_id=?
2026-01-25T02:43:54.873+02:00 DEBUG 22400 --- [http-nio-744-exec-5] org.hibernate.SQL                        : select u1_0.tenant_id from user_tenants u1_0 where u1_0.user_id=?
2026-01-25T02:43:54.883+02:00 DEBUG 22400 --- [http-nio-744-exec-5] org.hibernate.SQL                        : select t1_0.id,t1_0.active,t1_0.code,t1_0.created_at,t1_0.level,t1_0.name,t1_0.parent_id,t1_0.status from tenants t1_0 where t1_0.id=?
2026-01-25T02:43:54.884+02:00 DEBUG 22400 --- [http-nio-744-exec-5] c.o.a.s.tenant.TenantFilterAspect        : 🛡️ [TenantFilterAspect] Enforced Filter for TenantID: 5
2026-01-25T02:43:54.885+02:00 DEBUG 22400 --- [http-nio-744-exec-5] org.hibernate.SQL                        : select u1_0.id,u1_0.email,u1_0.enabled,u1_0.first_name,u1_0.last_login_time,u1_0.last_name,u1_0.password,u1_0.photos,u1_0.tenant_id,u1_0.user_bio from `'user'` u1_0 where u1_0.tenant_id = ? and u1_0.tenant_id = ? and u1_0.email=?
2026-01-25T02:43:54.887+02:00 DEBUG 22400 --- [http-nio-744-exec-5] org.hibernate.SQL                        : select r1_0.user_id,r1_1.id,r1_1.all_parent_ids,r1_1.descrption,r1_1.name,r1_1.parent_id,p2_0.role_id,p2_0.id,p2_0.permission,p2_0.scope from user_roles r1_0 join role r1_1 on r1_1.id=r1_0.role_id left join role_permissions p2_0 on r1_1.id=p2_0.role_id where r1_0.user_id=?
2026-01-25T02:43:54.889+02:00 DEBUG 22400 --- [http-nio-744-exec-5] org.hibernate.SQL                        : select t1_0.user_id,t1_0.id,t1_0.tenant_id from user_tenants t1_0 where t1_0.user_id=?
2026-01-25T02:43:54.890+02:00  WARN 22400 --- [http-nio-744-exec-5] o.h.c.spi.AbstractPersistentCollection   : HHH000506: Detaching an uninitialized collection with enabled filters from a session: [com.onlineStoreCom.entity.tenant.Tenant.children#5]
2026-01-25T02:43:54.890+02:00  WARN 22400 --- [http-nio-744-exec-5] o.h.c.spi.AbstractPersistentCollection   : HHH000506: Detaching an uninitialized collection with enabled filters from a session: [com.onlineStoreCom.entity.users.Role.children#1]
2026-01-25T02:43:54.899+02:00 DEBUG 22400 --- [http-nio-744-exec-4] c.o.a.s.tenant.TenantFilterAspect        : ⚠️ [TenantFilterAspect] Service execution without TenantID
2026-01-25T02:43:54.899+02:00 DEBUG 22400 --- [http-nio-744-exec-4] org.hibernate.SQL                        : select u1_0.id,u1_0.email,u1_0.enabled,u1_0.first_name,u1_0.last_login_time,u1_0.last_name,u1_0.password,u1_0.photos,u1_0.tenant_id,u1_0.user_bio from `'user'` u1_0 where u1_0.email=?
2026-01-25T02:43:54.900+02:00 DEBUG 22400 --- [http-nio-744-exec-4] org.hibernate.SQL                        : select r1_0.user_id,r1_1.id,r1_1.all_parent_ids,r1_1.descrption,r1_1.name,r1_1.parent_id,p2_0.role_id,p2_0.id,p2_0.permission,p2_0.scope from user_roles r1_0 join role r1_1 on r1_1.id=r1_0.role_id left join role_permissions p2_0 on r1_1.id=p2_0.role_id where r1_0.user_id=?
2026-01-25T02:43:54.903+02:00 DEBUG 22400 --- [http-nio-744-exec-4] c.o.a.s.tenant.TenantFilterAspect        : ⚠️ [TenantFilterAspect] Service execution without TenantID
2026-01-25T02:43:54.906+02:00 DEBUG 22400 --- [http-nio-744-exec-4] org.hibernate.SQL                        : select t1_0.user_id,t1_0.id,t1_0.tenant_id from user_tenants t1_0 where t1_0.user_id=?
2026-01-25T02:43:54.909+02:00 DEBUG 22400 --- [http-nio-744-exec-4] org.hibernate.SQL                        : select u1_0.tenant_id from user_tenants u1_0 where u1_0.user_id=?
2026-01-25T02:43:54.929+02:00 DEBUG 22400 --- [http-nio-744-exec-4] org.hibernate.SQL                        : select t1_0.id,t1_0.active,t1_0.code,t1_0.created_at,t1_0.level,t1_0.name,t1_0.parent_id,t1_0.status from tenants t1_0 where t1_0.id=?
2026-01-25T02:43:54.931+02:00 DEBUG 22400 --- [http-nio-744-exec-4] c.o.a.s.tenant.TenantFilterAspect        : 🛡️ [TenantFilterAspect] Enforced Filter for TenantID: 5
2026-01-25T02:43:54.932+02:00 DEBUG 22400 --- [http-nio-744-exec-4] org.hibernate.SQL                        : select u1_0.id,u1_0.email,u1_0.enabled,u1_0.first_name,u1_0.last_login_time,u1_0.last_name,u1_0.password,u1_0.photos,u1_0.tenant_id,u1_0.user_bio from `'user'` u1_0 where u1_0.tenant_id = ? and u1_0.tenant_id = ? and u1_0.email=?
2026-01-25T02:43:54.934+02:00 DEBUG 22400 --- [http-nio-744-exec-4] org.hibernate.SQL                        : select r1_0.user_id,r1_1.id,r1_1.all_parent_ids,r1_1.descrption,r1_1.name,r1_1.parent_id,p2_0.role_id,p2_0.id,p2_0.permission,p2_0.scope from user_roles r1_0 join role r1_1 on r1_1.id=r1_0.role_id left join role_permissions p2_0 on r1_1.id=p2_0.role_id where r1_0.user_id=?
2026-01-25T02:43:54.936+02:00 DEBUG 22400 --- [http-nio-744-exec-4] org.hibernate.SQL                        : select t1_0.user_id,t1_0.id,t1_0.tenant_id from user_tenants t1_0 where t1_0.user_id=?
2026-01-25T02:43:54.940+02:00 DEBUG 22400 --- [http-nio-744-exec-4] c.o.a.s.tenant.TenantFilterAspect        : 🛡️ [TenantFilterAspect] Enforced Filter for TenantID: 5
2026-01-25T02:43:54.944+02:00 DEBUG 22400 --- [http-nio-744-exec-4] org.hibernate.SQL                        : select p1_0.id,p1_0.alias,p1_0.average_rating,p1_0.booking_slots,p1_0.brand_id,p1_0.category_id,p1_0.cost,p1_0.created_time,p1_0.discount_percent,p1_0.enabled,p1_0.full_description,p1_0.has_description,p1_0.has_extra_details,p1_0.has_location,p1_0.has_scheduling,p1_0.has_shipping,p1_0.height,p1_0.in_stock,p1_0.length,p1_0.main_image,p1_0.name,p1_0.price,p1_0.product_type,p1_0.review_count,p1_0.service_duration,p1_0.short_description,p1_0.subscription_interval,p1_0.tenant_id,p1_0.track_stock,p1_0.updated_time,p1_0.weight,p1_0.width from products p1_0 where (p1_0.tenant_id = ? OR p1_0.tenant_id = 0) and p1_0.tenant_id = ? order by p1_0.name limit ?,?
2026-01-25T02:43:54.951+02:00 DEBUG 22400 --- [http-nio-744-exec-4] org.hibernate.SQL                        : select b1_0.id,b1_0.logo,b1_0.name,b1_0.tenant_id from brands b1_0 where b1_0.id=?
2026-01-25T02:43:54.953+02:00 DEBUG 22400 --- [http-nio-744-exec-4] org.hibernate.SQL                        : select c1_0.id,c1_0.alias,c1_0.all_parent_ids,c1_0.enabled,c1_0.image,c1_0.level,c1_0.name,c1_0.parent_id,c1_0.tenant_id from categories c1_0 where c1_0.id=?
2026-01-25T02:43:55.166+02:00 DEBUG 22400 --- [http-nio-744-exec-10] c.o.a.s.tenant.TenantFilterAspect        : ⚠️ [TenantFilterAspect] Service execution without TenantID
2026-01-25T02:43:55.166+02:00 DEBUG 22400 --- [http-nio-744-exec-9] c.o.a.s.tenant.TenantFilterAspect        : ⚠️ [TenantFilterAspect] Service execution without TenantID
2026-01-25T02:43:55.168+02:00 DEBUG 22400 --- [http-nio-744-exec-10] org.hibernate.SQL                        : select u1_0.id,u1_0.email,u1_0.enabled,u1_0.first_name,u1_0.last_login_time,u1_0.last_name,u1_0.password,u1_0.photos,u1_0.tenant_id,u1_0.user_bio from `'user'` u1_0 where u1_0.email=?
2026-01-25T02:43:55.168+02:00 DEBUG 22400 --- [http-nio-744-exec-9] org.hibernate.SQL                        : select u1_0.id,u1_0.email,u1_0.enabled,u1_0.first_name,u1_0.last_login_time,u1_0.last_name,u1_0.password,u1_0.photos,u1_0.tenant_id,u1_0.user_bio from `'user'` u1_0 where u1_0.email=?
2026-01-25T02:43:55.170+02:00 DEBUG 22400 --- [http-nio-744-exec-9] org.hibernate.SQL                        : select r1_0.user_id,r1_1.id,r1_1.all_parent_ids,r1_1.descrption,r1_1.name,r1_1.parent_id,p2_0.role_id,p2_0.id,p2_0.permission,p2_0.scope from user_roles r1_0 join role r1_1 on r1_1.id=r1_0.role_id left join role_permissions p2_0 on r1_1.id=p2_0.role_id where r1_0.user_id=?
2026-01-25T02:43:55.173+02:00 DEBUG 22400 --- [http-nio-744-exec-10] org.hibernate.SQL                        : select r1_0.user_id,r1_1.id,r1_1.all_parent_ids,r1_1.descrption,r1_1.name,r1_1.parent_id,p2_0.role_id,p2_0.id,p2_0.permission,p2_0.scope from user_roles r1_0 join role r1_1 on r1_1.id=r1_0.role_id left join role_permissions p2_0 on r1_1.id=p2_0.role_id where r1_0.user_id=?
2026-01-25T02:43:55.176+02:00 DEBUG 22400 --- [http-nio-744-exec-9] c.o.a.s.tenant.TenantFilterAspect        : ⚠️ [TenantFilterAspect] Service execution without TenantID
2026-01-25T02:43:55.177+02:00 DEBUG 22400 --- [http-nio-744-exec-9] org.hibernate.SQL                        : select t1_0.user_id,t1_0.id,t1_0.tenant_id from user_tenants t1_0 where t1_0.user_id=?
2026-01-25T02:43:55.178+02:00 DEBUG 22400 --- [http-nio-744-exec-10] c.o.a.s.tenant.TenantFilterAspect        : ⚠️ [TenantFilterAspect] Service execution without TenantID
2026-01-25T02:43:55.181+02:00 DEBUG 22400 --- [http-nio-744-exec-10] org.hibernate.SQL                        : select t1_0.user_id,t1_0.id,t1_0.tenant_id from user_tenants t1_0 where t1_0.user_id=?
2026-01-25T02:43:55.181+02:00 DEBUG 22400 --- [http-nio-744-exec-9] org.hibernate.SQL                        : select u1_0.tenant_id from user_tenants u1_0 where u1_0.user_id=?
2026-01-25T02:43:55.184+02:00 DEBUG 22400 --- [http-nio-744-exec-10] org.hibernate.SQL                        : select u1_0.tenant_id from user_tenants u1_0 where u1_0.user_id=?
2026-01-25T02:43:55.199+02:00 DEBUG 22400 --- [http-nio-744-exec-3] c.o.a.s.tenant.TenantFilterAspect        : ⚠️ [TenantFilterAspect] Service execution without TenantID
2026-01-25T02:43:55.200+02:00 DEBUG 22400 --- [http-nio-744-exec-3] org.hibernate.SQL                        : select u1_0.id,u1_0.email,u1_0.enabled,u1_0.first_name,u1_0.last_login_time,u1_0.last_name,u1_0.password,u1_0.photos,u1_0.tenant_id,u1_0.user_bio from `'user'` u1_0 where u1_0.email=?
2026-01-25T02:43:55.202+02:00 DEBUG 22400 --- [http-nio-744-exec-3] org.hibernate.SQL                        : select r1_0.user_id,r1_1.id,r1_1.all_parent_ids,r1_1.descrption,r1_1.name,r1_1.parent_id,p2_0.role_id,p2_0.id,p2_0.permission,p2_0.scope from user_roles r1_0 join role r1_1 on r1_1.id=r1_0.role_id left join role_permissions p2_0 on r1_1.id=p2_0.role_id where r1_0.user_id=?
2026-01-25T02:43:55.203+02:00 DEBUG 22400 --- [http-nio-744-exec-1] org.hibernate.SQL                        : select t1_0.id,t1_0.active,t1_0.code,t1_0.created_at,t1_0.level,t1_0.name,t1_0.parent_id,t1_0.status from tenants t1_0 where t1_0.id=?
2026-01-25T02:43:55.205+02:00 DEBUG 22400 --- [http-nio-744-exec-3] c.o.a.s.tenant.TenantFilterAspect        : ⚠️ [TenantFilterAspect] Service execution without TenantID
2026-01-25T02:43:55.205+02:00 DEBUG 22400 --- [http-nio-744-exec-1] c.o.a.s.tenant.TenantFilterAspect        : 🛡️ [TenantFilterAspect] Enforced Filter for TenantID: 5
2026-01-25T02:43:55.207+02:00 DEBUG 22400 --- [http-nio-744-exec-3] org.hibernate.SQL                        : select t1_0.user_id,t1_0.id,t1_0.tenant_id from user_tenants t1_0 where t1_0.user_id=?
2026-01-25T02:43:55.209+02:00 DEBUG 22400 --- [http-nio-744-exec-3] org.hibernate.SQL                        : select u1_0.tenant_id from user_tenants u1_0 where u1_0.user_id=?
2026-01-25T02:43:55.210+02:00 DEBUG 22400 --- [http-nio-744-exec-1] org.hibernate.SQL                        : select u1_0.id,u1_0.email,u1_0.enabled,u1_0.first_name,u1_0.last_login_time,u1_0.last_name,u1_0.password,u1_0.photos,u1_0.tenant_id,u1_0.user_bio from `'user'` u1_0 where u1_0.tenant_id = ? and u1_0.tenant_id = ? and u1_0.email=?
2026-01-25T02:43:55.213+02:00 DEBUG 22400 --- [http-nio-744-exec-1] org.hibernate.SQL                        : select r1_0.user_id,r1_1.id,r1_1.all_parent_ids,r1_1.descrption,r1_1.name,r1_1.parent_id,p2_0.role_id,p2_0.id,p2_0.permission,p2_0.scope from user_roles r1_0 join role r1_1 on r1_1.id=r1_0.role_id left join role_permissions p2_0 on r1_1.id=p2_0.role_id where r1_0.user_id=?
2026-01-25T02:43:55.218+02:00 DEBUG 22400 --- [http-nio-744-exec-1] org.hibernate.SQL                        : select t1_0.user_id,t1_0.id,t1_0.tenant_id from user_tenants t1_0 where t1_0.user_id=?
2026-01-25T02:43:55.220+02:00 DEBUG 22400 --- [http-nio-744-exec-1] c.o.a.s.tenant.TenantFilterAspect        : 🛡️ [TenantFilterAspect] Enforced Filter for TenantID: 5
2026-01-25T02:43:55.221+02:00 DEBUG 22400 --- [http-nio-744-exec-1] org.hibernate.SQL                        : select s1_0.id,s1_0.category,s1_0.`key`,s1_0.tenant_id,s1_0.value from settings s1_0 where (s1_0.tenant_id = ? or s1_0.tenant_id = 0 or s1_0.tenant_id is null) and s1_0.tenant_id = ? and s1_0.category=?
2026-01-25T02:43:55.228+02:00  WARN 22400 --- [http-nio-744-exec-1] o.h.c.spi.AbstractPersistentCollection   : HHH000506: Detaching an uninitialized collection with enabled filters from a session: [com.onlineStoreCom.entity.tenant.Tenant.children#5]
2026-01-25T02:43:55.228+02:00  WARN 22400 --- [http-nio-744-exec-1] o.h.c.spi.AbstractPersistentCollection   : HHH000506: Detaching an uninitialized collection with enabled filters from a session: [com.onlineStoreCom.entity.users.Role.children#1]
2026-01-25T02:43:55.280+02:00  WARN 22400 --- [http-nio-744-exec-4] o.h.c.spi.AbstractPersistentCollection   : HHH000506: Detaching an uninitialized collection with enabled filters from a session: [com.onlineStoreCom.entity.tenant.Tenant.children#5]
2026-01-25T02:43:55.280+02:00  WARN 22400 --- [http-nio-744-exec-4] o.h.c.spi.AbstractPersistentCollection   : HHH000506: Detaching an uninitialized collection with enabled filters from a session: [com.onlineStoreCom.entity.users.Role.children#1]
2026-01-25T02:43:55.280+02:00  WARN 22400 --- [http-nio-744-exec-4] o.h.c.spi.AbstractPersistentCollection   : HHH000506: Detaching an uninitialized collection with enabled filters from a session: [com.onlineStoreCom.entity.product.Product.details#152]
2026-01-25T02:43:55.280+02:00  WARN 22400 --- [http-nio-744-exec-4] o.h.c.spi.AbstractPersistentCollection   : HHH000506: Detaching an uninitialized collection with enabled filters from a session: [com.onlineStoreCom.entity.product.Product.images#152]
2026-01-25T02:43:55.280+02:00  WARN 22400 --- [http-nio-744-exec-4] o.h.c.spi.AbstractPersistentCollection   : HHH000506: Detaching an uninitialized collection with enabled filters from a session: [com.onlineStoreCom.entity.brand.Brand.categories#92]
2026-01-25T02:43:55.281+02:00  WARN 22400 --- [http-nio-744-exec-4] o.h.c.spi.AbstractPersistentCollection   : HHH000506: Detaching an uninitialized collection with enabled filters from a session: [com.onlineStoreCom.entity.category.Category.children#37]
2026-01-25T02:43:55.289+02:00 DEBUG 22400 --- [http-nio-744-exec-7] c.o.a.s.tenant.TenantFilterAspect        : ⚠️ [TenantFilterAspect] Service execution without TenantID
2026-01-25T02:43:55.290+02:00 DEBUG 22400 --- [http-nio-744-exec-7] org.hibernate.SQL                        : select u1_0.id,u1_0.email,u1_0.enabled,u1_0.first_name,u1_0.last_login_time,u1_0.last_name,u1_0.password,u1_0.photos,u1_0.tenant_id,u1_0.user_bio from `'user'` u1_0 where u1_0.email=?
2026-01-25T02:43:55.290+02:00 DEBUG 22400 --- [http-nio-744-exec-5] c.o.a.s.tenant.TenantFilterAspect        : ⚠️ [TenantFilterAspect] Service execution without TenantID
2026-01-25T02:43:55.290+02:00 DEBUG 22400 --- [http-nio-744-exec-2] c.o.a.s.tenant.TenantFilterAspect        : ⚠️ [TenantFilterAspect] Service execution without TenantID
2026-01-25T02:43:55.292+02:00 DEBUG 22400 --- [http-nio-744-exec-2] org.hibernate.SQL                        : select u1_0.id,u1_0.email,u1_0.enabled,u1_0.first_name,u1_0.last_login_time,u1_0.last_name,u1_0.password,u1_0.photos,u1_0.tenant_id,u1_0.user_bio from `'user'` u1_0 where u1_0.email=?
2026-01-25T02:43:55.293+02:00 DEBUG 22400 --- [http-nio-744-exec-5] org.hibernate.SQL                        : select u1_0.id,u1_0.email,u1_0.enabled,u1_0.first_name,u1_0.last_login_time,u1_0.last_name,u1_0.password,u1_0.photos,u1_0.tenant_id,u1_0.user_bio from `'user'` u1_0 where u1_0.email=?
2026-01-25T02:43:55.293+02:00 DEBUG 22400 --- [http-nio-744-exec-7] org.hibernate.SQL                        : select r1_0.user_id,r1_1.id,r1_1.all_parent_ids,r1_1.descrption,r1_1.name,r1_1.parent_id,p2_0.role_id,p2_0.id,p2_0.permission,p2_0.scope from user_roles r1_0 join role r1_1 on r1_1.id=r1_0.role_id left join role_permissions p2_0 on r1_1.id=p2_0.role_id where r1_0.user_id=?
2026-01-25T02:43:55.294+02:00 DEBUG 22400 --- [http-nio-744-exec-5] org.hibernate.SQL                        : select r1_0.user_id,r1_1.id,r1_1.all_parent_ids,r1_1.descrption,r1_1.name,r1_1.parent_id,p2_0.role_id,p2_0.id,p2_0.permission,p2_0.scope from user_roles r1_0 join role r1_1 on r1_1.id=r1_0.role_id left join role_permissions p2_0 on r1_1.id=p2_0.role_id where r1_0.user_id=?
2026-01-25T02:43:55.296+02:00 DEBUG 22400 --- [http-nio-744-exec-2] org.hibernate.SQL                        : select r1_0.user_id,r1_1.id,r1_1.all_parent_ids,r1_1.descrption,r1_1.name,r1_1.parent_id,p2_0.role_id,p2_0.id,p2_0.permission,p2_0.scope from user_roles r1_0 join role r1_1 on r1_1.id=r1_0.role_id left join role_permissions p2_0 on r1_1.id=p2_0.role_id where r1_0.user_id=?
2026-01-25T02:43:55.296+02:00 DEBUG 22400 --- [http-nio-744-exec-7] c.o.a.s.tenant.TenantFilterAspect        : ⚠️ [TenantFilterAspect] Service execution without TenantID
2026-01-25T02:43:55.296+02:00 DEBUG 22400 --- [http-nio-744-exec-5] c.o.a.s.tenant.TenantFilterAspect        : ⚠️ [TenantFilterAspect] Service execution without TenantID
2026-01-25T02:43:55.296+02:00 DEBUG 22400 --- [http-nio-744-exec-2] c.o.a.s.tenant.TenantFilterAspect        : ⚠️ [TenantFilterAspect] Service execution without TenantID
2026-01-25T02:43:55.298+02:00 DEBUG 22400 --- [http-nio-744-exec-7] org.hibernate.SQL                        : select t1_0.user_id,t1_0.id,t1_0.tenant_id from user_tenants t1_0 where t1_0.user_id=?
2026-01-25T02:43:55.298+02:00 DEBUG 22400 --- [http-nio-744-exec-2] org.hibernate.SQL                        : select t1_0.user_id,t1_0.id,t1_0.tenant_id from user_tenants t1_0 where t1_0.user_id=?
2026-01-25T02:43:55.298+02:00 DEBUG 22400 --- [http-nio-744-exec-5] org.hibernate.SQL                        : select t1_0.user_id,t1_0.id,t1_0.tenant_id from user_tenants t1_0 where t1_0.user_id=?
2026-01-25T02:43:55.298+02:00 DEBUG 22400 --- [http-nio-744-exec-2] org.hibernate.SQL                        : select u1_0.tenant_id from user_tenants u1_0 where u1_0.user_id=?
2026-01-25T02:43:55.298+02:00 DEBUG 22400 --- [http-nio-744-exec-5] org.hibernate.SQL                        : select u1_0.tenant_id from user_tenants u1_0 where u1_0.user_id=?
2026-01-25T02:43:55.298+02:00 DEBUG 22400 --- [http-nio-744-exec-7] org.hibernate.SQL                        : select u1_0.tenant_id from user_tenants u1_0 where u1_0.user_id=?
2026-01-25T02:43:55.318+02:00 DEBUG 22400 --- [http-nio-744-exec-5] c.o.a.s.tenant.TenantFilterAspect        : ⚠️ [TenantFilterAspect] Service execution without TenantID
2026-01-25T02:43:55.318+02:00 DEBUG 22400 --- [http-nio-744-exec-2] c.o.a.s.tenant.TenantFilterAspect        : ⚠️ [TenantFilterAspect] Service execution without TenantID
2026-01-25T02:43:55.319+02:00 DEBUG 22400 --- [http-nio-744-exec-2] org.hibernate.SQL                        : select u1_0.id,u1_0.email,u1_0.enabled,u1_0.first_name,u1_0.last_login_time,u1_0.last_name,u1_0.password,u1_0.photos,u1_0.tenant_id,u1_0.user_bio from `'user'` u1_0 where u1_0.email=?
2026-01-25T02:43:55.319+02:00 DEBUG 22400 --- [http-nio-744-exec-5] org.hibernate.SQL                        : select u1_0.id,u1_0.email,u1_0.enabled,u1_0.first_name,u1_0.last_login_time,u1_0.last_name,u1_0.password,u1_0.photos,u1_0.tenant_id,u1_0.user_bio from `'user'` u1_0 where u1_0.email=?
2026-01-25T02:43:55.320+02:00 DEBUG 22400 --- [http-nio-744-exec-2] org.hibernate.SQL                        : select r1_0.user_id,r1_1.id,r1_1.all_parent_ids,r1_1.descrption,r1_1.name,r1_1.parent_id,p2_0.role_id,p2_0.id,p2_0.permission,p2_0.scope from user_roles r1_0 join role r1_1 on r1_1.id=r1_0.role_id left join role_permissions p2_0 on r1_1.id=p2_0.role_id where r1_0.user_id=?
2026-01-25T02:43:55.320+02:00 DEBUG 22400 --- [http-nio-744-exec-5] org.hibernate.SQL                        : select r1_0.user_id,r1_1.id,r1_1.all_parent_ids,r1_1.descrption,r1_1.name,r1_1.parent_id,p2_0.role_id,p2_0.id,p2_0.permission,p2_0.scope from user_roles r1_0 join role r1_1 on r1_1.id=r1_0.role_id left join role_permissions p2_0 on r1_1.id=p2_0.role_id where r1_0.user_id=?
2026-01-25T02:43:55.323+02:00 DEBUG 22400 --- [http-nio-744-exec-2] org.hibernate.SQL                        : select t1_0.user_id,t1_0.id,t1_0.tenant_id from user_tenants t1_0 where t1_0.user_id=?
2026-01-25T02:43:55.323+02:00 DEBUG 22400 --- [http-nio-744-exec-5] org.hibernate.SQL                        : select t1_0.user_id,t1_0.id,t1_0.tenant_id from user_tenants t1_0 where t1_0.user_id=?
2026-01-25T02:43:55.356+02:00 DEBUG 22400 --- [http-nio-744-exec-6] c.o.a.s.tenant.TenantFilterAspect        : ⚠️ [TenantFilterAspect] Service execution without TenantID
2026-01-25T02:43:55.357+02:00 DEBUG 22400 --- [http-nio-744-exec-6] org.hibernate.SQL                        : select u1_0.id,u1_0.email,u1_0.enabled,u1_0.first_name,u1_0.last_login_time,u1_0.last_name,u1_0.password,u1_0.photos,u1_0.tenant_id,u1_0.user_bio from `'user'` u1_0 where u1_0.email=?
2026-01-25T02:43:55.359+02:00 DEBUG 22400 --- [http-nio-744-exec-6] org.hibernate.SQL                        : select r1_0.user_id,r1_1.id,r1_1.all_parent_ids,r1_1.descrption,r1_1.name,r1_1.parent_id,p2_0.role_id,p2_0.id,p2_0.permission,p2_0.scope from user_roles r1_0 join role r1_1 on r1_1.id=r1_0.role_id left join role_permissions p2_0 on r1_1.id=p2_0.role_id where r1_0.user_id=?
2026-01-25T02:43:55.362+02:00 DEBUG 22400 --- [http-nio-744-exec-1] c.o.a.s.tenant.TenantFilterAspect        : ⚠️ [TenantFilterAspect] Service execution without TenantID
2026-01-25T02:43:55.363+02:00 DEBUG 22400 --- [http-nio-744-exec-6] c.o.a.s.tenant.TenantFilterAspect        : ⚠️ [TenantFilterAspect] Service execution without TenantID
2026-01-25T02:43:55.364+02:00 DEBUG 22400 --- [http-nio-744-exec-6] org.hibernate.SQL                        : select t1_0.user_id,t1_0.id,t1_0.tenant_id from user_tenants t1_0 where t1_0.user_id=?
2026-01-25T02:43:55.364+02:00 DEBUG 22400 --- [http-nio-744-exec-1] org.hibernate.SQL                        : select u1_0.id,u1_0.email,u1_0.enabled,u1_0.first_name,u1_0.last_login_time,u1_0.last_name,u1_0.password,u1_0.photos,u1_0.tenant_id,u1_0.user_bio from `'user'` u1_0 where u1_0.email=?
2026-01-25T02:43:55.365+02:00 DEBUG 22400 --- [http-nio-744-exec-1] org.hibernate.SQL                        : select r1_0.user_id,r1_1.id,r1_1.all_parent_ids,r1_1.descrption,r1_1.name,r1_1.parent_id,p2_0.role_id,p2_0.id,p2_0.permission,p2_0.scope from user_roles r1_0 join role r1_1 on r1_1.id=r1_0.role_id left join role_permissions p2_0 on r1_1.id=p2_0.role_id where r1_0.user_id=?
2026-01-25T02:43:55.366+02:00 DEBUG 22400 --- [http-nio-744-exec-6] org.hibernate.SQL                        : select u1_0.tenant_id from user_tenants u1_0 where u1_0.user_id=?
2026-01-25T02:43:55.367+02:00 DEBUG 22400 --- [http-nio-744-exec-1] org.hibernate.SQL                        : select t1_0.user_id,t1_0.id,t1_0.tenant_id from user_tenants t1_0 where t1_0.user_id=?
2026-01-25T02:43:55.376+02:00 DEBUG 22400 --- [http-nio-744-exec-6] org.hibernate.SQL                        : select t1_0.id,t1_0.active,t1_0.code,t1_0.created_at,t1_0.level,t1_0.name,t1_0.parent_id,t1_0.status from tenants t1_0 where t1_0.id=?
2026-01-25T02:43:55.379+02:00 DEBUG 22400 --- [http-nio-744-exec-6] c.o.a.s.tenant.TenantFilterAspect        : 🛡️ [TenantFilterAspect] Enforced Filter for TenantID: 5
2026-01-25T02:43:55.381+02:00 DEBUG 22400 --- [http-nio-744-exec-6] org.hibernate.SQL                        : select u1_0.id,u1_0.email,u1_0.enabled,u1_0.first_name,u1_0.last_login_time,u1_0.last_name,u1_0.password,u1_0.photos,u1_0.tenant_id,u1_0.user_bio from `'user'` u1_0 where u1_0.tenant_id = ? and u1_0.tenant_id = ? and u1_0.email=?
2026-01-25T02:43:55.382+02:00 DEBUG 22400 --- [http-nio-744-exec-6] org.hibernate.SQL                        : select r1_0.user_id,r1_1.id,r1_1.all_parent_ids,r1_1.descrption,r1_1.name,r1_1.parent_id,p2_0.role_id,p2_0.id,p2_0.permission,p2_0.scope from user_roles r1_0 join role r1_1 on r1_1.id=r1_0.role_id left join role_permissions p2_0 on r1_1.id=p2_0.role_id where r1_0.user_id=?
2026-01-25T02:43:55.385+02:00 DEBUG 22400 --- [http-nio-744-exec-6] org.hibernate.SQL                        : select t1_0.user_id,t1_0.id,t1_0.tenant_id from user_tenants t1_0 where t1_0.user_id=?
2026-01-25T02:43:55.386+02:00 DEBUG 22400 --- [http-nio-744-exec-6] c.o.a.s.tenant.TenantFilterAspect        : 🛡️ [TenantFilterAspect] Enforced Filter for TenantID: 5
2026-01-25T02:43:55.388+02:00 DEBUG 22400 --- [http-nio-744-exec-6] org.hibernate.SQL                        : select u1_0.id,u1_0.email,u1_0.enabled,u1_0.first_name,u1_0.last_login_time,u1_0.last_name,u1_0.password,u1_0.photos,u1_0.tenant_id,u1_0.user_bio from `'user'` u1_0 where u1_0.tenant_id = ? and u1_0.tenant_id = ? and u1_0.email=?
2026-01-25T02:43:55.390+02:00 DEBUG 22400 --- [http-nio-744-exec-6] c.o.a.s.tenant.TenantFilterAspect        : 🛡️ [TenantFilterAspect] Enforced Filter for TenantID: 5
2026-01-25T02:43:55.394+02:00  WARN 22400 --- [http-nio-744-exec-6] o.h.c.spi.AbstractPersistentCollection   : HHH000506: Detaching an uninitialized collection with enabled filters from a session: [com.onlineStoreCom.entity.tenant.Tenant.children#5]
2026-01-25T02:43:55.394+02:00  WARN 22400 --- [http-nio-744-exec-6] o.h.c.spi.AbstractPersistentCollection   : HHH000506: Detaching an uninitialized collection with enabled filters from a session: [com.onlineStoreCom.entity.users.Role.children#1]
2026-01-25T02:43:57.737+02:00 DEBUG 22400 --- [http-nio-744-exec-9] c.o.a.s.tenant.TenantFilterAspect        : ⚠️ [TenantFilterAspect] Service execution without TenantID
2026-01-25T02:43:57.739+02:00 DEBUG 22400 --- [http-nio-744-exec-9] org.hibernate.SQL                        : select u1_0.id,u1_0.email,u1_0.enabled,u1_0.first_name,u1_0.last_login_time,u1_0.last_name,u1_0.password,u1_0.photos,u1_0.tenant_id,u1_0.user_bio from `'user'` u1_0 where u1_0.email=?
2026-01-25T02:43:57.741+02:00 DEBUG 22400 --- [http-nio-744-exec-9] org.hibernate.SQL                        : select r1_0.user_id,r1_1.id,r1_1.all_parent_ids,r1_1.descrption,r1_1.name,r1_1.parent_id,p2_0.role_id,p2_0.id,p2_0.permission,p2_0.scope from user_roles r1_0 join role r1_1 on r1_1.id=r1_0.role_id left join role_permissions p2_0 on r1_1.id=p2_0.role_id where r1_0.user_id=?
2026-01-25T02:43:57.746+02:00 DEBUG 22400 --- [http-nio-744-exec-9] c.o.a.s.tenant.TenantFilterAspect        : ⚠️ [TenantFilterAspect] Service execution without TenantID
2026-01-25T02:43:57.747+02:00 DEBUG 22400 --- [http-nio-744-exec-9] org.hibernate.SQL                        : select t1_0.user_id,t1_0.id,t1_0.tenant_id from user_tenants t1_0 where t1_0.user_id=?
2026-01-25T02:43:57.750+02:00 DEBUG 22400 --- [http-nio-744-exec-9] org.hibernate.SQL                        : select u1_0.tenant_id from user_tenants u1_0 where u1_0.user_id=?
2026-01-25T02:43:57.768+02:00 DEBUG 22400 --- [http-nio-744-exec-9] org.hibernate.SQL                        : select t1_0.id,t1_0.active,t1_0.code,t1_0.created_at,t1_0.level,t1_0.name,t1_0.parent_id,t1_0.status from tenants t1_0 where t1_0.id=?
2026-01-25T02:43:57.771+02:00 DEBUG 22400 --- [http-nio-744-exec-9] c.o.a.s.tenant.TenantFilterAspect        : 🛡️ [TenantFilterAspect] Enforced Filter for TenantID: 5
2026-01-25T02:43:57.772+02:00 DEBUG 22400 --- [http-nio-744-exec-9] org.hibernate.SQL                        : select u1_0.id,u1_0.email,u1_0.enabled,u1_0.first_name,u1_0.last_login_time,u1_0.last_name,u1_0.password,u1_0.photos,u1_0.tenant_id,u1_0.user_bio from `'user'` u1_0 where u1_0.tenant_id = ? and u1_0.tenant_id = ? and u1_0.email=?
2026-01-25T02:43:57.772+02:00 DEBUG 22400 --- [http-nio-744-exec-9] org.hibernate.SQL                        : select r1_0.user_id,r1_1.id,r1_1.all_parent_ids,r1_1.descrption,r1_1.name,r1_1.parent_id,p2_0.role_id,p2_0.id,p2_0.permission,p2_0.scope from user_roles r1_0 join role r1_1 on r1_1.id=r1_0.role_id left join role_permissions p2_0 on r1_1.id=p2_0.role_id where r1_0.user_id=?
2026-01-25T02:43:57.776+02:00 DEBUG 22400 --- [http-nio-744-exec-9] org.hibernate.SQL                        : select t1_0.user_id,t1_0.id,t1_0.tenant_id from user_tenants t1_0 where t1_0.user_id=?
2026-01-25T02:43:57.778+02:00 DEBUG 22400 --- [http-nio-744-exec-9] c.o.a.s.tenant.TenantFilterAspect        : 🛡️ [TenantFilterAspect] Enforced Filter for TenantID: 5
2026-01-25T02:43:57.794+02:00 DEBUG 22400 --- [http-nio-744-exec-9] org.hibernate.SQL                        : select b1_0.id,b1_0.name from brands b1_0 where b1_0.tenant_id = ? and b1_0.tenant_id = ? order by b1_0.name
2026-01-25T02:43:57.796+02:00 DEBUG 22400 --- [http-nio-744-exec-9] c.o.a.s.tenant.TenantFilterAspect        : 🛡️ [TenantFilterAspect] Enforced Filter for TenantID: 5
2026-01-25T02:43:57.800+02:00 DEBUG 22400 --- [http-nio-744-exec-9] org.hibernate.SQL                        : select c1_0.id,c1_0.alias,c1_0.all_parent_ids,c1_0.enabled,c1_0.image,c1_0.level,c1_0.name,c1_0.parent_id,c1_0.tenant_id from categories c1_0 where c1_0.tenant_id = ? order by c1_0.name
2026-01-25T02:43:57.804+02:00 DEBUG 22400 --- [http-nio-744-exec-9] org.hibernate.SQL                        : select c1_0.parent_id,c1_0.id,c1_0.alias,c1_0.all_parent_ids,c1_0.enabled,c1_0.image,c1_0.level,c1_0.name,c1_0.tenant_id from categories c1_0 where c1_0.parent_id=? order by c1_0.name
2026-01-25T02:43:57.828+02:00 DEBUG 22400 --- [http-nio-744-exec-9] org.hibernate.SQL                        : select c1_0.parent_id,c1_0.id,c1_0.alias,c1_0.all_parent_ids,c1_0.enabled,c1_0.image,c1_0.level,c1_0.name,c1_0.tenant_id from categories c1_0 where c1_0.parent_id=? order by c1_0.name
2026-01-25T02:43:57.829+02:00 DEBUG 22400 --- [http-nio-744-exec-9] org.hibernate.SQL                        : select c1_0.parent_id,c1_0.id,c1_0.alias,c1_0.all_parent_ids,c1_0.enabled,c1_0.image,c1_0.level,c1_0.name,c1_0.tenant_id from categories c1_0 where c1_0.parent_id=? order by c1_0.name
2026-01-25T02:43:57.831+02:00 DEBUG 22400 --- [http-nio-744-exec-9] c.o.a.s.tenant.TenantFilterAspect        : 🛡️ [TenantFilterAspect] Enforced Filter for TenantID: 5
2026-01-25T02:43:57.835+02:00 DEBUG 22400 --- [http-nio-744-exec-9] org.hibernate.SQL                        : select p1_0.id,p1_0.alias,p1_0.average_rating,p1_0.booking_slots,b1_0.id,b1_0.logo,b1_0.name,b1_0.tenant_id,c1_0.id,c1_0.alias,c1_0.all_parent_ids,c1_0.enabled,c1_0.image,c1_0.level,c1_0.name,c1_0.parent_id,c1_0.tenant_id,p1_0.cost,p1_0.created_time,p1_0.discount_percent,p1_0.enabled,p1_0.full_description,p1_0.has_description,p1_0.has_extra_details,p1_0.has_location,p1_0.has_scheduling,p1_0.has_shipping,p1_0.height,p1_0.in_stock,p1_0.length,p1_0.main_image,p1_0.name,p1_0.price,p1_0.product_type,p1_0.review_count,p1_0.service_duration,p1_0.short_description,p1_0.subscription_interval,p1_0.tenant_id,p1_0.track_stock,p1_0.updated_time,p1_0.weight,p1_0.width from products p1_0 left join brands b1_0 on b1_0.id=p1_0.brand_id left join categories c1_0 on c1_0.id=p1_0.category_id where p1_0.id=?
2026-01-25T02:43:57.839+02:00 DEBUG 22400 --- [http-nio-744-exec-9] org.hibernate.SQL                        : select i1_0.product_id,i1_0.id,i1_0.name,i1_0.tenant_id from product_images i1_0 where i1_0.product_id=?
2026-01-25T02:43:57.998+02:00 DEBUG 22400 --- [http-nio-744-exec-7] c.o.a.s.tenant.TenantFilterAspect        : ⚠️ [TenantFilterAspect] Service execution without TenantID
2026-01-25T02:43:58.010+02:00 DEBUG 22400 --- [http-nio-744-exec-2] c.o.a.s.tenant.TenantFilterAspect        : ⚠️ [TenantFilterAspect] Service execution without TenantID
2026-01-25T02:43:58.012+02:00 DEBUG 22400 --- [http-nio-744-exec-7] org.hibernate.SQL                        : select u1_0.id,u1_0.email,u1_0.enabled,u1_0.first_name,u1_0.last_login_time,u1_0.last_name,u1_0.password,u1_0.photos,u1_0.tenant_id,u1_0.user_bio from `'user'` u1_0 where u1_0.email=?
2026-01-25T02:43:58.012+02:00 DEBUG 22400 --- [http-nio-744-exec-2] org.hibernate.SQL                        : select u1_0.id,u1_0.email,u1_0.enabled,u1_0.first_name,u1_0.last_login_time,u1_0.last_name,u1_0.password,u1_0.photos,u1_0.tenant_id,u1_0.user_bio from `'user'` u1_0 where u1_0.email=?
2026-01-25T02:43:58.014+02:00 DEBUG 22400 --- [http-nio-744-exec-2] org.hibernate.SQL                        : select r1_0.user_id,r1_1.id,r1_1.all_parent_ids,r1_1.descrption,r1_1.name,r1_1.parent_id,p2_0.role_id,p2_0.id,p2_0.permission,p2_0.scope from user_roles r1_0 join role r1_1 on r1_1.id=r1_0.role_id left join role_permissions p2_0 on r1_1.id=p2_0.role_id where r1_0.user_id=?
2026-01-25T02:43:58.014+02:00 DEBUG 22400 --- [http-nio-744-exec-7] org.hibernate.SQL                        : select r1_0.user_id,r1_1.id,r1_1.all_parent_ids,r1_1.descrption,r1_1.name,r1_1.parent_id,p2_0.role_id,p2_0.id,p2_0.permission,p2_0.scope from user_roles r1_0 join role r1_1 on r1_1.id=r1_0.role_id left join role_permissions p2_0 on r1_1.id=p2_0.role_id where r1_0.user_id=?
2026-01-25T02:43:58.017+02:00 DEBUG 22400 --- [http-nio-744-exec-7] c.o.a.s.tenant.TenantFilterAspect        : ⚠️ [TenantFilterAspect] Service execution without TenantID
2026-01-25T02:43:58.017+02:00 DEBUG 22400 --- [http-nio-744-exec-2] c.o.a.s.tenant.TenantFilterAspect        : ⚠️ [TenantFilterAspect] Service execution without TenantID
2026-01-25T02:43:58.018+02:00 DEBUG 22400 --- [http-nio-744-exec-7] org.hibernate.SQL                        : select t1_0.user_id,t1_0.id,t1_0.tenant_id from user_tenants t1_0 where t1_0.user_id=?
2026-01-25T02:43:58.018+02:00 DEBUG 22400 --- [http-nio-744-exec-2] org.hibernate.SQL                        : select t1_0.user_id,t1_0.id,t1_0.tenant_id from user_tenants t1_0 where t1_0.user_id=?
2026-01-25T02:43:58.020+02:00 DEBUG 22400 --- [http-nio-744-exec-7] org.hibernate.SQL                        : select u1_0.tenant_id from user_tenants u1_0 where u1_0.user_id=?
2026-01-25T02:43:58.020+02:00 DEBUG 22400 --- [http-nio-744-exec-2] org.hibernate.SQL                        : select u1_0.tenant_id from user_tenants u1_0 where u1_0.user_id=?
2026-01-25T02:43:58.038+02:00 DEBUG 22400 --- [http-nio-744-exec-10] c.o.a.s.tenant.TenantFilterAspect        : ⚠️ [TenantFilterAspect] Service execution without TenantID
2026-01-25T02:43:58.040+02:00 DEBUG 22400 --- [http-nio-744-exec-10] org.hibernate.SQL                        : select u1_0.id,u1_0.email,u1_0.enabled,u1_0.first_name,u1_0.last_login_time,u1_0.last_name,u1_0.password,u1_0.photos,u1_0.tenant_id,u1_0.user_bio from `'user'` u1_0 where u1_0.email=?
2026-01-25T02:43:58.046+02:00 DEBUG 22400 --- [http-nio-744-exec-10] org.hibernate.SQL                        : select r1_0.user_id,r1_1.id,r1_1.all_parent_ids,r1_1.descrption,r1_1.name,r1_1.parent_id,p2_0.role_id,p2_0.id,p2_0.permission,p2_0.scope from user_roles r1_0 join role r1_1 on r1_1.id=r1_0.role_id left join role_permissions p2_0 on r1_1.id=p2_0.role_id where r1_0.user_id=?
2026-01-25T02:43:58.049+02:00 DEBUG 22400 --- [http-nio-744-exec-10] c.o.a.s.tenant.TenantFilterAspect        : ⚠️ [TenantFilterAspect] Service execution without TenantID
2026-01-25T02:43:58.049+02:00 DEBUG 22400 --- [http-nio-744-exec-3] org.hibernate.SQL                        : select t1_0.id,t1_0.active,t1_0.code,t1_0.created_at,t1_0.level,t1_0.name,t1_0.parent_id,t1_0.status from tenants t1_0 where t1_0.id=?
2026-01-25T02:43:58.049+02:00 DEBUG 22400 --- [http-nio-744-exec-10] org.hibernate.SQL                        : select t1_0.user_id,t1_0.id,t1_0.tenant_id from user_tenants t1_0 where t1_0.user_id=?
2026-01-25T02:43:58.052+02:00 DEBUG 22400 --- [http-nio-744-exec-3] c.o.a.s.tenant.TenantFilterAspect        : 🛡️ [TenantFilterAspect] Enforced Filter for TenantID: 5
2026-01-25T02:43:58.052+02:00 DEBUG 22400 --- [http-nio-744-exec-10] org.hibernate.SQL                        : select u1_0.tenant_id from user_tenants u1_0 where u1_0.user_id=?
2026-01-25T02:43:58.053+02:00 DEBUG 22400 --- [http-nio-744-exec-3] org.hibernate.SQL                        : select u1_0.id,u1_0.email,u1_0.enabled,u1_0.first_name,u1_0.last_login_time,u1_0.last_name,u1_0.password,u1_0.photos,u1_0.tenant_id,u1_0.user_bio from `'user'` u1_0 where u1_0.tenant_id = ? and u1_0.tenant_id = ? and u1_0.email=?
2026-01-25T02:43:58.056+02:00 DEBUG 22400 --- [http-nio-744-exec-3] org.hibernate.SQL                        : select r1_0.user_id,r1_1.id,r1_1.all_parent_ids,r1_1.descrption,r1_1.name,r1_1.parent_id,p2_0.role_id,p2_0.id,p2_0.permission,p2_0.scope from user_roles r1_0 join role r1_1 on r1_1.id=r1_0.role_id left join role_permissions p2_0 on r1_1.id=p2_0.role_id where r1_0.user_id=?
2026-01-25T02:43:58.066+02:00 DEBUG 22400 --- [http-nio-744-exec-3] org.hibernate.SQL                        : select t1_0.user_id,t1_0.id,t1_0.tenant_id from user_tenants t1_0 where t1_0.user_id=?
2026-01-25T02:43:58.067+02:00 DEBUG 22400 --- [http-nio-744-exec-3] c.o.a.s.tenant.TenantFilterAspect        : 🛡️ [TenantFilterAspect] Enforced Filter for TenantID: 5
2026-01-25T02:43:58.069+02:00 DEBUG 22400 --- [http-nio-744-exec-3] org.hibernate.SQL                        : select s1_0.id,s1_0.category,s1_0.`key`,s1_0.tenant_id,s1_0.value from settings s1_0 where (s1_0.tenant_id = ? or s1_0.tenant_id = 0 or s1_0.tenant_id is null) and s1_0.tenant_id = ? and s1_0.category=?
2026-01-25T02:43:58.073+02:00  WARN 22400 --- [http-nio-744-exec-3] o.h.c.spi.AbstractPersistentCollection   : HHH000506: Detaching an uninitialized collection with enabled filters from a session: [com.onlineStoreCom.entity.tenant.Tenant.children#5]
2026-01-25T02:43:58.073+02:00  WARN 22400 --- [http-nio-744-exec-3] o.h.c.spi.AbstractPersistentCollection   : HHH000506: Detaching an uninitialized collection with enabled filters from a session: [com.onlineStoreCom.entity.users.Role.children#1]
2026-01-25T02:43:58.110+02:00 DEBUG 22400 --- [http-nio-744-exec-9] org.hibernate.SQL                        : select b1_0.id,b1_0.logo,b1_0.name,b1_0.tenant_id from brands b1_0 where b1_0.id=?
2026-01-25T02:43:58.121+02:00 DEBUG 22400 --- [http-nio-744-exec-6] c.o.a.s.tenant.TenantFilterAspect        : ⚠️ [TenantFilterAspect] Service execution without TenantID
2026-01-25T02:43:58.122+02:00 DEBUG 22400 --- [http-nio-744-exec-9] org.hibernate.SQL                        : select b1_0.id,b1_0.logo,b1_0.name,b1_0.tenant_id from brands b1_0 where b1_0.id=?
2026-01-25T02:43:58.122+02:00 DEBUG 22400 --- [http-nio-744-exec-6] org.hibernate.SQL                        : select u1_0.id,u1_0.email,u1_0.enabled,u1_0.first_name,u1_0.last_login_time,u1_0.last_name,u1_0.password,u1_0.photos,u1_0.tenant_id,u1_0.user_bio from `'user'` u1_0 where u1_0.email=?
2026-01-25T02:43:58.123+02:00 DEBUG 22400 --- [http-nio-744-exec-6] org.hibernate.SQL                        : select r1_0.user_id,r1_1.id,r1_1.all_parent_ids,r1_1.descrption,r1_1.name,r1_1.parent_id,p2_0.role_id,p2_0.id,p2_0.permission,p2_0.scope from user_roles r1_0 join role r1_1 on r1_1.id=r1_0.role_id left join role_permissions p2_0 on r1_1.id=p2_0.role_id where r1_0.user_id=?
2026-01-25T02:43:58.126+02:00 DEBUG 22400 --- [http-nio-744-exec-6] c.o.a.s.tenant.TenantFilterAspect        : ⚠️ [TenantFilterAspect] Service execution without TenantID
2026-01-25T02:43:58.127+02:00 DEBUG 22400 --- [http-nio-744-exec-9] org.hibernate.SQL                        : select b1_0.id,b1_0.logo,b1_0.name,b1_0.tenant_id from brands b1_0 where b1_0.id=?
2026-01-25T02:43:58.127+02:00 DEBUG 22400 --- [http-nio-744-exec-6] org.hibernate.SQL                        : select t1_0.user_id,t1_0.id,t1_0.tenant_id from user_tenants t1_0 where t1_0.user_id=?
2026-01-25T02:43:58.130+02:00 DEBUG 22400 --- [http-nio-744-exec-6] org.hibernate.SQL                        : select u1_0.tenant_id from user_tenants u1_0 where u1_0.user_id=?
2026-01-25T02:43:58.133+02:00 DEBUG 22400 --- [http-nio-744-exec-9] org.hibernate.SQL                        : select c1_0.brand_id,c1_1.id,c1_1.alias,c1_1.all_parent_ids,c1_1.enabled,c1_1.image,c1_1.level,c1_1.name,c1_1.parent_id,c1_1.tenant_id from brands_categories c1_0 join categories c1_1 on c1_1.id=c1_0.category_id where c1_0.brand_id=?
2026-01-25T02:43:58.197+02:00 DEBUG 22400 --- [http-nio-744-exec-8] c.o.a.s.tenant.TenantFilterAspect        : ⚠️ [TenantFilterAspect] Service execution without TenantID
2026-01-25T02:43:58.200+02:00 DEBUG 22400 --- [http-nio-744-exec-8] org.hibernate.SQL                        : select u1_0.id,u1_0.email,u1_0.enabled,u1_0.first_name,u1_0.last_login_time,u1_0.last_name,u1_0.password,u1_0.photos,u1_0.tenant_id,u1_0.user_bio from `'user'` u1_0 where u1_0.email=?
2026-01-25T02:43:58.202+02:00 DEBUG 22400 --- [http-nio-744-exec-8] org.hibernate.SQL                        : select r1_0.user_id,r1_1.id,r1_1.all_parent_ids,r1_1.descrption,r1_1.name,r1_1.parent_id,p2_0.role_id,p2_0.id,p2_0.permission,p2_0.scope from user_roles r1_0 join role r1_1 on r1_1.id=r1_0.role_id left join role_permissions p2_0 on r1_1.id=p2_0.role_id where r1_0.user_id=?
2026-01-25T02:43:58.208+02:00 DEBUG 22400 --- [http-nio-744-exec-8] c.o.a.s.tenant.TenantFilterAspect        : ⚠️ [TenantFilterAspect] Service execution without TenantID
2026-01-25T02:43:58.209+02:00 DEBUG 22400 --- [http-nio-744-exec-8] org.hibernate.SQL                        : select t1_0.user_id,t1_0.id,t1_0.tenant_id from user_tenants t1_0 where t1_0.user_id=?
2026-01-25T02:43:58.212+02:00 DEBUG 22400 --- [http-nio-744-exec-9] org.hibernate.SQL                        : select d1_0.product_id,d1_0.id,d1_0.name,d1_0.tenant_id,d1_0.value from product_details d1_0 where d1_0.product_id=?
2026-01-25T02:43:58.213+02:00 DEBUG 22400 --- [http-nio-744-exec-8] org.hibernate.SQL                        : select u1_0.tenant_id from user_tenants u1_0 where u1_0.user_id=?
2026-01-25T02:43:58.228+02:00 DEBUG 22400 --- [http-nio-744-exec-5] c.o.a.s.tenant.TenantFilterAspect        : ⚠️ [TenantFilterAspect] Service execution without TenantID
2026-01-25T02:43:58.228+02:00 DEBUG 22400 --- [http-nio-744-exec-4] c.o.a.s.tenant.TenantFilterAspect        : ⚠️ [TenantFilterAspect] Service execution without TenantID
2026-01-25T02:43:58.229+02:00 DEBUG 22400 --- [http-nio-744-exec-4] org.hibernate.SQL                        : select u1_0.id,u1_0.email,u1_0.enabled,u1_0.first_name,u1_0.last_login_time,u1_0.last_name,u1_0.password,u1_0.photos,u1_0.tenant_id,u1_0.user_bio from `'user'` u1_0 where u1_0.email=?
2026-01-25T02:43:58.232+02:00 DEBUG 22400 --- [http-nio-744-exec-5] org.hibernate.SQL                        : select u1_0.id,u1_0.email,u1_0.enabled,u1_0.first_name,u1_0.last_login_time,u1_0.last_name,u1_0.password,u1_0.photos,u1_0.tenant_id,u1_0.user_bio from `'user'` u1_0 where u1_0.email=?
2026-01-25T02:43:58.234+02:00 DEBUG 22400 --- [http-nio-744-exec-4] org.hibernate.SQL                        : select r1_0.user_id,r1_1.id,r1_1.all_parent_ids,r1_1.descrption,r1_1.name,r1_1.parent_id,p2_0.role_id,p2_0.id,p2_0.permission,p2_0.scope from user_roles r1_0 join role r1_1 on r1_1.id=r1_0.role_id left join role_permissions p2_0 on r1_1.id=p2_0.role_id where r1_0.user_id=?
2026-01-25T02:43:58.235+02:00 DEBUG 22400 --- [http-nio-744-exec-2] c.o.a.s.tenant.TenantFilterAspect        : ⚠️ [TenantFilterAspect] Service execution without TenantID
2026-01-25T02:43:58.235+02:00 DEBUG 22400 --- [http-nio-744-exec-5] org.hibernate.SQL                        : select r1_0.user_id,r1_1.id,r1_1.all_parent_ids,r1_1.descrption,r1_1.name,r1_1.parent_id,p2_0.role_id,p2_0.id,p2_0.permission,p2_0.scope from user_roles r1_0 join role r1_1 on r1_1.id=r1_0.role_id left join role_permissions p2_0 on r1_1.id=p2_0.role_id where r1_0.user_id=?
2026-01-25T02:43:58.238+02:00 DEBUG 22400 --- [http-nio-744-exec-4] c.o.a.s.tenant.TenantFilterAspect        : ⚠️ [TenantFilterAspect] Service execution without TenantID
2026-01-25T02:43:58.238+02:00 DEBUG 22400 --- [http-nio-744-exec-2] org.hibernate.SQL                        : select u1_0.id,u1_0.email,u1_0.enabled,u1_0.first_name,u1_0.last_login_time,u1_0.last_name,u1_0.password,u1_0.photos,u1_0.tenant_id,u1_0.user_bio from `'user'` u1_0 where u1_0.email=?
2026-01-25T02:43:58.238+02:00 DEBUG 22400 --- [http-nio-744-exec-5] c.o.a.s.tenant.TenantFilterAspect        : ⚠️ [TenantFilterAspect] Service execution without TenantID
2026-01-25T02:43:58.238+02:00 DEBUG 22400 --- [http-nio-744-exec-4] org.hibernate.SQL                        : select t1_0.user_id,t1_0.id,t1_0.tenant_id from user_tenants t1_0 where t1_0.user_id=?
2026-01-25T02:43:58.238+02:00 DEBUG 22400 --- [http-nio-744-exec-5] org.hibernate.SQL                        : select t1_0.user_id,t1_0.id,t1_0.tenant_id from user_tenants t1_0 where t1_0.user_id=?
2026-01-25T02:43:58.239+02:00 DEBUG 22400 --- [http-nio-744-exec-2] org.hibernate.SQL                        : select r1_0.user_id,r1_1.id,r1_1.all_parent_ids,r1_1.descrption,r1_1.name,r1_1.parent_id,p2_0.role_id,p2_0.id,p2_0.permission,p2_0.scope from user_roles r1_0 join role r1_1 on r1_1.id=r1_0.role_id left join role_permissions p2_0 on r1_1.id=p2_0.role_id where r1_0.user_id=?
2026-01-25T02:43:58.240+02:00 DEBUG 22400 --- [http-nio-744-exec-5] org.hibernate.SQL                        : select u1_0.tenant_id from user_tenants u1_0 where u1_0.user_id=?
2026-01-25T02:43:58.240+02:00 DEBUG 22400 --- [http-nio-744-exec-4] org.hibernate.SQL                        : select u1_0.tenant_id from user_tenants u1_0 where u1_0.user_id=?
2026-01-25T02:43:58.241+02:00 DEBUG 22400 --- [http-nio-744-exec-8] c.o.a.s.tenant.TenantFilterAspect        : ⚠️ [TenantFilterAspect] Service execution without TenantID
2026-01-25T02:43:58.245+02:00 DEBUG 22400 --- [http-nio-744-exec-2] c.o.a.s.tenant.TenantFilterAspect        : ⚠️ [TenantFilterAspect] Service execution without TenantID
2026-01-25T02:43:58.245+02:00 DEBUG 22400 --- [http-nio-744-exec-2] org.hibernate.SQL                        : select t1_0.user_id,t1_0.id,t1_0.tenant_id from user_tenants t1_0 where t1_0.user_id=?
2026-01-25T02:43:58.246+02:00 DEBUG 22400 --- [http-nio-744-exec-8] org.hibernate.SQL                        : select u1_0.id,u1_0.email,u1_0.enabled,u1_0.first_name,u1_0.last_login_time,u1_0.last_name,u1_0.password,u1_0.photos,u1_0.tenant_id,u1_0.user_bio from `'user'` u1_0 where u1_0.email=?
2026-01-25T02:43:58.248+02:00 DEBUG 22400 --- [http-nio-744-exec-8] org.hibernate.SQL                        : select r1_0.user_id,r1_1.id,r1_1.all_parent_ids,r1_1.descrption,r1_1.name,r1_1.parent_id,p2_0.role_id,p2_0.id,p2_0.permission,p2_0.scope from user_roles r1_0 join role r1_1 on r1_1.id=r1_0.role_id left join role_permissions p2_0 on r1_1.id=p2_0.role_id where r1_0.user_id=?
2026-01-25T02:43:58.249+02:00 DEBUG 22400 --- [http-nio-744-exec-2] org.hibernate.SQL                        : select u1_0.tenant_id from user_tenants u1_0 where u1_0.user_id=?
2026-01-25T02:43:58.249+02:00  WARN 22400 --- [http-nio-744-exec-9] o.h.c.spi.AbstractPersistentCollection   : HHH000506: Detaching an uninitialized collection with enabled filters from a session: [com.onlineStoreCom.entity.tenant.Tenant.children#5]
2026-01-25T02:43:58.249+02:00  WARN 22400 --- [http-nio-744-exec-9] o.h.c.spi.AbstractPersistentCollection   : HHH000506: Detaching an uninitialized collection with enabled filters from a session: [com.onlineStoreCom.entity.users.Role.children#1]
2026-01-25T02:43:58.249+02:00  WARN 22400 --- [http-nio-744-exec-9] o.h.c.spi.AbstractPersistentCollection   : HHH000506: Detaching an uninitialized collection with enabled filters from a session: [com.onlineStoreCom.entity.brand.Brand.categories#123]
2026-01-25T02:43:58.249+02:00  WARN 22400 --- [http-nio-744-exec-9] o.h.c.spi.AbstractPersistentCollection   : HHH000506: Detaching an uninitialized collection with enabled filters from a session: [com.onlineStoreCom.entity.brand.Brand.categories#96]
2026-01-25T02:43:58.249+02:00  WARN 22400 --- [http-nio-744-exec-9] o.h.c.spi.AbstractPersistentCollection   : HHH000506: Detaching an uninitialized collection with enabled filters from a session: [com.onlineStoreCom.entity.brand.Brand.categories#97]
2026-01-25T02:43:58.251+02:00 DEBUG 22400 --- [http-nio-744-exec-8] org.hibernate.SQL                        : select t1_0.user_id,t1_0.id,t1_0.tenant_id from user_tenants t1_0 where t1_0.user_id=?
2026-01-25T02:43:58.282+02:00 DEBUG 22400 --- [http-nio-744-exec-5] c.o.a.s.tenant.TenantFilterAspect        : ⚠️ [TenantFilterAspect] Service execution without TenantID
2026-01-25T02:43:58.282+02:00 DEBUG 22400 --- [http-nio-744-exec-4] c.o.a.s.tenant.TenantFilterAspect        : ⚠️ [TenantFilterAspect] Service execution without TenantID
2026-01-25T02:43:58.283+02:00 DEBUG 22400 --- [http-nio-744-exec-5] org.hibernate.SQL                        : select u1_0.id,u1_0.email,u1_0.enabled,u1_0.first_name,u1_0.last_login_time,u1_0.last_name,u1_0.password,u1_0.photos,u1_0.tenant_id,u1_0.user_bio from `'user'` u1_0 where u1_0.email=?
2026-01-25T02:43:58.283+02:00 DEBUG 22400 --- [http-nio-744-exec-4] org.hibernate.SQL                        : select u1_0.id,u1_0.email,u1_0.enabled,u1_0.first_name,u1_0.last_login_time,u1_0.last_name,u1_0.password,u1_0.photos,u1_0.tenant_id,u1_0.user_bio from `'user'` u1_0 where u1_0.email=?
2026-01-25T02:43:58.285+02:00 DEBUG 22400 --- [http-nio-744-exec-4] org.hibernate.SQL                        : select r1_0.user_id,r1_1.id,r1_1.all_parent_ids,r1_1.descrption,r1_1.name,r1_1.parent_id,p2_0.role_id,p2_0.id,p2_0.permission,p2_0.scope from user_roles r1_0 join role r1_1 on r1_1.id=r1_0.role_id left join role_permissions p2_0 on r1_1.id=p2_0.role_id where r1_0.user_id=?
2026-01-25T02:43:58.285+02:00 DEBUG 22400 --- [http-nio-744-exec-5] org.hibernate.SQL                        : select r1_0.user_id,r1_1.id,r1_1.all_parent_ids,r1_1.descrption,r1_1.name,r1_1.parent_id,p2_0.role_id,p2_0.id,p2_0.permission,p2_0.scope from user_roles r1_0 join role r1_1 on r1_1.id=r1_0.role_id left join role_permissions p2_0 on r1_1.id=p2_0.role_id where r1_0.user_id=?
2026-01-25T02:43:58.286+02:00 DEBUG 22400 --- [http-nio-744-exec-10] c.o.a.s.tenant.TenantFilterAspect        : ⚠️ [TenantFilterAspect] Service execution without TenantID
2026-01-25T02:43:58.287+02:00 DEBUG 22400 --- [http-nio-744-exec-5] org.hibernate.SQL                        : select t1_0.user_id,t1_0.id,t1_0.tenant_id from user_tenants t1_0 where t1_0.user_id=?
2026-01-25T02:43:58.287+02:00 DEBUG 22400 --- [http-nio-744-exec-4] org.hibernate.SQL                        : select t1_0.user_id,t1_0.id,t1_0.tenant_id from user_tenants t1_0 where t1_0.user_id=?
2026-01-25T02:43:58.287+02:00 DEBUG 22400 --- [http-nio-744-exec-10] org.hibernate.SQL                        : select u1_0.id,u1_0.email,u1_0.enabled,u1_0.first_name,u1_0.last_login_time,u1_0.last_name,u1_0.password,u1_0.photos,u1_0.tenant_id,u1_0.user_bio from `'user'` u1_0 where u1_0.email=?
2026-01-25T02:43:58.289+02:00 DEBUG 22400 --- [http-nio-744-exec-10] org.hibernate.SQL                        : select r1_0.user_id,r1_1.id,r1_1.all_parent_ids,r1_1.descrption,r1_1.name,r1_1.parent_id,p2_0.role_id,p2_0.id,p2_0.permission,p2_0.scope from user_roles r1_0 join role r1_1 on r1_1.id=r1_0.role_id left join role_permissions p2_0 on r1_1.id=p2_0.role_id where r1_0.user_id=?
2026-01-25T02:43:58.291+02:00 DEBUG 22400 --- [http-nio-744-exec-2] c.o.a.s.tenant.TenantFilterAspect        : ⚠️ [TenantFilterAspect] Service execution without TenantID
2026-01-25T02:43:58.295+02:00 DEBUG 22400 --- [http-nio-744-exec-10] org.hibernate.SQL                        : select t1_0.user_id,t1_0.id,t1_0.tenant_id from user_tenants t1_0 where t1_0.user_id=?
2026-01-25T02:43:58.296+02:00 DEBUG 22400 --- [http-nio-744-exec-2] org.hibernate.SQL                        : select u1_0.id,u1_0.email,u1_0.enabled,u1_0.first_name,u1_0.last_login_time,u1_0.last_name,u1_0.password,u1_0.photos,u1_0.tenant_id,u1_0.user_bio from `'user'` u1_0 where u1_0.email=?
2026-01-25T02:43:58.298+02:00 DEBUG 22400 --- [http-nio-744-exec-2] org.hibernate.SQL                        : select r1_0.user_id,r1_1.id,r1_1.all_parent_ids,r1_1.descrption,r1_1.name,r1_1.parent_id,p2_0.role_id,p2_0.id,p2_0.permission,p2_0.scope from user_roles r1_0 join role r1_1 on r1_1.id=r1_0.role_id left join role_permissions p2_0 on r1_1.id=p2_0.role_id where r1_0.user_id=?
2026-01-25T02:43:58.301+02:00 DEBUG 22400 --- [http-nio-744-exec-2] org.hibernate.SQL                        : select t1_0.user_id,t1_0.id,t1_0.tenant_id from user_tenants t1_0 where t1_0.user_id=?
2026-01-25T02:43:58.305+02:00 DEBUG 22400 --- [http-nio-744-exec-6] c.o.a.s.tenant.TenantFilterAspect        : ⚠️ [TenantFilterAspect] Service execution without TenantID
2026-01-25T02:43:58.307+02:00 DEBUG 22400 --- [http-nio-744-exec-6] org.hibernate.SQL                        : select u1_0.id,u1_0.email,u1_0.enabled,u1_0.first_name,u1_0.last_login_time,u1_0.last_name,u1_0.password,u1_0.photos,u1_0.tenant_id,u1_0.user_bio from `'user'` u1_0 where u1_0.email=?
2026-01-25T02:43:58.309+02:00 DEBUG 22400 --- [http-nio-744-exec-6] org.hibernate.SQL                        : select r1_0.user_id,r1_1.id,r1_1.all_parent_ids,r1_1.descrption,r1_1.name,r1_1.parent_id,p2_0.role_id,p2_0.id,p2_0.permission,p2_0.scope from user_roles r1_0 join role r1_1 on r1_1.id=r1_0.role_id left join role_permissions p2_0 on r1_1.id=p2_0.role_id where r1_0.user_id=?
2026-01-25T02:43:58.314+02:00 DEBUG 22400 --- [http-nio-744-exec-6] c.o.a.s.tenant.TenantFilterAspect        : ⚠️ [TenantFilterAspect] Service execution without TenantID
2026-01-25T02:43:58.314+02:00 DEBUG 22400 --- [http-nio-744-exec-6] org.hibernate.SQL                        : select t1_0.user_id,t1_0.id,t1_0.tenant_id from user_tenants t1_0 where t1_0.user_id=?
2026-01-25T02:43:58.317+02:00 DEBUG 22400 --- [http-nio-744-exec-9] c.o.a.s.tenant.TenantFilterAspect        : ⚠️ [TenantFilterAspect] Service execution without TenantID
2026-01-25T02:43:58.317+02:00 DEBUG 22400 --- [http-nio-744-exec-6] org.hibernate.SQL                        : select u1_0.tenant_id from user_tenants u1_0 where u1_0.user_id=?
2026-01-25T02:43:58.319+02:00 DEBUG 22400 --- [http-nio-744-exec-9] org.hibernate.SQL                        : select u1_0.id,u1_0.email,u1_0.enabled,u1_0.first_name,u1_0.last_login_time,u1_0.last_name,u1_0.password,u1_0.photos,u1_0.tenant_id,u1_0.user_bio from `'user'` u1_0 where u1_0.email=?
2026-01-25T02:43:58.320+02:00 DEBUG 22400 --- [http-nio-744-exec-9] org.hibernate.SQL                        : select r1_0.user_id,r1_1.id,r1_1.all_parent_ids,r1_1.descrption,r1_1.name,r1_1.parent_id,p2_0.role_id,p2_0.id,p2_0.permission,p2_0.scope from user_roles r1_0 join role r1_1 on r1_1.id=r1_0.role_id left join role_permissions p2_0 on r1_1.id=p2_0.role_id where r1_0.user_id=?
2026-01-25T02:43:58.321+02:00 DEBUG 22400 --- [http-nio-744-exec-9] org.hibernate.SQL                        : select t1_0.user_id,t1_0.id,t1_0.tenant_id from user_tenants t1_0 where t1_0.user_id=?
2026-01-25T02:43:58.325+02:00 DEBUG 22400 --- [http-nio-744-exec-6] org.hibernate.SQL                        : select t1_0.id,t1_0.active,t1_0.code,t1_0.created_at,t1_0.level,t1_0.name,t1_0.parent_id,t1_0.status from tenants t1_0 where t1_0.id=?
2026-01-25T02:43:58.329+02:00 DEBUG 22400 --- [http-nio-744-exec-6] c.o.a.s.tenant.TenantFilterAspect        : 🛡️ [TenantFilterAspect] Enforced Filter for TenantID: 5
2026-01-25T02:43:58.331+02:00 DEBUG 22400 --- [http-nio-744-exec-6] org.hibernate.SQL                        : select u1_0.id,u1_0.email,u1_0.enabled,u1_0.first_name,u1_0.last_login_time,u1_0.last_name,u1_0.password,u1_0.photos,u1_0.tenant_id,u1_0.user_bio from `'user'` u1_0 where u1_0.tenant_id = ? and u1_0.tenant_id = ? and u1_0.email=?
2026-01-25T02:43:58.333+02:00 DEBUG 22400 --- [http-nio-744-exec-6] org.hibernate.SQL                        : select r1_0.user_id,r1_1.id,r1_1.all_parent_ids,r1_1.descrption,r1_1.name,r1_1.parent_id,p2_0.role_id,p2_0.id,p2_0.permission,p2_0.scope from user_roles r1_0 join role r1_1 on r1_1.id=r1_0.role_id left join role_permissions p2_0 on r1_1.id=p2_0.role_id where r1_0.user_id=?
2026-01-25T02:43:58.336+02:00 DEBUG 22400 --- [http-nio-744-exec-8] c.o.a.s.tenant.TenantFilterAspect        : ⚠️ [TenantFilterAspect] Service execution without TenantID
2026-01-25T02:43:58.336+02:00 DEBUG 22400 --- [http-nio-744-exec-6] org.hibernate.SQL                        : select t1_0.user_id,t1_0.id,t1_0.tenant_id from user_tenants t1_0 where t1_0.user_id=?
2026-01-25T02:43:58.337+02:00 DEBUG 22400 --- [http-nio-744-exec-8] org.hibernate.SQL                        : select u1_0.id,u1_0.email,u1_0.enabled,u1_0.first_name,u1_0.last_login_time,u1_0.last_name,u1_0.password,u1_0.photos,u1_0.tenant_id,u1_0.user_bio from `'user'` u1_0 where u1_0.email=?
2026-01-25T02:43:58.337+02:00 DEBUG 22400 --- [http-nio-744-exec-6] c.o.a.s.tenant.TenantFilterAspect        : 🛡️ [TenantFilterAspect] Enforced Filter for TenantID: 5
2026-01-25T02:43:58.338+02:00 DEBUG 22400 --- [http-nio-744-exec-8] org.hibernate.SQL                        : select r1_0.user_id,r1_1.id,r1_1.all_parent_ids,r1_1.descrption,r1_1.name,r1_1.parent_id,p2_0.role_id,p2_0.id,p2_0.permission,p2_0.scope from user_roles r1_0 join role r1_1 on r1_1.id=r1_0.role_id left join role_permissions p2_0 on r1_1.id=p2_0.role_id where r1_0.user_id=?
2026-01-25T02:43:58.339+02:00 DEBUG 22400 --- [http-nio-744-exec-6] org.hibernate.SQL                        : select u1_0.id,u1_0.email,u1_0.enabled,u1_0.first_name,u1_0.last_login_time,u1_0.last_name,u1_0.password,u1_0.photos,u1_0.tenant_id,u1_0.user_bio from `'user'` u1_0 where u1_0.tenant_id = ? and u1_0.tenant_id = ? and u1_0.email=?
2026-01-25T02:43:58.340+02:00 DEBUG 22400 --- [http-nio-744-exec-6] c.o.a.s.tenant.TenantFilterAspect        : 🛡️ [TenantFilterAspect] Enforced Filter for TenantID: 5
2026-01-25T02:43:58.340+02:00 DEBUG 22400 --- [http-nio-744-exec-8] c.o.a.s.tenant.TenantFilterAspect        : ⚠️ [TenantFilterAspect] Service execution without TenantID
2026-01-25T02:43:58.340+02:00 DEBUG 22400 --- [http-nio-744-exec-8] org.hibernate.SQL                        : select t1_0.user_id,t1_0.id,t1_0.tenant_id from user_tenants t1_0 where t1_0.user_id=?
2026-01-25T02:43:58.343+02:00  WARN 22400 --- [http-nio-744-exec-6] o.h.c.spi.AbstractPersistentCollection   : HHH000506: Detaching an uninitialized collection with enabled filters from a session: [com.onlineStoreCom.entity.tenant.Tenant.children#5]
2026-01-25T02:43:58.344+02:00  WARN 22400 --- [http-nio-744-exec-6] o.h.c.spi.AbstractPersistentCollection   : HHH000506: Detaching an uninitialized collection with enabled filters from a session: [com.onlineStoreCom.entity.users.Role.children#1]
2026-01-25T02:43:58.344+02:00 DEBUG 22400 --- [http-nio-744-exec-8] org.hibernate.SQL                        : select u1_0.tenant_id from user_tenants u1_0 where u1_0.user_id=?
2026-01-25T02:43:58.359+02:00 DEBUG 22400 --- [http-nio-744-exec-8] org.hibernate.SQL                        : select t1_0.id,t1_0.active,t1_0.code,t1_0.created_at,t1_0.level,t1_0.name,t1_0.parent_id,t1_0.status from tenants t1_0 where t1_0.id=?
2026-01-25T02:43:58.363+02:00 DEBUG 22400 --- [http-nio-744-exec-8] c.o.a.s.tenant.TenantFilterAspect        : 🛡️ [TenantFilterAspect] Enforced Filter for TenantID: 5
2026-01-25T02:43:58.365+02:00 DEBUG 22400 --- [http-nio-744-exec-8] org.hibernate.SQL                        : select u1_0.id,u1_0.email,u1_0.enabled,u1_0.first_name,u1_0.last_login_time,u1_0.last_name,u1_0.password,u1_0.photos,u1_0.tenant_id,u1_0.user_bio from `'user'` u1_0 where u1_0.tenant_id = ? and u1_0.tenant_id = ? and u1_0.email=?
2026-01-25T02:43:58.366+02:00 DEBUG 22400 --- [http-nio-744-exec-8] org.hibernate.SQL                        : select r1_0.user_id,r1_1.id,r1_1.all_parent_ids,r1_1.descrption,r1_1.name,r1_1.parent_id,p2_0.role_id,p2_0.id,p2_0.permission,p2_0.scope from user_roles r1_0 join role r1_1 on r1_1.id=r1_0.role_id left join role_permissions p2_0 on r1_1.id=p2_0.role_id where r1_0.user_id=?
2026-01-25T02:43:58.367+02:00 DEBUG 22400 --- [http-nio-744-exec-8] org.hibernate.SQL                        : select t1_0.user_id,t1_0.id,t1_0.tenant_id from user_tenants t1_0 where t1_0.user_id=?
2026-01-25T02:43:58.369+02:00 DEBUG 22400 --- [http-nio-744-exec-8] c.o.a.s.tenant.TenantFilterAspect        : 🛡️ [TenantFilterAspect] Enforced Filter for TenantID: 5
2026-01-25T02:43:58.369+02:00 DEBUG 22400 --- [http-nio-744-exec-8] org.hibernate.SQL                        : select b1_0.id,b1_0.logo,b1_0.name,b1_0.tenant_id from brands b1_0 where b1_0.id=?
2026-01-25T02:43:58.371+02:00 DEBUG 22400 --- [http-nio-744-exec-8] org.hibernate.SQL                        : select c1_0.brand_id,c1_1.id,c1_1.alias,c1_1.all_parent_ids,c1_1.enabled,c1_1.image,c1_1.level,c1_1.name,c1_1.parent_id,c1_1.tenant_id from brands_categories c1_0 join categories c1_1 on c1_1.id=c1_0.category_id where c1_0.brand_id=?
2026-01-25T02:43:58.382+02:00  WARN 22400 --- [http-nio-744-exec-8] o.h.c.spi.AbstractPersistentCollection   : HHH000506: Detaching an uninitialized collection with enabled filters from a session: [com.onlineStoreCom.entity.tenant.Tenant.children#5]
2026-01-25T02:43:58.382+02:00  WARN 22400 --- [http-nio-744-exec-8] o.h.c.spi.AbstractPersistentCollection   : HHH000506: Detaching an uninitialized collection with enabled filters from a session: [com.onlineStoreCom.entity.users.Role.children#1]
2026-01-25T02:43:58.382+02:00  WARN 22400 --- [http-nio-744-exec-8] o.h.c.spi.AbstractPersistentCollection   : HHH000506: Detaching an uninitialized collection with enabled filters from a session: [com.onlineStoreCom.entity.category.Category.children#37]
2026-01-25T02:44:12.489+02:00 DEBUG 22400 --- [http-nio-744-exec-2] c.o.a.s.tenant.TenantFilterAspect        : ⚠️ [TenantFilterAspect] Service execution without TenantID
2026-01-25T02:44:12.490+02:00 DEBUG 22400 --- [http-nio-744-exec-2] org.hibernate.SQL                        : select u1_0.id,u1_0.email,u1_0.enabled,u1_0.first_name,u1_0.last_login_time,u1_0.last_name,u1_0.password,u1_0.photos,u1_0.tenant_id,u1_0.user_bio from `'user'` u1_0 where u1_0.email=?
2026-01-25T02:44:12.492+02:00 DEBUG 22400 --- [http-nio-744-exec-2] org.hibernate.SQL                        : select r1_0.user_id,r1_1.id,r1_1.all_parent_ids,r1_1.descrption,r1_1.name,r1_1.parent_id,p2_0.role_id,p2_0.id,p2_0.permission,p2_0.scope from user_roles r1_0 join role r1_1 on r1_1.id=r1_0.role_id left join role_permissions p2_0 on r1_1.id=p2_0.role_id where r1_0.user_id=?
2026-01-25T02:44:12.497+02:00 DEBUG 22400 --- [http-nio-744-exec-2] c.o.a.s.tenant.TenantFilterAspect        : ⚠️ [TenantFilterAspect] Service execution without TenantID
2026-01-25T02:44:12.498+02:00 DEBUG 22400 --- [http-nio-744-exec-2] org.hibernate.SQL                        : select t1_0.user_id,t1_0.id,t1_0.tenant_id from user_tenants t1_0 where t1_0.user_id=?
2026-01-25T02:44:12.500+02:00 DEBUG 22400 --- [http-nio-744-exec-2] org.hibernate.SQL                        : select u1_0.tenant_id from user_tenants u1_0 where u1_0.user_id=?
2026-01-25T02:44:12.506+02:00 DEBUG 22400 --- [http-nio-744-exec-2] org.hibernate.SQL                        : select t1_0.id,t1_0.active,t1_0.code,t1_0.created_at,t1_0.level,t1_0.name,t1_0.parent_id,t1_0.status from tenants t1_0 where t1_0.id=?
2026-01-25T02:44:12.512+02:00 DEBUG 22400 --- [http-nio-744-exec-2] c.o.a.s.tenant.TenantFilterAspect        : 🛡️ [TenantFilterAspect] Enforced Filter for TenantID: 5
2026-01-25T02:44:12.514+02:00 DEBUG 22400 --- [http-nio-744-exec-2] org.hibernate.SQL                        : select u1_0.id,u1_0.email,u1_0.enabled,u1_0.first_name,u1_0.last_login_time,u1_0.last_name,u1_0.password,u1_0.photos,u1_0.tenant_id,u1_0.user_bio from `'user'` u1_0 where u1_0.tenant_id = ? and u1_0.tenant_id = ? and u1_0.email=?
2026-01-25T02:44:12.516+02:00 DEBUG 22400 --- [http-nio-744-exec-2] org.hibernate.SQL                        : select r1_0.user_id,r1_1.id,r1_1.all_parent_ids,r1_1.descrption,r1_1.name,r1_1.parent_id,p2_0.role_id,p2_0.id,p2_0.permission,p2_0.scope from user_roles r1_0 join role r1_1 on r1_1.id=r1_0.role_id left join role_permissions p2_0 on r1_1.id=p2_0.role_id where r1_0.user_id=?
2026-01-25T02:44:12.517+02:00 DEBUG 22400 --- [http-nio-744-exec-2] org.hibernate.SQL                        : select t1_0.user_id,t1_0.id,t1_0.tenant_id from user_tenants t1_0 where t1_0.user_id=?
2026-01-25T02:44:12.519+02:00  INFO 22400 --- [http-nio-744-exec-2] c.o.a.c.controller.CategoryController    : Checking uniqueness for id=152, name=ddd, alias=dddd
2026-01-25T02:44:12.520+02:00 DEBUG 22400 --- [http-nio-744-exec-2] c.o.a.s.tenant.TenantFilterAspect        : 🛡️ [TenantFilterAspect] Enforced Filter for TenantID: 5
2026-01-25T02:44:12.522+02:00 DEBUG 22400 --- [http-nio-744-exec-2] org.hibernate.SQL                        : select p1_0.id,p1_0.alias,p1_0.average_rating,p1_0.booking_slots,p1_0.brand_id,p1_0.category_id,p1_0.cost,p1_0.created_time,p1_0.discount_percent,p1_0.enabled,p1_0.full_description,p1_0.has_description,p1_0.has_extra_details,p1_0.has_location,p1_0.has_scheduling,p1_0.has_shipping,p1_0.height,p1_0.in_stock,p1_0.length,p1_0.main_image,p1_0.name,p1_0.price,p1_0.product_type,p1_0.review_count,p1_0.service_duration,p1_0.short_description,p1_0.subscription_interval,p1_0.tenant_id,p1_0.track_stock,p1_0.updated_time,p1_0.weight,p1_0.width from products p1_0 where (p1_0.tenant_id = ? OR p1_0.tenant_id = 0) and p1_0.tenant_id = ? and p1_0.name=?
2026-01-25T02:44:12.528+02:00 DEBUG 22400 --- [http-nio-744-exec-2] org.hibernate.SQL                        : select p1_0.id,p1_0.alias,p1_0.average_rating,p1_0.booking_slots,p1_0.brand_id,p1_0.category_id,p1_0.cost,p1_0.created_time,p1_0.discount_percent,p1_0.enabled,p1_0.full_description,p1_0.has_description,p1_0.has_extra_details,p1_0.has_location,p1_0.has_scheduling,p1_0.has_shipping,p1_0.height,p1_0.in_stock,p1_0.length,p1_0.main_image,p1_0.name,p1_0.price,p1_0.product_type,p1_0.review_count,p1_0.service_duration,p1_0.short_description,p1_0.subscription_interval,p1_0.tenant_id,p1_0.track_stock,p1_0.updated_time,p1_0.weight,p1_0.width from products p1_0 where (p1_0.tenant_id = ? OR p1_0.tenant_id = 0) and p1_0.tenant_id = ? and p1_0.alias=?
2026-01-25T02:44:12.531+02:00  INFO 22400 --- [http-nio-744-exec-2] c.o.a.c.controller.CategoryController    : Result: Ok
2026-01-25T02:44:12.532+02:00  WARN 22400 --- [http-nio-744-exec-2] o.h.c.spi.AbstractPersistentCollection   : HHH000506: Detaching an uninitialized collection with enabled filters from a session: [com.onlineStoreCom.entity.tenant.Tenant.children#5]
2026-01-25T02:44:12.532+02:00  WARN 22400 --- [http-nio-744-exec-2] o.h.c.spi.AbstractPersistentCollection   : HHH000506: Detaching an uninitialized collection with enabled filters from a session: [com.onlineStoreCom.entity.users.Role.children#1]
2026-01-25T02:44:12.640+02:00 DEBUG 22400 --- [http-nio-744-exec-9] c.o.a.s.tenant.TenantFilterAspect        : ⚠️ [TenantFilterAspect] Service execution without TenantID
2026-01-25T02:44:12.643+02:00 DEBUG 22400 --- [http-nio-744-exec-9] org.hibernate.SQL                        : select u1_0.id,u1_0.email,u1_0.enabled,u1_0.first_name,u1_0.last_login_time,u1_0.last_name,u1_0.password,u1_0.photos,u1_0.tenant_id,u1_0.user_bio from `'user'` u1_0 where u1_0.email=?
2026-01-25T02:44:12.645+02:00 DEBUG 22400 --- [http-nio-744-exec-9] org.hibernate.SQL                        : select r1_0.user_id,r1_1.id,r1_1.all_parent_ids,r1_1.descrption,r1_1.name,r1_1.parent_id,p2_0.role_id,p2_0.id,p2_0.permission,p2_0.scope from user_roles r1_0 join role r1_1 on r1_1.id=r1_0.role_id left join role_permissions p2_0 on r1_1.id=p2_0.role_id where r1_0.user_id=?
2026-01-25T02:44:12.649+02:00 DEBUG 22400 --- [http-nio-744-exec-9] c.o.a.s.tenant.TenantFilterAspect        : ⚠️ [TenantFilterAspect] Service execution without TenantID
2026-01-25T02:44:12.650+02:00 DEBUG 22400 --- [http-nio-744-exec-9] org.hibernate.SQL                        : select t1_0.user_id,t1_0.id,t1_0.tenant_id from user_tenants t1_0 where t1_0.user_id=?
2026-01-25T02:44:12.654+02:00 DEBUG 22400 --- [http-nio-744-exec-9] org.hibernate.SQL                        : select u1_0.tenant_id from user_tenants u1_0 where u1_0.user_id=?
2026-01-25T02:44:12.673+02:00 DEBUG 22400 --- [http-nio-744-exec-9] org.hibernate.SQL                        : select t1_0.id,t1_0.active,t1_0.code,t1_0.created_at,t1_0.level,t1_0.name,t1_0.parent_id,t1_0.status from tenants t1_0 where t1_0.id=?
2026-01-25T02:44:12.676+02:00 DEBUG 22400 --- [http-nio-744-exec-9] c.o.a.s.tenant.TenantFilterAspect        : 🛡️ [TenantFilterAspect] Enforced Filter for TenantID: 5
2026-01-25T02:44:12.678+02:00 DEBUG 22400 --- [http-nio-744-exec-9] org.hibernate.SQL                        : select u1_0.id,u1_0.email,u1_0.enabled,u1_0.first_name,u1_0.last_login_time,u1_0.last_name,u1_0.password,u1_0.photos,u1_0.tenant_id,u1_0.user_bio from `'user'` u1_0 where u1_0.tenant_id = ? and u1_0.tenant_id = ? and u1_0.email=?
2026-01-25T02:44:12.680+02:00 DEBUG 22400 --- [http-nio-744-exec-9] org.hibernate.SQL                        : select r1_0.user_id,r1_1.id,r1_1.all_parent_ids,r1_1.descrption,r1_1.name,r1_1.parent_id,p2_0.role_id,p2_0.id,p2_0.permission,p2_0.scope from user_roles r1_0 join role r1_1 on r1_1.id=r1_0.role_id left join role_permissions p2_0 on r1_1.id=p2_0.role_id where r1_0.user_id=?
2026-01-25T02:44:12.683+02:00 DEBUG 22400 --- [http-nio-744-exec-9] org.hibernate.SQL                        : select t1_0.user_id,t1_0.id,t1_0.tenant_id from user_tenants t1_0 where t1_0.user_id=?
2026-01-25T02:44:12.700+02:00 DEBUG 22400 --- [http-nio-744-exec-9] org.hibernate.SQL                        : select b1_0.id,b1_0.logo,b1_0.name,b1_0.tenant_id from brands b1_0 where b1_0.id=?
2026-01-25T02:44:12.705+02:00 DEBUG 22400 --- [http-nio-744-exec-9] org.hibernate.SQL                        : select c1_0.id,c1_0.alias,c1_0.all_parent_ids,c1_0.enabled,c1_0.image,c1_0.level,c1_0.name,c1_0.parent_id,c1_0.tenant_id from categories c1_0 where c1_0.id=?
2026-01-25T02:44:12.721+02:00 DEBUG 22400 --- [http-nio-744-exec-9] c.o.a.s.tenant.TenantFilterAspect        : 🛡️ [TenantFilterAspect] Enforced Filter for TenantID: 5
2026-01-25T02:44:12.726+02:00 DEBUG 22400 --- [http-nio-744-exec-9] org.hibernate.SQL                        : select p1_0.id,p1_0.alias,p1_0.average_rating,p1_0.booking_slots,b1_0.id,b1_0.logo,b1_0.name,b1_0.tenant_id,c1_0.id,c1_0.alias,c1_0.all_parent_ids,c1_0.enabled,c1_0.image,c1_0.level,c1_0.name,c1_0.parent_id,c1_0.tenant_id,p1_0.cost,p1_0.created_time,p1_0.discount_percent,p1_0.enabled,p1_0.full_description,p1_0.has_description,p1_0.has_extra_details,p1_0.has_location,p1_0.has_scheduling,p1_0.has_shipping,p1_0.height,p1_0.in_stock,p1_0.length,p1_0.main_image,p1_0.name,p1_0.price,p1_0.product_type,p1_0.review_count,p1_0.service_duration,p1_0.short_description,p1_0.subscription_interval,p1_0.tenant_id,p1_0.track_stock,p1_0.updated_time,p1_0.weight,p1_0.width from products p1_0 left join brands b1_0 on b1_0.id=p1_0.brand_id left join categories c1_0 on c1_0.id=p1_0.category_id where p1_0.id=?
2026-01-25T02:44:12.740+02:00 DEBUG 22400 --- [http-nio-744-exec-9] c.o.a.s.tenant.TenantFilterAspect        : 🛡️ [TenantFilterAspect] Enforced Filter for TenantID: 5
2026-01-25T02:44:12.787+02:00 DEBUG 22400 --- [http-nio-744-exec-9] org.hibernate.SQL                        : insert into product_details (name,product_id,tenant_id,value) values (?,?,?,?)
2026-01-25T02:44:12.843+02:00 DEBUG 22400 --- [http-nio-744-exec-9] org.hibernate.SQL                        : select p1_0.id,p1_0.name,p2_0.id,p2_0.alias,p2_0.average_rating,p2_0.booking_slots,b1_0.id,b1_0.logo,b1_0.name,b1_0.tenant_id,c1_0.id,c1_0.alias,c1_0.all_parent_ids,c1_0.enabled,c1_0.image,c1_0.level,c1_0.name,c1_0.parent_id,c1_0.tenant_id,p2_0.cost,p2_0.created_time,p2_0.discount_percent,p2_0.enabled,p2_0.full_description,p2_0.has_description,p2_0.has_extra_details,p2_0.has_location,p2_0.has_scheduling,p2_0.has_shipping,p2_0.height,i1_0.product_id,i1_0.id,i1_0.name,i1_0.tenant_id,p2_0.in_stock,p2_0.length,p2_0.main_image,p2_0.name,p2_0.price,p2_0.product_type,p2_0.review_count,p2_0.service_duration,p2_0.short_description,p2_0.subscription_interval,p2_0.tenant_id,p2_0.track_stock,p2_0.updated_time,p2_0.weight,p2_0.width,p1_0.tenant_id,p1_0.value from product_details p1_0 left join products p2_0 on p2_0.id=p1_0.product_id left join brands b1_0 on b1_0.id=p2_0.brand_id left join categories c1_0 on c1_0.id=p2_0.category_id left join product_images i1_0 on p2_0.id=i1_0.product_id where p1_0.id=?
2026-01-25T02:44:12.846+02:00 DEBUG 22400 --- [http-nio-744-exec-9] org.hibernate.SQL                        : insert into product_details (name,product_id,tenant_id,value) values (?,?,?,?)
2026-01-25T02:44:12.883+02:00 DEBUG 22400 --- [http-nio-744-exec-9] org.hibernate.SQL                        : update products set alias=?,average_rating=?,booking_slots=?,brand_id=?,category_id=?,cost=?,discount_percent=?,enabled=?,full_description=?,has_description=?,has_extra_details=?,has_location=?,has_scheduling=?,has_shipping=?,height=?,in_stock=?,length=?,main_image=?,name=?,price=?,product_type=?,review_count=?,service_duration=?,short_description=?,subscription_interval=?,track_stock=?,updated_time=?,weight=?,width=? where id=?
2026-01-25T02:44:12.907+02:00  WARN 22400 --- [http-nio-744-exec-9] o.h.c.spi.AbstractPersistentCollection   : HHH000506: Detaching an uninitialized collection with enabled filters from a session: [<unreferenced>]
2026-01-25T02:44:12.957+02:00  WARN 22400 --- [http-nio-744-exec-9] o.h.c.spi.AbstractPersistentCollection   : HHH000506: Detaching an uninitialized collection with enabled filters from a session: [com.onlineStoreCom.entity.tenant.Tenant.children#5]
2026-01-25T02:44:12.957+02:00  WARN 22400 --- [http-nio-744-exec-9] o.h.c.spi.AbstractPersistentCollection   : HHH000506: Detaching an uninitialized collection with enabled filters from a session: [com.onlineStoreCom.entity.users.Role.children#1]
2026-01-25T02:44:12.957+02:00  WARN 22400 --- [http-nio-744-exec-9] o.h.c.spi.AbstractPersistentCollection   : HHH000506: Detaching an uninitialized collection with enabled filters from a session: [com.onlineStoreCom.entity.brand.Brand.categories#92]
2026-01-25T02:44:12.957+02:00  WARN 22400 --- [http-nio-744-exec-9] o.h.c.spi.AbstractPersistentCollection   : HHH000506: Detaching an uninitialized collection with enabled filters from a session: [com.onlineStoreCom.entity.category.Category.children#37]
2026-01-25T02:44:12.957+02:00  WARN 22400 --- [http-nio-744-exec-9] o.h.c.spi.AbstractPersistentCollection   : HHH000506: Detaching an uninitialized collection with enabled filters from a session: [com.onlineStoreCom.entity.product.Product.details#152]
2026-01-25T02:44:12.983+02:00 DEBUG 22400 --- [http-nio-744-exec-9] c.o.a.s.tenant.TenantFilterAspect        : ⚠️ [TenantFilterAspect] Service execution without TenantID
2026-01-25T02:44:12.984+02:00 DEBUG 22400 --- [http-nio-744-exec-9] org.hibernate.SQL                        : select u1_0.id,u1_0.email,u1_0.enabled,u1_0.first_name,u1_0.last_login_time,u1_0.last_name,u1_0.password,u1_0.photos,u1_0.tenant_id,u1_0.user_bio from `'user'` u1_0 where u1_0.email=?
2026-01-25T02:44:12.985+02:00 DEBUG 22400 --- [http-nio-744-exec-9] org.hibernate.SQL                        : select r1_0.user_id,r1_1.id,r1_1.all_parent_ids,r1_1.descrption,r1_1.name,r1_1.parent_id,p2_0.role_id,p2_0.id,p2_0.permission,p2_0.scope from user_roles r1_0 join role r1_1 on r1_1.id=r1_0.role_id left join role_permissions p2_0 on r1_1.id=p2_0.role_id where r1_0.user_id=?
2026-01-25T02:44:12.989+02:00 DEBUG 22400 --- [http-nio-744-exec-9] c.o.a.s.tenant.TenantFilterAspect        : ⚠️ [TenantFilterAspect] Service execution without TenantID
2026-01-25T02:44:12.990+02:00 DEBUG 22400 --- [http-nio-744-exec-9] org.hibernate.SQL                        : select t1_0.user_id,t1_0.id,t1_0.tenant_id from user_tenants t1_0 where t1_0.user_id=?
2026-01-25T02:44:12.994+02:00 DEBUG 22400 --- [http-nio-744-exec-9] org.hibernate.SQL                        : select u1_0.tenant_id from user_tenants u1_0 where u1_0.user_id=?
2026-01-25T02:44:13.007+02:00 DEBUG 22400 --- [http-nio-744-exec-9] org.hibernate.SQL                        : select t1_0.id,t1_0.active,t1_0.code,t1_0.created_at,t1_0.level,t1_0.name,t1_0.parent_id,t1_0.status from tenants t1_0 where t1_0.id=?
2026-01-25T02:44:13.013+02:00 DEBUG 22400 --- [http-nio-744-exec-9] c.o.a.s.tenant.TenantFilterAspect        : 🛡️ [TenantFilterAspect] Enforced Filter for TenantID: 5
2026-01-25T02:44:13.015+02:00 DEBUG 22400 --- [http-nio-744-exec-9] org.hibernate.SQL                        : select u1_0.id,u1_0.email,u1_0.enabled,u1_0.first_name,u1_0.last_login_time,u1_0.last_name,u1_0.password,u1_0.photos,u1_0.tenant_id,u1_0.user_bio from `'user'` u1_0 where u1_0.tenant_id = ? and u1_0.tenant_id = ? and u1_0.email=?
2026-01-25T02:44:13.018+02:00 DEBUG 22400 --- [http-nio-744-exec-9] org.hibernate.SQL                        : select r1_0.user_id,r1_1.id,r1_1.all_parent_ids,r1_1.descrption,r1_1.name,r1_1.parent_id,p2_0.role_id,p2_0.id,p2_0.permission,p2_0.scope from user_roles r1_0 join role r1_1 on r1_1.id=r1_0.role_id left join role_permissions p2_0 on r1_1.id=p2_0.role_id where r1_0.user_id=?
2026-01-25T02:44:13.021+02:00 DEBUG 22400 --- [http-nio-744-exec-9] org.hibernate.SQL                        : select t1_0.user_id,t1_0.id,t1_0.tenant_id from user_tenants t1_0 where t1_0.user_id=?
2026-01-25T02:44:13.024+02:00  WARN 22400 --- [http-nio-744-exec-9] o.h.c.spi.AbstractPersistentCollection   : HHH000506: Detaching an uninitialized collection with enabled filters from a session: [com.onlineStoreCom.entity.tenant.Tenant.children#5]
2026-01-25T02:44:13.024+02:00  WARN 22400 --- [http-nio-744-exec-9] o.h.c.spi.AbstractPersistentCollection   : HHH000506: Detaching an uninitialized collection with enabled filters from a session: [com.onlineStoreCom.entity.users.Role.children#1]
2026-01-25T02:44:13.034+02:00 DEBUG 22400 --- [http-nio-744-exec-6] c.o.a.s.tenant.TenantFilterAspect        : ⚠️ [TenantFilterAspect] Service execution without TenantID
2026-01-25T02:44:13.037+02:00 DEBUG 22400 --- [http-nio-744-exec-6] org.hibernate.SQL                        : select u1_0.id,u1_0.email,u1_0.enabled,u1_0.first_name,u1_0.last_login_time,u1_0.last_name,u1_0.password,u1_0.photos,u1_0.tenant_id,u1_0.user_bio from `'user'` u1_0 where u1_0.email=?
2026-01-25T02:44:13.038+02:00 DEBUG 22400 --- [http-nio-744-exec-6] org.hibernate.SQL                        : select r1_0.user_id,r1_1.id,r1_1.all_parent_ids,r1_1.descrption,r1_1.name,r1_1.parent_id,p2_0.role_id,p2_0.id,p2_0.permission,p2_0.scope from user_roles r1_0 join role r1_1 on r1_1.id=r1_0.role_id left join role_permissions p2_0 on r1_1.id=p2_0.role_id where r1_0.user_id=?
2026-01-25T02:44:13.044+02:00 DEBUG 22400 --- [http-nio-744-exec-6] c.o.a.s.tenant.TenantFilterAspect        : ⚠️ [TenantFilterAspect] Service execution without TenantID
2026-01-25T02:44:13.045+02:00 DEBUG 22400 --- [http-nio-744-exec-6] org.hibernate.SQL                        : select t1_0.user_id,t1_0.id,t1_0.tenant_id from user_tenants t1_0 where t1_0.user_id=?
2026-01-25T02:44:13.047+02:00 DEBUG 22400 --- [http-nio-744-exec-6] org.hibernate.SQL                        : select u1_0.tenant_id from user_tenants u1_0 where u1_0.user_id=?
2026-01-25T02:44:13.075+02:00 DEBUG 22400 --- [http-nio-744-exec-6] org.hibernate.SQL                        : select t1_0.id,t1_0.active,t1_0.code,t1_0.created_at,t1_0.level,t1_0.name,t1_0.parent_id,t1_0.status from tenants t1_0 where t1_0.id=?
2026-01-25T02:44:13.079+02:00 DEBUG 22400 --- [http-nio-744-exec-6] c.o.a.s.tenant.TenantFilterAspect        : 🛡️ [TenantFilterAspect] Enforced Filter for TenantID: 5
2026-01-25T02:44:13.081+02:00 DEBUG 22400 --- [http-nio-744-exec-6] org.hibernate.SQL                        : select u1_0.id,u1_0.email,u1_0.enabled,u1_0.first_name,u1_0.last_login_time,u1_0.last_name,u1_0.password,u1_0.photos,u1_0.tenant_id,u1_0.user_bio from `'user'` u1_0 where u1_0.tenant_id = ? and u1_0.tenant_id = ? and u1_0.email=?
2026-01-25T02:44:13.084+02:00 DEBUG 22400 --- [http-nio-744-exec-6] org.hibernate.SQL                        : select r1_0.user_id,r1_1.id,r1_1.all_parent_ids,r1_1.descrption,r1_1.name,r1_1.parent_id,p2_0.role_id,p2_0.id,p2_0.permission,p2_0.scope from user_roles r1_0 join role r1_1 on r1_1.id=r1_0.role_id left join role_permissions p2_0 on r1_1.id=p2_0.role_id where r1_0.user_id=?
2026-01-25T02:44:13.087+02:00 DEBUG 22400 --- [http-nio-744-exec-6] org.hibernate.SQL                        : select t1_0.user_id,t1_0.id,t1_0.tenant_id from user_tenants t1_0 where t1_0.user_id=?
2026-01-25T02:44:13.090+02:00 DEBUG 22400 --- [http-nio-744-exec-6] c.o.a.s.tenant.TenantFilterAspect        : 🛡️ [TenantFilterAspect] Enforced Filter for TenantID: 5
2026-01-25T02:44:13.094+02:00 DEBUG 22400 --- [http-nio-744-exec-6] org.hibernate.SQL                        : select p1_0.id,p1_0.alias,p1_0.average_rating,p1_0.booking_slots,p1_0.brand_id,p1_0.category_id,p1_0.cost,p1_0.created_time,p1_0.discount_percent,p1_0.enabled,p1_0.full_description,p1_0.has_description,p1_0.has_extra_details,p1_0.has_location,p1_0.has_scheduling,p1_0.has_shipping,p1_0.height,p1_0.in_stock,p1_0.length,p1_0.main_image,p1_0.name,p1_0.price,p1_0.product_type,p1_0.review_count,p1_0.service_duration,p1_0.short_description,p1_0.subscription_interval,p1_0.tenant_id,p1_0.track_stock,p1_0.updated_time,p1_0.weight,p1_0.width from products p1_0 where (p1_0.tenant_id = ? OR p1_0.tenant_id = 0) and p1_0.tenant_id = ? order by p1_0.name limit ?,?
2026-01-25T02:44:13.101+02:00 DEBUG 22400 --- [http-nio-744-exec-6] org.hibernate.SQL                        : select b1_0.id,b1_0.logo,b1_0.name,b1_0.tenant_id from brands b1_0 where b1_0.id=?
2026-01-25T02:44:13.102+02:00 DEBUG 22400 --- [http-nio-744-exec-6] org.hibernate.SQL                        : select c1_0.id,c1_0.alias,c1_0.all_parent_ids,c1_0.enabled,c1_0.image,c1_0.level,c1_0.name,c1_0.parent_id,c1_0.tenant_id from categories c1_0 where c1_0.id=?
2026-01-25T02:44:13.266+02:00 DEBUG 22400 --- [http-nio-744-exec-4] c.o.a.s.tenant.TenantFilterAspect        : ⚠️ [TenantFilterAspect] Service execution without TenantID
2026-01-25T02:44:13.267+02:00 DEBUG 22400 --- [http-nio-744-exec-4] org.hibernate.SQL                        : select u1_0.id,u1_0.email,u1_0.enabled,u1_0.first_name,u1_0.last_login_time,u1_0.last_name,u1_0.password,u1_0.photos,u1_0.tenant_id,u1_0.user_bio from `'user'` u1_0 where u1_0.email=?
2026-01-25T02:44:13.269+02:00 DEBUG 22400 --- [http-nio-744-exec-1] c.o.a.s.tenant.TenantFilterAspect        : ⚠️ [TenantFilterAspect] Service execution without TenantID
2026-01-25T02:44:13.270+02:00 DEBUG 22400 --- [http-nio-744-exec-4] org.hibernate.SQL                        : select r1_0.user_id,r1_1.id,r1_1.all_parent_ids,r1_1.descrption,r1_1.name,r1_1.parent_id,p2_0.role_id,p2_0.id,p2_0.permission,p2_0.scope from user_roles r1_0 join role r1_1 on r1_1.id=r1_0.role_id left join role_permissions p2_0 on r1_1.id=p2_0.role_id where r1_0.user_id=?
2026-01-25T02:44:13.271+02:00 DEBUG 22400 --- [http-nio-744-exec-1] org.hibernate.SQL                        : select u1_0.id,u1_0.email,u1_0.enabled,u1_0.first_name,u1_0.last_login_time,u1_0.last_name,u1_0.password,u1_0.photos,u1_0.tenant_id,u1_0.user_bio from `'user'` u1_0 where u1_0.email=?
2026-01-25T02:44:13.275+02:00 DEBUG 22400 --- [http-nio-744-exec-1] org.hibernate.SQL                        : select r1_0.user_id,r1_1.id,r1_1.all_parent_ids,r1_1.descrption,r1_1.name,r1_1.parent_id,p2_0.role_id,p2_0.id,p2_0.permission,p2_0.scope from user_roles r1_0 join role r1_1 on r1_1.id=r1_0.role_id left join role_permissions p2_0 on r1_1.id=p2_0.role_id where r1_0.user_id=?
2026-01-25T02:44:13.276+02:00 DEBUG 22400 --- [http-nio-744-exec-4] c.o.a.s.tenant.TenantFilterAspect        : ⚠️ [TenantFilterAspect] Service execution without TenantID
2026-01-25T02:44:13.276+02:00 DEBUG 22400 --- [http-nio-744-exec-4] org.hibernate.SQL                        : select t1_0.user_id,t1_0.id,t1_0.tenant_id from user_tenants t1_0 where t1_0.user_id=?
2026-01-25T02:44:13.278+02:00 DEBUG 22400 --- [http-nio-744-exec-1] c.o.a.s.tenant.TenantFilterAspect        : ⚠️ [TenantFilterAspect] Service execution without TenantID
2026-01-25T02:44:13.279+02:00 DEBUG 22400 --- [http-nio-744-exec-1] org.hibernate.SQL                        : select t1_0.user_id,t1_0.id,t1_0.tenant_id from user_tenants t1_0 where t1_0.user_id=?
2026-01-25T02:44:13.279+02:00 DEBUG 22400 --- [http-nio-744-exec-4] org.hibernate.SQL                        : select u1_0.tenant_id from user_tenants u1_0 where u1_0.user_id=?
2026-01-25T02:44:13.282+02:00 DEBUG 22400 --- [http-nio-744-exec-1] org.hibernate.SQL                        : select u1_0.tenant_id from user_tenants u1_0 where u1_0.user_id=?
2026-01-25T02:44:13.299+02:00  WARN 22400 --- [http-nio-744-exec-6] o.h.c.spi.AbstractPersistentCollection   : HHH000506: Detaching an uninitialized collection with enabled filters from a session: [com.onlineStoreCom.entity.tenant.Tenant.children#5]
2026-01-25T02:44:13.300+02:00  WARN 22400 --- [http-nio-744-exec-6] o.h.c.spi.AbstractPersistentCollection   : HHH000506: Detaching an uninitialized collection with enabled filters from a session: [com.onlineStoreCom.entity.users.Role.children#1]
2026-01-25T02:44:13.300+02:00  WARN 22400 --- [http-nio-744-exec-6] o.h.c.spi.AbstractPersistentCollection   : HHH000506: Detaching an uninitialized collection with enabled filters from a session: [com.onlineStoreCom.entity.product.Product.details#152]
2026-01-25T02:44:13.300+02:00  WARN 22400 --- [http-nio-744-exec-6] o.h.c.spi.AbstractPersistentCollection   : HHH000506: Detaching an uninitialized collection with enabled filters from a session: [com.onlineStoreCom.entity.product.Product.images#152]
2026-01-25T02:44:13.300+02:00  WARN 22400 --- [http-nio-744-exec-6] o.h.c.spi.AbstractPersistentCollection   : HHH000506: Detaching an uninitialized collection with enabled filters from a session: [com.onlineStoreCom.entity.brand.Brand.categories#92]
2026-01-25T02:44:13.300+02:00 DEBUG 22400 --- [http-nio-744-exec-10] org.hibernate.SQL                        : select t1_0.id,t1_0.active,t1_0.code,t1_0.created_at,t1_0.level,t1_0.name,t1_0.parent_id,t1_0.status from tenants t1_0 where t1_0.id=?
2026-01-25T02:44:13.300+02:00  WARN 22400 --- [http-nio-744-exec-6] o.h.c.spi.AbstractPersistentCollection   : HHH000506: Detaching an uninitialized collection with enabled filters from a session: [com.onlineStoreCom.entity.category.Category.children#37]
2026-01-25T02:44:13.304+02:00 DEBUG 22400 --- [http-nio-744-exec-10] c.o.a.s.tenant.TenantFilterAspect        : 🛡️ [TenantFilterAspect] Enforced Filter for TenantID: 5
2026-01-25T02:44:13.304+02:00 DEBUG 22400 --- [http-nio-744-exec-5] c.o.a.s.tenant.TenantFilterAspect        : ⚠️ [TenantFilterAspect] Service execution without TenantID
2026-01-25T02:44:13.305+02:00 DEBUG 22400 --- [http-nio-744-exec-10] org.hibernate.SQL                        : select u1_0.id,u1_0.email,u1_0.enabled,u1_0.first_name,u1_0.last_login_time,u1_0.last_name,u1_0.password,u1_0.photos,u1_0.tenant_id,u1_0.user_bio from `'user'` u1_0 where u1_0.tenant_id = ? and u1_0.tenant_id = ? and u1_0.email=?
2026-01-25T02:44:13.305+02:00 DEBUG 22400 --- [http-nio-744-exec-5] org.hibernate.SQL                        : select u1_0.id,u1_0.email,u1_0.enabled,u1_0.first_name,u1_0.last_login_time,u1_0.last_name,u1_0.password,u1_0.photos,u1_0.tenant_id,u1_0.user_bio from `'user'` u1_0 where u1_0.email=?
2026-01-25T02:44:13.307+02:00 DEBUG 22400 --- [http-nio-744-exec-10] org.hibernate.SQL                        : select r1_0.user_id,r1_1.id,r1_1.all_parent_ids,r1_1.descrption,r1_1.name,r1_1.parent_id,p2_0.role_id,p2_0.id,p2_0.permission,p2_0.scope from user_roles r1_0 join role r1_1 on r1_1.id=r1_0.role_id left join role_permissions p2_0 on r1_1.id=p2_0.role_id where r1_0.user_id=?
2026-01-25T02:44:13.307+02:00 DEBUG 22400 --- [http-nio-744-exec-5] org.hibernate.SQL                        : select r1_0.user_id,r1_1.id,r1_1.all_parent_ids,r1_1.descrption,r1_1.name,r1_1.parent_id,p2_0.role_id,p2_0.id,p2_0.permission,p2_0.scope from user_roles r1_0 join role r1_1 on r1_1.id=r1_0.role_id left join role_permissions p2_0 on r1_1.id=p2_0.role_id where r1_0.user_id=?
2026-01-25T02:44:13.309+02:00 DEBUG 22400 --- [http-nio-744-exec-5] c.o.a.s.tenant.TenantFilterAspect        : ⚠️ [TenantFilterAspect] Service execution without TenantID
2026-01-25T02:44:13.311+02:00 DEBUG 22400 --- [http-nio-744-exec-5] org.hibernate.SQL                        : select t1_0.user_id,t1_0.id,t1_0.tenant_id from user_tenants t1_0 where t1_0.user_id=?
2026-01-25T02:44:13.315+02:00 DEBUG 22400 --- [http-nio-744-exec-5] org.hibernate.SQL                        : select u1_0.tenant_id from user_tenants u1_0 where u1_0.user_id=?
2026-01-25T02:44:13.315+02:00 DEBUG 22400 --- [http-nio-744-exec-10] org.hibernate.SQL                        : select t1_0.user_id,t1_0.id,t1_0.tenant_id from user_tenants t1_0 where t1_0.user_id=?
2026-01-25T02:44:13.317+02:00 DEBUG 22400 --- [http-nio-744-exec-10] c.o.a.s.tenant.TenantFilterAspect        : 🛡️ [TenantFilterAspect] Enforced Filter for TenantID: 5
2026-01-25T02:44:13.318+02:00 DEBUG 22400 --- [http-nio-744-exec-10] org.hibernate.SQL                        : select s1_0.id,s1_0.category,s1_0.`key`,s1_0.tenant_id,s1_0.value from settings s1_0 where (s1_0.tenant_id = ? or s1_0.tenant_id = 0 or s1_0.tenant_id is null) and s1_0.tenant_id = ? and s1_0.category=?
2026-01-25T02:44:13.322+02:00  WARN 22400 --- [http-nio-744-exec-10] o.h.c.spi.AbstractPersistentCollection   : HHH000506: Detaching an uninitialized collection with enabled filters from a session: [com.onlineStoreCom.entity.tenant.Tenant.children#5]
2026-01-25T02:44:13.322+02:00  WARN 22400 --- [http-nio-744-exec-10] o.h.c.spi.AbstractPersistentCollection   : HHH000506: Detaching an uninitialized collection with enabled filters from a session: [com.onlineStoreCom.entity.users.Role.children#1]
2026-01-25T02:44:13.339+02:00 DEBUG 22400 --- [http-nio-744-exec-9] c.o.a.s.tenant.TenantFilterAspect        : ⚠️ [TenantFilterAspect] Service execution without TenantID
2026-01-25T02:44:13.340+02:00 DEBUG 22400 --- [http-nio-744-exec-2] c.o.a.s.tenant.TenantFilterAspect        : ⚠️ [TenantFilterAspect] Service execution without TenantID
2026-01-25T02:44:13.341+02:00 DEBUG 22400 --- [http-nio-744-exec-9] org.hibernate.SQL                        : select u1_0.id,u1_0.email,u1_0.enabled,u1_0.first_name,u1_0.last_login_time,u1_0.last_name,u1_0.password,u1_0.photos,u1_0.tenant_id,u1_0.user_bio from `'user'` u1_0 where u1_0.email=?
2026-01-25T02:44:13.341+02:00 DEBUG 22400 --- [http-nio-744-exec-2] org.hibernate.SQL                        : select u1_0.id,u1_0.email,u1_0.enabled,u1_0.first_name,u1_0.last_login_time,u1_0.last_name,u1_0.password,u1_0.photos,u1_0.tenant_id,u1_0.user_bio from `'user'` u1_0 where u1_0.email=?
2026-01-25T02:44:13.345+02:00 DEBUG 22400 --- [http-nio-744-exec-2] org.hibernate.SQL                        : select r1_0.user_id,r1_1.id,r1_1.all_parent_ids,r1_1.descrption,r1_1.name,r1_1.parent_id,p2_0.role_id,p2_0.id,p2_0.permission,p2_0.scope from user_roles r1_0 join role r1_1 on r1_1.id=r1_0.role_id left join role_permissions p2_0 on r1_1.id=p2_0.role_id where r1_0.user_id=?
2026-01-25T02:44:13.346+02:00 DEBUG 22400 --- [http-nio-744-exec-9] org.hibernate.SQL                        : select r1_0.user_id,r1_1.id,r1_1.all_parent_ids,r1_1.descrption,r1_1.name,r1_1.parent_id,p2_0.role_id,p2_0.id,p2_0.permission,p2_0.scope from user_roles r1_0 join role r1_1 on r1_1.id=r1_0.role_id left join role_permissions p2_0 on r1_1.id=p2_0.role_id where r1_0.user_id=?
2026-01-25T02:44:13.349+02:00 DEBUG 22400 --- [http-nio-744-exec-9] c.o.a.s.tenant.TenantFilterAspect        : ⚠️ [TenantFilterAspect] Service execution without TenantID
2026-01-25T02:44:13.349+02:00 DEBUG 22400 --- [http-nio-744-exec-2] c.o.a.s.tenant.TenantFilterAspect        : ⚠️ [TenantFilterAspect] Service execution without TenantID
2026-01-25T02:44:13.350+02:00 DEBUG 22400 --- [http-nio-744-exec-9] org.hibernate.SQL                        : select t1_0.user_id,t1_0.id,t1_0.tenant_id from user_tenants t1_0 where t1_0.user_id=?
2026-01-25T02:44:13.350+02:00 DEBUG 22400 --- [http-nio-744-exec-2] org.hibernate.SQL                        : select t1_0.user_id,t1_0.id,t1_0.tenant_id from user_tenants t1_0 where t1_0.user_id=?
2026-01-25T02:44:13.353+02:00 DEBUG 22400 --- [http-nio-744-exec-2] org.hibernate.SQL                        : select u1_0.tenant_id from user_tenants u1_0 where u1_0.user_id=?
2026-01-25T02:44:13.353+02:00 DEBUG 22400 --- [http-nio-744-exec-9] org.hibernate.SQL                        : select u1_0.tenant_id from user_tenants u1_0 where u1_0.user_id=?
2026-01-25T02:44:13.376+02:00 DEBUG 22400 --- [http-nio-744-exec-9] c.o.a.s.tenant.TenantFilterAspect        : ⚠️ [TenantFilterAspect] Service execution without TenantID
2026-01-25T02:44:13.380+02:00 DEBUG 22400 --- [http-nio-744-exec-9] org.hibernate.SQL                        : select u1_0.id,u1_0.email,u1_0.enabled,u1_0.first_name,u1_0.last_login_time,u1_0.last_name,u1_0.password,u1_0.photos,u1_0.tenant_id,u1_0.user_bio from `'user'` u1_0 where u1_0.email=?
2026-01-25T02:44:13.382+02:00 DEBUG 22400 --- [http-nio-744-exec-2] c.o.a.s.tenant.TenantFilterAspect        : ⚠️ [TenantFilterAspect] Service execution without TenantID
2026-01-25T02:44:13.383+02:00 DEBUG 22400 --- [http-nio-744-exec-9] org.hibernate.SQL                        : select r1_0.user_id,r1_1.id,r1_1.all_parent_ids,r1_1.descrption,r1_1.name,r1_1.parent_id,p2_0.role_id,p2_0.id,p2_0.permission,p2_0.scope from user_roles r1_0 join role r1_1 on r1_1.id=r1_0.role_id left join role_permissions p2_0 on r1_1.id=p2_0.role_id where r1_0.user_id=?
2026-01-25T02:44:13.383+02:00 DEBUG 22400 --- [http-nio-744-exec-2] org.hibernate.SQL                        : select u1_0.id,u1_0.email,u1_0.enabled,u1_0.first_name,u1_0.last_login_time,u1_0.last_name,u1_0.password,u1_0.photos,u1_0.tenant_id,u1_0.user_bio from `'user'` u1_0 where u1_0.email=?
2026-01-25T02:44:13.386+02:00 DEBUG 22400 --- [http-nio-744-exec-2] org.hibernate.SQL                        : select r1_0.user_id,r1_1.id,r1_1.all_parent_ids,r1_1.descrption,r1_1.name,r1_1.parent_id,p2_0.role_id,p2_0.id,p2_0.permission,p2_0.scope from user_roles r1_0 join role r1_1 on r1_1.id=r1_0.role_id left join role_permissions p2_0 on r1_1.id=p2_0.role_id where r1_0.user_id=?
2026-01-25T02:44:13.387+02:00 DEBUG 22400 --- [http-nio-744-exec-9] org.hibernate.SQL                        : select t1_0.user_id,t1_0.id,t1_0.tenant_id from user_tenants t1_0 where t1_0.user_id=?
2026-01-25T02:44:13.389+02:00 DEBUG 22400 --- [http-nio-744-exec-2] org.hibernate.SQL                        : select t1_0.user_id,t1_0.id,t1_0.tenant_id from user_tenants t1_0 where t1_0.user_id=?
2026-01-25T02:44:13.397+02:00 DEBUG 22400 --- [http-nio-744-exec-4] c.o.a.s.tenant.TenantFilterAspect        : ⚠️ [TenantFilterAspect] Service execution without TenantID
2026-01-25T02:44:13.399+02:00 DEBUG 22400 --- [http-nio-744-exec-10] c.o.a.s.tenant.TenantFilterAspect        : ⚠️ [TenantFilterAspect] Service execution without TenantID
2026-01-25T02:44:13.399+02:00 DEBUG 22400 --- [http-nio-744-exec-4] org.hibernate.SQL                        : select u1_0.id,u1_0.email,u1_0.enabled,u1_0.first_name,u1_0.last_login_time,u1_0.last_name,u1_0.password,u1_0.photos,u1_0.tenant_id,u1_0.user_bio from `'user'` u1_0 where u1_0.email=?
2026-01-25T02:44:13.400+02:00 DEBUG 22400 --- [http-nio-744-exec-10] org.hibernate.SQL                        : select u1_0.id,u1_0.email,u1_0.enabled,u1_0.first_name,u1_0.last_login_time,u1_0.last_name,u1_0.password,u1_0.photos,u1_0.tenant_id,u1_0.user_bio from `'user'` u1_0 where u1_0.email=?
2026-01-25T02:44:13.401+02:00 DEBUG 22400 --- [http-nio-744-exec-4] org.hibernate.SQL                        : select r1_0.user_id,r1_1.id,r1_1.all_parent_ids,r1_1.descrption,r1_1.name,r1_1.parent_id,p2_0.role_id,p2_0.id,p2_0.permission,p2_0.scope from user_roles r1_0 join role r1_1 on r1_1.id=r1_0.role_id left join role_permissions p2_0 on r1_1.id=p2_0.role_id where r1_0.user_id=?
2026-01-25T02:44:13.401+02:00 DEBUG 22400 --- [http-nio-744-exec-10] org.hibernate.SQL                        : select r1_0.user_id,r1_1.id,r1_1.all_parent_ids,r1_1.descrption,r1_1.name,r1_1.parent_id,p2_0.role_id,p2_0.id,p2_0.permission,p2_0.scope from user_roles r1_0 join role r1_1 on r1_1.id=r1_0.role_id left join role_permissions p2_0 on r1_1.id=p2_0.role_id where r1_0.user_id=?
2026-01-25T02:44:13.403+02:00 DEBUG 22400 --- [http-nio-744-exec-4] c.o.a.s.tenant.TenantFilterAspect        : ⚠️ [TenantFilterAspect] Service execution without TenantID
2026-01-25T02:44:13.403+02:00 DEBUG 22400 --- [http-nio-744-exec-3] c.o.a.s.tenant.TenantFilterAspect        : ⚠️ [TenantFilterAspect] Service execution without TenantID
2026-01-25T02:44:13.403+02:00 DEBUG 22400 --- [http-nio-744-exec-4] org.hibernate.SQL                        : select t1_0.user_id,t1_0.id,t1_0.tenant_id from user_tenants t1_0 where t1_0.user_id=?
2026-01-25T02:44:13.405+02:00 DEBUG 22400 --- [http-nio-744-exec-3] org.hibernate.SQL                        : select u1_0.id,u1_0.email,u1_0.enabled,u1_0.first_name,u1_0.last_login_time,u1_0.last_name,u1_0.password,u1_0.photos,u1_0.tenant_id,u1_0.user_bio from `'user'` u1_0 where u1_0.email=?
2026-01-25T02:44:13.405+02:00 DEBUG 22400 --- [http-nio-744-exec-10] c.o.a.s.tenant.TenantFilterAspect        : ⚠️ [TenantFilterAspect] Service execution without TenantID
2026-01-25T02:44:13.406+02:00 DEBUG 22400 --- [http-nio-744-exec-10] org.hibernate.SQL                        : select t1_0.user_id,t1_0.id,t1_0.tenant_id from user_tenants t1_0 where t1_0.user_id=?
2026-01-25T02:44:13.406+02:00 DEBUG 22400 --- [http-nio-744-exec-3] org.hibernate.SQL                        : select r1_0.user_id,r1_1.id,r1_1.all_parent_ids,r1_1.descrption,r1_1.name,r1_1.parent_id,p2_0.role_id,p2_0.id,p2_0.permission,p2_0.scope from user_roles r1_0 join role r1_1 on r1_1.id=r1_0.role_id left join role_permissions p2_0 on r1_1.id=p2_0.role_id where r1_0.user_id=?
2026-01-25T02:44:13.406+02:00 DEBUG 22400 --- [http-nio-744-exec-4] org.hibernate.SQL                        : select u1_0.tenant_id from user_tenants u1_0 where u1_0.user_id=?
2026-01-25T02:44:13.407+02:00 DEBUG 22400 --- [http-nio-744-exec-10] org.hibernate.SQL                        : select u1_0.tenant_id from user_tenants u1_0 where u1_0.user_id=?
2026-01-25T02:44:13.408+02:00 DEBUG 22400 --- [http-nio-744-exec-3] org.hibernate.SQL                        : select t1_0.user_id,t1_0.id,t1_0.tenant_id from user_tenants t1_0 where t1_0.user_id=?
2026-01-25T02:44:13.416+02:00 DEBUG 22400 --- [http-nio-744-exec-4] org.hibernate.SQL                        : select t1_0.id,t1_0.active,t1_0.code,t1_0.created_at,t1_0.level,t1_0.name,t1_0.parent_id,t1_0.status from tenants t1_0 where t1_0.id=?
2026-01-25T02:44:13.419+02:00 DEBUG 22400 --- [http-nio-744-exec-4] c.o.a.s.tenant.TenantFilterAspect        : 🛡️ [TenantFilterAspect] Enforced Filter for TenantID: 5
2026-01-25T02:44:13.420+02:00 DEBUG 22400 --- [http-nio-744-exec-4] org.hibernate.SQL                        : select u1_0.id,u1_0.email,u1_0.enabled,u1_0.first_name,u1_0.last_login_time,u1_0.last_name,u1_0.password,u1_0.photos,u1_0.tenant_id,u1_0.user_bio from `'user'` u1_0 where u1_0.tenant_id = ? and u1_0.tenant_id = ? and u1_0.email=?
2026-01-25T02:44:13.421+02:00 DEBUG 22400 --- [http-nio-744-exec-4] org.hibernate.SQL                        : select r1_0.user_id,r1_1.id,r1_1.all_parent_ids,r1_1.descrption,r1_1.name,r1_1.parent_id,p2_0.role_id,p2_0.id,p2_0.permission,p2_0.scope from user_roles r1_0 join role r1_1 on r1_1.id=r1_0.role_id left join role_permissions p2_0 on r1_1.id=p2_0.role_id where r1_0.user_id=?
2026-01-25T02:44:13.423+02:00 DEBUG 22400 --- [http-nio-744-exec-4] org.hibernate.SQL                        : select t1_0.user_id,t1_0.id,t1_0.tenant_id from user_tenants t1_0 where t1_0.user_id=?
2026-01-25T02:44:13.425+02:00 DEBUG 22400 --- [http-nio-744-exec-4] c.o.a.s.tenant.TenantFilterAspect        : 🛡️ [TenantFilterAspect] Enforced Filter for TenantID: 5
2026-01-25T02:44:13.426+02:00 DEBUG 22400 --- [http-nio-744-exec-4] org.hibernate.SQL                        : select u1_0.id,u1_0.email,u1_0.enabled,u1_0.first_name,u1_0.last_login_time,u1_0.last_name,u1_0.password,u1_0.photos,u1_0.tenant_id,u1_0.user_bio from `'user'` u1_0 where u1_0.tenant_id = ? and u1_0.tenant_id = ? and u1_0.email=?
2026-01-25T02:44:13.429+02:00 DEBUG 22400 --- [http-nio-744-exec-4] c.o.a.s.tenant.TenantFilterAspect        : 🛡️ [TenantFilterAspect] Enforced Filter for TenantID: 5
2026-01-25T02:44:13.433+02:00  WARN 22400 --- [http-nio-744-exec-4] o.h.c.spi.AbstractPersistentCollection   : HHH000506: Detaching an uninitialized collection with enabled filters from a session: [com.onlineStoreCom.entity.tenant.Tenant.children#5]
2026-01-25T02:44:13.433+02:00  WARN 22400 --- [http-nio-744-exec-4] o.h.c.spi.AbstractPersistentCollection   : HHH000506: Detaching an uninitialized collection with enabled filters from a session: [com.onlineStoreCom.entity.users.Role.children#1]
2026-01-25T02:44:22.828+02:00 DEBUG 22400 --- [http-nio-744-exec-9] c.o.a.s.tenant.TenantFilterAspect        : ⚠️ [TenantFilterAspect] Service execution without TenantID
2026-01-25T02:44:22.830+02:00 DEBUG 22400 --- [http-nio-744-exec-9] org.hibernate.SQL                        : select u1_0.id,u1_0.email,u1_0.enabled,u1_0.first_name,u1_0.last_login_time,u1_0.last_name,u1_0.password,u1_0.photos,u1_0.tenant_id,u1_0.user_bio from `'user'` u1_0 where u1_0.email=?
2026-01-25T02:44:22.831+02:00 DEBUG 22400 --- [http-nio-744-exec-9] org.hibernate.SQL                        : select r1_0.user_id,r1_1.id,r1_1.all_parent_ids,r1_1.descrption,r1_1.name,r1_1.parent_id,p2_0.role_id,p2_0.id,p2_0.permission,p2_0.scope from user_roles r1_0 join role r1_1 on r1_1.id=r1_0.role_id left join role_permissions p2_0 on r1_1.id=p2_0.role_id where r1_0.user_id=?
2026-01-25T02:44:22.835+02:00 DEBUG 22400 --- [http-nio-744-exec-9] c.o.a.s.tenant.TenantFilterAspect        : ⚠️ [TenantFilterAspect] Service execution without TenantID
2026-01-25T02:44:22.836+02:00 DEBUG 22400 --- [http-nio-744-exec-9] org.hibernate.SQL                        : select t1_0.user_id,t1_0.id,t1_0.tenant_id from user_tenants t1_0 where t1_0.user_id=?
2026-01-25T02:44:22.839+02:00 DEBUG 22400 --- [http-nio-744-exec-9] org.hibernate.SQL                        : select u1_0.tenant_id from user_tenants u1_0 where u1_0.user_id=?
2026-01-25T02:44:22.847+02:00 DEBUG 22400 --- [http-nio-744-exec-9] org.hibernate.SQL                        : select t1_0.id,t1_0.active,t1_0.code,t1_0.created_at,t1_0.level,t1_0.name,t1_0.parent_id,t1_0.status from tenants t1_0 where t1_0.id=?
2026-01-25T02:44:22.849+02:00 DEBUG 22400 --- [http-nio-744-exec-9] c.o.a.s.tenant.TenantFilterAspect        : 🛡️ [TenantFilterAspect] Enforced Filter for TenantID: 5
2026-01-25T02:44:22.851+02:00 DEBUG 22400 --- [http-nio-744-exec-9] org.hibernate.SQL                        : select u1_0.id,u1_0.email,u1_0.enabled,u1_0.first_name,u1_0.last_login_time,u1_0.last_name,u1_0.password,u1_0.photos,u1_0.tenant_id,u1_0.user_bio from `'user'` u1_0 where u1_0.tenant_id = ? and u1_0.tenant_id = ? and u1_0.email=?
2026-01-25T02:44:22.851+02:00 DEBUG 22400 --- [http-nio-744-exec-9] org.hibernate.SQL                        : select r1_0.user_id,r1_1.id,r1_1.all_parent_ids,r1_1.descrption,r1_1.name,r1_1.parent_id,p2_0.role_id,p2_0.id,p2_0.permission,p2_0.scope from user_roles r1_0 join role r1_1 on r1_1.id=r1_0.role_id left join role_permissions p2_0 on r1_1.id=p2_0.role_id where r1_0.user_id=?
2026-01-25T02:44:22.853+02:00 DEBUG 22400 --- [http-nio-744-exec-9] org.hibernate.SQL                        : select t1_0.user_id,t1_0.id,t1_0.tenant_id from user_tenants t1_0 where t1_0.user_id=?
2026-01-25T02:44:22.855+02:00 DEBUG 22400 --- [http-nio-744-exec-9] c.o.a.s.tenant.TenantFilterAspect        : 🛡️ [TenantFilterAspect] Enforced Filter for TenantID: 5
2026-01-25T02:44:22.856+02:00 DEBUG 22400 --- [http-nio-744-exec-9] org.hibernate.SQL                        : select b1_0.id,b1_0.name from brands b1_0 where b1_0.tenant_id = ? and b1_0.tenant_id = ? order by b1_0.name
2026-01-25T02:44:22.858+02:00 DEBUG 22400 --- [http-nio-744-exec-9] c.o.a.s.tenant.TenantFilterAspect        : 🛡️ [TenantFilterAspect] Enforced Filter for TenantID: 5
2026-01-25T02:44:22.860+02:00 DEBUG 22400 --- [http-nio-744-exec-9] org.hibernate.SQL                        : select c1_0.id,c1_0.alias,c1_0.all_parent_ids,c1_0.enabled,c1_0.image,c1_0.level,c1_0.name,c1_0.parent_id,c1_0.tenant_id from categories c1_0 where c1_0.tenant_id = ? order by c1_0.name
2026-01-25T02:44:22.862+02:00 DEBUG 22400 --- [http-nio-744-exec-9] org.hibernate.SQL                        : select c1_0.parent_id,c1_0.id,c1_0.alias,c1_0.all_parent_ids,c1_0.enabled,c1_0.image,c1_0.level,c1_0.name,c1_0.tenant_id from categories c1_0 where c1_0.parent_id=? order by c1_0.name
2026-01-25T02:44:22.863+02:00 DEBUG 22400 --- [http-nio-744-exec-9] org.hibernate.SQL                        : select c1_0.parent_id,c1_0.id,c1_0.alias,c1_0.all_parent_ids,c1_0.enabled,c1_0.image,c1_0.level,c1_0.name,c1_0.tenant_id from categories c1_0 where c1_0.parent_id=? order by c1_0.name
2026-01-25T02:44:22.865+02:00 DEBUG 22400 --- [http-nio-744-exec-9] org.hibernate.SQL                        : select c1_0.parent_id,c1_0.id,c1_0.alias,c1_0.all_parent_ids,c1_0.enabled,c1_0.image,c1_0.level,c1_0.name,c1_0.tenant_id from categories c1_0 where c1_0.parent_id=? order by c1_0.name
2026-01-25T02:44:23.005+02:00 DEBUG 22400 --- [http-nio-744-exec-10] c.o.a.s.tenant.TenantFilterAspect        : ⚠️ [TenantFilterAspect] Service execution without TenantID
2026-01-25T02:44:23.005+02:00 DEBUG 22400 --- [http-nio-744-exec-1] c.o.a.s.tenant.TenantFilterAspect        : ⚠️ [TenantFilterAspect] Service execution without TenantID
2026-01-25T02:44:23.006+02:00 DEBUG 22400 --- [http-nio-744-exec-10] org.hibernate.SQL                        : select u1_0.id,u1_0.email,u1_0.enabled,u1_0.first_name,u1_0.last_login_time,u1_0.last_name,u1_0.password,u1_0.photos,u1_0.tenant_id,u1_0.user_bio from `'user'` u1_0 where u1_0.email=?
2026-01-25T02:44:23.006+02:00 DEBUG 22400 --- [http-nio-744-exec-1] org.hibernate.SQL                        : select u1_0.id,u1_0.email,u1_0.enabled,u1_0.first_name,u1_0.last_login_time,u1_0.last_name,u1_0.password,u1_0.photos,u1_0.tenant_id,u1_0.user_bio from `'user'` u1_0 where u1_0.email=?
2026-01-25T02:44:23.007+02:00 DEBUG 22400 --- [http-nio-744-exec-10] org.hibernate.SQL                        : select r1_0.user_id,r1_1.id,r1_1.all_parent_ids,r1_1.descrption,r1_1.name,r1_1.parent_id,p2_0.role_id,p2_0.id,p2_0.permission,p2_0.scope from user_roles r1_0 join role r1_1 on r1_1.id=r1_0.role_id left join role_permissions p2_0 on r1_1.id=p2_0.role_id where r1_0.user_id=?
2026-01-25T02:44:23.007+02:00 DEBUG 22400 --- [http-nio-744-exec-1] org.hibernate.SQL                        : select r1_0.user_id,r1_1.id,r1_1.all_parent_ids,r1_1.descrption,r1_1.name,r1_1.parent_id,p2_0.role_id,p2_0.id,p2_0.permission,p2_0.scope from user_roles r1_0 join role r1_1 on r1_1.id=r1_0.role_id left join role_permissions p2_0 on r1_1.id=p2_0.role_id where r1_0.user_id=?
2026-01-25T02:44:23.007+02:00  WARN 22400 --- [http-nio-744-exec-9] o.h.c.spi.AbstractPersistentCollection   : HHH000506: Detaching an uninitialized collection with enabled filters from a session: [com.onlineStoreCom.entity.tenant.Tenant.children#5]
2026-01-25T02:44:23.007+02:00  WARN 22400 --- [http-nio-744-exec-9] o.h.c.spi.AbstractPersistentCollection   : HHH000506: Detaching an uninitialized collection with enabled filters from a session: [com.onlineStoreCom.entity.users.Role.children#1]
2026-01-25T02:44:23.010+02:00 DEBUG 22400 --- [http-nio-744-exec-10] c.o.a.s.tenant.TenantFilterAspect        : ⚠️ [TenantFilterAspect] Service execution without TenantID
2026-01-25T02:44:23.011+02:00 DEBUG 22400 --- [http-nio-744-exec-1] c.o.a.s.tenant.TenantFilterAspect        : ⚠️ [TenantFilterAspect] Service execution without TenantID
2026-01-25T02:44:23.011+02:00 DEBUG 22400 --- [http-nio-744-exec-10] org.hibernate.SQL                        : select t1_0.user_id,t1_0.id,t1_0.tenant_id from user_tenants t1_0 where t1_0.user_id=?
2026-01-25T02:44:23.011+02:00 DEBUG 22400 --- [http-nio-744-exec-1] org.hibernate.SQL                        : select t1_0.user_id,t1_0.id,t1_0.tenant_id from user_tenants t1_0 where t1_0.user_id=?
2026-01-25T02:44:23.014+02:00 DEBUG 22400 --- [http-nio-744-exec-1] org.hibernate.SQL                        : select u1_0.tenant_id from user_tenants u1_0 where u1_0.user_id=?
2026-01-25T02:44:23.014+02:00 DEBUG 22400 --- [http-nio-744-exec-10] org.hibernate.SQL                        : select u1_0.tenant_id from user_tenants u1_0 where u1_0.user_id=?
2026-01-25T02:44:23.021+02:00 DEBUG 22400 --- [http-nio-744-exec-3] org.hibernate.SQL                        : select t1_0.id,t1_0.active,t1_0.code,t1_0.created_at,t1_0.level,t1_0.name,t1_0.parent_id,t1_0.status from tenants t1_0 where t1_0.id=?
2026-01-25T02:44:23.022+02:00 DEBUG 22400 --- [http-nio-744-exec-3] c.o.a.s.tenant.TenantFilterAspect        : 🛡️ [TenantFilterAspect] Enforced Filter for TenantID: 5
2026-01-25T02:44:23.025+02:00 DEBUG 22400 --- [http-nio-744-exec-3] org.hibernate.SQL                        : select u1_0.id,u1_0.email,u1_0.enabled,u1_0.first_name,u1_0.last_login_time,u1_0.last_name,u1_0.password,u1_0.photos,u1_0.tenant_id,u1_0.user_bio from `'user'` u1_0 where u1_0.tenant_id = ? and u1_0.tenant_id = ? and u1_0.email=?
2026-01-25T02:44:23.025+02:00 DEBUG 22400 --- [http-nio-744-exec-8] c.o.a.s.tenant.TenantFilterAspect        : ⚠️ [TenantFilterAspect] Service execution without TenantID
2026-01-25T02:44:23.027+02:00 DEBUG 22400 --- [http-nio-744-exec-3] org.hibernate.SQL                        : select r1_0.user_id,r1_1.id,r1_1.all_parent_ids,r1_1.descrption,r1_1.name,r1_1.parent_id,p2_0.role_id,p2_0.id,p2_0.permission,p2_0.scope from user_roles r1_0 join role r1_1 on r1_1.id=r1_0.role_id left join role_permissions p2_0 on r1_1.id=p2_0.role_id where r1_0.user_id=?
2026-01-25T02:44:23.028+02:00 DEBUG 22400 --- [http-nio-744-exec-8] org.hibernate.SQL                        : select u1_0.id,u1_0.email,u1_0.enabled,u1_0.first_name,u1_0.last_login_time,u1_0.last_name,u1_0.password,u1_0.photos,u1_0.tenant_id,u1_0.user_bio from `'user'` u1_0 where u1_0.email=?
2026-01-25T02:44:23.029+02:00 DEBUG 22400 --- [http-nio-744-exec-3] org.hibernate.SQL                        : select t1_0.user_id,t1_0.id,t1_0.tenant_id from user_tenants t1_0 where t1_0.user_id=?
2026-01-25T02:44:23.029+02:00 DEBUG 22400 --- [http-nio-744-exec-8] org.hibernate.SQL                        : select r1_0.user_id,r1_1.id,r1_1.all_parent_ids,r1_1.descrption,r1_1.name,r1_1.parent_id,p2_0.role_id,p2_0.id,p2_0.permission,p2_0.scope from user_roles r1_0 join role r1_1 on r1_1.id=r1_0.role_id left join role_permissions p2_0 on r1_1.id=p2_0.role_id where r1_0.user_id=?
2026-01-25T02:44:23.030+02:00 DEBUG 22400 --- [http-nio-744-exec-3] c.o.a.s.tenant.TenantFilterAspect        : 🛡️ [TenantFilterAspect] Enforced Filter for TenantID: 5
2026-01-25T02:44:23.032+02:00 DEBUG 22400 --- [http-nio-744-exec-3] org.hibernate.SQL                        : select s1_0.id,s1_0.category,s1_0.`key`,s1_0.tenant_id,s1_0.value from settings s1_0 where (s1_0.tenant_id = ? or s1_0.tenant_id = 0 or s1_0.tenant_id is null) and s1_0.tenant_id = ? and s1_0.category=?
2026-01-25T02:44:23.032+02:00 DEBUG 22400 --- [http-nio-744-exec-8] c.o.a.s.tenant.TenantFilterAspect        : ⚠️ [TenantFilterAspect] Service execution without TenantID
2026-01-25T02:44:23.032+02:00 DEBUG 22400 --- [http-nio-744-exec-8] org.hibernate.SQL                        : select t1_0.user_id,t1_0.id,t1_0.tenant_id from user_tenants t1_0 where t1_0.user_id=?
2026-01-25T02:44:23.034+02:00 DEBUG 22400 --- [http-nio-744-exec-8] org.hibernate.SQL                        : select u1_0.tenant_id from user_tenants u1_0 where u1_0.user_id=?
2026-01-25T02:44:23.035+02:00  WARN 22400 --- [http-nio-744-exec-3] o.h.c.spi.AbstractPersistentCollection   : HHH000506: Detaching an uninitialized collection with enabled filters from a session: [com.onlineStoreCom.entity.tenant.Tenant.children#5]
2026-01-25T02:44:23.036+02:00  WARN 22400 --- [http-nio-744-exec-3] o.h.c.spi.AbstractPersistentCollection   : HHH000506: Detaching an uninitialized collection with enabled filters from a session: [com.onlineStoreCom.entity.users.Role.children#1]
2026-01-25T02:44:23.076+02:00 DEBUG 22400 --- [http-nio-744-exec-6] c.o.a.s.tenant.TenantFilterAspect        : ⚠️ [TenantFilterAspect] Service execution without TenantID
2026-01-25T02:44:23.079+02:00 DEBUG 22400 --- [http-nio-744-exec-6] org.hibernate.SQL                        : select u1_0.id,u1_0.email,u1_0.enabled,u1_0.first_name,u1_0.last_login_time,u1_0.last_name,u1_0.password,u1_0.photos,u1_0.tenant_id,u1_0.user_bio from `'user'` u1_0 where u1_0.email=?
2026-01-25T02:44:23.080+02:00 DEBUG 22400 --- [http-nio-744-exec-6] org.hibernate.SQL                        : select r1_0.user_id,r1_1.id,r1_1.all_parent_ids,r1_1.descrption,r1_1.name,r1_1.parent_id,p2_0.role_id,p2_0.id,p2_0.permission,p2_0.scope from user_roles r1_0 join role r1_1 on r1_1.id=r1_0.role_id left join role_permissions p2_0 on r1_1.id=p2_0.role_id where r1_0.user_id=?
2026-01-25T02:44:23.083+02:00 DEBUG 22400 --- [http-nio-744-exec-6] c.o.a.s.tenant.TenantFilterAspect        : ⚠️ [TenantFilterAspect] Service execution without TenantID
2026-01-25T02:44:23.084+02:00 DEBUG 22400 --- [http-nio-744-exec-6] org.hibernate.SQL                        : select t1_0.user_id,t1_0.id,t1_0.tenant_id from user_tenants t1_0 where t1_0.user_id=?
2026-01-25T02:44:23.086+02:00 DEBUG 22400 --- [http-nio-744-exec-6] org.hibernate.SQL                        : select u1_0.tenant_id from user_tenants u1_0 where u1_0.user_id=?
2026-01-25T02:44:23.096+02:00 DEBUG 22400 --- [http-nio-744-exec-2] c.o.a.s.tenant.TenantFilterAspect        : ⚠️ [TenantFilterAspect] Service execution without TenantID
2026-01-25T02:44:23.097+02:00 DEBUG 22400 --- [http-nio-744-exec-2] org.hibernate.SQL                        : select u1_0.id,u1_0.email,u1_0.enabled,u1_0.first_name,u1_0.last_login_time,u1_0.last_name,u1_0.password,u1_0.photos,u1_0.tenant_id,u1_0.user_bio from `'user'` u1_0 where u1_0.email=?
2026-01-25T02:44:23.099+02:00 DEBUG 22400 --- [http-nio-744-exec-2] org.hibernate.SQL                        : select r1_0.user_id,r1_1.id,r1_1.all_parent_ids,r1_1.descrption,r1_1.name,r1_1.parent_id,p2_0.role_id,p2_0.id,p2_0.permission,p2_0.scope from user_roles r1_0 join role r1_1 on r1_1.id=r1_0.role_id left join role_permissions p2_0 on r1_1.id=p2_0.role_id where r1_0.user_id=?
2026-01-25T02:44:23.099+02:00 DEBUG 22400 --- [http-nio-744-exec-4] c.o.a.s.tenant.TenantFilterAspect        : ⚠️ [TenantFilterAspect] Service execution without TenantID
2026-01-25T02:44:23.102+02:00 DEBUG 22400 --- [http-nio-744-exec-2] org.hibernate.SQL                        : select t1_0.user_id,t1_0.id,t1_0.tenant_id from user_tenants t1_0 where t1_0.user_id=?
2026-01-25T02:44:23.103+02:00 DEBUG 22400 --- [http-nio-744-exec-4] org.hibernate.SQL                        : select u1_0.id,u1_0.email,u1_0.enabled,u1_0.first_name,u1_0.last_login_time,u1_0.last_name,u1_0.password,u1_0.photos,u1_0.tenant_id,u1_0.user_bio from `'user'` u1_0 where u1_0.email=?
2026-01-25T02:44:23.105+02:00 DEBUG 22400 --- [http-nio-744-exec-4] org.hibernate.SQL                        : select r1_0.user_id,r1_1.id,r1_1.all_parent_ids,r1_1.descrption,r1_1.name,r1_1.parent_id,p2_0.role_id,p2_0.id,p2_0.permission,p2_0.scope from user_roles r1_0 join role r1_1 on r1_1.id=r1_0.role_id left join role_permissions p2_0 on r1_1.id=p2_0.role_id where r1_0.user_id=?
2026-01-25T02:44:23.109+02:00 DEBUG 22400 --- [http-nio-744-exec-4] org.hibernate.SQL                        : select t1_0.user_id,t1_0.id,t1_0.tenant_id from user_tenants t1_0 where t1_0.user_id=?
2026-01-25T02:44:23.113+02:00 DEBUG 22400 --- [http-nio-744-exec-6] c.o.a.s.tenant.TenantFilterAspect        : ⚠️ [TenantFilterAspect] Service execution without TenantID
2026-01-25T02:44:23.116+02:00 DEBUG 22400 --- [http-nio-744-exec-6] org.hibernate.SQL                        : select u1_0.id,u1_0.email,u1_0.enabled,u1_0.first_name,u1_0.last_login_time,u1_0.last_name,u1_0.password,u1_0.photos,u1_0.tenant_id,u1_0.user_bio from `'user'` u1_0 where u1_0.email=?
2026-01-25T02:44:23.118+02:00 DEBUG 22400 --- [http-nio-744-exec-6] org.hibernate.SQL                        : select r1_0.user_id,r1_1.id,r1_1.all_parent_ids,r1_1.descrption,r1_1.name,r1_1.parent_id,p2_0.role_id,p2_0.id,p2_0.permission,p2_0.scope from user_roles r1_0 join role r1_1 on r1_1.id=r1_0.role_id left join role_permissions p2_0 on r1_1.id=p2_0.role_id where r1_0.user_id=?
2026-01-25T02:44:23.122+02:00 DEBUG 22400 --- [http-nio-744-exec-10] c.o.a.s.tenant.TenantFilterAspect        : ⚠️ [TenantFilterAspect] Service execution without TenantID
2026-01-25T02:44:23.122+02:00 DEBUG 22400 --- [http-nio-744-exec-6] org.hibernate.SQL                        : select t1_0.user_id,t1_0.id,t1_0.tenant_id from user_tenants t1_0 where t1_0.user_id=?
2026-01-25T02:44:23.123+02:00 DEBUG 22400 --- [http-nio-744-exec-10] org.hibernate.SQL                        : select u1_0.id,u1_0.email,u1_0.enabled,u1_0.first_name,u1_0.last_login_time,u1_0.last_name,u1_0.password,u1_0.photos,u1_0.tenant_id,u1_0.user_bio from `'user'` u1_0 where u1_0.email=?
2026-01-25T02:44:23.125+02:00 DEBUG 22400 --- [http-nio-744-exec-10] org.hibernate.SQL                        : select r1_0.user_id,r1_1.id,r1_1.all_parent_ids,r1_1.descrption,r1_1.name,r1_1.parent_id,p2_0.role_id,p2_0.id,p2_0.permission,p2_0.scope from user_roles r1_0 join role r1_1 on r1_1.id=r1_0.role_id left join role_permissions p2_0 on r1_1.id=p2_0.role_id where r1_0.user_id=?
2026-01-25T02:44:23.130+02:00 DEBUG 22400 --- [http-nio-744-exec-1] c.o.a.s.tenant.TenantFilterAspect        : ⚠️ [TenantFilterAspect] Service execution without TenantID
2026-01-25T02:44:23.132+02:00 DEBUG 22400 --- [http-nio-744-exec-1] org.hibernate.SQL                        : select u1_0.id,u1_0.email,u1_0.enabled,u1_0.first_name,u1_0.last_login_time,u1_0.last_name,u1_0.password,u1_0.photos,u1_0.tenant_id,u1_0.user_bio from `'user'` u1_0 where u1_0.email=?
2026-01-25T02:44:23.133+02:00 DEBUG 22400 --- [http-nio-744-exec-10] c.o.a.s.tenant.TenantFilterAspect        : ⚠️ [TenantFilterAspect] Service execution without TenantID
2026-01-25T02:44:23.133+02:00 DEBUG 22400 --- [http-nio-744-exec-1] org.hibernate.SQL                        : select r1_0.user_id,r1_1.id,r1_1.all_parent_ids,r1_1.descrption,r1_1.name,r1_1.parent_id,p2_0.role_id,p2_0.id,p2_0.permission,p2_0.scope from user_roles r1_0 join role r1_1 on r1_1.id=r1_0.role_id left join role_permissions p2_0 on r1_1.id=p2_0.role_id where r1_0.user_id=?
2026-01-25T02:44:23.133+02:00 DEBUG 22400 --- [http-nio-744-exec-10] org.hibernate.SQL                        : select t1_0.user_id,t1_0.id,t1_0.tenant_id from user_tenants t1_0 where t1_0.user_id=?
2026-01-25T02:44:23.135+02:00 DEBUG 22400 --- [http-nio-744-exec-10] org.hibernate.SQL                        : select u1_0.tenant_id from user_tenants u1_0 where u1_0.user_id=?
2026-01-25T02:44:23.135+02:00 DEBUG 22400 --- [http-nio-744-exec-1] c.o.a.s.tenant.TenantFilterAspect        : ⚠️ [TenantFilterAspect] Service execution without TenantID
2026-01-25T02:44:23.135+02:00 DEBUG 22400 --- [http-nio-744-exec-1] org.hibernate.SQL                        : select t1_0.user_id,t1_0.id,t1_0.tenant_id from user_tenants t1_0 where t1_0.user_id=?
2026-01-25T02:44:23.137+02:00 DEBUG 22400 --- [http-nio-744-exec-1] org.hibernate.SQL                        : select u1_0.tenant_id from user_tenants u1_0 where u1_0.user_id=?
2026-01-25T02:44:23.144+02:00 DEBUG 22400 --- [http-nio-744-exec-7] c.o.a.s.tenant.TenantFilterAspect        : ⚠️ [TenantFilterAspect] Service execution without TenantID
2026-01-25T02:44:23.146+02:00 DEBUG 22400 --- [http-nio-744-exec-7] org.hibernate.SQL                        : select u1_0.id,u1_0.email,u1_0.enabled,u1_0.first_name,u1_0.last_login_time,u1_0.last_name,u1_0.password,u1_0.photos,u1_0.tenant_id,u1_0.user_bio from `'user'` u1_0 where u1_0.email=?
2026-01-25T02:44:23.148+02:00 DEBUG 22400 --- [http-nio-744-exec-7] org.hibernate.SQL                        : select r1_0.user_id,r1_1.id,r1_1.all_parent_ids,r1_1.descrption,r1_1.name,r1_1.parent_id,p2_0.role_id,p2_0.id,p2_0.permission,p2_0.scope from user_roles r1_0 join role r1_1 on r1_1.id=r1_0.role_id left join role_permissions p2_0 on r1_1.id=p2_0.role_id where r1_0.user_id=?
2026-01-25T02:44:23.151+02:00 DEBUG 22400 --- [http-nio-744-exec-7] org.hibernate.SQL                        : select t1_0.user_id,t1_0.id,t1_0.tenant_id from user_tenants t1_0 where t1_0.user_id=?
2026-01-25T02:44:23.155+02:00 DEBUG 22400 --- [http-nio-744-exec-1] org.hibernate.SQL                        : select t1_0.id,t1_0.active,t1_0.code,t1_0.created_at,t1_0.level,t1_0.name,t1_0.parent_id,t1_0.status from tenants t1_0 where t1_0.id=?
2026-01-25T02:44:23.162+02:00 DEBUG 22400 --- [http-nio-744-exec-1] c.o.a.s.tenant.TenantFilterAspect        : 🛡️ [TenantFilterAspect] Enforced Filter for TenantID: 5
2026-01-25T02:44:23.163+02:00 DEBUG 22400 --- [http-nio-744-exec-1] org.hibernate.SQL                        : select u1_0.id,u1_0.email,u1_0.enabled,u1_0.first_name,u1_0.last_login_time,u1_0.last_name,u1_0.password,u1_0.photos,u1_0.tenant_id,u1_0.user_bio from `'user'` u1_0 where u1_0.tenant_id = ? and u1_0.tenant_id = ? and u1_0.email=?
2026-01-25T02:44:23.166+02:00 DEBUG 22400 --- [http-nio-744-exec-1] org.hibernate.SQL                        : select r1_0.user_id,r1_1.id,r1_1.all_parent_ids,r1_1.descrption,r1_1.name,r1_1.parent_id,p2_0.role_id,p2_0.id,p2_0.permission,p2_0.scope from user_roles r1_0 join role r1_1 on r1_1.id=r1_0.role_id left join role_permissions p2_0 on r1_1.id=p2_0.role_id where r1_0.user_id=?
2026-01-25T02:44:23.168+02:00 DEBUG 22400 --- [http-nio-744-exec-1] org.hibernate.SQL                        : select t1_0.user_id,t1_0.id,t1_0.tenant_id from user_tenants t1_0 where t1_0.user_id=?
2026-01-25T02:44:23.170+02:00 DEBUG 22400 --- [http-nio-744-exec-1] c.o.a.s.tenant.TenantFilterAspect        : 🛡️ [TenantFilterAspect] Enforced Filter for TenantID: 5
2026-01-25T02:44:23.172+02:00 DEBUG 22400 --- [http-nio-744-exec-1] org.hibernate.SQL                        : select u1_0.id,u1_0.email,u1_0.enabled,u1_0.first_name,u1_0.last_login_time,u1_0.last_name,u1_0.password,u1_0.photos,u1_0.tenant_id,u1_0.user_bio from `'user'` u1_0 where u1_0.tenant_id = ? and u1_0.tenant_id = ? and u1_0.email=?
2026-01-25T02:44:23.173+02:00 DEBUG 22400 --- [http-nio-744-exec-1] c.o.a.s.tenant.TenantFilterAspect        : 🛡️ [TenantFilterAspect] Enforced Filter for TenantID: 5
2026-01-25T02:44:23.177+02:00  WARN 22400 --- [http-nio-744-exec-1] o.h.c.spi.AbstractPersistentCollection   : HHH000506: Detaching an uninitialized collection with enabled filters from a session: [com.onlineStoreCom.entity.tenant.Tenant.children#5]
2026-01-25T02:44:23.177+02:00  WARN 22400 --- [http-nio-744-exec-1] o.h.c.spi.AbstractPersistentCollection   : HHH000506: Detaching an uninitialized collection with enabled filters from a session: [com.onlineStoreCom.entity.users.Role.children#1]
2026-01-25T02:44:26.512+02:00 DEBUG 22400 --- [http-nio-744-exec-3] c.o.a.s.tenant.TenantFilterAspect        : ⚠️ [TenantFilterAspect] Service execution without TenantID
2026-01-25T02:44:26.514+02:00 DEBUG 22400 --- [http-nio-744-exec-3] org.hibernate.SQL                        : select u1_0.id,u1_0.email,u1_0.enabled,u1_0.first_name,u1_0.last_login_time,u1_0.last_name,u1_0.password,u1_0.photos,u1_0.tenant_id,u1_0.user_bio from `'user'` u1_0 where u1_0.email=?
2026-01-25T02:44:26.516+02:00 DEBUG 22400 --- [http-nio-744-exec-3] org.hibernate.SQL                        : select r1_0.user_id,r1_1.id,r1_1.all_parent_ids,r1_1.descrption,r1_1.name,r1_1.parent_id,p2_0.role_id,p2_0.id,p2_0.permission,p2_0.scope from user_roles r1_0 join role r1_1 on r1_1.id=r1_0.role_id left join role_permissions p2_0 on r1_1.id=p2_0.role_id where r1_0.user_id=?
2026-01-25T02:44:26.517+02:00 DEBUG 22400 --- [http-nio-744-exec-3] c.o.a.s.tenant.TenantFilterAspect        : ⚠️ [TenantFilterAspect] Service execution without TenantID
2026-01-25T02:44:26.519+02:00 DEBUG 22400 --- [http-nio-744-exec-3] org.hibernate.SQL                        : select t1_0.user_id,t1_0.id,t1_0.tenant_id from user_tenants t1_0 where t1_0.user_id=?
2026-01-25T02:44:26.521+02:00 DEBUG 22400 --- [http-nio-744-exec-3] org.hibernate.SQL                        : select u1_0.tenant_id from user_tenants u1_0 where u1_0.user_id=?
2026-01-25T02:44:26.538+02:00 DEBUG 22400 --- [http-nio-744-exec-3] org.hibernate.SQL                        : select t1_0.id,t1_0.active,t1_0.code,t1_0.created_at,t1_0.level,t1_0.name,t1_0.parent_id,t1_0.status from tenants t1_0 where t1_0.id=?
2026-01-25T02:44:26.540+02:00 DEBUG 22400 --- [http-nio-744-exec-3] c.o.a.s.tenant.TenantFilterAspect        : 🛡️ [TenantFilterAspect] Enforced Filter for TenantID: 5
2026-01-25T02:44:26.540+02:00 DEBUG 22400 --- [http-nio-744-exec-3] org.hibernate.SQL                        : select u1_0.id,u1_0.email,u1_0.enabled,u1_0.first_name,u1_0.last_login_time,u1_0.last_name,u1_0.password,u1_0.photos,u1_0.tenant_id,u1_0.user_bio from `'user'` u1_0 where u1_0.tenant_id = ? and u1_0.tenant_id = ? and u1_0.email=?
2026-01-25T02:44:26.543+02:00 DEBUG 22400 --- [http-nio-744-exec-3] org.hibernate.SQL                        : select r1_0.user_id,r1_1.id,r1_1.all_parent_ids,r1_1.descrption,r1_1.name,r1_1.parent_id,p2_0.role_id,p2_0.id,p2_0.permission,p2_0.scope from user_roles r1_0 join role r1_1 on r1_1.id=r1_0.role_id left join role_permissions p2_0 on r1_1.id=p2_0.role_id where r1_0.user_id=?
2026-01-25T02:44:26.545+02:00 DEBUG 22400 --- [http-nio-744-exec-3] org.hibernate.SQL                        : select t1_0.user_id,t1_0.id,t1_0.tenant_id from user_tenants t1_0 where t1_0.user_id=?
2026-01-25T02:44:26.546+02:00 DEBUG 22400 --- [http-nio-744-exec-3] c.o.a.s.tenant.TenantFilterAspect        : 🛡️ [TenantFilterAspect] Enforced Filter for TenantID: 5
2026-01-25T02:44:26.547+02:00 DEBUG 22400 --- [http-nio-744-exec-3] org.hibernate.SQL                        : select b1_0.id,b1_0.logo,b1_0.name,b1_0.tenant_id from brands b1_0 where b1_0.id=?
2026-01-25T02:44:26.551+02:00 DEBUG 22400 --- [http-nio-744-exec-3] org.hibernate.SQL                        : select c1_0.brand_id,c1_1.id,c1_1.alias,c1_1.all_parent_ids,c1_1.enabled,c1_1.image,c1_1.level,c1_1.name,c1_1.parent_id,c1_1.tenant_id from brands_categories c1_0 join categories c1_1 on c1_1.id=c1_0.category_id where c1_0.brand_id=?
2026-01-25T02:44:26.555+02:00  WARN 22400 --- [http-nio-744-exec-3] o.h.c.spi.AbstractPersistentCollection   : HHH000506: Detaching an uninitialized collection with enabled filters from a session: [com.onlineStoreCom.entity.tenant.Tenant.children#5]
2026-01-25T02:44:26.555+02:00  WARN 22400 --- [http-nio-744-exec-3] o.h.c.spi.AbstractPersistentCollection   : HHH000506: Detaching an uninitialized collection with enabled filters from a session: [com.onlineStoreCom.entity.users.Role.children#1]
2026-01-25T02:44:26.555+02:00  WARN 22400 --- [http-nio-744-exec-3] o.h.c.spi.AbstractPersistentCollection   : HHH000506: Detaching an uninitialized collection with enabled filters from a session: [com.onlineStoreCom.entity.category.Category.children#66]
2026-01-25T02:44:27.984+02:00 DEBUG 22400 --- [http-nio-744-exec-8] c.o.a.s.tenant.TenantFilterAspect        : ⚠️ [TenantFilterAspect] Service execution without TenantID
2026-01-25T02:44:27.986+02:00 DEBUG 22400 --- [http-nio-744-exec-8] org.hibernate.SQL                        : select u1_0.id,u1_0.email,u1_0.enabled,u1_0.first_name,u1_0.last_login_time,u1_0.last_name,u1_0.password,u1_0.photos,u1_0.tenant_id,u1_0.user_bio from `'user'` u1_0 where u1_0.email=?
2026-01-25T02:44:27.986+02:00 DEBUG 22400 --- [http-nio-744-exec-8] org.hibernate.SQL                        : select r1_0.user_id,r1_1.id,r1_1.all_parent_ids,r1_1.descrption,r1_1.name,r1_1.parent_id,p2_0.role_id,p2_0.id,p2_0.permission,p2_0.scope from user_roles r1_0 join role r1_1 on r1_1.id=r1_0.role_id left join role_permissions p2_0 on r1_1.id=p2_0.role_id where r1_0.user_id=?
2026-01-25T02:44:27.989+02:00 DEBUG 22400 --- [http-nio-744-exec-8] c.o.a.s.tenant.TenantFilterAspect        : ⚠️ [TenantFilterAspect] Service execution without TenantID
2026-01-25T02:44:27.990+02:00 DEBUG 22400 --- [http-nio-744-exec-8] org.hibernate.SQL                        : select t1_0.user_id,t1_0.id,t1_0.tenant_id from user_tenants t1_0 where t1_0.user_id=?
2026-01-25T02:44:27.992+02:00 DEBUG 22400 --- [http-nio-744-exec-8] org.hibernate.SQL                        : select u1_0.tenant_id from user_tenants u1_0 where u1_0.user_id=?
2026-01-25T02:44:28.006+02:00 DEBUG 22400 --- [http-nio-744-exec-8] org.hibernate.SQL                        : select t1_0.id,t1_0.active,t1_0.code,t1_0.created_at,t1_0.level,t1_0.name,t1_0.parent_id,t1_0.status from tenants t1_0 where t1_0.id=?
2026-01-25T02:44:28.008+02:00 DEBUG 22400 --- [http-nio-744-exec-8] c.o.a.s.tenant.TenantFilterAspect        : 🛡️ [TenantFilterAspect] Enforced Filter for TenantID: 5
2026-01-25T02:44:28.010+02:00 DEBUG 22400 --- [http-nio-744-exec-8] org.hibernate.SQL                        : select u1_0.id,u1_0.email,u1_0.enabled,u1_0.first_name,u1_0.last_login_time,u1_0.last_name,u1_0.password,u1_0.photos,u1_0.tenant_id,u1_0.user_bio from `'user'` u1_0 where u1_0.tenant_id = ? and u1_0.tenant_id = ? and u1_0.email=?
2026-01-25T02:44:28.011+02:00 DEBUG 22400 --- [http-nio-744-exec-8] org.hibernate.SQL                        : select r1_0.user_id,r1_1.id,r1_1.all_parent_ids,r1_1.descrption,r1_1.name,r1_1.parent_id,p2_0.role_id,p2_0.id,p2_0.permission,p2_0.scope from user_roles r1_0 join role r1_1 on r1_1.id=r1_0.role_id left join role_permissions p2_0 on r1_1.id=p2_0.role_id where r1_0.user_id=?
2026-01-25T02:44:28.013+02:00 DEBUG 22400 --- [http-nio-744-exec-8] org.hibernate.SQL                        : select t1_0.user_id,t1_0.id,t1_0.tenant_id from user_tenants t1_0 where t1_0.user_id=?
2026-01-25T02:44:28.014+02:00 DEBUG 22400 --- [http-nio-744-exec-8] c.o.a.s.tenant.TenantFilterAspect        : 🛡️ [TenantFilterAspect] Enforced Filter for TenantID: 5
2026-01-25T02:44:28.014+02:00 DEBUG 22400 --- [http-nio-744-exec-8] org.hibernate.SQL                        : select b1_0.id,b1_0.logo,b1_0.name,b1_0.tenant_id from brands b1_0 where b1_0.id=?
2026-01-25T02:44:28.016+02:00 DEBUG 22400 --- [http-nio-744-exec-8] org.hibernate.SQL                        : select c1_0.brand_id,c1_1.id,c1_1.alias,c1_1.all_parent_ids,c1_1.enabled,c1_1.image,c1_1.level,c1_1.name,c1_1.parent_id,c1_1.tenant_id from brands_categories c1_0 join categories c1_1 on c1_1.id=c1_0.category_id where c1_0.brand_id=?
2026-01-25T02:44:28.017+02:00  WARN 22400 --- [http-nio-744-exec-8] o.h.c.spi.AbstractPersistentCollection   : HHH000506: Detaching an uninitialized collection with enabled filters from a session: [com.onlineStoreCom.entity.tenant.Tenant.children#5]
2026-01-25T02:44:28.017+02:00  WARN 22400 --- [http-nio-744-exec-8] o.h.c.spi.AbstractPersistentCollection   : HHH000506: Detaching an uninitialized collection with enabled filters from a session: [com.onlineStoreCom.entity.users.Role.children#1]
2026-01-25T02:44:28.017+02:00  WARN 22400 --- [http-nio-744-exec-8] o.h.c.spi.AbstractPersistentCollection   : HHH000506: Detaching an uninitialized collection with enabled filters from a session: [com.onlineStoreCom.entity.category.Category.children#37]
2026-01-25T02:44:52.135+02:00 DEBUG 22400 --- [http-nio-744-exec-10] c.o.a.s.tenant.TenantFilterAspect        : ⚠️ [TenantFilterAspect] Service execution without TenantID
2026-01-25T02:44:52.137+02:00 DEBUG 22400 --- [http-nio-744-exec-10] org.hibernate.SQL                        : select u1_0.id,u1_0.email,u1_0.enabled,u1_0.first_name,u1_0.last_login_time,u1_0.last_name,u1_0.password,u1_0.photos,u1_0.tenant_id,u1_0.user_bio from `'user'` u1_0 where u1_0.email=?
2026-01-25T02:44:52.139+02:00 DEBUG 22400 --- [http-nio-744-exec-10] org.hibernate.SQL                        : select r1_0.user_id,r1_1.id,r1_1.all_parent_ids,r1_1.descrption,r1_1.name,r1_1.parent_id,p2_0.role_id,p2_0.id,p2_0.permission,p2_0.scope from user_roles r1_0 join role r1_1 on r1_1.id=r1_0.role_id left join role_permissions p2_0 on r1_1.id=p2_0.role_id where r1_0.user_id=?
2026-01-25T02:44:52.141+02:00 DEBUG 22400 --- [http-nio-744-exec-10] c.o.a.s.tenant.TenantFilterAspect        : ⚠️ [TenantFilterAspect] Service execution without TenantID
2026-01-25T02:44:52.142+02:00 DEBUG 22400 --- [http-nio-744-exec-10] org.hibernate.SQL                        : select t1_0.user_id,t1_0.id,t1_0.tenant_id from user_tenants t1_0 where t1_0.user_id=?
2026-01-25T02:44:52.144+02:00 DEBUG 22400 --- [http-nio-744-exec-10] org.hibernate.SQL                        : select u1_0.tenant_id from user_tenants u1_0 where u1_0.user_id=?
2026-01-25T02:44:52.153+02:00 DEBUG 22400 --- [http-nio-744-exec-10] org.hibernate.SQL                        : select t1_0.id,t1_0.active,t1_0.code,t1_0.created_at,t1_0.level,t1_0.name,t1_0.parent_id,t1_0.status from tenants t1_0 where t1_0.id=?
2026-01-25T02:44:52.155+02:00 DEBUG 22400 --- [http-nio-744-exec-10] c.o.a.s.tenant.TenantFilterAspect        : 🛡️ [TenantFilterAspect] Enforced Filter for TenantID: 5
2026-01-25T02:44:52.156+02:00 DEBUG 22400 --- [http-nio-744-exec-10] org.hibernate.SQL                        : select u1_0.id,u1_0.email,u1_0.enabled,u1_0.first_name,u1_0.last_login_time,u1_0.last_name,u1_0.password,u1_0.photos,u1_0.tenant_id,u1_0.user_bio from `'user'` u1_0 where u1_0.tenant_id = ? and u1_0.tenant_id = ? and u1_0.email=?
2026-01-25T02:44:52.158+02:00 DEBUG 22400 --- [http-nio-744-exec-10] org.hibernate.SQL                        : select r1_0.user_id,r1_1.id,r1_1.all_parent_ids,r1_1.descrption,r1_1.name,r1_1.parent_id,p2_0.role_id,p2_0.id,p2_0.permission,p2_0.scope from user_roles r1_0 join role r1_1 on r1_1.id=r1_0.role_id left join role_permissions p2_0 on r1_1.id=p2_0.role_id where r1_0.user_id=?
2026-01-25T02:44:52.161+02:00 DEBUG 22400 --- [http-nio-744-exec-10] org.hibernate.SQL                        : select t1_0.user_id,t1_0.id,t1_0.tenant_id from user_tenants t1_0 where t1_0.user_id=?
2026-01-25T02:44:52.162+02:00  INFO 22400 --- [http-nio-744-exec-10] c.o.a.c.controller.CategoryController    : Checking uniqueness for id=null, name=sssssss, alias=ssssssssss
2026-01-25T02:44:52.163+02:00 DEBUG 22400 --- [http-nio-744-exec-10] c.o.a.s.tenant.TenantFilterAspect        : 🛡️ [TenantFilterAspect] Enforced Filter for TenantID: 5
2026-01-25T02:44:52.176+02:00 DEBUG 22400 --- [http-nio-744-exec-10] org.hibernate.SQL                        : select p1_0.id,p1_0.alias,p1_0.average_rating,p1_0.booking_slots,p1_0.brand_id,p1_0.category_id,p1_0.cost,p1_0.created_time,p1_0.discount_percent,p1_0.enabled,p1_0.full_description,p1_0.has_description,p1_0.has_extra_details,p1_0.has_location,p1_0.has_scheduling,p1_0.has_shipping,p1_0.height,p1_0.in_stock,p1_0.length,p1_0.main_image,p1_0.name,p1_0.price,p1_0.product_type,p1_0.review_count,p1_0.service_duration,p1_0.short_description,p1_0.subscription_interval,p1_0.tenant_id,p1_0.track_stock,p1_0.updated_time,p1_0.weight,p1_0.width from products p1_0 where (p1_0.tenant_id = ? OR p1_0.tenant_id = 0) and p1_0.tenant_id = ? and p1_0.name=?
2026-01-25T02:44:52.183+02:00 DEBUG 22400 --- [http-nio-744-exec-10] org.hibernate.SQL                        : select p1_0.id,p1_0.alias,p1_0.average_rating,p1_0.booking_slots,p1_0.brand_id,p1_0.category_id,p1_0.cost,p1_0.created_time,p1_0.discount_percent,p1_0.enabled,p1_0.full_description,p1_0.has_description,p1_0.has_extra_details,p1_0.has_location,p1_0.has_scheduling,p1_0.has_shipping,p1_0.height,p1_0.in_stock,p1_0.length,p1_0.main_image,p1_0.name,p1_0.price,p1_0.product_type,p1_0.review_count,p1_0.service_duration,p1_0.short_description,p1_0.subscription_interval,p1_0.tenant_id,p1_0.track_stock,p1_0.updated_time,p1_0.weight,p1_0.width from products p1_0 where (p1_0.tenant_id = ? OR p1_0.tenant_id = 0) and p1_0.tenant_id = ? and p1_0.alias=?
2026-01-25T02:44:52.187+02:00  INFO 22400 --- [http-nio-744-exec-10] c.o.a.c.controller.CategoryController    : Result: Ok
2026-01-25T02:44:52.188+02:00  WARN 22400 --- [http-nio-744-exec-10] o.h.c.spi.AbstractPersistentCollection   : HHH000506: Detaching an uninitialized collection with enabled filters from a session: [com.onlineStoreCom.entity.tenant.Tenant.children#5]
2026-01-25T02:44:52.188+02:00  WARN 22400 --- [http-nio-744-exec-10] o.h.c.spi.AbstractPersistentCollection   : HHH000506: Detaching an uninitialized collection with enabled filters from a session: [com.onlineStoreCom.entity.users.Role.children#1]
2026-01-25T02:44:52.249+02:00 DEBUG 22400 --- [http-nio-744-exec-1] c.o.a.s.tenant.TenantFilterAspect        : ⚠️ [TenantFilterAspect] Service execution without TenantID
2026-01-25T02:44:52.249+02:00 DEBUG 22400 --- [http-nio-744-exec-1] org.hibernate.SQL                        : select u1_0.id,u1_0.email,u1_0.enabled,u1_0.first_name,u1_0.last_login_time,u1_0.last_name,u1_0.password,u1_0.photos,u1_0.tenant_id,u1_0.user_bio from `'user'` u1_0 where u1_0.email=?
2026-01-25T02:44:52.251+02:00 DEBUG 22400 --- [http-nio-744-exec-1] org.hibernate.SQL                        : select r1_0.user_id,r1_1.id,r1_1.all_parent_ids,r1_1.descrption,r1_1.name,r1_1.parent_id,p2_0.role_id,p2_0.id,p2_0.permission,p2_0.scope from user_roles r1_0 join role r1_1 on r1_1.id=r1_0.role_id left join role_permissions p2_0 on r1_1.id=p2_0.role_id where r1_0.user_id=?
2026-01-25T02:44:52.253+02:00 DEBUG 22400 --- [http-nio-744-exec-1] c.o.a.s.tenant.TenantFilterAspect        : ⚠️ [TenantFilterAspect] Service execution without TenantID
2026-01-25T02:44:52.255+02:00 DEBUG 22400 --- [http-nio-744-exec-1] org.hibernate.SQL                        : select t1_0.user_id,t1_0.id,t1_0.tenant_id from user_tenants t1_0 where t1_0.user_id=?
2026-01-25T02:44:52.257+02:00 DEBUG 22400 --- [http-nio-744-exec-1] org.hibernate.SQL                        : select u1_0.tenant_id from user_tenants u1_0 where u1_0.user_id=?
2026-01-25T02:44:52.267+02:00 DEBUG 22400 --- [http-nio-744-exec-1] org.hibernate.SQL                        : select t1_0.id,t1_0.active,t1_0.code,t1_0.created_at,t1_0.level,t1_0.name,t1_0.parent_id,t1_0.status from tenants t1_0 where t1_0.id=?
2026-01-25T02:44:52.270+02:00 DEBUG 22400 --- [http-nio-744-exec-1] c.o.a.s.tenant.TenantFilterAspect        : 🛡️ [TenantFilterAspect] Enforced Filter for TenantID: 5
2026-01-25T02:44:52.272+02:00 DEBUG 22400 --- [http-nio-744-exec-1] org.hibernate.SQL                        : select u1_0.id,u1_0.email,u1_0.enabled,u1_0.first_name,u1_0.last_login_time,u1_0.last_name,u1_0.password,u1_0.photos,u1_0.tenant_id,u1_0.user_bio from `'user'` u1_0 where u1_0.tenant_id = ? and u1_0.tenant_id = ? and u1_0.email=?
2026-01-25T02:44:52.274+02:00 DEBUG 22400 --- [http-nio-744-exec-1] org.hibernate.SQL                        : select r1_0.user_id,r1_1.id,r1_1.all_parent_ids,r1_1.descrption,r1_1.name,r1_1.parent_id,p2_0.role_id,p2_0.id,p2_0.permission,p2_0.scope from user_roles r1_0 join role r1_1 on r1_1.id=r1_0.role_id left join role_permissions p2_0 on r1_1.id=p2_0.role_id where r1_0.user_id=?
2026-01-25T02:44:52.276+02:00 DEBUG 22400 --- [http-nio-744-exec-1] org.hibernate.SQL                        : select t1_0.user_id,t1_0.id,t1_0.tenant_id from user_tenants t1_0 where t1_0.user_id=?
2026-01-25T02:44:52.283+02:00 DEBUG 22400 --- [http-nio-744-exec-1] org.hibernate.SQL                        : select b1_0.id,b1_0.logo,b1_0.name,b1_0.tenant_id from brands b1_0 where b1_0.id=?
2026-01-25T02:44:52.289+02:00 DEBUG 22400 --- [http-nio-744-exec-1] org.hibernate.SQL                        : select c1_0.id,c1_0.alias,c1_0.all_parent_ids,c1_0.enabled,c1_0.image,c1_0.level,c1_0.name,c1_0.parent_id,c1_0.tenant_id from categories c1_0 where c1_0.id=?
2026-01-25T02:44:52.297+02:00 DEBUG 22400 --- [http-nio-744-exec-1] c.o.a.s.tenant.TenantFilterAspect        : 🛡️ [TenantFilterAspect] Enforced Filter for TenantID: 5
2026-01-25T02:44:52.300+02:00 DEBUG 22400 --- [http-nio-744-exec-1] org.hibernate.SQL                        : insert into products (alias,average_rating,booking_slots,brand_id,category_id,cost,created_time,discount_percent,enabled,full_description,has_description,has_extra_details,has_location,has_scheduling,has_shipping,height,in_stock,length,main_image,name,price,product_type,review_count,service_duration,short_description,subscription_interval,tenant_id,track_stock,updated_time,weight,width) values (?,?,?,?,?,?,?,?,?,?,?,?,?,?,?,?,?,?,?,?,?,?,?,?,?,?,?,?,?,?,?)
2026-01-25T02:44:52.365+02:00  WARN 22400 --- [http-nio-744-exec-1] o.h.c.spi.AbstractPersistentCollection   : HHH000506: Detaching an uninitialized collection with enabled filters from a session: [com.onlineStoreCom.entity.tenant.Tenant.children#5]
2026-01-25T02:44:52.365+02:00  WARN 22400 --- [http-nio-744-exec-1] o.h.c.spi.AbstractPersistentCollection   : HHH000506: Detaching an uninitialized collection with enabled filters from a session: [com.onlineStoreCom.entity.users.Role.children#1]
2026-01-25T02:44:52.365+02:00  WARN 22400 --- [http-nio-744-exec-1] o.h.c.spi.AbstractPersistentCollection   : HHH000506: Detaching an uninitialized collection with enabled filters from a session: [com.onlineStoreCom.entity.brand.Brand.categories#92]
2026-01-25T02:44:52.365+02:00  WARN 22400 --- [http-nio-744-exec-1] o.h.c.spi.AbstractPersistentCollection   : HHH000506: Detaching an uninitialized collection with enabled filters from a session: [com.onlineStoreCom.entity.category.Category.children#37]
2026-01-25T02:44:52.383+02:00 DEBUG 22400 --- [http-nio-744-exec-1] c.o.a.s.tenant.TenantFilterAspect        : ⚠️ [TenantFilterAspect] Service execution without TenantID
2026-01-25T02:44:52.384+02:00 DEBUG 22400 --- [http-nio-744-exec-1] org.hibernate.SQL                        : select u1_0.id,u1_0.email,u1_0.enabled,u1_0.first_name,u1_0.last_login_time,u1_0.last_name,u1_0.password,u1_0.photos,u1_0.tenant_id,u1_0.user_bio from `'user'` u1_0 where u1_0.email=?
2026-01-25T02:44:52.386+02:00 DEBUG 22400 --- [http-nio-744-exec-1] org.hibernate.SQL                        : select r1_0.user_id,r1_1.id,r1_1.all_parent_ids,r1_1.descrption,r1_1.name,r1_1.parent_id,p2_0.role_id,p2_0.id,p2_0.permission,p2_0.scope from user_roles r1_0 join role r1_1 on r1_1.id=r1_0.role_id left join role_permissions p2_0 on r1_1.id=p2_0.role_id where r1_0.user_id=?
2026-01-25T02:44:52.389+02:00 DEBUG 22400 --- [http-nio-744-exec-1] c.o.a.s.tenant.TenantFilterAspect        : ⚠️ [TenantFilterAspect] Service execution without TenantID
2026-01-25T02:44:52.390+02:00 DEBUG 22400 --- [http-nio-744-exec-1] org.hibernate.SQL                        : select t1_0.user_id,t1_0.id,t1_0.tenant_id from user_tenants t1_0 where t1_0.user_id=?
2026-01-25T02:44:52.393+02:00 DEBUG 22400 --- [http-nio-744-exec-1] org.hibernate.SQL                        : select u1_0.tenant_id from user_tenants u1_0 where u1_0.user_id=?
2026-01-25T02:44:52.408+02:00 DEBUG 22400 --- [http-nio-744-exec-1] org.hibernate.SQL                        : select t1_0.id,t1_0.active,t1_0.code,t1_0.created_at,t1_0.level,t1_0.name,t1_0.parent_id,t1_0.status from tenants t1_0 where t1_0.id=?
2026-01-25T02:44:52.412+02:00 DEBUG 22400 --- [http-nio-744-exec-1] c.o.a.s.tenant.TenantFilterAspect        : 🛡️ [TenantFilterAspect] Enforced Filter for TenantID: 5
2026-01-25T02:44:52.415+02:00 DEBUG 22400 --- [http-nio-744-exec-1] org.hibernate.SQL                        : select u1_0.id,u1_0.email,u1_0.enabled,u1_0.first_name,u1_0.last_login_time,u1_0.last_name,u1_0.password,u1_0.photos,u1_0.tenant_id,u1_0.user_bio from `'user'` u1_0 where u1_0.tenant_id = ? and u1_0.tenant_id = ? and u1_0.email=?
2026-01-25T02:44:52.416+02:00 DEBUG 22400 --- [http-nio-744-exec-1] org.hibernate.SQL                        : select r1_0.user_id,r1_1.id,r1_1.all_parent_ids,r1_1.descrption,r1_1.name,r1_1.parent_id,p2_0.role_id,p2_0.id,p2_0.permission,p2_0.scope from user_roles r1_0 join role r1_1 on r1_1.id=r1_0.role_id left join role_permissions p2_0 on r1_1.id=p2_0.role_id where r1_0.user_id=?
2026-01-25T02:44:52.420+02:00 DEBUG 22400 --- [http-nio-744-exec-1] org.hibernate.SQL                        : select t1_0.user_id,t1_0.id,t1_0.tenant_id from user_tenants t1_0 where t1_0.user_id=?
2026-01-25T02:44:52.421+02:00  WARN 22400 --- [http-nio-744-exec-1] o.h.c.spi.AbstractPersistentCollection   : HHH000506: Detaching an uninitialized collection with enabled filters from a session: [com.onlineStoreCom.entity.tenant.Tenant.children#5]
2026-01-25T02:44:52.421+02:00  WARN 22400 --- [http-nio-744-exec-1] o.h.c.spi.AbstractPersistentCollection   : HHH000506: Detaching an uninitialized collection with enabled filters from a session: [com.onlineStoreCom.entity.users.Role.children#1]
2026-01-25T02:44:52.430+02:00 DEBUG 22400 --- [http-nio-744-exec-3] c.o.a.s.tenant.TenantFilterAspect        : ⚠️ [TenantFilterAspect] Service execution without TenantID
2026-01-25T02:44:52.431+02:00 DEBUG 22400 --- [http-nio-744-exec-3] org.hibernate.SQL                        : select u1_0.id,u1_0.email,u1_0.enabled,u1_0.first_name,u1_0.last_login_time,u1_0.last_name,u1_0.password,u1_0.photos,u1_0.tenant_id,u1_0.user_bio from `'user'` u1_0 where u1_0.email=?
2026-01-25T02:44:52.434+02:00 DEBUG 22400 --- [http-nio-744-exec-3] org.hibernate.SQL                        : select r1_0.user_id,r1_1.id,r1_1.all_parent_ids,r1_1.descrption,r1_1.name,r1_1.parent_id,p2_0.role_id,p2_0.id,p2_0.permission,p2_0.scope from user_roles r1_0 join role r1_1 on r1_1.id=r1_0.role_id left join role_permissions p2_0 on r1_1.id=p2_0.role_id where r1_0.user_id=?
2026-01-25T02:44:52.436+02:00 DEBUG 22400 --- [http-nio-744-exec-3] c.o.a.s.tenant.TenantFilterAspect        : ⚠️ [TenantFilterAspect] Service execution without TenantID
2026-01-25T02:44:52.436+02:00 DEBUG 22400 --- [http-nio-744-exec-3] org.hibernate.SQL                        : select t1_0.user_id,t1_0.id,t1_0.tenant_id from user_tenants t1_0 where t1_0.user_id=?
2026-01-25T02:44:52.439+02:00 DEBUG 22400 --- [http-nio-744-exec-3] org.hibernate.SQL                        : select u1_0.tenant_id from user_tenants u1_0 where u1_0.user_id=?
2026-01-25T02:44:52.464+02:00 DEBUG 22400 --- [http-nio-744-exec-3] org.hibernate.SQL                        : select t1_0.id,t1_0.active,t1_0.code,t1_0.created_at,t1_0.level,t1_0.name,t1_0.parent_id,t1_0.status from tenants t1_0 where t1_0.id=?
2026-01-25T02:44:52.467+02:00 DEBUG 22400 --- [http-nio-744-exec-3] c.o.a.s.tenant.TenantFilterAspect        : 🛡️ [TenantFilterAspect] Enforced Filter for TenantID: 5
2026-01-25T02:44:52.467+02:00 DEBUG 22400 --- [http-nio-744-exec-3] org.hibernate.SQL                        : select u1_0.id,u1_0.email,u1_0.enabled,u1_0.first_name,u1_0.last_login_time,u1_0.last_name,u1_0.password,u1_0.photos,u1_0.tenant_id,u1_0.user_bio from `'user'` u1_0 where u1_0.tenant_id = ? and u1_0.tenant_id = ? and u1_0.email=?
2026-01-25T02:44:52.469+02:00 DEBUG 22400 --- [http-nio-744-exec-3] org.hibernate.SQL                        : select r1_0.user_id,r1_1.id,r1_1.all_parent_ids,r1_1.descrption,r1_1.name,r1_1.parent_id,p2_0.role_id,p2_0.id,p2_0.permission,p2_0.scope from user_roles r1_0 join role r1_1 on r1_1.id=r1_0.role_id left join role_permissions p2_0 on r1_1.id=p2_0.role_id where r1_0.user_id=?
2026-01-25T02:44:52.471+02:00 DEBUG 22400 --- [http-nio-744-exec-3] org.hibernate.SQL                        : select t1_0.user_id,t1_0.id,t1_0.tenant_id from user_tenants t1_0 where t1_0.user_id=?
2026-01-25T02:44:52.473+02:00 DEBUG 22400 --- [http-nio-744-exec-3] c.o.a.s.tenant.TenantFilterAspect        : 🛡️ [TenantFilterAspect] Enforced Filter for TenantID: 5
2026-01-25T02:44:52.475+02:00 DEBUG 22400 --- [http-nio-744-exec-3] org.hibernate.SQL                        : select p1_0.id,p1_0.alias,p1_0.average_rating,p1_0.booking_slots,p1_0.brand_id,p1_0.category_id,p1_0.cost,p1_0.created_time,p1_0.discount_percent,p1_0.enabled,p1_0.full_description,p1_0.has_description,p1_0.has_extra_details,p1_0.has_location,p1_0.has_scheduling,p1_0.has_shipping,p1_0.height,p1_0.in_stock,p1_0.length,p1_0.main_image,p1_0.name,p1_0.price,p1_0.product_type,p1_0.review_count,p1_0.service_duration,p1_0.short_description,p1_0.subscription_interval,p1_0.tenant_id,p1_0.track_stock,p1_0.updated_time,p1_0.weight,p1_0.width from products p1_0 where (p1_0.tenant_id = ? OR p1_0.tenant_id = 0) and p1_0.tenant_id = ? order by p1_0.name limit ?,?
2026-01-25T02:44:52.479+02:00 DEBUG 22400 --- [http-nio-744-exec-3] org.hibernate.SQL                        : select b1_0.id,b1_0.logo,b1_0.name,b1_0.tenant_id from brands b1_0 where b1_0.id=?
2026-01-25T02:44:52.481+02:00 DEBUG 22400 --- [http-nio-744-exec-3] org.hibernate.SQL                        : select c1_0.id,c1_0.alias,c1_0.all_parent_ids,c1_0.enabled,c1_0.image,c1_0.level,c1_0.name,c1_0.parent_id,c1_0.tenant_id from categories c1_0 where c1_0.id=?
2026-01-25T02:44:52.618+02:00 DEBUG 22400 --- [http-nio-744-exec-9] c.o.a.s.tenant.TenantFilterAspect        : ⚠️ [TenantFilterAspect] Service execution without TenantID
2026-01-25T02:44:52.618+02:00 DEBUG 22400 --- [http-nio-744-exec-2] c.o.a.s.tenant.TenantFilterAspect        : ⚠️ [TenantFilterAspect] Service execution without TenantID
2026-01-25T02:44:52.619+02:00 DEBUG 22400 --- [http-nio-744-exec-9] org.hibernate.SQL                        : select u1_0.id,u1_0.email,u1_0.enabled,u1_0.first_name,u1_0.last_login_time,u1_0.last_name,u1_0.password,u1_0.photos,u1_0.tenant_id,u1_0.user_bio from `'user'` u1_0 where u1_0.email=?
2026-01-25T02:44:52.619+02:00 DEBUG 22400 --- [http-nio-744-exec-2] org.hibernate.SQL                        : select u1_0.id,u1_0.email,u1_0.enabled,u1_0.first_name,u1_0.last_login_time,u1_0.last_name,u1_0.password,u1_0.photos,u1_0.tenant_id,u1_0.user_bio from `'user'` u1_0 where u1_0.email=?
2026-01-25T02:44:52.620+02:00 DEBUG 22400 --- [http-nio-744-exec-2] org.hibernate.SQL                        : select r1_0.user_id,r1_1.id,r1_1.all_parent_ids,r1_1.descrption,r1_1.name,r1_1.parent_id,p2_0.role_id,p2_0.id,p2_0.permission,p2_0.scope from user_roles r1_0 join role r1_1 on r1_1.id=r1_0.role_id left join role_permissions p2_0 on r1_1.id=p2_0.role_id where r1_0.user_id=?
2026-01-25T02:44:52.620+02:00 DEBUG 22400 --- [http-nio-744-exec-9] org.hibernate.SQL                        : select r1_0.user_id,r1_1.id,r1_1.all_parent_ids,r1_1.descrption,r1_1.name,r1_1.parent_id,p2_0.role_id,p2_0.id,p2_0.permission,p2_0.scope from user_roles r1_0 join role r1_1 on r1_1.id=r1_0.role_id left join role_permissions p2_0 on r1_1.id=p2_0.role_id where r1_0.user_id=?
2026-01-25T02:44:52.623+02:00 DEBUG 22400 --- [http-nio-744-exec-9] c.o.a.s.tenant.TenantFilterAspect        : ⚠️ [TenantFilterAspect] Service execution without TenantID
2026-01-25T02:44:52.623+02:00 DEBUG 22400 --- [http-nio-744-exec-2] c.o.a.s.tenant.TenantFilterAspect        : ⚠️ [TenantFilterAspect] Service execution without TenantID
2026-01-25T02:44:52.624+02:00 DEBUG 22400 --- [http-nio-744-exec-2] org.hibernate.SQL                        : select t1_0.user_id,t1_0.id,t1_0.tenant_id from user_tenants t1_0 where t1_0.user_id=?
2026-01-25T02:44:52.624+02:00 DEBUG 22400 --- [http-nio-744-exec-9] org.hibernate.SQL                        : select t1_0.user_id,t1_0.id,t1_0.tenant_id from user_tenants t1_0 where t1_0.user_id=?
2026-01-25T02:44:52.626+02:00 DEBUG 22400 --- [http-nio-744-exec-2] org.hibernate.SQL                        : select u1_0.tenant_id from user_tenants u1_0 where u1_0.user_id=?
2026-01-25T02:44:52.627+02:00 DEBUG 22400 --- [http-nio-744-exec-9] org.hibernate.SQL                        : select u1_0.tenant_id from user_tenants u1_0 where u1_0.user_id=?
2026-01-25T02:44:52.645+02:00 DEBUG 22400 --- [http-nio-744-exec-8] org.hibernate.SQL                        : select t1_0.id,t1_0.active,t1_0.code,t1_0.created_at,t1_0.level,t1_0.name,t1_0.parent_id,t1_0.status from tenants t1_0 where t1_0.id=?
2026-01-25T02:44:52.649+02:00 DEBUG 22400 --- [http-nio-744-exec-8] c.o.a.s.tenant.TenantFilterAspect        : 🛡️ [TenantFilterAspect] Enforced Filter for TenantID: 5
2026-01-25T02:44:52.650+02:00 DEBUG 22400 --- [http-nio-744-exec-8] org.hibernate.SQL                        : select u1_0.id,u1_0.email,u1_0.enabled,u1_0.first_name,u1_0.last_login_time,u1_0.last_name,u1_0.password,u1_0.photos,u1_0.tenant_id,u1_0.user_bio from `'user'` u1_0 where u1_0.tenant_id = ? and u1_0.tenant_id = ? and u1_0.email=?
2026-01-25T02:44:52.651+02:00 DEBUG 22400 --- [http-nio-744-exec-8] org.hibernate.SQL                        : select r1_0.user_id,r1_1.id,r1_1.all_parent_ids,r1_1.descrption,r1_1.name,r1_1.parent_id,p2_0.role_id,p2_0.id,p2_0.permission,p2_0.scope from user_roles r1_0 join role r1_1 on r1_1.id=r1_0.role_id left join role_permissions p2_0 on r1_1.id=p2_0.role_id where r1_0.user_id=?
2026-01-25T02:44:52.654+02:00 DEBUG 22400 --- [http-nio-744-exec-8] org.hibernate.SQL                        : select t1_0.user_id,t1_0.id,t1_0.tenant_id from user_tenants t1_0 where t1_0.user_id=?
2026-01-25T02:44:52.655+02:00 DEBUG 22400 --- [http-nio-744-exec-8] c.o.a.s.tenant.TenantFilterAspect        : 🛡️ [TenantFilterAspect] Enforced Filter for TenantID: 5
2026-01-25T02:44:52.656+02:00 DEBUG 22400 --- [http-nio-744-exec-8] org.hibernate.SQL                        : select s1_0.id,s1_0.category,s1_0.`key`,s1_0.tenant_id,s1_0.value from settings s1_0 where (s1_0.tenant_id = ? or s1_0.tenant_id = 0 or s1_0.tenant_id is null) and s1_0.tenant_id = ? and s1_0.category=?
2026-01-25T02:44:52.656+02:00 DEBUG 22400 --- [http-nio-744-exec-7] c.o.a.s.tenant.TenantFilterAspect        : ⚠️ [TenantFilterAspect] Service execution without TenantID
2026-01-25T02:44:52.657+02:00 DEBUG 22400 --- [http-nio-744-exec-7] org.hibernate.SQL                        : select u1_0.id,u1_0.email,u1_0.enabled,u1_0.first_name,u1_0.last_login_time,u1_0.last_name,u1_0.password,u1_0.photos,u1_0.tenant_id,u1_0.user_bio from `'user'` u1_0 where u1_0.email=?
2026-01-25T02:44:52.660+02:00 DEBUG 22400 --- [http-nio-744-exec-7] org.hibernate.SQL                        : select r1_0.user_id,r1_1.id,r1_1.all_parent_ids,r1_1.descrption,r1_1.name,r1_1.parent_id,p2_0.role_id,p2_0.id,p2_0.permission,p2_0.scope from user_roles r1_0 join role r1_1 on r1_1.id=r1_0.role_id left join role_permissions p2_0 on r1_1.id=p2_0.role_id where r1_0.user_id=?
2026-01-25T02:44:52.660+02:00  WARN 22400 --- [http-nio-744-exec-8] o.h.c.spi.AbstractPersistentCollection   : HHH000506: Detaching an uninitialized collection with enabled filters from a session: [com.onlineStoreCom.entity.tenant.Tenant.children#5]
2026-01-25T02:44:52.660+02:00  WARN 22400 --- [http-nio-744-exec-8] o.h.c.spi.AbstractPersistentCollection   : HHH000506: Detaching an uninitialized collection with enabled filters from a session: [com.onlineStoreCom.entity.users.Role.children#1]
2026-01-25T02:44:52.663+02:00 DEBUG 22400 --- [http-nio-744-exec-7] c.o.a.s.tenant.TenantFilterAspect        : ⚠️ [TenantFilterAspect] Service execution without TenantID
2026-01-25T02:44:52.663+02:00 DEBUG 22400 --- [http-nio-744-exec-7] org.hibernate.SQL                        : select t1_0.user_id,t1_0.id,t1_0.tenant_id from user_tenants t1_0 where t1_0.user_id=?
2026-01-25T02:44:52.665+02:00 DEBUG 22400 --- [http-nio-744-exec-7] org.hibernate.SQL                        : select u1_0.tenant_id from user_tenants u1_0 where u1_0.user_id=?
2026-01-25T02:44:52.670+02:00  WARN 22400 --- [http-nio-744-exec-3] o.h.c.spi.AbstractPersistentCollection   : HHH000506: Detaching an uninitialized collection with enabled filters from a session: [com.onlineStoreCom.entity.tenant.Tenant.children#5]
2026-01-25T02:44:52.671+02:00  WARN 22400 --- [http-nio-744-exec-3] o.h.c.spi.AbstractPersistentCollection   : HHH000506: Detaching an uninitialized collection with enabled filters from a session: [com.onlineStoreCom.entity.users.Role.children#1]
2026-01-25T02:44:52.671+02:00  WARN 22400 --- [http-nio-744-exec-3] o.h.c.spi.AbstractPersistentCollection   : HHH000506: Detaching an uninitialized collection with enabled filters from a session: [com.onlineStoreCom.entity.product.Product.details#152]
2026-01-25T02:44:52.671+02:00  WARN 22400 --- [http-nio-744-exec-3] o.h.c.spi.AbstractPersistentCollection   : HHH000506: Detaching an uninitialized collection with enabled filters from a session: [com.onlineStoreCom.entity.product.Product.images#152]
2026-01-25T02:44:52.671+02:00  WARN 22400 --- [http-nio-744-exec-3] o.h.c.spi.AbstractPersistentCollection   : HHH000506: Detaching an uninitialized collection with enabled filters from a session: [com.onlineStoreCom.entity.brand.Brand.categories#92]
2026-01-25T02:44:52.671+02:00  WARN 22400 --- [http-nio-744-exec-3] o.h.c.spi.AbstractPersistentCollection   : HHH000506: Detaching an uninitialized collection with enabled filters from a session: [com.onlineStoreCom.entity.category.Category.children#37]
2026-01-25T02:44:52.671+02:00  WARN 22400 --- [http-nio-744-exec-3] o.h.c.spi.AbstractPersistentCollection   : HHH000506: Detaching an uninitialized collection with enabled filters from a session: [com.onlineStoreCom.entity.product.Product.details#180]
2026-01-25T02:44:52.671+02:00  WARN 22400 --- [http-nio-744-exec-3] o.h.c.spi.AbstractPersistentCollection   : HHH000506: Detaching an uninitialized collection with enabled filters from a session: [com.onlineStoreCom.entity.product.Product.images#180]
2026-01-25T02:44:52.729+02:00 DEBUG 22400 --- [http-nio-744-exec-6] c.o.a.s.tenant.TenantFilterAspect        : ⚠️ [TenantFilterAspect] Service execution without TenantID
2026-01-25T02:44:52.729+02:00 DEBUG 22400 --- [http-nio-744-exec-4] c.o.a.s.tenant.TenantFilterAspect        : ⚠️ [TenantFilterAspect] Service execution without TenantID
2026-01-25T02:44:52.729+02:00 DEBUG 22400 --- [http-nio-744-exec-5] c.o.a.s.tenant.TenantFilterAspect        : ⚠️ [TenantFilterAspect] Service execution without TenantID
2026-01-25T02:44:52.731+02:00 DEBUG 22400 --- [http-nio-744-exec-5] org.hibernate.SQL                        : select u1_0.id,u1_0.email,u1_0.enabled,u1_0.first_name,u1_0.last_login_time,u1_0.last_name,u1_0.password,u1_0.photos,u1_0.tenant_id,u1_0.user_bio from `'user'` u1_0 where u1_0.email=?
2026-01-25T02:44:52.731+02:00 DEBUG 22400 --- [http-nio-744-exec-6] org.hibernate.SQL                        : select u1_0.id,u1_0.email,u1_0.enabled,u1_0.first_name,u1_0.last_login_time,u1_0.last_name,u1_0.password,u1_0.photos,u1_0.tenant_id,u1_0.user_bio from `'user'` u1_0 where u1_0.email=?
2026-01-25T02:44:52.731+02:00 DEBUG 22400 --- [http-nio-744-exec-4] org.hibernate.SQL                        : select u1_0.id,u1_0.email,u1_0.enabled,u1_0.first_name,u1_0.last_login_time,u1_0.last_name,u1_0.password,u1_0.photos,u1_0.tenant_id,u1_0.user_bio from `'user'` u1_0 where u1_0.email=?
2026-01-25T02:44:52.733+02:00 DEBUG 22400 --- [http-nio-744-exec-6] org.hibernate.SQL                        : select r1_0.user_id,r1_1.id,r1_1.all_parent_ids,r1_1.descrption,r1_1.name,r1_1.parent_id,p2_0.role_id,p2_0.id,p2_0.permission,p2_0.scope from user_roles r1_0 join role r1_1 on r1_1.id=r1_0.role_id left join role_permissions p2_0 on r1_1.id=p2_0.role_id where r1_0.user_id=?
2026-01-25T02:44:52.733+02:00 DEBUG 22400 --- [http-nio-744-exec-4] org.hibernate.SQL                        : select r1_0.user_id,r1_1.id,r1_1.all_parent_ids,r1_1.descrption,r1_1.name,r1_1.parent_id,p2_0.role_id,p2_0.id,p2_0.permission,p2_0.scope from user_roles r1_0 join role r1_1 on r1_1.id=r1_0.role_id left join role_permissions p2_0 on r1_1.id=p2_0.role_id where r1_0.user_id=?
2026-01-25T02:44:52.733+02:00 DEBUG 22400 --- [http-nio-744-exec-5] org.hibernate.SQL                        : select r1_0.user_id,r1_1.id,r1_1.all_parent_ids,r1_1.descrption,r1_1.name,r1_1.parent_id,p2_0.role_id,p2_0.id,p2_0.permission,p2_0.scope from user_roles r1_0 join role r1_1 on r1_1.id=r1_0.role_id left join role_permissions p2_0 on r1_1.id=p2_0.role_id where r1_0.user_id=?
2026-01-25T02:44:52.734+02:00 DEBUG 22400 --- [http-nio-744-exec-4] c.o.a.s.tenant.TenantFilterAspect        : ⚠️ [TenantFilterAspect] Service execution without TenantID
2026-01-25T02:44:52.734+02:00 DEBUG 22400 --- [http-nio-744-exec-5] c.o.a.s.tenant.TenantFilterAspect        : ⚠️ [TenantFilterAspect] Service execution without TenantID
2026-01-25T02:44:52.734+02:00 DEBUG 22400 --- [http-nio-744-exec-6] c.o.a.s.tenant.TenantFilterAspect        : ⚠️ [TenantFilterAspect] Service execution without TenantID
2026-01-25T02:44:52.735+02:00 DEBUG 22400 --- [http-nio-744-exec-6] org.hibernate.SQL                        : select t1_0.user_id,t1_0.id,t1_0.tenant_id from user_tenants t1_0 where t1_0.user_id=?
2026-01-25T02:44:52.735+02:00 DEBUG 22400 --- [http-nio-744-exec-5] org.hibernate.SQL                        : select t1_0.user_id,t1_0.id,t1_0.tenant_id from user_tenants t1_0 where t1_0.user_id=?
2026-01-25T02:44:52.735+02:00 DEBUG 22400 --- [http-nio-744-exec-4] org.hibernate.SQL                        : select t1_0.user_id,t1_0.id,t1_0.tenant_id from user_tenants t1_0 where t1_0.user_id=?
2026-01-25T02:44:52.737+02:00 DEBUG 22400 --- [http-nio-744-exec-5] org.hibernate.SQL                        : select u1_0.tenant_id from user_tenants u1_0 where u1_0.user_id=?
2026-01-25T02:44:52.737+02:00 DEBUG 22400 --- [http-nio-744-exec-6] org.hibernate.SQL                        : select u1_0.tenant_id from user_tenants u1_0 where u1_0.user_id=?
2026-01-25T02:44:52.739+02:00 DEBUG 22400 --- [http-nio-744-exec-4] org.hibernate.SQL                        : select u1_0.tenant_id from user_tenants u1_0 where u1_0.user_id=?
2026-01-25T02:44:52.749+02:00 DEBUG 22400 --- [http-nio-744-exec-9] c.o.a.s.tenant.TenantFilterAspect        : ⚠️ [TenantFilterAspect] Service execution without TenantID
2026-01-25T02:44:52.751+02:00 DEBUG 22400 --- [http-nio-744-exec-9] org.hibernate.SQL                        : select u1_0.id,u1_0.email,u1_0.enabled,u1_0.first_name,u1_0.last_login_time,u1_0.last_name,u1_0.password,u1_0.photos,u1_0.tenant_id,u1_0.user_bio from `'user'` u1_0 where u1_0.email=?
2026-01-25T02:44:52.753+02:00 DEBUG 22400 --- [http-nio-744-exec-9] org.hibernate.SQL                        : select r1_0.user_id,r1_1.id,r1_1.all_parent_ids,r1_1.descrption,r1_1.name,r1_1.parent_id,p2_0.role_id,p2_0.id,p2_0.permission,p2_0.scope from user_roles r1_0 join role r1_1 on r1_1.id=r1_0.role_id left join role_permissions p2_0 on r1_1.id=p2_0.role_id where r1_0.user_id=?
2026-01-25T02:44:52.757+02:00 DEBUG 22400 --- [http-nio-744-exec-9] c.o.a.s.tenant.TenantFilterAspect        : ⚠️ [TenantFilterAspect] Service execution without TenantID
2026-01-25T02:44:52.758+02:00 DEBUG 22400 --- [http-nio-744-exec-9] org.hibernate.SQL                        : select t1_0.user_id,t1_0.id,t1_0.tenant_id from user_tenants t1_0 where t1_0.user_id=?
2026-01-25T02:44:52.760+02:00 DEBUG 22400 --- [http-nio-744-exec-9] org.hibernate.SQL                        : select u1_0.tenant_id from user_tenants u1_0 where u1_0.user_id=?
2026-01-25T02:44:52.767+02:00 DEBUG 22400 --- [http-nio-744-exec-3] c.o.a.s.tenant.TenantFilterAspect        : ⚠️ [TenantFilterAspect] Service execution without TenantID
2026-01-25T02:44:52.768+02:00 DEBUG 22400 --- [http-nio-744-exec-3] org.hibernate.SQL                        : select u1_0.id,u1_0.email,u1_0.enabled,u1_0.first_name,u1_0.last_login_time,u1_0.last_name,u1_0.password,u1_0.photos,u1_0.tenant_id,u1_0.user_bio from `'user'` u1_0 where u1_0.email=?
2026-01-25T02:44:52.769+02:00 DEBUG 22400 --- [http-nio-744-exec-3] org.hibernate.SQL                        : select r1_0.user_id,r1_1.id,r1_1.all_parent_ids,r1_1.descrption,r1_1.name,r1_1.parent_id,p2_0.role_id,p2_0.id,p2_0.permission,p2_0.scope from user_roles r1_0 join role r1_1 on r1_1.id=r1_0.role_id left join role_permissions p2_0 on r1_1.id=p2_0.role_id where r1_0.user_id=?
2026-01-25T02:44:52.772+02:00 DEBUG 22400 --- [http-nio-744-exec-3] c.o.a.s.tenant.TenantFilterAspect        : ⚠️ [TenantFilterAspect] Service execution without TenantID
2026-01-25T02:44:52.773+02:00 DEBUG 22400 --- [http-nio-744-exec-3] org.hibernate.SQL                        : select t1_0.user_id,t1_0.id,t1_0.tenant_id from user_tenants t1_0 where t1_0.user_id=?
2026-01-25T02:44:52.773+02:00 DEBUG 22400 --- [http-nio-744-exec-10] c.o.a.s.tenant.TenantFilterAspect        : ⚠️ [TenantFilterAspect] Service execution without TenantID
2026-01-25T02:44:52.774+02:00 DEBUG 22400 --- [http-nio-744-exec-10] org.hibernate.SQL                        : select u1_0.id,u1_0.email,u1_0.enabled,u1_0.first_name,u1_0.last_login_time,u1_0.last_name,u1_0.password,u1_0.photos,u1_0.tenant_id,u1_0.user_bio from `'user'` u1_0 where u1_0.email=?
2026-01-25T02:44:52.774+02:00 DEBUG 22400 --- [http-nio-744-exec-3] org.hibernate.SQL                        : select u1_0.tenant_id from user_tenants u1_0 where u1_0.user_id=?
2026-01-25T02:44:52.774+02:00 DEBUG 22400 --- [http-nio-744-exec-4] c.o.a.s.tenant.TenantFilterAspect        : ⚠️ [TenantFilterAspect] Service execution without TenantID
2026-01-25T02:44:52.774+02:00 DEBUG 22400 --- [http-nio-744-exec-6] c.o.a.s.tenant.TenantFilterAspect        : ⚠️ [TenantFilterAspect] Service execution without TenantID
2026-01-25T02:44:52.775+02:00 DEBUG 22400 --- [http-nio-744-exec-10] org.hibernate.SQL                        : select r1_0.user_id,r1_1.id,r1_1.all_parent_ids,r1_1.descrption,r1_1.name,r1_1.parent_id,p2_0.role_id,p2_0.id,p2_0.permission,p2_0.scope from user_roles r1_0 join role r1_1 on r1_1.id=r1_0.role_id left join role_permissions p2_0 on r1_1.id=p2_0.role_id where r1_0.user_id=?
2026-01-25T02:44:52.775+02:00 DEBUG 22400 --- [http-nio-744-exec-4] org.hibernate.SQL                        : select u1_0.id,u1_0.email,u1_0.enabled,u1_0.first_name,u1_0.last_login_time,u1_0.last_name,u1_0.password,u1_0.photos,u1_0.tenant_id,u1_0.user_bio from `'user'` u1_0 where u1_0.email=?
2026-01-25T02:44:52.775+02:00 DEBUG 22400 --- [http-nio-744-exec-6] org.hibernate.SQL                        : select u1_0.id,u1_0.email,u1_0.enabled,u1_0.first_name,u1_0.last_login_time,u1_0.last_name,u1_0.password,u1_0.photos,u1_0.tenant_id,u1_0.user_bio from `'user'` u1_0 where u1_0.email=?
2026-01-25T02:44:52.775+02:00 DEBUG 22400 --- [http-nio-744-exec-4] org.hibernate.SQL                        : select r1_0.user_id,r1_1.id,r1_1.all_parent_ids,r1_1.descrption,r1_1.name,r1_1.parent_id,p2_0.role_id,p2_0.id,p2_0.permission,p2_0.scope from user_roles r1_0 join role r1_1 on r1_1.id=r1_0.role_id left join role_permissions p2_0 on r1_1.id=p2_0.role_id where r1_0.user_id=?
2026-01-25T02:44:52.778+02:00 DEBUG 22400 --- [http-nio-744-exec-10] org.hibernate.SQL                        : select t1_0.user_id,t1_0.id,t1_0.tenant_id from user_tenants t1_0 where t1_0.user_id=?
2026-01-25T02:44:52.778+02:00 DEBUG 22400 --- [http-nio-744-exec-4] org.hibernate.SQL                        : select t1_0.user_id,t1_0.id,t1_0.tenant_id from user_tenants t1_0 where t1_0.user_id=?
2026-01-25T02:44:52.781+02:00 DEBUG 22400 --- [http-nio-744-exec-6] org.hibernate.SQL                        : select r1_0.user_id,r1_1.id,r1_1.all_parent_ids,r1_1.descrption,r1_1.name,r1_1.parent_id,p2_0.role_id,p2_0.id,p2_0.permission,p2_0.scope from user_roles r1_0 join role r1_1 on r1_1.id=r1_0.role_id left join role_permissions p2_0 on r1_1.id=p2_0.role_id where r1_0.user_id=?
2026-01-25T02:44:52.785+02:00 DEBUG 22400 --- [http-nio-744-exec-6] org.hibernate.SQL                        : select t1_0.user_id,t1_0.id,t1_0.tenant_id from user_tenants t1_0 where t1_0.user_id=?
2026-01-25T02:44:52.785+02:00 DEBUG 22400 --- [http-nio-744-exec-3] org.hibernate.SQL                        : select t1_0.id,t1_0.active,t1_0.code,t1_0.created_at,t1_0.level,t1_0.name,t1_0.parent_id,t1_0.status from tenants t1_0 where t1_0.id=?
2026-01-25T02:44:52.788+02:00 DEBUG 22400 --- [http-nio-744-exec-3] c.o.a.s.tenant.TenantFilterAspect        : 🛡️ [TenantFilterAspect] Enforced Filter for TenantID: 5
2026-01-25T02:44:52.789+02:00 DEBUG 22400 --- [http-nio-744-exec-3] org.hibernate.SQL                        : select u1_0.id,u1_0.email,u1_0.enabled,u1_0.first_name,u1_0.last_login_time,u1_0.last_name,u1_0.password,u1_0.photos,u1_0.tenant_id,u1_0.user_bio from `'user'` u1_0 where u1_0.tenant_id = ? and u1_0.tenant_id = ? and u1_0.email=?
2026-01-25T02:44:52.790+02:00 DEBUG 22400 --- [http-nio-744-exec-3] org.hibernate.SQL                        : select r1_0.user_id,r1_1.id,r1_1.all_parent_ids,r1_1.descrption,r1_1.name,r1_1.parent_id,p2_0.role_id,p2_0.id,p2_0.permission,p2_0.scope from user_roles r1_0 join role r1_1 on r1_1.id=r1_0.role_id left join role_permissions p2_0 on r1_1.id=p2_0.role_id where r1_0.user_id=?
2026-01-25T02:44:52.793+02:00 DEBUG 22400 --- [http-nio-744-exec-3] org.hibernate.SQL                        : select t1_0.user_id,t1_0.id,t1_0.tenant_id from user_tenants t1_0 where t1_0.user_id=?
2026-01-25T02:44:52.794+02:00 DEBUG 22400 --- [http-nio-744-exec-3] c.o.a.s.tenant.TenantFilterAspect        : 🛡️ [TenantFilterAspect] Enforced Filter for TenantID: 5
2026-01-25T02:44:52.796+02:00 DEBUG 22400 --- [http-nio-744-exec-3] org.hibernate.SQL                        : select u1_0.id,u1_0.email,u1_0.enabled,u1_0.first_name,u1_0.last_login_time,u1_0.last_name,u1_0.password,u1_0.photos,u1_0.tenant_id,u1_0.user_bio from `'user'` u1_0 where u1_0.tenant_id = ? and u1_0.tenant_id = ? and u1_0.email=?
2026-01-25T02:44:52.799+02:00 DEBUG 22400 --- [http-nio-744-exec-3] c.o.a.s.tenant.TenantFilterAspect        : 🛡️ [TenantFilterAspect] Enforced Filter for TenantID: 5
2026-01-25T02:44:52.801+02:00  WARN 22400 --- [http-nio-744-exec-3] o.h.c.spi.AbstractPersistentCollection   : HHH000506: Detaching an uninitialized collection with enabled filters from a session: [com.onlineStoreCom.entity.tenant.Tenant.children#5]
2026-01-25T02:44:52.802+02:00  WARN 22400 --- [http-nio-744-exec-3] o.h.c.spi.AbstractPersistentCollection   : HHH000506: Detaching an uninitialized collection with enabled filters from a session: [com.onlineStoreCom.entity.users.Role.children#1]
2026-01-25T02:44:56.505+02:00 DEBUG 22400 --- [http-nio-744-exec-1] c.o.a.s.tenant.TenantFilterAspect        : ⚠️ [TenantFilterAspect] Service execution without TenantID
2026-01-25T02:44:56.508+02:00 DEBUG 22400 --- [http-nio-744-exec-1] org.hibernate.SQL                        : select u1_0.id,u1_0.email,u1_0.enabled,u1_0.first_name,u1_0.last_login_time,u1_0.last_name,u1_0.password,u1_0.photos,u1_0.tenant_id,u1_0.user_bio from `'user'` u1_0 where u1_0.email=?
2026-01-25T02:44:56.510+02:00 DEBUG 22400 --- [http-nio-744-exec-1] org.hibernate.SQL                        : select r1_0.user_id,r1_1.id,r1_1.all_parent_ids,r1_1.descrption,r1_1.name,r1_1.parent_id,p2_0.role_id,p2_0.id,p2_0.permission,p2_0.scope from user_roles r1_0 join role r1_1 on r1_1.id=r1_0.role_id left join role_permissions p2_0 on r1_1.id=p2_0.role_id where r1_0.user_id=?
2026-01-25T02:44:56.516+02:00 DEBUG 22400 --- [http-nio-744-exec-1] c.o.a.s.tenant.TenantFilterAspect        : ⚠️ [TenantFilterAspect] Service execution without TenantID
2026-01-25T02:44:56.516+02:00 DEBUG 22400 --- [http-nio-744-exec-1] org.hibernate.SQL                        : select t1_0.user_id,t1_0.id,t1_0.tenant_id from user_tenants t1_0 where t1_0.user_id=?
2026-01-25T02:44:56.518+02:00 DEBUG 22400 --- [http-nio-744-exec-1] org.hibernate.SQL                        : select u1_0.tenant_id from user_tenants u1_0 where u1_0.user_id=?
2026-01-25T02:44:56.547+02:00 DEBUG 22400 --- [http-nio-744-exec-1] org.hibernate.SQL                        : select t1_0.id,t1_0.active,t1_0.code,t1_0.created_at,t1_0.level,t1_0.name,t1_0.parent_id,t1_0.status from tenants t1_0 where t1_0.id=?
2026-01-25T02:44:56.550+02:00 DEBUG 22400 --- [http-nio-744-exec-1] c.o.a.s.tenant.TenantFilterAspect        : 🛡️ [TenantFilterAspect] Enforced Filter for TenantID: 5
2026-01-25T02:44:56.551+02:00 DEBUG 22400 --- [http-nio-744-exec-1] org.hibernate.SQL                        : select u1_0.id,u1_0.email,u1_0.enabled,u1_0.first_name,u1_0.last_login_time,u1_0.last_name,u1_0.password,u1_0.photos,u1_0.tenant_id,u1_0.user_bio from `'user'` u1_0 where u1_0.tenant_id = ? and u1_0.tenant_id = ? and u1_0.email=?
2026-01-25T02:44:56.552+02:00 DEBUG 22400 --- [http-nio-744-exec-1] org.hibernate.SQL                        : select r1_0.user_id,r1_1.id,r1_1.all_parent_ids,r1_1.descrption,r1_1.name,r1_1.parent_id,p2_0.role_id,p2_0.id,p2_0.permission,p2_0.scope from user_roles r1_0 join role r1_1 on r1_1.id=r1_0.role_id left join role_permissions p2_0 on r1_1.id=p2_0.role_id where r1_0.user_id=?
2026-01-25T02:44:56.555+02:00 DEBUG 22400 --- [http-nio-744-exec-1] org.hibernate.SQL                        : select t1_0.user_id,t1_0.id,t1_0.tenant_id from user_tenants t1_0 where t1_0.user_id=?
2026-01-25T02:44:56.557+02:00 DEBUG 22400 --- [http-nio-744-exec-1] c.o.a.s.tenant.TenantFilterAspect        : 🛡️ [TenantFilterAspect] Enforced Filter for TenantID: 5
2026-01-25T02:44:56.560+02:00 DEBUG 22400 --- [http-nio-744-exec-1] org.hibernate.SQL                        : select p1_0.id,p1_0.alias,p1_0.average_rating,p1_0.booking_slots,b1_0.id,b1_0.logo,b1_0.name,b1_0.tenant_id,c1_0.id,c1_0.alias,c1_0.all_parent_ids,c1_0.enabled,c1_0.image,c1_0.level,c1_0.name,c1_0.parent_id,c1_0.tenant_id,p1_0.cost,p1_0.created_time,p1_0.discount_percent,p1_0.enabled,p1_0.full_description,p1_0.has_description,p1_0.has_extra_details,p1_0.has_location,p1_0.has_scheduling,p1_0.has_shipping,p1_0.height,p1_0.in_stock,p1_0.length,p1_0.main_image,p1_0.name,p1_0.price,p1_0.product_type,p1_0.review_count,p1_0.service_duration,p1_0.short_description,p1_0.subscription_interval,p1_0.tenant_id,p1_0.track_stock,p1_0.updated_time,p1_0.weight,p1_0.width from products p1_0 left join brands b1_0 on b1_0.id=p1_0.brand_id left join categories c1_0 on c1_0.id=p1_0.category_id where p1_0.id=?
2026-01-25T02:44:56.564+02:00 DEBUG 22400 --- [http-nio-744-exec-1] org.hibernate.SQL                        : select i1_0.product_id,i1_0.id,i1_0.name,i1_0.tenant_id from product_images i1_0 where i1_0.product_id=?
2026-01-25T02:44:56.839+02:00 DEBUG 22400 --- [http-nio-744-exec-1] org.hibernate.SQL                        : select d1_0.product_id,d1_0.id,d1_0.name,d1_0.tenant_id,d1_0.value from product_details d1_0 where d1_0.product_id=?
2026-01-25T02:44:56.848+02:00  WARN 22400 --- [http-nio-744-exec-1] o.h.c.spi.AbstractPersistentCollection   : HHH000506: Detaching an uninitialized collection with enabled filters from a session: [com.onlineStoreCom.entity.tenant.Tenant.children#5]
2026-01-25T02:44:56.849+02:00  WARN 22400 --- [http-nio-744-exec-1] o.h.c.spi.AbstractPersistentCollection   : HHH000506: Detaching an uninitialized collection with enabled filters from a session: [com.onlineStoreCom.entity.users.Role.children#1]
2026-01-25T02:44:56.849+02:00  WARN 22400 --- [http-nio-744-exec-1] o.h.c.spi.AbstractPersistentCollection   : HHH000506: Detaching an uninitialized collection with enabled filters from a session: [com.onlineStoreCom.entity.brand.Brand.categories#92]
2026-01-25T02:44:56.849+02:00  WARN 22400 --- [http-nio-744-exec-1] o.h.c.spi.AbstractPersistentCollection   : HHH000506: Detaching an uninitialized collection with enabled filters from a session: [com.onlineStoreCom.entity.category.Category.children#37]
2026-01-25T02:44:56.857+02:00 DEBUG 22400 --- [http-nio-744-exec-2] c.o.a.s.tenant.TenantFilterAspect        : ⚠️ [TenantFilterAspect] Service execution without TenantID
2026-01-25T02:44:56.858+02:00 DEBUG 22400 --- [http-nio-744-exec-2] org.hibernate.SQL                        : select u1_0.id,u1_0.email,u1_0.enabled,u1_0.first_name,u1_0.last_login_time,u1_0.last_name,u1_0.password,u1_0.photos,u1_0.tenant_id,u1_0.user_bio from `'user'` u1_0 where u1_0.email=?
2026-01-25T02:44:56.859+02:00 DEBUG 22400 --- [http-nio-744-exec-2] org.hibernate.SQL                        : select r1_0.user_id,r1_1.id,r1_1.all_parent_ids,r1_1.descrption,r1_1.name,r1_1.parent_id,p2_0.role_id,p2_0.id,p2_0.permission,p2_0.scope from user_roles r1_0 join role r1_1 on r1_1.id=r1_0.role_id left join role_permissions p2_0 on r1_1.id=p2_0.role_id where r1_0.user_id=?
2026-01-25T02:44:56.860+02:00 DEBUG 22400 --- [http-nio-744-exec-10] c.o.a.s.tenant.TenantFilterAspect        : ⚠️ [TenantFilterAspect] Service execution without TenantID
2026-01-25T02:44:56.861+02:00 DEBUG 22400 --- [http-nio-744-exec-10] org.hibernate.SQL                        : select u1_0.id,u1_0.email,u1_0.enabled,u1_0.first_name,u1_0.last_login_time,u1_0.last_name,u1_0.password,u1_0.photos,u1_0.tenant_id,u1_0.user_bio from `'user'` u1_0 where u1_0.email=?
2026-01-25T02:44:56.865+02:00 DEBUG 22400 --- [http-nio-744-exec-5] c.o.a.s.tenant.TenantFilterAspect        : ⚠️ [TenantFilterAspect] Service execution without TenantID
2026-01-25T02:44:56.866+02:00 DEBUG 22400 --- [http-nio-744-exec-5] org.hibernate.SQL                        : select u1_0.id,u1_0.email,u1_0.enabled,u1_0.first_name,u1_0.last_login_time,u1_0.last_name,u1_0.password,u1_0.photos,u1_0.tenant_id,u1_0.user_bio from `'user'` u1_0 where u1_0.email=?
2026-01-25T02:44:56.866+02:00 DEBUG 22400 --- [http-nio-744-exec-10] org.hibernate.SQL                        : select r1_0.user_id,r1_1.id,r1_1.all_parent_ids,r1_1.descrption,r1_1.name,r1_1.parent_id,p2_0.role_id,p2_0.id,p2_0.permission,p2_0.scope from user_roles r1_0 join role r1_1 on r1_1.id=r1_0.role_id left join role_permissions p2_0 on r1_1.id=p2_0.role_id where r1_0.user_id=?
2026-01-25T02:44:56.867+02:00 DEBUG 22400 --- [http-nio-744-exec-2] c.o.a.s.tenant.TenantFilterAspect        : ⚠️ [TenantFilterAspect] Service execution without TenantID
2026-01-25T02:44:56.867+02:00 DEBUG 22400 --- [http-nio-744-exec-5] org.hibernate.SQL                        : select r1_0.user_id,r1_1.id,r1_1.all_parent_ids,r1_1.descrption,r1_1.name,r1_1.parent_id,p2_0.role_id,p2_0.id,p2_0.permission,p2_0.scope from user_roles r1_0 join role r1_1 on r1_1.id=r1_0.role_id left join role_permissions p2_0 on r1_1.id=p2_0.role_id where r1_0.user_id=?
2026-01-25T02:44:56.867+02:00 DEBUG 22400 --- [http-nio-744-exec-2] org.hibernate.SQL                        : select t1_0.user_id,t1_0.id,t1_0.tenant_id from user_tenants t1_0 where t1_0.user_id=?
2026-01-25T02:44:56.868+02:00 DEBUG 22400 --- [http-nio-744-exec-10] c.o.a.s.tenant.TenantFilterAspect        : ⚠️ [TenantFilterAspect] Service execution without TenantID
2026-01-25T02:44:56.869+02:00 DEBUG 22400 --- [http-nio-744-exec-5] c.o.a.s.tenant.TenantFilterAspect        : ⚠️ [TenantFilterAspect] Service execution without TenantID
2026-01-25T02:44:56.869+02:00 DEBUG 22400 --- [http-nio-744-exec-10] org.hibernate.SQL                        : select t1_0.user_id,t1_0.id,t1_0.tenant_id from user_tenants t1_0 where t1_0.user_id=?
2026-01-25T02:44:56.869+02:00 DEBUG 22400 --- [http-nio-744-exec-2] org.hibernate.SQL                        : select u1_0.tenant_id from user_tenants u1_0 where u1_0.user_id=?
2026-01-25T02:44:56.869+02:00 DEBUG 22400 --- [http-nio-744-exec-5] org.hibernate.SQL                        : select t1_0.user_id,t1_0.id,t1_0.tenant_id from user_tenants t1_0 where t1_0.user_id=?
2026-01-25T02:44:56.870+02:00 DEBUG 22400 --- [http-nio-744-exec-5] org.hibernate.SQL                        : select u1_0.tenant_id from user_tenants u1_0 where u1_0.user_id=?
2026-01-25T02:44:56.870+02:00 DEBUG 22400 --- [http-nio-744-exec-10] org.hibernate.SQL                        : select u1_0.tenant_id from user_tenants u1_0 where u1_0.user_id=?
2026-01-25T02:44:56.929+02:00 DEBUG 22400 --- [http-nio-744-exec-1] c.o.a.s.tenant.TenantFilterAspect        : ⚠️ [TenantFilterAspect] Service execution without TenantID
2026-01-25T02:44:56.931+02:00 DEBUG 22400 --- [http-nio-744-exec-1] org.hibernate.SQL                        : select u1_0.id,u1_0.email,u1_0.enabled,u1_0.first_name,u1_0.last_login_time,u1_0.last_name,u1_0.password,u1_0.photos,u1_0.tenant_id,u1_0.user_bio from `'user'` u1_0 where u1_0.email=?
2026-01-25T02:44:56.931+02:00 DEBUG 22400 --- [http-nio-744-exec-1] org.hibernate.SQL                        : select r1_0.user_id,r1_1.id,r1_1.all_parent_ids,r1_1.descrption,r1_1.name,r1_1.parent_id,p2_0.role_id,p2_0.id,p2_0.permission,p2_0.scope from user_roles r1_0 join role r1_1 on r1_1.id=r1_0.role_id left join role_permissions p2_0 on r1_1.id=p2_0.role_id where r1_0.user_id=?
2026-01-25T02:44:56.934+02:00 DEBUG 22400 --- [http-nio-744-exec-1] c.o.a.s.tenant.TenantFilterAspect        : ⚠️ [TenantFilterAspect] Service execution without TenantID
2026-01-25T02:44:56.934+02:00 DEBUG 22400 --- [http-nio-744-exec-1] org.hibernate.SQL                        : select t1_0.user_id,t1_0.id,t1_0.tenant_id from user_tenants t1_0 where t1_0.user_id=?
2026-01-25T02:44:56.936+02:00 DEBUG 22400 --- [http-nio-744-exec-1] org.hibernate.SQL                        : select u1_0.tenant_id from user_tenants u1_0 where u1_0.user_id=?
2026-01-25T02:44:56.973+02:00 DEBUG 22400 --- [http-nio-744-exec-4] c.o.a.s.tenant.TenantFilterAspect        : ⚠️ [TenantFilterAspect] Service execution without TenantID
2026-01-25T02:44:56.974+02:00 DEBUG 22400 --- [http-nio-744-exec-4] org.hibernate.SQL                        : select u1_0.id,u1_0.email,u1_0.enabled,u1_0.first_name,u1_0.last_login_time,u1_0.last_name,u1_0.password,u1_0.photos,u1_0.tenant_id,u1_0.user_bio from `'user'` u1_0 where u1_0.email=?
2026-01-25T02:44:56.976+02:00 DEBUG 22400 --- [http-nio-744-exec-4] org.hibernate.SQL                        : select r1_0.user_id,r1_1.id,r1_1.all_parent_ids,r1_1.descrption,r1_1.name,r1_1.parent_id,p2_0.role_id,p2_0.id,p2_0.permission,p2_0.scope from user_roles r1_0 join role r1_1 on r1_1.id=r1_0.role_id left join role_permissions p2_0 on r1_1.id=p2_0.role_id where r1_0.user_id=?
2026-01-25T02:44:56.979+02:00 DEBUG 22400 --- [http-nio-744-exec-4] c.o.a.s.tenant.TenantFilterAspect        : ⚠️ [TenantFilterAspect] Service execution without TenantID
2026-01-25T02:44:56.980+02:00 DEBUG 22400 --- [http-nio-744-exec-4] org.hibernate.SQL                        : select t1_0.user_id,t1_0.id,t1_0.tenant_id from user_tenants t1_0 where t1_0.user_id=?
2026-01-25T02:44:56.981+02:00 DEBUG 22400 --- [http-nio-744-exec-4] org.hibernate.SQL                        : select u1_0.tenant_id from user_tenants u1_0 where u1_0.user_id=?
2026-01-25T02:44:56.994+02:00 DEBUG 22400 --- [http-nio-744-exec-4] c.o.a.s.tenant.TenantFilterAspect        : ⚠️ [TenantFilterAspect] Service execution without TenantID
2026-01-25T02:44:56.994+02:00 DEBUG 22400 --- [http-nio-744-exec-4] org.hibernate.SQL                        : select u1_0.id,u1_0.email,u1_0.enabled,u1_0.first_name,u1_0.last_login_time,u1_0.last_name,u1_0.password,u1_0.photos,u1_0.tenant_id,u1_0.user_bio from `'user'` u1_0 where u1_0.email=?
2026-01-25T02:44:56.997+02:00 DEBUG 22400 --- [http-nio-744-exec-4] org.hibernate.SQL                        : select r1_0.user_id,r1_1.id,r1_1.all_parent_ids,r1_1.descrption,r1_1.name,r1_1.parent_id,p2_0.role_id,p2_0.id,p2_0.permission,p2_0.scope from user_roles r1_0 join role r1_1 on r1_1.id=r1_0.role_id left join role_permissions p2_0 on r1_1.id=p2_0.role_id where r1_0.user_id=?
2026-01-25T02:44:56.999+02:00 DEBUG 22400 --- [http-nio-744-exec-4] org.hibernate.SQL                        : select t1_0.user_id,t1_0.id,t1_0.tenant_id from user_tenants t1_0 where t1_0.user_id=?
2026-01-25T02:44:57.008+02:00 DEBUG 22400 --- [http-nio-744-exec-8] c.o.a.s.tenant.TenantFilterAspect        : ⚠️ [TenantFilterAspect] Service execution without TenantID
2026-01-25T02:44:57.013+02:00 DEBUG 22400 --- [http-nio-744-exec-8] org.hibernate.SQL                        : select u1_0.id,u1_0.email,u1_0.enabled,u1_0.first_name,u1_0.last_login_time,u1_0.last_name,u1_0.password,u1_0.photos,u1_0.tenant_id,u1_0.user_bio from `'user'` u1_0 where u1_0.email=?
2026-01-25T02:44:57.014+02:00 DEBUG 22400 --- [http-nio-744-exec-8] org.hibernate.SQL                        : select r1_0.user_id,r1_1.id,r1_1.all_parent_ids,r1_1.descrption,r1_1.name,r1_1.parent_id,p2_0.role_id,p2_0.id,p2_0.permission,p2_0.scope from user_roles r1_0 join role r1_1 on r1_1.id=r1_0.role_id left join role_permissions p2_0 on r1_1.id=p2_0.role_id where r1_0.user_id=?
2026-01-25T02:44:57.018+02:00 DEBUG 22400 --- [http-nio-744-exec-8] c.o.a.s.tenant.TenantFilterAspect        : ⚠️ [TenantFilterAspect] Service execution without TenantID
2026-01-25T02:44:57.018+02:00 DEBUG 22400 --- [http-nio-744-exec-8] org.hibernate.SQL                        : select t1_0.user_id,t1_0.id,t1_0.tenant_id from user_tenants t1_0 where t1_0.user_id=?
2026-01-25T02:44:57.020+02:00 DEBUG 22400 --- [http-nio-744-exec-8] org.hibernate.SQL                        : select u1_0.tenant_id from user_tenants u1_0 where u1_0.user_id=?
2026-01-25T02:45:22.967+02:00 DEBUG 22400 --- [http-nio-744-exec-7] c.o.a.s.tenant.TenantFilterAspect        : ⚠️ [TenantFilterAspect] Service execution without TenantID
2026-01-25T02:45:22.969+02:00 DEBUG 22400 --- [http-nio-744-exec-7] org.hibernate.SQL                        : select u1_0.id,u1_0.email,u1_0.enabled,u1_0.first_name,u1_0.last_login_time,u1_0.last_name,u1_0.password,u1_0.photos,u1_0.tenant_id,u1_0.user_bio from `'user'` u1_0 where u1_0.email=?
2026-01-25T02:45:22.971+02:00 DEBUG 22400 --- [http-nio-744-exec-7] org.hibernate.SQL                        : select r1_0.user_id,r1_1.id,r1_1.all_parent_ids,r1_1.descrption,r1_1.name,r1_1.parent_id,p2_0.role_id,p2_0.id,p2_0.permission,p2_0.scope from user_roles r1_0 join role r1_1 on r1_1.id=r1_0.role_id left join role_permissions p2_0 on r1_1.id=p2_0.role_id where r1_0.user_id=?
2026-01-25T02:45:22.973+02:00 DEBUG 22400 --- [http-nio-744-exec-7] org.hibernate.SQL                        : select t1_0.user_id,t1_0.id,t1_0.tenant_id from user_tenants t1_0 where t1_0.user_id=?
2026-01-25T02:45:52.974+02:00 DEBUG 22400 --- [http-nio-744-exec-4] c.o.a.s.tenant.TenantFilterAspect        : ⚠️ [TenantFilterAspect] Service execution without TenantID
2026-01-25T02:45:52.975+02:00 DEBUG 22400 --- [http-nio-744-exec-4] org.hibernate.SQL                        : select u1_0.id,u1_0.email,u1_0.enabled,u1_0.first_name,u1_0.last_login_time,u1_0.last_name,u1_0.password,u1_0.photos,u1_0.tenant_id,u1_0.user_bio from `'user'` u1_0 where u1_0.email=?
2026-01-25T02:45:52.977+02:00 DEBUG 22400 --- [http-nio-744-exec-4] org.hibernate.SQL                        : select r1_0.user_id,r1_1.id,r1_1.all_parent_ids,r1_1.descrption,r1_1.name,r1_1.parent_id,p2_0.role_id,p2_0.id,p2_0.permission,p2_0.scope from user_roles r1_0 join role r1_1 on r1_1.id=r1_0.role_id left join role_permissions p2_0 on r1_1.id=p2_0.role_id where r1_0.user_id=?
2026-01-25T02:45:52.980+02:00 DEBUG 22400 --- [http-nio-744-exec-4] org.hibernate.SQL                        : select t1_0.user_id,t1_0.id,t1_0.tenant_id from user_tenants t1_0 where t1_0.user_id=?
2026-01-25T02:46:22.990+02:00 DEBUG 22400 --- [http-nio-744-exec-10] c.o.a.s.tenant.TenantFilterAspect        : ⚠️ [TenantFilterAspect] Service execution without TenantID
2026-01-25T02:46:22.992+02:00 DEBUG 22400 --- [http-nio-744-exec-10] org.hibernate.SQL                        : select u1_0.id,u1_0.email,u1_0.enabled,u1_0.first_name,u1_0.last_login_time,u1_0.last_name,u1_0.password,u1_0.photos,u1_0.tenant_id,u1_0.user_bio from `'user'` u1_0 where u1_0.email=?
2026-01-25T02:46:22.993+02:00 DEBUG 22400 --- [http-nio-744-exec-10] org.hibernate.SQL                        : select r1_0.user_id,r1_1.id,r1_1.all_parent_ids,r1_1.descrption,r1_1.name,r1_1.parent_id,p2_0.role_id,p2_0.id,p2_0.permission,p2_0.scope from user_roles r1_0 join role r1_1 on r1_1.id=r1_0.role_id left join role_permissions p2_0 on r1_1.id=p2_0.role_id where r1_0.user_id=?
2026-01-25T02:46:22.996+02:00 DEBUG 22400 --- [http-nio-744-exec-10] org.hibernate.SQL                        : select t1_0.user_id,t1_0.id,t1_0.tenant_id from user_tenants t1_0 where t1_0.user_id=?
2026-01-25T02:46:52.961+02:00 DEBUG 22400 --- [http-nio-744-exec-5] c.o.a.s.tenant.TenantFilterAspect        : ⚠️ [TenantFilterAspect] Service execution without TenantID
2026-01-25T02:46:52.962+02:00 DEBUG 22400 --- [http-nio-744-exec-5] org.hibernate.SQL                        : select u1_0.id,u1_0.email,u1_0.enabled,u1_0.first_name,u1_0.last_login_time,u1_0.last_name,u1_0.password,u1_0.photos,u1_0.tenant_id,u1_0.user_bio from `'user'` u1_0 where u1_0.email=?
2026-01-25T02:46:52.963+02:00 DEBUG 22400 --- [http-nio-744-exec-5] org.hibernate.SQL                        : select r1_0.user_id,r1_1.id,r1_1.all_parent_ids,r1_1.descrption,r1_1.name,r1_1.parent_id,p2_0.role_id,p2_0.id,p2_0.permission,p2_0.scope from user_roles r1_0 join role r1_1 on r1_1.id=r1_0.role_id left join role_permissions p2_0 on r1_1.id=p2_0.role_id where r1_0.user_id=?
2026-01-25T02:46:52.965+02:00 DEBUG 22400 --- [http-nio-744-exec-5] org.hibernate.SQL                        : select t1_0.user_id,t1_0.id,t1_0.tenant_id from user_tenants t1_0 where t1_0.user_id=?
2026-01-25T02:47:22.963+02:00 DEBUG 22400 --- [http-nio-744-exec-2] c.o.a.s.tenant.TenantFilterAspect        : ⚠️ [TenantFilterAspect] Service execution without TenantID
2026-01-25T02:47:22.964+02:00 DEBUG 22400 --- [http-nio-744-exec-2] org.hibernate.SQL                        : select u1_0.id,u1_0.email,u1_0.enabled,u1_0.first_name,u1_0.last_login_time,u1_0.last_name,u1_0.password,u1_0.photos,u1_0.tenant_id,u1_0.user_bio from `'user'` u1_0 where u1_0.email=?
2026-01-25T02:47:22.966+02:00 DEBUG 22400 --- [http-nio-744-exec-2] org.hibernate.SQL                        : select r1_0.user_id,r1_1.id,r1_1.all_parent_ids,r1_1.descrption,r1_1.name,r1_1.parent_id,p2_0.role_id,p2_0.id,p2_0.permission,p2_0.scope from user_roles r1_0 join role r1_1 on r1_1.id=r1_0.role_id left join role_permissions p2_0 on r1_1.id=p2_0.role_id where r1_0.user_id=?
2026-01-25T02:47:22.969+02:00 DEBUG 22400 --- [http-nio-744-exec-2] org.hibernate.SQL                        : select t1_0.user_id,t1_0.id,t1_0.tenant_id from user_tenants t1_0 where t1_0.user_id=?
2026-01-25T02:47:50.661+02:00  INFO 22400 --- [SpringApplicationShutdownHook] j.LocalContainerEntityManagerFactoryBean : Closing JPA EntityManagerFactory for persistence unit 'default'
2026-01-25T02:47:50.680+02:00  INFO 22400 --- [SpringApplicationShutdownHook] com.zaxxer.hikari.HikariDataSource       : HikariPool-1 - Shutdown initiated...
2026-01-25T02:47:50.771+02:00  INFO 22400 --- [SpringApplicationShutdownHook] com.zaxxer.hikari.HikariDataSource       : HikariPool-1 - Shutdown completed.
2026-01-25T02:52:16.497+02:00  INFO 30620 --- [main] c.o.admin.WebBackEndApplication          : Starting WebBackEndApplication using Java 19.0.1 with PID 30620 (E:\onlineStore_Active\webParentVer2\WebBackEndVer2\target\classes started by enoam in E:\onlineStore_Active)
2026-01-25T02:52:16.526+02:00  INFO 30620 --- [main] c.o.admin.WebBackEndApplication          : No active profile set, falling back to 1 default profile: "default"
2026-01-25T02:52:19.467+02:00  INFO 30620 --- [main] .s.d.r.c.RepositoryConfigurationDelegate : Bootstrapping Spring Data JPA repositories in DEFAULT mode.
2026-01-25T02:52:19.645+02:00  INFO 30620 --- [main] .s.d.r.c.RepositoryConfigurationDelegate : Finished Spring Data repository scanning in 169 ms. Found 35 JPA repository interfaces.
2026-01-25T02:52:19.653+02:00  INFO 30620 --- [main] .s.d.r.c.RepositoryConfigurationDelegate : Bootstrapping Spring Data JPA repositories in DEFAULT mode.
2026-01-25T02:52:19.715+02:00  INFO 30620 --- [main] .s.d.r.c.RepositoryConfigurationDelegate : Finished Spring Data repository scanning in 61 ms. Found 34 JPA repository interfaces.
2026-01-25T02:52:21.008+02:00  INFO 30620 --- [main] o.s.b.w.embedded.tomcat.TomcatWebServer  : Tomcat initialized with port(s): 744 (http)
2026-01-25T02:52:21.015+02:00  INFO 30620 --- [main] o.apache.catalina.core.StandardService   : Starting service [Tomcat]
2026-01-25T02:52:21.016+02:00  INFO 30620 --- [main] o.apache.catalina.core.StandardEngine    : Starting Servlet engine: [Apache Tomcat/10.1.13]
2026-01-25T02:52:21.110+02:00  INFO 30620 --- [main] o.a.c.c.C.[Tomcat].[localhost].[/]       : Initializing Spring embedded WebApplicationContext
2026-01-25T02:52:21.110+02:00  INFO 30620 --- [main] w.s.c.ServletWebServerApplicationContext : Root WebApplicationContext: initialization completed in 4486 ms
2026-01-25T02:52:21.283+02:00  INFO 30620 --- [main] o.hibernate.jpa.internal.util.LogHelper  : HHH000204: Processing PersistenceUnitInfo [name: default]
2026-01-25T02:52:21.366+02:00  INFO 30620 --- [main] org.hibernate.Version                    : HHH000412: Hibernate ORM core version 6.2.9.Final
2026-01-25T02:52:21.370+02:00  INFO 30620 --- [main] org.hibernate.cfg.Environment            : HHH000406: Using bytecode reflection optimizer
2026-01-25T02:52:21.538+02:00  INFO 30620 --- [main] o.h.b.i.BytecodeProviderInitiator        : HHH000021: Bytecode provider name : bytebuddy
2026-01-25T02:52:21.682+02:00  INFO 30620 --- [main] o.s.o.j.p.SpringPersistenceUnitInfo      : No LoadTimeWeaver setup: ignoring JPA class transformer
2026-01-25T02:52:21.700+02:00  INFO 30620 --- [main] com.zaxxer.hikari.HikariDataSource       : HikariPool-1 - Starting...
2026-01-25T02:52:21.997+02:00  INFO 30620 --- [main] com.zaxxer.hikari.pool.HikariPool        : HikariPool-1 - Added connection com.mysql.cj.jdbc.ConnectionImpl@11120583
2026-01-25T02:52:21.999+02:00  INFO 30620 --- [main] com.zaxxer.hikari.HikariDataSource       : HikariPool-1 - Start completed.
2026-01-25T02:52:22.654+02:00  INFO 30620 --- [main] o.h.b.i.BytecodeProviderInitiator        : HHH000021: Bytecode provider name : bytebuddy
2026-01-25T02:52:24.089+02:00  INFO 30620 --- [main] o.h.e.t.j.p.i.JtaPlatformInitiator       : HHH000490: Using JtaPlatform implementation: [org.hibernate.engine.transaction.jta.platform.internal.NoJtaPlatform]
2026-01-25T02:52:24.703+02:00  INFO 30620 --- [main] j.LocalContainerEntityManagerFactoryBean : Initialized JPA EntityManagerFactory for persistence unit 'default'
2026-01-25T02:52:25.610+02:00  INFO 30620 --- [main] o.s.d.j.r.query.QueryEnhancerFactory     : Hibernate is in classpath; If applicable, HQL parser will be used.
2026-01-25T02:52:25.937+02:00  INFO 30620 --- [main] o.s.boot.web.servlet.RegistrationBean    : Filter tenantFilterRegistration was not registered (disabled)
2026-01-25T02:52:25.938+02:00  INFO 30620 --- [main] o.s.boot.web.servlet.RegistrationBean    : Filter tenantContextFilterRegistration was not registered (disabled)
2026-01-25T02:52:27.373+02:00  INFO 30620 --- [main] c.o.a.g.watchdog.FileSystemMonitor       : Watchdog: Registered monitor for tenants
2026-01-25T02:52:27.374+02:00  INFO 30620 --- [main] c.o.a.g.watchdog.FileSystemMonitor       : Watchdog: Registered monitor for .
2026-01-25T02:52:27.374+02:00  INFO 30620 --- [Architecture-Watchdog-Thread] c.o.a.g.watchdog.FileSystemMonitor       : Watchdog: FileSystemMonitor thread started.
2026-01-25T02:52:28.702+02:00  WARN 30620 --- [main] JpaBaseConfiguration$JpaWebConfiguration : spring.jpa.open-in-view is enabled by default. Therefore, database queries may be performed during view rendering. Explicitly configure spring.jpa.open-in-view to disable this warning
2026-01-25T02:52:29.660+02:00  INFO 30620 --- [main] o.s.b.a.e.web.EndpointLinksResolver      : Exposing 5 endpoint(s) beneath base path '/actuator'
2026-01-25T02:52:29.793+02:00  INFO 30620 --- [main] o.s.s.web.DefaultSecurityFilterChain     : Will secure any request with [org.springframework.security.web.session.DisableEncodeUrlFilter@4b6a54c, org.springframework.security.web.context.request.async.WebAsyncManagerIntegrationFilter@1e544543, org.springframework.security.web.context.SecurityContextHolderFilter@14101d53, org.springframework.security.web.header.HeaderWriterFilter@5f430c5a, org.springframework.security.web.csrf.CsrfFilter@443f780, org.springframework.security.web.authentication.logout.LogoutFilter@90001f0, com.onlineStore.admin.security.TenantAccessValidationFilter@71ebb8e1, com.onlineStoreCom.security.tenant.TenantContextFilter@10744fff, org.springframework.security.web.authentication.UsernamePasswordAuthenticationFilter@5123b41a, org.springframework.security.web.session.ConcurrentSessionFilter@6f2d3666, org.springframework.security.web.savedrequest.RequestCacheAwareFilter@420f8aa4, org.springframework.security.web.servletapi.SecurityContextHolderAwareRequestFilter@69e66b37, org.springframework.security.web.authentication.rememberme.RememberMeAuthenticationFilter@5ba0ad41, org.springframework.security.web.authentication.AnonymousAuthenticationFilter@472505ef, org.springframework.security.web.session.SessionManagementFilter@774caff3, org.springframework.security.web.access.ExceptionTranslationFilter@16972bc5, org.springframework.security.web.access.intercept.AuthorizationFilter@27e1be76]
2026-01-25T02:52:30.524+02:00  INFO 30620 --- [main] o.s.b.w.embedded.tomcat.TomcatWebServer  : Tomcat started on port(s): 744 (http) with context path ''
2026-01-25T02:52:30.539+02:00  INFO 30620 --- [main] c.o.admin.WebBackEndApplication          : Started WebBackEndApplication in 14.879 seconds (process running for 17.666)
2026-01-25T02:52:30.555+02:00  INFO 30620 --- [main] c.o.admin.CorrectTenant0To4Data          : ================================================================================
2026-01-25T02:52:30.555+02:00  INFO 30620 --- [main] c.o.admin.CorrectTenant0To4Data          : 🔧 MIGRATING DATA: TENANT 0 -> TENANT 4 (SKIPPED FOR ASSET MIGRATION)
2026-01-25T02:52:30.555+02:00  INFO 30620 --- [main] c.o.admin.CorrectTenant0To4Data          : ================================================================================
2026-01-25T02:52:30.558+02:00  INFO 30620 --- [main] c.onlineStore.admin.CorrectTenant4Data   : ================================================================================
2026-01-25T02:52:30.559+02:00  INFO 30620 --- [main] c.onlineStore.admin.CorrectTenant4Data   : 🔧 FIXING TENANT 4 DATA MIGRATION
2026-01-25T02:52:30.559+02:00  INFO 30620 --- [main] c.onlineStore.admin.CorrectTenant4Data   : ================================================================================
2026-01-25T02:52:30.586+02:00 DEBUG 30620 --- [main] org.hibernate.SQL                        : UPDATE categories SET tenant_id = 4 WHERE tenant_id = 1
2026-01-25T02:52:30.591+02:00  INFO 30620 --- [main] c.onlineStore.admin.CorrectTenant4Data   : ✅ Fixed 0 categories: tenant_id 1 → 4
2026-01-25T02:52:30.592+02:00 DEBUG 30620 --- [main] org.hibernate.SQL                        : UPDATE brands SET tenant_id = 4 WHERE tenant_id = 1
2026-01-25T02:52:30.593+02:00  INFO 30620 --- [main] c.onlineStore.admin.CorrectTenant4Data   : ✅ Fixed 0 brands: tenant_id 1 → 4
2026-01-25T02:52:30.594+02:00 DEBUG 30620 --- [main] org.hibernate.SQL                        : UPDATE products SET tenant_id = 4 WHERE tenant_id = 1
2026-01-25T02:52:30.595+02:00  INFO 30620 --- [main] c.onlineStore.admin.CorrectTenant4Data   : ✅ Fixed 0 products: tenant_id 1 → 4
2026-01-25T02:52:30.595+02:00 DEBUG 30620 --- [main] org.hibernate.SQL                        :     DELETE FROM settings
    WHERE tenant_id = 1
    AND `key` IN (
        SELECT `key` FROM (
            SELECT `key` FROM settings WHERE tenant_id = 4
        ) as temp
    )

2026-01-25T02:52:30.599+02:00  INFO 30620 --- [main] c.onlineStore.admin.CorrectTenant4Data   : ⚠️ Deleted 0 duplicate settings from Tenant 1
2026-01-25T02:52:30.600+02:00 DEBUG 30620 --- [main] org.hibernate.SQL                        : UPDATE settings SET tenant_id = 4 WHERE tenant_id = 1
2026-01-25T02:52:30.602+02:00  INFO 30620 --- [main] c.onlineStore.admin.CorrectTenant4Data   : ✅ Fixed 0 settings: tenant_id 1 → 4
2026-01-25T02:52:30.603+02:00 DEBUG 30620 --- [main] org.hibernate.SQL                        : UPDATE customers SET tenant_id = 4 WHERE tenant_id = 1
2026-01-25T02:52:30.604+02:00  INFO 30620 --- [main] c.onlineStore.admin.CorrectTenant4Data   : ✅ Fixed 0 customers: tenant_id 1 → 4
2026-01-25T02:52:30.604+02:00 DEBUG 30620 --- [main] org.hibernate.SQL                        : UPDATE orders SET tenant_id = 4 WHERE tenant_id = 1
2026-01-25T02:52:30.605+02:00  INFO 30620 --- [main] c.onlineStore.admin.CorrectTenant4Data   : ✅ Fixed 0 orders: tenant_id 1 → 4
2026-01-25T02:52:30.605+02:00 DEBUG 30620 --- [main] org.hibernate.SQL                        : UPDATE reviews SET tenant_id = 4 WHERE tenant_id = 1
2026-01-25T02:52:30.606+02:00  INFO 30620 --- [main] c.onlineStore.admin.CorrectTenant4Data   : ✅ Fixed 0 reviews: tenant_id 1 → 4
2026-01-25T02:52:30.607+02:00 DEBUG 30620 --- [main] org.hibernate.SQL                        : UPDATE articles SET tenant_id = 4 WHERE tenant_id = 1
2026-01-25T02:52:30.610+02:00 DEBUG 30620 --- [main] org.hibernate.SQL                        : UPDATE menus SET tenant_id = 4 WHERE tenant_id = 1
2026-01-25T02:52:30.612+02:00 DEBUG 30620 --- [main] org.hibernate.SQL                        : UPDATE sections SET tenant_id = 4 WHERE tenant_id = 1
2026-01-25T02:52:30.613+02:00  INFO 30620 --- [main] c.onlineStore.admin.CorrectTenant4Data   : ✅ Fixed Content: 0 articles, 0 menus, 0 sections
2026-01-25T02:52:30.632+02:00 DEBUG 30620 --- [main] org.hibernate.SQL                        :     SELECT COUNT(*) FROM brands_categories bc
    JOIN brands b ON bc.brand_id = b.id
    JOIN categories c ON bc.category_id = c.id
    WHERE b.tenant_id = 4 AND c.tenant_id = 1

2026-01-25T02:52:30.660+02:00  INFO 30620 --- [main] c.onlineStore.admin.CorrectTenant4Data   : 📊 Remaining cross-tenant refs (Tenant 4 brands → Tenant 1 categories): 0
2026-01-25T02:52:30.660+02:00  INFO 30620 --- [main] c.onlineStore.admin.CorrectTenant4Data   : ✅ ALL CROSS-TENANT REFERENCES RESOLVED!
2026-01-25T02:52:30.660+02:00  INFO 30620 --- [main] c.onlineStore.admin.CorrectTenant4Data   : ================================================================================
2026-01-25T02:52:30.662+02:00 DEBUG 30620 --- [main] org.hibernate.SQL                        :     SELECT c.id, c.tenant_id, p.id, p.tenant_id
    FROM categories c
    JOIN categories p ON c.parent_id = p.id
    WHERE c.tenant_id != p.tenant_id

2026-01-25T02:52:30.665+02:00 DEBUG 30620 --- [main] org.hibernate.SQL                        :     SELECT p.id, p.tenant_id, c.id, c.tenant_id
    FROM products p
    JOIN categories c ON p.category_id = c.id
    WHERE p.tenant_id != c.tenant_id

2026-01-25T02:52:30.667+02:00 DEBUG 30620 --- [main] org.hibernate.SQL                        :     SELECT p.id, p.tenant_id, b.id, b.tenant_id
    FROM products p
    JOIN brands b ON p.brand_id = b.id
    WHERE p.tenant_id != b.tenant_id

2026-01-25T02:52:30.671+02:00 DEBUG 30620 --- [main] org.hibernate.SQL                        :     DELETE bc FROM brands_categories bc
    JOIN brands b ON bc.brand_id = b.id
    JOIN categories c ON bc.category_id = c.id
    WHERE b.tenant_id != c.tenant_id

2026-01-25T02:52:30.673+02:00 DEBUG 30620 --- [main] org.hibernate.SQL                        :     SELECT o.id, o.tenant_id, c.id, c.tenant_id
    FROM orders o
    JOIN customers c ON o.customer_id = c.id
    WHERE o.tenant_id != c.tenant_id

2026-01-25T02:52:30.676+02:00 DEBUG 30620 --- [main] org.hibernate.SQL                        :     SELECT od.id, o.tenant_id, p.id, p.tenant_id
    FROM order_details od
    JOIN orders o ON od.order_id = o.id
    JOIN products p ON od.product_id = p.id
    WHERE o.tenant_id != p.tenant_id

2026-01-25T02:52:30.690+02:00 DEBUG 30620 --- [main] org.hibernate.SQL                        : SELECT COUNT(*) FROM categories WHERE tenant_id = 4
2026-01-25T02:52:30.692+02:00 DEBUG 30620 --- [main] org.hibernate.SQL                        : SELECT COUNT(*) FROM categories WHERE tenant_id = 5
2026-01-25T02:52:30.693+02:00 DEBUG 30620 --- [main] org.hibernate.SQL                        : SELECT COUNT(*) FROM brands WHERE tenant_id = 4
2026-01-25T02:52:30.695+02:00 DEBUG 30620 --- [main] org.hibernate.SQL                        : SELECT COUNT(*) FROM brands WHERE tenant_id = 5
2026-01-25T02:52:30.697+02:00 DEBUG 30620 --- [main] org.hibernate.SQL                        : SELECT COUNT(*) FROM products WHERE tenant_id = 4
2026-01-25T02:52:30.697+02:00 DEBUG 30620 --- [main] org.hibernate.SQL                        : SELECT COUNT(*) FROM products WHERE tenant_id = 5
2026-01-25T02:52:30.700+02:00 DEBUG 30620 --- [main] org.hibernate.SQL                        :     SELECT c.id, c.name, c.tenant_id, p.id, p.name, p.tenant_id
    FROM categories c
    JOIN categories p ON c.parent_id = p.id
    WHERE c.tenant_id = 4 AND p.tenant_id = 5

2026-01-25T02:52:30.702+02:00 DEBUG 30620 --- [main] org.hibernate.SQL                        :     SELECT bc.brand_id, b.name, b.tenant_id, bc.category_id, c.name, c.tenant_id
    FROM brands_categories bc
    JOIN brands b ON bc.brand_id = b.id
    JOIN categories c ON bc.category_id = c.id
    WHERE b.tenant_id = 4 AND c.tenant_id = 5

2026-01-25T02:52:30.704+02:00 DEBUG 30620 --- [main] org.hibernate.SQL                        :     SELECT p.id, p.name, p.tenant_id, p.category_id, c.name, c.tenant_id
    FROM products p
    JOIN categories c ON p.category_id = c.id
    WHERE p.tenant_id = 4 AND c.tenant_id = 5

2026-01-25T02:52:30.706+02:00 DEBUG 30620 --- [main] org.hibernate.SQL                        :     SELECT p.id, p.name, p.tenant_id, p.brand_id, b.name, b.tenant_id
    FROM products p
    JOIN brands b ON p.brand_id = b.id
    WHERE p.tenant_id = 4 AND b.tenant_id = 5

2026-01-25T02:52:30.707+02:00 DEBUG 30620 --- [main] org.hibernate.SQL                        :     SELECT bc.brand_id, b.name, b.tenant_id, bc.category_id, c.name, c.tenant_id
    FROM brands_categories bc
    JOIN brands b ON bc.brand_id = b.id
    JOIN categories c ON bc.category_id = c.id
    WHERE b.tenant_id = 5 AND c.tenant_id = 4

2026-01-25T02:52:30.711+02:00 DEBUG 30620 --- [main] org.hibernate.SQL                        :     SELECT c.id, c.name, c.tenant_id AS child_tenant,
           p.id AS parent_id, p.name AS parent_name, p.tenant_id AS parent_tenant
    FROM categories c
    JOIN categories p ON c.parent_id = p.id
    WHERE c.tenant_id != p.tenant_id
    ORDER BY c.tenant_id, p.tenant_id

2026-01-25T02:52:30.713+02:00 DEBUG 30620 --- [main] org.hibernate.SQL                        :     SELECT c.id, c.name, p.id, p.name, p.tenant_id
    FROM categories c
    JOIN categories p ON c.parent_id = p.id
    WHERE c.tenant_id = 4 AND c.tenant_id != p.tenant_id

2026-01-25T02:52:30.714+02:00 DEBUG 30620 --- [main] org.hibernate.SQL                        :     SELECT c.id, c.name, c.tenant_id, c.parent_id
    FROM categories c
    WHERE c.parent_id IS NOT NULL
    AND c.parent_id NOT IN (SELECT id FROM categories)

2026-01-25T02:52:30.720+02:00  INFO 30620 --- [main] c.onlineStore.admin.MigrationVerifier    : 🕵️ STARTING MIGRATION VERIFICATION 🕵️
2026-01-25T02:52:30.720+02:00 DEBUG 30620 --- [main] org.hibernate.SQL                        : SELECT COUNT(*) FROM products WHERE tenant_id = 1
2026-01-25T02:52:30.721+02:00 DEBUG 30620 --- [main] org.hibernate.SQL                        : SELECT COUNT(*) FROM products WHERE tenant_id = 4
2026-01-25T02:52:30.724+02:00  INFO 30620 --- [main] c.onlineStore.admin.MigrationVerifier    : [products       ] Tenant 1: 0 | Tenant 4: 107 | Status: ✅ Clean
2026-01-25T02:52:30.724+02:00 DEBUG 30620 --- [main] org.hibernate.SQL                        : SELECT COUNT(*) FROM categories WHERE tenant_id = 1
2026-01-25T02:52:30.725+02:00 DEBUG 30620 --- [main] org.hibernate.SQL                        : SELECT COUNT(*) FROM categories WHERE tenant_id = 4
2026-01-25T02:52:30.726+02:00  INFO 30620 --- [main] c.onlineStore.admin.MigrationVerifier    : [categories     ] Tenant 1: 0 | Tenant 4: 34 | Status: ✅ Clean
2026-01-25T02:52:30.726+02:00 DEBUG 30620 --- [main] org.hibernate.SQL                        : SELECT COUNT(*) FROM brands WHERE tenant_id = 1
2026-01-25T02:52:30.726+02:00 DEBUG 30620 --- [main] org.hibernate.SQL                        : SELECT COUNT(*) FROM brands WHERE tenant_id = 4
2026-01-25T02:52:30.728+02:00  INFO 30620 --- [main] c.onlineStore.admin.MigrationVerifier    : [brands         ] Tenant 1: 0 | Tenant 4: 77 | Status: ✅ Clean
2026-01-25T02:52:30.728+02:00 DEBUG 30620 --- [main] org.hibernate.SQL                        : SELECT COUNT(*) FROM customers WHERE tenant_id = 1
2026-01-25T02:52:30.730+02:00 DEBUG 30620 --- [main] org.hibernate.SQL                        : SELECT COUNT(*) FROM customers WHERE tenant_id = 4
2026-01-25T02:52:30.731+02:00  INFO 30620 --- [main] c.onlineStore.admin.MigrationVerifier    : [customers      ] Tenant 1: 0 | Tenant 4: 43 | Status: ✅ Clean
2026-01-25T02:52:30.731+02:00 DEBUG 30620 --- [main] org.hibernate.SQL                        : SELECT COUNT(*) FROM orders WHERE tenant_id = 1
2026-01-25T02:52:30.731+02:00 DEBUG 30620 --- [main] org.hibernate.SQL                        : SELECT COUNT(*) FROM orders WHERE tenant_id = 4
2026-01-25T02:52:30.734+02:00  INFO 30620 --- [main] c.onlineStore.admin.MigrationVerifier    : [orders         ] Tenant 1: 0 | Tenant 4: 160 | Status: ✅ Clean
2026-01-25T02:52:30.735+02:00 DEBUG 30620 --- [main] org.hibernate.SQL                        : SELECT COUNT(*) FROM reviews WHERE tenant_id = 1
2026-01-25T02:52:30.737+02:00 DEBUG 30620 --- [main] org.hibernate.SQL                        : SELECT COUNT(*) FROM reviews WHERE tenant_id = 4
2026-01-25T02:52:30.737+02:00  INFO 30620 --- [main] c.onlineStore.admin.MigrationVerifier    : [reviews        ] Tenant 1: 0 | Tenant 4: 66 | Status: ✅ Clean
2026-01-25T02:52:30.738+02:00 DEBUG 30620 --- [main] org.hibernate.SQL                        : SELECT COUNT(*) FROM articles WHERE tenant_id = 1
2026-01-25T02:52:30.739+02:00 DEBUG 30620 --- [main] org.hibernate.SQL                        : SELECT COUNT(*) FROM articles WHERE tenant_id = 4
2026-01-25T02:52:30.740+02:00  INFO 30620 --- [main] c.onlineStore.admin.MigrationVerifier    : [articles       ] Tenant 1: 0 | Tenant 4: 9 | Status: ✅ Clean
2026-01-25T02:52:30.740+02:00 DEBUG 30620 --- [main] org.hibernate.SQL                        : SELECT COUNT(*) FROM menus WHERE tenant_id = 1
2026-01-25T02:52:30.743+02:00 DEBUG 30620 --- [main] org.hibernate.SQL                        : SELECT COUNT(*) FROM menus WHERE tenant_id = 4
2026-01-25T02:52:30.744+02:00  INFO 30620 --- [main] c.onlineStore.admin.MigrationVerifier    : [menus          ] Tenant 1: 0 | Tenant 4: 0 | Status: ✅ Clean
2026-01-25T02:52:30.744+02:00 DEBUG 30620 --- [main] org.hibernate.SQL                        : SELECT COUNT(*) FROM sections WHERE tenant_id = 1
2026-01-25T02:52:30.746+02:00 DEBUG 30620 --- [main] org.hibernate.SQL                        : SELECT COUNT(*) FROM sections WHERE tenant_id = 4
2026-01-25T02:52:30.747+02:00  INFO 30620 --- [main] c.onlineStore.admin.MigrationVerifier    : [sections       ] Tenant 1: 0 | Tenant 4: 0 | Status: ✅ Clean
2026-01-25T02:52:30.747+02:00 DEBUG 30620 --- [main] org.hibernate.SQL                        : SELECT COUNT(*) FROM settings WHERE tenant_id = 1
2026-01-25T02:52:30.749+02:00 DEBUG 30620 --- [main] org.hibernate.SQL                        : SELECT COUNT(*) FROM settings WHERE tenant_id = 4
2026-01-25T02:52:30.749+02:00  INFO 30620 --- [main] c.onlineStore.admin.MigrationVerifier    : [settings       ] Tenant 1: 0 | Tenant 4: 67 | Status: ✅ Clean
2026-01-25T02:52:30.751+02:00  INFO 30620 --- [main] c.onlineStore.admin.MigrationVerifier    : 🕵️ VERIFICATION COMPLETE. Check verification_result.txt 🕵️
2026-01-25T02:52:30.822+02:00 DEBUG 30620 --- [main] org.hibernate.SQL                        : select p1_0.id,p1_0.alias,p1_0.average_rating,p1_0.booking_slots,p1_0.brand_id,p1_0.category_id,p1_0.cost,p1_0.created_time,p1_0.discount_percent,p1_0.enabled,p1_0.full_description,p1_0.has_description,p1_0.has_extra_details,p1_0.has_location,p1_0.has_scheduling,p1_0.has_shipping,p1_0.height,p1_0.in_stock,p1_0.length,p1_0.main_image,p1_0.name,p1_0.price,p1_0.product_type,p1_0.review_count,p1_0.service_duration,p1_0.short_description,p1_0.subscription_interval,p1_0.tenant_id,p1_0.track_stock,p1_0.updated_time,p1_0.weight,p1_0.width from products p1_0
2026-01-25T02:52:30.865+02:00 DEBUG 30620 --- [main] org.hibernate.SQL                        : select b1_0.id,b1_0.logo,b1_0.name,b1_0.tenant_id from brands b1_0 where b1_0.id=?
2026-01-25T02:52:30.871+02:00 DEBUG 30620 --- [main] org.hibernate.SQL                        : select c1_0.id,c1_0.alias,c1_0.all_parent_ids,c1_0.enabled,c1_0.image,c1_0.level,c1_0.name,c1_0.parent_id,c1_0.tenant_id from categories c1_0 where c1_0.id=?
2026-01-25T02:52:30.872+02:00 DEBUG 30620 --- [main] org.hibernate.SQL                        : select b1_0.id,b1_0.logo,b1_0.name,b1_0.tenant_id from brands b1_0 where b1_0.id=?
2026-01-25T02:52:30.875+02:00 DEBUG 30620 --- [main] org.hibernate.SQL                        : select b1_0.id,b1_0.logo,b1_0.name,b1_0.tenant_id from brands b1_0 where b1_0.id=?
2026-01-25T02:52:30.876+02:00 DEBUG 30620 --- [main] org.hibernate.SQL                        : select c1_0.id,c1_0.alias,c1_0.all_parent_ids,c1_0.enabled,c1_0.image,c1_0.level,c1_0.name,c1_0.parent_id,c1_0.tenant_id from categories c1_0 where c1_0.id=?
2026-01-25T02:52:30.878+02:00 DEBUG 30620 --- [main] org.hibernate.SQL                        : select b1_0.id,b1_0.logo,b1_0.name,b1_0.tenant_id from brands b1_0 where b1_0.id=?
2026-01-25T02:52:30.880+02:00 DEBUG 30620 --- [main] org.hibernate.SQL                        : select c1_0.id,c1_0.alias,c1_0.all_parent_ids,c1_0.enabled,c1_0.image,c1_0.level,c1_0.name,c1_0.parent_id,c1_0.tenant_id from categories c1_0 where c1_0.id=?
2026-01-25T02:52:30.890+02:00 DEBUG 30620 --- [main] org.hibernate.SQL                        : select b1_0.id,b1_0.logo,b1_0.name,b1_0.tenant_id from brands b1_0 where b1_0.id=?
2026-01-25T02:52:30.892+02:00 DEBUG 30620 --- [main] org.hibernate.SQL                        : select c1_0.id,c1_0.alias,c1_0.all_parent_ids,c1_0.enabled,c1_0.image,c1_0.level,c1_0.name,c1_0.parent_id,c1_0.tenant_id from categories c1_0 where c1_0.id=?
2026-01-25T02:52:30.895+02:00 DEBUG 30620 --- [main] org.hibernate.SQL                        : select b1_0.id,b1_0.logo,b1_0.name,b1_0.tenant_id from brands b1_0 where b1_0.id=?
2026-01-25T02:52:30.896+02:00 DEBUG 30620 --- [main] org.hibernate.SQL                        : select b1_0.id,b1_0.logo,b1_0.name,b1_0.tenant_id from brands b1_0 where b1_0.id=?
2026-01-25T02:52:30.897+02:00 DEBUG 30620 --- [main] org.hibernate.SQL                        : select b1_0.id,b1_0.logo,b1_0.name,b1_0.tenant_id from brands b1_0 where b1_0.id=?
2026-01-25T02:52:30.899+02:00 DEBUG 30620 --- [main] org.hibernate.SQL                        : select b1_0.id,b1_0.logo,b1_0.name,b1_0.tenant_id from brands b1_0 where b1_0.id=?
2026-01-25T02:52:30.901+02:00 DEBUG 30620 --- [main] org.hibernate.SQL                        : select c1_0.id,c1_0.alias,c1_0.all_parent_ids,c1_0.enabled,c1_0.image,c1_0.level,c1_0.name,c1_0.parent_id,c1_0.tenant_id from categories c1_0 where c1_0.id=?
2026-01-25T02:52:30.903+02:00 DEBUG 30620 --- [main] org.hibernate.SQL                        : select b1_0.id,b1_0.logo,b1_0.name,b1_0.tenant_id from brands b1_0 where b1_0.id=?
2026-01-25T02:52:30.905+02:00 DEBUG 30620 --- [main] org.hibernate.SQL                        : select c1_0.id,c1_0.alias,c1_0.all_parent_ids,c1_0.enabled,c1_0.image,c1_0.level,c1_0.name,c1_0.parent_id,c1_0.tenant_id from categories c1_0 where c1_0.id=?
2026-01-25T02:52:30.907+02:00 DEBUG 30620 --- [main] org.hibernate.SQL                        : select b1_0.id,b1_0.logo,b1_0.name,b1_0.tenant_id from brands b1_0 where b1_0.id=?
2026-01-25T02:52:30.908+02:00 DEBUG 30620 --- [main] org.hibernate.SQL                        : select b1_0.id,b1_0.logo,b1_0.name,b1_0.tenant_id from brands b1_0 where b1_0.id=?
2026-01-25T02:52:30.909+02:00 DEBUG 30620 --- [main] org.hibernate.SQL                        : select c1_0.id,c1_0.alias,c1_0.all_parent_ids,c1_0.enabled,c1_0.image,c1_0.level,c1_0.name,c1_0.parent_id,c1_0.tenant_id from categories c1_0 where c1_0.id=?
2026-01-25T02:52:30.911+02:00 DEBUG 30620 --- [main] org.hibernate.SQL                        : select b1_0.id,b1_0.logo,b1_0.name,b1_0.tenant_id from brands b1_0 where b1_0.id=?
2026-01-25T02:52:30.913+02:00 DEBUG 30620 --- [main] org.hibernate.SQL                        : select b1_0.id,b1_0.logo,b1_0.name,b1_0.tenant_id from brands b1_0 where b1_0.id=?
2026-01-25T02:52:30.916+02:00 DEBUG 30620 --- [main] org.hibernate.SQL                        : select b1_0.id,b1_0.logo,b1_0.name,b1_0.tenant_id from brands b1_0 where b1_0.id=?
2026-01-25T02:52:30.918+02:00 DEBUG 30620 --- [main] org.hibernate.SQL                        : select b1_0.id,b1_0.logo,b1_0.name,b1_0.tenant_id from brands b1_0 where b1_0.id=?
2026-01-25T02:52:30.921+02:00 DEBUG 30620 --- [main] org.hibernate.SQL                        : select b1_0.id,b1_0.logo,b1_0.name,b1_0.tenant_id from brands b1_0 where b1_0.id=?
2026-01-25T02:52:30.923+02:00 DEBUG 30620 --- [main] org.hibernate.SQL                        : select b1_0.id,b1_0.logo,b1_0.name,b1_0.tenant_id from brands b1_0 where b1_0.id=?
2026-01-25T02:52:30.925+02:00 DEBUG 30620 --- [main] org.hibernate.SQL                        : select c1_0.id,c1_0.alias,c1_0.all_parent_ids,c1_0.enabled,c1_0.image,c1_0.level,c1_0.name,c1_0.parent_id,c1_0.tenant_id from categories c1_0 where c1_0.id=?
2026-01-25T02:52:30.927+02:00 DEBUG 30620 --- [main] org.hibernate.SQL                        : select b1_0.id,b1_0.logo,b1_0.name,b1_0.tenant_id from brands b1_0 where b1_0.id=?
2026-01-25T02:52:30.929+02:00 DEBUG 30620 --- [main] org.hibernate.SQL                        : select b1_0.id,b1_0.logo,b1_0.name,b1_0.tenant_id from brands b1_0 where b1_0.id=?
2026-01-25T02:52:30.931+02:00 DEBUG 30620 --- [main] org.hibernate.SQL                        : select b1_0.id,b1_0.logo,b1_0.name,b1_0.tenant_id from brands b1_0 where b1_0.id=?
2026-01-25T02:52:30.933+02:00 DEBUG 30620 --- [main] org.hibernate.SQL                        : select b1_0.id,b1_0.logo,b1_0.name,b1_0.tenant_id from brands b1_0 where b1_0.id=?
2026-01-25T02:52:30.935+02:00 DEBUG 30620 --- [main] org.hibernate.SQL                        : select c1_0.id,c1_0.alias,c1_0.all_parent_ids,c1_0.enabled,c1_0.image,c1_0.level,c1_0.name,c1_0.parent_id,c1_0.tenant_id from categories c1_0 where c1_0.id=?
2026-01-25T02:52:30.937+02:00 DEBUG 30620 --- [main] org.hibernate.SQL                        : select b1_0.id,b1_0.logo,b1_0.name,b1_0.tenant_id from brands b1_0 where b1_0.id=?
2026-01-25T02:52:30.938+02:00 DEBUG 30620 --- [main] org.hibernate.SQL                        : select b1_0.id,b1_0.logo,b1_0.name,b1_0.tenant_id from brands b1_0 where b1_0.id=?
2026-01-25T02:52:30.940+02:00 DEBUG 30620 --- [main] org.hibernate.SQL                        : select b1_0.id,b1_0.logo,b1_0.name,b1_0.tenant_id from brands b1_0 where b1_0.id=?
2026-01-25T02:52:30.943+02:00 DEBUG 30620 --- [main] org.hibernate.SQL                        : select c1_0.id,c1_0.alias,c1_0.all_parent_ids,c1_0.enabled,c1_0.image,c1_0.level,c1_0.name,c1_0.parent_id,c1_0.tenant_id from categories c1_0 where c1_0.id=?
2026-01-25T02:52:30.945+02:00 DEBUG 30620 --- [main] org.hibernate.SQL                        : select b1_0.id,b1_0.logo,b1_0.name,b1_0.tenant_id from brands b1_0 where b1_0.id=?
2026-01-25T02:52:30.947+02:00 DEBUG 30620 --- [main] org.hibernate.SQL                        : select b1_0.id,b1_0.logo,b1_0.name,b1_0.tenant_id from brands b1_0 where b1_0.id=?
2026-01-25T02:52:30.949+02:00 DEBUG 30620 --- [main] org.hibernate.SQL                        : select c1_0.id,c1_0.alias,c1_0.all_parent_ids,c1_0.enabled,c1_0.image,c1_0.level,c1_0.name,c1_0.parent_id,c1_0.tenant_id from categories c1_0 where c1_0.id=?
2026-01-25T02:52:30.952+02:00 DEBUG 30620 --- [main] org.hibernate.SQL                        : select b1_0.id,b1_0.logo,b1_0.name,b1_0.tenant_id from brands b1_0 where b1_0.id=?
2026-01-25T02:52:30.955+02:00 DEBUG 30620 --- [main] org.hibernate.SQL                        : select b1_0.id,b1_0.logo,b1_0.name,b1_0.tenant_id from brands b1_0 where b1_0.id=?
2026-01-25T02:52:30.956+02:00 DEBUG 30620 --- [main] org.hibernate.SQL                        : select b1_0.id,b1_0.logo,b1_0.name,b1_0.tenant_id from brands b1_0 where b1_0.id=?
2026-01-25T02:52:30.958+02:00 DEBUG 30620 --- [main] org.hibernate.SQL                        : select b1_0.id,b1_0.logo,b1_0.name,b1_0.tenant_id from brands b1_0 where b1_0.id=?
2026-01-25T02:52:30.960+02:00 DEBUG 30620 --- [main] org.hibernate.SQL                        : select b1_0.id,b1_0.logo,b1_0.name,b1_0.tenant_id from brands b1_0 where b1_0.id=?
2026-01-25T02:52:30.963+02:00 DEBUG 30620 --- [main] org.hibernate.SQL                        : select c1_0.id,c1_0.alias,c1_0.all_parent_ids,c1_0.enabled,c1_0.image,c1_0.level,c1_0.name,c1_0.parent_id,c1_0.tenant_id from categories c1_0 where c1_0.id=?
2026-01-25T02:52:30.965+02:00 DEBUG 30620 --- [main] org.hibernate.SQL                        : select b1_0.id,b1_0.logo,b1_0.name,b1_0.tenant_id from brands b1_0 where b1_0.id=?
2026-01-25T02:52:30.967+02:00 DEBUG 30620 --- [main] org.hibernate.SQL                        : select b1_0.id,b1_0.logo,b1_0.name,b1_0.tenant_id from brands b1_0 where b1_0.id=?
2026-01-25T02:52:30.971+02:00 DEBUG 30620 --- [main] org.hibernate.SQL                        : select b1_0.id,b1_0.logo,b1_0.name,b1_0.tenant_id from brands b1_0 where b1_0.id=?
2026-01-25T02:52:30.973+02:00 DEBUG 30620 --- [main] org.hibernate.SQL                        : select c1_0.id,c1_0.alias,c1_0.all_parent_ids,c1_0.enabled,c1_0.image,c1_0.level,c1_0.name,c1_0.parent_id,c1_0.tenant_id from categories c1_0 where c1_0.id=?
2026-01-25T02:52:30.977+02:00 DEBUG 30620 --- [main] org.hibernate.SQL                        : select b1_0.id,b1_0.logo,b1_0.name,b1_0.tenant_id from brands b1_0 where b1_0.id=?
2026-01-25T02:52:30.979+02:00 DEBUG 30620 --- [main] org.hibernate.SQL                        : select b1_0.id,b1_0.logo,b1_0.name,b1_0.tenant_id from brands b1_0 where b1_0.id=?
2026-01-25T02:52:30.980+02:00 DEBUG 30620 --- [main] org.hibernate.SQL                        : select c1_0.id,c1_0.alias,c1_0.all_parent_ids,c1_0.enabled,c1_0.image,c1_0.level,c1_0.name,c1_0.parent_id,c1_0.tenant_id from categories c1_0 where c1_0.id=?
2026-01-25T02:52:30.983+02:00 DEBUG 30620 --- [main] org.hibernate.SQL                        : select b1_0.id,b1_0.logo,b1_0.name,b1_0.tenant_id from brands b1_0 where b1_0.id=?
2026-01-25T02:52:30.986+02:00 DEBUG 30620 --- [main] org.hibernate.SQL                        : select b1_0.id,b1_0.logo,b1_0.name,b1_0.tenant_id from brands b1_0 where b1_0.id=?
2026-01-25T02:52:30.988+02:00 DEBUG 30620 --- [main] org.hibernate.SQL                        : select b1_0.id,b1_0.logo,b1_0.name,b1_0.tenant_id from brands b1_0 where b1_0.id=?
2026-01-25T02:52:30.990+02:00 DEBUG 30620 --- [main] org.hibernate.SQL                        : select c1_0.id,c1_0.alias,c1_0.all_parent_ids,c1_0.enabled,c1_0.image,c1_0.level,c1_0.name,c1_0.parent_id,c1_0.tenant_id from categories c1_0 where c1_0.id=?
2026-01-25T02:52:30.993+02:00 DEBUG 30620 --- [main] org.hibernate.SQL                        : select b1_0.id,b1_0.logo,b1_0.name,b1_0.tenant_id from brands b1_0 where b1_0.id=?
2026-01-25T02:52:30.994+02:00 DEBUG 30620 --- [main] org.hibernate.SQL                        : select c1_0.id,c1_0.alias,c1_0.all_parent_ids,c1_0.enabled,c1_0.image,c1_0.level,c1_0.name,c1_0.parent_id,c1_0.tenant_id from categories c1_0 where c1_0.id=?
2026-01-25T02:52:30.996+02:00 DEBUG 30620 --- [main] org.hibernate.SQL                        : select b1_0.id,b1_0.logo,b1_0.name,b1_0.tenant_id from brands b1_0 where b1_0.id=?
2026-01-25T02:52:30.999+02:00 DEBUG 30620 --- [main] org.hibernate.SQL                        : select b1_0.id,b1_0.logo,b1_0.name,b1_0.tenant_id from brands b1_0 where b1_0.id=?
2026-01-25T02:52:31.001+02:00 DEBUG 30620 --- [main] org.hibernate.SQL                        : select c1_0.id,c1_0.alias,c1_0.all_parent_ids,c1_0.enabled,c1_0.image,c1_0.level,c1_0.name,c1_0.parent_id,c1_0.tenant_id from categories c1_0 where c1_0.id=?
2026-01-25T02:52:31.005+02:00 DEBUG 30620 --- [main] org.hibernate.SQL                        : select b1_0.id,b1_0.logo,b1_0.name,b1_0.tenant_id from brands b1_0 where b1_0.id=?
2026-01-25T02:52:31.005+02:00 DEBUG 30620 --- [main] org.hibernate.SQL                        : select c1_0.id,c1_0.alias,c1_0.all_parent_ids,c1_0.enabled,c1_0.image,c1_0.level,c1_0.name,c1_0.parent_id,c1_0.tenant_id from categories c1_0 where c1_0.id=?
2026-01-25T02:52:31.009+02:00 DEBUG 30620 --- [main] org.hibernate.SQL                        : select c1_0.id,c1_0.alias,c1_0.all_parent_ids,c1_0.enabled,c1_0.image,c1_0.level,c1_0.name,c1_0.parent_id,c1_0.tenant_id from categories c1_0 where c1_0.id=?
2026-01-25T02:52:31.011+02:00 DEBUG 30620 --- [main] org.hibernate.SQL                        : select b1_0.id,b1_0.logo,b1_0.name,b1_0.tenant_id from brands b1_0 where b1_0.id=?
2026-01-25T02:52:31.012+02:00 DEBUG 30620 --- [main] org.hibernate.SQL                        : select b1_0.id,b1_0.logo,b1_0.name,b1_0.tenant_id from brands b1_0 where b1_0.id=?
2026-01-25T02:52:31.014+02:00 DEBUG 30620 --- [main] org.hibernate.SQL                        : select b1_0.id,b1_0.logo,b1_0.name,b1_0.tenant_id from brands b1_0 where b1_0.id=?
2026-01-25T02:52:31.016+02:00 DEBUG 30620 --- [main] org.hibernate.SQL                        : select c1_0.id,c1_0.alias,c1_0.all_parent_ids,c1_0.enabled,c1_0.image,c1_0.level,c1_0.name,c1_0.parent_id,c1_0.tenant_id from categories c1_0 where c1_0.id=?
2026-01-25T02:52:31.017+02:00 DEBUG 30620 --- [main] org.hibernate.SQL                        : select b1_0.id,b1_0.logo,b1_0.name,b1_0.tenant_id from brands b1_0 where b1_0.id=?
2026-01-25T02:52:31.020+02:00 DEBUG 30620 --- [main] org.hibernate.SQL                        : select c1_0.id,c1_0.alias,c1_0.all_parent_ids,c1_0.enabled,c1_0.image,c1_0.level,c1_0.name,c1_0.parent_id,c1_0.tenant_id from categories c1_0 where c1_0.id=?
2026-01-25T02:52:31.023+02:00 DEBUG 30620 --- [main] org.hibernate.SQL                        : select b1_0.id,b1_0.logo,b1_0.name,b1_0.tenant_id from brands b1_0 where b1_0.id=?
2026-01-25T02:52:31.024+02:00 DEBUG 30620 --- [main] org.hibernate.SQL                        : select b1_0.id,b1_0.logo,b1_0.name,b1_0.tenant_id from brands b1_0 where b1_0.id=?
2026-01-25T02:52:31.026+02:00 DEBUG 30620 --- [main] org.hibernate.SQL                        : select c1_0.id,c1_0.alias,c1_0.all_parent_ids,c1_0.enabled,c1_0.image,c1_0.level,c1_0.name,c1_0.parent_id,c1_0.tenant_id from categories c1_0 where c1_0.id=?
2026-01-25T02:52:31.029+02:00 DEBUG 30620 --- [main] org.hibernate.SQL                        : select b1_0.id,b1_0.logo,b1_0.name,b1_0.tenant_id from brands b1_0 where b1_0.id=?
2026-01-25T02:52:31.030+02:00 DEBUG 30620 --- [main] org.hibernate.SQL                        : select b1_0.id,b1_0.logo,b1_0.name,b1_0.tenant_id from brands b1_0 where b1_0.id=?
2026-01-25T02:52:31.032+02:00 DEBUG 30620 --- [main] org.hibernate.SQL                        : select c1_0.id,c1_0.alias,c1_0.all_parent_ids,c1_0.enabled,c1_0.image,c1_0.level,c1_0.name,c1_0.parent_id,c1_0.tenant_id from categories c1_0 where c1_0.id=?
2026-01-25T02:52:31.034+02:00 DEBUG 30620 --- [main] org.hibernate.SQL                        : select b1_0.id,b1_0.logo,b1_0.name,b1_0.tenant_id from brands b1_0 where b1_0.id=?
2026-01-25T02:52:31.037+02:00 DEBUG 30620 --- [main] org.hibernate.SQL                        : select c1_0.id,c1_0.alias,c1_0.all_parent_ids,c1_0.enabled,c1_0.image,c1_0.level,c1_0.name,c1_0.parent_id,c1_0.tenant_id from categories c1_0 where c1_0.id=?
2026-01-25T02:52:31.258+02:00 DEBUG 30620 --- [main] org.hibernate.SQL                        : UPDATE categories c JOIN categories p ON c.parent_id = p.id SET c.parent_id = NULL WHERE c.tenant_id != p.tenant_id
2026-01-25T02:52:31.306+02:00 DEBUG 30620 --- [main] org.hibernate.SQL                        : select t1_0.id,t1_0.active,t1_0.code,t1_0.created_at,t1_0.level,t1_0.name,t1_0.parent_id,t1_0.status from tenants t1_0 where t1_0.code=?
2026-01-25T02:52:31.310+02:00 DEBUG 30620 --- [main] org.hibernate.SQL                        : select t1_0.id,t1_0.active,t1_0.code,t1_0.created_at,t1_0.level,t1_0.name,t1_0.parent_id,t1_0.status from tenants t1_0 where t1_0.code=?
2026-01-25T02:52:31.314+02:00 DEBUG 30620 --- [main] org.hibernate.SQL                        : select t1_0.id,t1_0.active,t1_0.code,t1_0.created_at,t1_0.level,t1_0.name,t1_0.parent_id,t1_0.status from tenants t1_0 where t1_0.code=?
2026-01-25T02:52:31.326+02:00 DEBUG 30620 --- [main] org.hibernate.SQL                        : select r1_0.id,r1_0.all_parent_ids,r1_0.descrption,r1_0.name,r1_0.parent_id from role r1_0
2026-01-25T02:52:31.335+02:00 DEBUG 30620 --- [main] org.hibernate.SQL                        : select p1_0.role_id,p1_0.id,p1_0.permission,p1_0.scope from role_permissions p1_0 where p1_0.role_id=?
2026-01-25T02:52:31.337+02:00 DEBUG 30620 --- [main] org.hibernate.SQL                        : select p1_0.role_id,p1_0.id,p1_0.permission,p1_0.scope from role_permissions p1_0 where p1_0.role_id=?
2026-01-25T02:52:31.337+02:00 DEBUG 30620 --- [main] org.hibernate.SQL                        : select p1_0.role_id,p1_0.id,p1_0.permission,p1_0.scope from role_permissions p1_0 where p1_0.role_id=?
2026-01-25T02:52:31.338+02:00 DEBUG 30620 --- [main] org.hibernate.SQL                        : select p1_0.role_id,p1_0.id,p1_0.permission,p1_0.scope from role_permissions p1_0 where p1_0.role_id=?
2026-01-25T02:52:31.339+02:00 DEBUG 30620 --- [main] org.hibernate.SQL                        : select p1_0.role_id,p1_0.id,p1_0.permission,p1_0.scope from role_permissions p1_0 where p1_0.role_id=?
2026-01-25T02:52:31.340+02:00 DEBUG 30620 --- [main] org.hibernate.SQL                        : select p1_0.role_id,p1_0.id,p1_0.permission,p1_0.scope from role_permissions p1_0 where p1_0.role_id=?
2026-01-25T02:52:31.345+02:00 DEBUG 30620 --- [main] org.hibernate.SQL                        : select r1_0.id,r1_0.all_parent_ids,r1_0.descrption,r1_0.name,r1_0.parent_id from role r1_0
2026-01-25T02:52:31.346+02:00 DEBUG 30620 --- [main] org.hibernate.SQL                        : select p1_0.role_id,p1_0.id,p1_0.permission,p1_0.scope from role_permissions p1_0 where p1_0.role_id=?
2026-01-25T02:52:31.347+02:00 DEBUG 30620 --- [main] org.hibernate.SQL                        : select p1_0.role_id,p1_0.id,p1_0.permission,p1_0.scope from role_permissions p1_0 where p1_0.role_id=?
2026-01-25T02:52:31.349+02:00 DEBUG 30620 --- [main] org.hibernate.SQL                        : select p1_0.role_id,p1_0.id,p1_0.permission,p1_0.scope from role_permissions p1_0 where p1_0.role_id=?
2026-01-25T02:52:31.350+02:00 DEBUG 30620 --- [main] org.hibernate.SQL                        : select p1_0.role_id,p1_0.id,p1_0.permission,p1_0.scope from role_permissions p1_0 where p1_0.role_id=?
2026-01-25T02:52:31.351+02:00 DEBUG 30620 --- [main] org.hibernate.SQL                        : select p1_0.role_id,p1_0.id,p1_0.permission,p1_0.scope from role_permissions p1_0 where p1_0.role_id=?
2026-01-25T02:52:31.352+02:00 DEBUG 30620 --- [main] org.hibernate.SQL                        : select p1_0.role_id,p1_0.id,p1_0.permission,p1_0.scope from role_permissions p1_0 where p1_0.role_id=?
2026-01-25T02:52:31.356+02:00 DEBUG 30620 --- [main] org.hibernate.SQL                        : select u1_0.id,u1_0.email,u1_0.enabled,u1_0.first_name,u1_0.last_login_time,u1_0.last_name,u1_0.password,u1_0.photos,u1_0.tenant_id,u1_0.user_bio from `'user'` u1_0 where u1_0.email=?
2026-01-25T02:52:31.359+02:00 DEBUG 30620 --- [main] org.hibernate.SQL                        : select r1_0.user_id,r1_1.id,r1_1.all_parent_ids,r1_1.descrption,r1_1.name,r1_1.parent_id,p2_0.role_id,p2_0.id,p2_0.permission,p2_0.scope from user_roles r1_0 join role r1_1 on r1_1.id=r1_0.role_id left join role_permissions p2_0 on r1_1.id=p2_0.role_id where r1_0.user_id=?
2026-01-25T02:52:31.363+02:00 DEBUG 30620 --- [main] org.hibernate.SQL                        : select u1_0.id,u1_0.email,u1_0.enabled,u1_0.first_name,u1_0.last_login_time,u1_0.last_name,u1_0.password,u1_0.photos,u1_0.tenant_id,u1_0.user_bio from `'user'` u1_0 where u1_0.email=?
2026-01-25T02:52:31.365+02:00 DEBUG 30620 --- [main] org.hibernate.SQL                        : select r1_0.user_id,r1_1.id,r1_1.all_parent_ids,r1_1.descrption,r1_1.name,r1_1.parent_id,p2_0.role_id,p2_0.id,p2_0.permission,p2_0.scope from user_roles r1_0 join role r1_1 on r1_1.id=r1_0.role_id left join role_permissions p2_0 on r1_1.id=p2_0.role_id where r1_0.user_id=?
2026-01-25T02:52:31.369+02:00 DEBUG 30620 --- [main] org.hibernate.SQL                        : select u1_0.id,u1_0.email,u1_0.enabled,u1_0.first_name,u1_0.last_login_time,u1_0.last_name,u1_0.password,u1_0.photos,u1_0.tenant_id,u1_0.user_bio from `'user'` u1_0 where u1_0.email=?
2026-01-25T02:52:31.370+02:00 DEBUG 30620 --- [main] org.hibernate.SQL                        : select r1_0.user_id,r1_1.id,r1_1.all_parent_ids,r1_1.descrption,r1_1.name,r1_1.parent_id,p2_0.role_id,p2_0.id,p2_0.permission,p2_0.scope from user_roles r1_0 join role r1_1 on r1_1.id=r1_0.role_id left join role_permissions p2_0 on r1_1.id=p2_0.role_id where r1_0.user_id=?
2026-01-25T02:52:31.373+02:00 DEBUG 30620 --- [main] org.hibernate.SQL                        : select t1_0.user_id,t1_0.id,t1_0.tenant_id from user_tenants t1_0 where t1_0.user_id=?
2026-01-25T02:52:44.546+02:00  INFO 30620 --- [http-nio-744-exec-1] o.a.c.c.C.[Tomcat].[localhost].[/]       : Initializing Spring DispatcherServlet 'dispatcherServlet'
2026-01-25T02:52:44.547+02:00  INFO 30620 --- [http-nio-744-exec-1] o.s.web.servlet.DispatcherServlet        : Initializing Servlet 'dispatcherServlet'
2026-01-25T02:52:44.551+02:00  INFO 30620 --- [http-nio-744-exec-1] o.s.web.servlet.DispatcherServlet        : Completed initialization in 4 ms
2026-01-25T02:52:44.961+02:00 DEBUG 30620 --- [http-nio-744-exec-5] org.hibernate.SQL                        : select t1_0.id,t1_0.active,t1_0.code,t1_0.created_at,t1_0.level,t1_0.name,t1_0.parent_id,t1_0.status from tenants t1_0 where t1_0.id=?
2026-01-25T02:52:45.781+02:00  WARN 30620 --- [AsyncReporter{org.springframework.boot.actuate.autoconfigure.tracing.zipkin.ZipkinRestTemplateSender@7951a08c}] z.r.AsyncReporter$BoundedAsyncReporter   : Spans were dropped due to exceptions. All subsequent errors will be logged at FINE level.
2026-01-25T02:52:45.781+02:00  WARN 30620 --- [AsyncReporter{org.springframework.boot.actuate.autoconfigure.tracing.zipkin.ZipkinRestTemplateSender@7951a08c}] z.r.AsyncReporter$BoundedAsyncReporter   : Dropped 11 spans due to IllegalArgumentException(URI is not absolute)

java.lang.IllegalArgumentException: URI is not absolute
	at java.base/java.net.URL.fromURI(URL.java:722) ~[na:na]
	at java.base/java.net.URI.toURL(URI.java:1136) ~[na:na]
	at org.springframework.http.client.SimpleClientHttpRequestFactory.createRequest(SimpleClientHttpRequestFactory.java:130) ~[spring-web-6.0.12.jar:6.0.12]
	at org.springframework.http.client.support.HttpAccessor.createRequest(HttpAccessor.java:124) ~[spring-web-6.0.12.jar:6.0.12]
	at org.springframework.web.client.RestTemplate.doExecute(RestTemplate.java:847) ~[spring-web-6.0.12.jar:6.0.12]
	at org.springframework.web.client.RestTemplate.execute(RestTemplate.java:764) ~[spring-web-6.0.12.jar:6.0.12]
	at org.springframework.web.client.RestTemplate.exchange(RestTemplate.java:646) ~[spring-web-6.0.12.jar:6.0.12]
	at org.springframework.boot.actuate.autoconfigure.tracing.zipkin.ZipkinRestTemplateSender$RestTemplateHttpPostCall.doExecute(ZipkinRestTemplateSender.java:68) ~[spring-boot-actuator-autoconfigure-3.1.4.jar:3.1.4]
	at org.springframework.boot.actuate.autoconfigure.tracing.zipkin.ZipkinRestTemplateSender$RestTemplateHttpPostCall.doExecute(ZipkinRestTemplateSender.java:48) ~[spring-boot-actuator-autoconfigure-3.1.4.jar:3.1.4]
	at zipkin2.Call$Base.execute(Call.java:391) ~[zipkin-2.23.2.jar:na]
	at zipkin2.reporter.AsyncReporter$BoundedAsyncReporter.flush(AsyncReporter.java:299) ~[zipkin-reporter-2.16.3.jar:na]
	at zipkin2.reporter.AsyncReporter$Flusher.run(AsyncReporter.java:378) ~[zipkin-reporter-2.16.3.jar:na]
	at java.base/java.lang.Thread.run(Thread.java:1589) ~[na:na]

2026-01-25T02:52:50.201+02:00 DEBUG 30620 --- [http-nio-744-exec-4] org.hibernate.SQL                        : select t1_0.id,t1_0.active,t1_0.code,t1_0.created_at,t1_0.level,t1_0.name,t1_0.parent_id,t1_0.status from tenants t1_0 where t1_0.id=?
2026-01-25T02:52:55.036+02:00 DEBUG 30620 --- [http-nio-744-exec-8] c.o.a.s.tenant.TenantFilterAspect        : 🛡️ [TenantFilterAspect] Enforced Filter for TenantID: 5
2026-01-25T02:52:55.040+02:00 DEBUG 30620 --- [http-nio-744-exec-8] org.hibernate.SQL                        : select u1_0.id,u1_0.email,u1_0.enabled,u1_0.first_name,u1_0.last_login_time,u1_0.last_name,u1_0.password,u1_0.photos,u1_0.tenant_id,u1_0.user_bio from `'user'` u1_0 where u1_0.email=?
2026-01-25T02:52:55.044+02:00 DEBUG 30620 --- [http-nio-744-exec-8] org.hibernate.SQL                        : select r1_0.user_id,r1_1.id,r1_1.all_parent_ids,r1_1.descrption,r1_1.name,r1_1.parent_id,p2_0.role_id,p2_0.id,p2_0.permission,p2_0.scope from user_roles r1_0 join role r1_1 on r1_1.id=r1_0.role_id left join role_permissions p2_0 on r1_1.id=p2_0.role_id where r1_0.user_id=?
2026-01-25T02:52:55.252+02:00 DEBUG 30620 --- [http-nio-744-exec-10] c.o.a.s.tenant.TenantFilterAspect        : ⚠️ [TenantFilterAspect] Service execution without TenantID
2026-01-25T02:52:55.254+02:00 DEBUG 30620 --- [http-nio-744-exec-10] org.hibernate.SQL                        : select u1_0.id,u1_0.email,u1_0.enabled,u1_0.first_name,u1_0.last_login_time,u1_0.last_name,u1_0.password,u1_0.photos,u1_0.tenant_id,u1_0.user_bio from `'user'` u1_0 where u1_0.email=?
2026-01-25T02:52:55.255+02:00 DEBUG 30620 --- [http-nio-744-exec-10] org.hibernate.SQL                        : select r1_0.user_id,r1_1.id,r1_1.all_parent_ids,r1_1.descrption,r1_1.name,r1_1.parent_id,p2_0.role_id,p2_0.id,p2_0.permission,p2_0.scope from user_roles r1_0 join role r1_1 on r1_1.id=r1_0.role_id left join role_permissions p2_0 on r1_1.id=p2_0.role_id where r1_0.user_id=?
2026-01-25T02:52:55.275+02:00 DEBUG 30620 --- [http-nio-744-exec-10] c.o.a.s.tenant.TenantFilterAspect        : ⚠️ [TenantFilterAspect] Service execution without TenantID
2026-01-25T02:52:55.278+02:00 DEBUG 30620 --- [http-nio-744-exec-10] org.hibernate.SQL                        : select t1_0.user_id,t1_0.id,t1_0.tenant_id from user_tenants t1_0 where t1_0.user_id=?
2026-01-25T02:52:55.287+02:00 DEBUG 30620 --- [http-nio-744-exec-10] org.hibernate.SQL                        : select u1_0.tenant_id from user_tenants u1_0 where u1_0.user_id=?
2026-01-25T02:52:55.301+02:00 DEBUG 30620 --- [http-nio-744-exec-10] org.hibernate.SQL                        : select t1_0.id,t1_0.active,t1_0.code,t1_0.created_at,t1_0.level,t1_0.name,t1_0.parent_id,t1_0.status from tenants t1_0 where t1_0.id=?
2026-01-25T02:52:55.306+02:00 DEBUG 30620 --- [http-nio-744-exec-10] c.o.a.s.tenant.TenantFilterAspect        : 🛡️ [TenantFilterAspect] Enforced Filter for TenantID: 5
2026-01-25T02:52:55.309+02:00 DEBUG 30620 --- [http-nio-744-exec-10] org.hibernate.SQL                        : select u1_0.id,u1_0.email,u1_0.enabled,u1_0.first_name,u1_0.last_login_time,u1_0.last_name,u1_0.password,u1_0.photos,u1_0.tenant_id,u1_0.user_bio from `'user'` u1_0 where u1_0.tenant_id = ? and u1_0.tenant_id = ? and u1_0.email=?
2026-01-25T02:52:55.311+02:00 DEBUG 30620 --- [http-nio-744-exec-10] org.hibernate.SQL                        : select r1_0.user_id,r1_1.id,r1_1.all_parent_ids,r1_1.descrption,r1_1.name,r1_1.parent_id,p2_0.role_id,p2_0.id,p2_0.permission,p2_0.scope from user_roles r1_0 join role r1_1 on r1_1.id=r1_0.role_id left join role_permissions p2_0 on r1_1.id=p2_0.role_id where r1_0.user_id=?
2026-01-25T02:52:55.315+02:00 DEBUG 30620 --- [http-nio-744-exec-10] org.hibernate.SQL                        : select t1_0.user_id,t1_0.id,t1_0.tenant_id from user_tenants t1_0 where t1_0.user_id=?
2026-01-25T02:52:55.328+02:00  WARN 30620 --- [http-nio-744-exec-10] o.h.c.spi.AbstractPersistentCollection   : HHH000506: Detaching an uninitialized collection with enabled filters from a session: [com.onlineStoreCom.entity.tenant.Tenant.children#5]
2026-01-25T02:52:55.328+02:00  WARN 30620 --- [http-nio-744-exec-10] o.h.c.spi.AbstractPersistentCollection   : HHH000506: Detaching an uninitialized collection with enabled filters from a session: [com.onlineStoreCom.entity.users.Role.children#1]
2026-01-25T02:52:55.338+02:00 DEBUG 30620 --- [http-nio-744-exec-1] c.o.a.s.tenant.TenantFilterAspect        : ⚠️ [TenantFilterAspect] Service execution without TenantID
2026-01-25T02:52:55.339+02:00 DEBUG 30620 --- [http-nio-744-exec-1] org.hibernate.SQL                        : select u1_0.id,u1_0.email,u1_0.enabled,u1_0.first_name,u1_0.last_login_time,u1_0.last_name,u1_0.password,u1_0.photos,u1_0.tenant_id,u1_0.user_bio from `'user'` u1_0 where u1_0.email=?
2026-01-25T02:52:55.341+02:00 DEBUG 30620 --- [http-nio-744-exec-1] org.hibernate.SQL                        : select r1_0.user_id,r1_1.id,r1_1.all_parent_ids,r1_1.descrption,r1_1.name,r1_1.parent_id,p2_0.role_id,p2_0.id,p2_0.permission,p2_0.scope from user_roles r1_0 join role r1_1 on r1_1.id=r1_0.role_id left join role_permissions p2_0 on r1_1.id=p2_0.role_id where r1_0.user_id=?
2026-01-25T02:52:55.345+02:00 DEBUG 30620 --- [http-nio-744-exec-1] c.o.a.s.tenant.TenantFilterAspect        : ⚠️ [TenantFilterAspect] Service execution without TenantID
2026-01-25T02:52:55.345+02:00 DEBUG 30620 --- [http-nio-744-exec-1] org.hibernate.SQL                        : select t1_0.user_id,t1_0.id,t1_0.tenant_id from user_tenants t1_0 where t1_0.user_id=?
2026-01-25T02:52:55.349+02:00 DEBUG 30620 --- [http-nio-744-exec-1] org.hibernate.SQL                        : select u1_0.tenant_id from user_tenants u1_0 where u1_0.user_id=?
2026-01-25T02:52:55.363+02:00 DEBUG 30620 --- [http-nio-744-exec-1] org.hibernate.SQL                        : select t1_0.id,t1_0.active,t1_0.code,t1_0.created_at,t1_0.level,t1_0.name,t1_0.parent_id,t1_0.status from tenants t1_0 where t1_0.id=?
2026-01-25T02:52:55.366+02:00 DEBUG 30620 --- [http-nio-744-exec-1] c.o.a.s.tenant.TenantFilterAspect        : 🛡️ [TenantFilterAspect] Enforced Filter for TenantID: 5
2026-01-25T02:52:55.367+02:00 DEBUG 30620 --- [http-nio-744-exec-1] org.hibernate.SQL                        : select u1_0.id,u1_0.email,u1_0.enabled,u1_0.first_name,u1_0.last_login_time,u1_0.last_name,u1_0.password,u1_0.photos,u1_0.tenant_id,u1_0.user_bio from `'user'` u1_0 where u1_0.tenant_id = ? and u1_0.tenant_id = ? and u1_0.email=?
2026-01-25T02:52:55.370+02:00 DEBUG 30620 --- [http-nio-744-exec-1] org.hibernate.SQL                        : select r1_0.user_id,r1_1.id,r1_1.all_parent_ids,r1_1.descrption,r1_1.name,r1_1.parent_id,p2_0.role_id,p2_0.id,p2_0.permission,p2_0.scope from user_roles r1_0 join role r1_1 on r1_1.id=r1_0.role_id left join role_permissions p2_0 on r1_1.id=p2_0.role_id where r1_0.user_id=?
2026-01-25T02:52:55.373+02:00 DEBUG 30620 --- [http-nio-744-exec-1] org.hibernate.SQL                        : select t1_0.user_id,t1_0.id,t1_0.tenant_id from user_tenants t1_0 where t1_0.user_id=?
2026-01-25T02:52:55.375+02:00  WARN 30620 --- [http-nio-744-exec-1] o.h.c.spi.AbstractPersistentCollection   : HHH000506: Detaching an uninitialized collection with enabled filters from a session: [com.onlineStoreCom.entity.tenant.Tenant.children#5]
2026-01-25T02:52:55.375+02:00  WARN 30620 --- [http-nio-744-exec-1] o.h.c.spi.AbstractPersistentCollection   : HHH000506: Detaching an uninitialized collection with enabled filters from a session: [com.onlineStoreCom.entity.users.Role.children#1]
2026-01-25T02:52:55.386+02:00 DEBUG 30620 --- [http-nio-744-exec-5] c.o.a.s.tenant.TenantFilterAspect        : ⚠️ [TenantFilterAspect] Service execution without TenantID
2026-01-25T02:52:55.388+02:00 DEBUG 30620 --- [http-nio-744-exec-5] org.hibernate.SQL                        : select u1_0.id,u1_0.email,u1_0.enabled,u1_0.first_name,u1_0.last_login_time,u1_0.last_name,u1_0.password,u1_0.photos,u1_0.tenant_id,u1_0.user_bio from `'user'` u1_0 where u1_0.email=?
2026-01-25T02:52:55.390+02:00 DEBUG 30620 --- [http-nio-744-exec-5] org.hibernate.SQL                        : select r1_0.user_id,r1_1.id,r1_1.all_parent_ids,r1_1.descrption,r1_1.name,r1_1.parent_id,p2_0.role_id,p2_0.id,p2_0.permission,p2_0.scope from user_roles r1_0 join role r1_1 on r1_1.id=r1_0.role_id left join role_permissions p2_0 on r1_1.id=p2_0.role_id where r1_0.user_id=?
2026-01-25T02:52:55.393+02:00 DEBUG 30620 --- [http-nio-744-exec-5] c.o.a.s.tenant.TenantFilterAspect        : ⚠️ [TenantFilterAspect] Service execution without TenantID
2026-01-25T02:52:55.394+02:00 DEBUG 30620 --- [http-nio-744-exec-5] org.hibernate.SQL                        : select t1_0.user_id,t1_0.id,t1_0.tenant_id from user_tenants t1_0 where t1_0.user_id=?
2026-01-25T02:52:55.396+02:00 DEBUG 30620 --- [http-nio-744-exec-5] org.hibernate.SQL                        : select u1_0.tenant_id from user_tenants u1_0 where u1_0.user_id=?
2026-01-25T02:52:55.415+02:00 DEBUG 30620 --- [http-nio-744-exec-5] org.hibernate.SQL                        : select t1_0.id,t1_0.active,t1_0.code,t1_0.created_at,t1_0.level,t1_0.name,t1_0.parent_id,t1_0.status from tenants t1_0 where t1_0.id=?
2026-01-25T02:52:55.417+02:00 DEBUG 30620 --- [http-nio-744-exec-5] c.o.a.s.tenant.TenantFilterAspect        : 🛡️ [TenantFilterAspect] Enforced Filter for TenantID: 5
2026-01-25T02:52:55.420+02:00 DEBUG 30620 --- [http-nio-744-exec-5] org.hibernate.SQL                        : select u1_0.id,u1_0.email,u1_0.enabled,u1_0.first_name,u1_0.last_login_time,u1_0.last_name,u1_0.password,u1_0.photos,u1_0.tenant_id,u1_0.user_bio from `'user'` u1_0 where u1_0.tenant_id = ? and u1_0.tenant_id = ? and u1_0.email=?
2026-01-25T02:52:55.421+02:00 DEBUG 30620 --- [http-nio-744-exec-5] org.hibernate.SQL                        : select r1_0.user_id,r1_1.id,r1_1.all_parent_ids,r1_1.descrption,r1_1.name,r1_1.parent_id,p2_0.role_id,p2_0.id,p2_0.permission,p2_0.scope from user_roles r1_0 join role r1_1 on r1_1.id=r1_0.role_id left join role_permissions p2_0 on r1_1.id=p2_0.role_id where r1_0.user_id=?
2026-01-25T02:52:55.423+02:00 DEBUG 30620 --- [http-nio-744-exec-5] org.hibernate.SQL                        : select t1_0.user_id,t1_0.id,t1_0.tenant_id from user_tenants t1_0 where t1_0.user_id=?
2026-01-25T02:52:55.446+02:00 DEBUG 30620 --- [http-nio-744-exec-5] c.o.a.s.tenant.TenantFilterAspect        : 🛡️ [TenantFilterAspect] Enforced Filter for TenantID: 5
2026-01-25T02:52:55.454+02:00 DEBUG 30620 --- [http-nio-744-exec-5] org.hibernate.SQL                        : select u1_0.id,u1_0.email,u1_0.enabled,u1_0.first_name,u1_0.last_login_time,u1_0.last_name,u1_0.password,u1_0.photos,u1_0.tenant_id,u1_0.user_bio from `'user'` u1_0 where u1_0.tenant_id = ? and u1_0.tenant_id = ? order by u1_0.first_name limit ?,?
2026-01-25T02:52:55.459+02:00 DEBUG 30620 --- [http-nio-744-exec-5] org.hibernate.SQL                        : select r1_0.user_id,r1_1.id,r1_1.all_parent_ids,r1_1.descrption,r1_1.name,r1_1.parent_id,p2_0.role_id,p2_0.id,p2_0.permission,p2_0.scope from user_roles r1_0 join role r1_1 on r1_1.id=r1_0.role_id left join role_permissions p2_0 on r1_1.id=p2_0.role_id where r1_0.user_id=?
2026-01-25T02:52:55.461+02:00 DEBUG 30620 --- [http-nio-744-exec-5] org.hibernate.SQL                        : select r1_0.user_id,r1_1.id,r1_1.all_parent_ids,r1_1.descrption,r1_1.name,r1_1.parent_id,p2_0.role_id,p2_0.id,p2_0.permission,p2_0.scope from user_roles r1_0 join role r1_1 on r1_1.id=r1_0.role_id left join role_permissions p2_0 on r1_1.id=p2_0.role_id where r1_0.user_id=?
2026-01-25T02:52:55.463+02:00 DEBUG 30620 --- [http-nio-744-exec-5] org.hibernate.SQL                        : select r1_0.user_id,r1_1.id,r1_1.all_parent_ids,r1_1.descrption,r1_1.name,r1_1.parent_id,p2_0.role_id,p2_0.id,p2_0.permission,p2_0.scope from user_roles r1_0 join role r1_1 on r1_1.id=r1_0.role_id left join role_permissions p2_0 on r1_1.id=p2_0.role_id where r1_0.user_id=?
2026-01-25T02:52:55.464+02:00 DEBUG 30620 --- [http-nio-744-exec-5] org.hibernate.SQL                        : select r1_0.user_id,r1_1.id,r1_1.all_parent_ids,r1_1.descrption,r1_1.name,r1_1.parent_id,p2_0.role_id,p2_0.id,p2_0.permission,p2_0.scope from user_roles r1_0 join role r1_1 on r1_1.id=r1_0.role_id left join role_permissions p2_0 on r1_1.id=p2_0.role_id where r1_0.user_id=?
2026-01-25T02:52:55.480+02:00 DEBUG 30620 --- [http-nio-744-exec-5] org.hibernate.SQL                        : select count(u1_0.id) from `'user'` u1_0 where u1_0.tenant_id = ? and u1_0.tenant_id = ?
2026-01-25T02:52:55.910+02:00 DEBUG 30620 --- [http-nio-744-exec-4] c.o.a.s.tenant.TenantFilterAspect        : ⚠️ [TenantFilterAspect] Service execution without TenantID
2026-01-25T02:52:55.911+02:00 DEBUG 30620 --- [http-nio-744-exec-2] c.o.a.s.tenant.TenantFilterAspect        : ⚠️ [TenantFilterAspect] Service execution without TenantID
2026-01-25T02:52:55.912+02:00 DEBUG 30620 --- [http-nio-744-exec-4] org.hibernate.SQL                        : select u1_0.id,u1_0.email,u1_0.enabled,u1_0.first_name,u1_0.last_login_time,u1_0.last_name,u1_0.password,u1_0.photos,u1_0.tenant_id,u1_0.user_bio from `'user'` u1_0 where u1_0.email=?
2026-01-25T02:52:55.913+02:00 DEBUG 30620 --- [http-nio-744-exec-2] org.hibernate.SQL                        : select u1_0.id,u1_0.email,u1_0.enabled,u1_0.first_name,u1_0.last_login_time,u1_0.last_name,u1_0.password,u1_0.photos,u1_0.tenant_id,u1_0.user_bio from `'user'` u1_0 where u1_0.email=?
2026-01-25T02:52:55.915+02:00 DEBUG 30620 --- [http-nio-744-exec-2] org.hibernate.SQL                        : select r1_0.user_id,r1_1.id,r1_1.all_parent_ids,r1_1.descrption,r1_1.name,r1_1.parent_id,p2_0.role_id,p2_0.id,p2_0.permission,p2_0.scope from user_roles r1_0 join role r1_1 on r1_1.id=r1_0.role_id left join role_permissions p2_0 on r1_1.id=p2_0.role_id where r1_0.user_id=?
2026-01-25T02:52:55.915+02:00 DEBUG 30620 --- [http-nio-744-exec-4] org.hibernate.SQL                        : select r1_0.user_id,r1_1.id,r1_1.all_parent_ids,r1_1.descrption,r1_1.name,r1_1.parent_id,p2_0.role_id,p2_0.id,p2_0.permission,p2_0.scope from user_roles r1_0 join role r1_1 on r1_1.id=r1_0.role_id left join role_permissions p2_0 on r1_1.id=p2_0.role_id where r1_0.user_id=?
2026-01-25T02:52:55.919+02:00 DEBUG 30620 --- [http-nio-744-exec-4] c.o.a.s.tenant.TenantFilterAspect        : ⚠️ [TenantFilterAspect] Service execution without TenantID
2026-01-25T02:52:55.919+02:00 DEBUG 30620 --- [http-nio-744-exec-2] c.o.a.s.tenant.TenantFilterAspect        : ⚠️ [TenantFilterAspect] Service execution without TenantID
2026-01-25T02:52:55.921+02:00 DEBUG 30620 --- [http-nio-744-exec-2] org.hibernate.SQL                        : select t1_0.user_id,t1_0.id,t1_0.tenant_id from user_tenants t1_0 where t1_0.user_id=?
2026-01-25T02:52:55.921+02:00 DEBUG 30620 --- [http-nio-744-exec-4] org.hibernate.SQL                        : select t1_0.user_id,t1_0.id,t1_0.tenant_id from user_tenants t1_0 where t1_0.user_id=?
2026-01-25T02:52:55.924+02:00 DEBUG 30620 --- [http-nio-744-exec-4] org.hibernate.SQL                        : select u1_0.tenant_id from user_tenants u1_0 where u1_0.user_id=?
2026-01-25T02:52:55.924+02:00 DEBUG 30620 --- [http-nio-744-exec-2] org.hibernate.SQL                        : select u1_0.tenant_id from user_tenants u1_0 where u1_0.user_id=?
2026-01-25T02:52:55.983+02:00 DEBUG 30620 --- [http-nio-744-exec-7] org.hibernate.SQL                        : select t1_0.id,t1_0.active,t1_0.code,t1_0.created_at,t1_0.level,t1_0.name,t1_0.parent_id,t1_0.status from tenants t1_0 where t1_0.id=?
2026-01-25T02:52:55.989+02:00 DEBUG 30620 --- [http-nio-744-exec-7] c.o.a.s.tenant.TenantFilterAspect        : 🛡️ [TenantFilterAspect] Enforced Filter for TenantID: 5
2026-01-25T02:52:55.993+02:00 DEBUG 30620 --- [http-nio-744-exec-7] org.hibernate.SQL                        : select u1_0.id,u1_0.email,u1_0.enabled,u1_0.first_name,u1_0.last_login_time,u1_0.last_name,u1_0.password,u1_0.photos,u1_0.tenant_id,u1_0.user_bio from `'user'` u1_0 where u1_0.tenant_id = ? and u1_0.tenant_id = ? and u1_0.email=?
2026-01-25T02:52:55.994+02:00 DEBUG 30620 --- [http-nio-744-exec-7] org.hibernate.SQL                        : select r1_0.user_id,r1_1.id,r1_1.all_parent_ids,r1_1.descrption,r1_1.name,r1_1.parent_id,p2_0.role_id,p2_0.id,p2_0.permission,p2_0.scope from user_roles r1_0 join role r1_1 on r1_1.id=r1_0.role_id left join role_permissions p2_0 on r1_1.id=p2_0.role_id where r1_0.user_id=?
2026-01-25T02:52:55.995+02:00 DEBUG 30620 --- [http-nio-744-exec-6] c.o.a.s.tenant.TenantFilterAspect        : ⚠️ [TenantFilterAspect] Service execution without TenantID
2026-01-25T02:52:55.997+02:00 DEBUG 30620 --- [http-nio-744-exec-6] org.hibernate.SQL                        : select u1_0.id,u1_0.email,u1_0.enabled,u1_0.first_name,u1_0.last_login_time,u1_0.last_name,u1_0.password,u1_0.photos,u1_0.tenant_id,u1_0.user_bio from `'user'` u1_0 where u1_0.email=?
2026-01-25T02:52:55.999+02:00 DEBUG 30620 --- [http-nio-744-exec-7] org.hibernate.SQL                        : select t1_0.user_id,t1_0.id,t1_0.tenant_id from user_tenants t1_0 where t1_0.user_id=?
2026-01-25T02:52:55.999+02:00 DEBUG 30620 --- [http-nio-744-exec-6] org.hibernate.SQL                        : select r1_0.user_id,r1_1.id,r1_1.all_parent_ids,r1_1.descrption,r1_1.name,r1_1.parent_id,p2_0.role_id,p2_0.id,p2_0.permission,p2_0.scope from user_roles r1_0 join role r1_1 on r1_1.id=r1_0.role_id left join role_permissions p2_0 on r1_1.id=p2_0.role_id where r1_0.user_id=?
2026-01-25T02:52:56.003+02:00 DEBUG 30620 --- [http-nio-744-exec-6] c.o.a.s.tenant.TenantFilterAspect        : ⚠️ [TenantFilterAspect] Service execution without TenantID
2026-01-25T02:52:56.003+02:00 DEBUG 30620 --- [http-nio-744-exec-7] c.o.a.s.tenant.TenantFilterAspect        : 🛡️ [TenantFilterAspect] Enforced Filter for TenantID: 5
2026-01-25T02:52:56.004+02:00 DEBUG 30620 --- [http-nio-744-exec-6] org.hibernate.SQL                        : select t1_0.user_id,t1_0.id,t1_0.tenant_id from user_tenants t1_0 where t1_0.user_id=?
2026-01-25T02:52:56.008+02:00 DEBUG 30620 --- [http-nio-744-exec-6] org.hibernate.SQL                        : select u1_0.tenant_id from user_tenants u1_0 where u1_0.user_id=?
2026-01-25T02:52:56.008+02:00 DEBUG 30620 --- [http-nio-744-exec-7] org.hibernate.SQL                        : select s1_0.id,s1_0.category,s1_0.`key`,s1_0.tenant_id,s1_0.value from settings s1_0 where (s1_0.tenant_id = ? or s1_0.tenant_id = 0 or s1_0.tenant_id is null) and s1_0.tenant_id = ? and s1_0.category=?
2026-01-25T02:52:56.016+02:00  WARN 30620 --- [http-nio-744-exec-7] o.h.c.spi.AbstractPersistentCollection   : HHH000506: Detaching an uninitialized collection with enabled filters from a session: [com.onlineStoreCom.entity.tenant.Tenant.children#5]
2026-01-25T02:52:56.017+02:00  WARN 30620 --- [http-nio-744-exec-7] o.h.c.spi.AbstractPersistentCollection   : HHH000506: Detaching an uninitialized collection with enabled filters from a session: [com.onlineStoreCom.entity.users.Role.children#1]
2026-01-25T02:52:56.124+02:00 DEBUG 30620 --- [http-nio-744-exec-1] c.o.a.s.tenant.TenantFilterAspect        : ⚠️ [TenantFilterAspect] Service execution without TenantID
2026-01-25T02:52:56.124+02:00 DEBUG 30620 --- [http-nio-744-exec-10] c.o.a.s.tenant.TenantFilterAspect        : ⚠️ [TenantFilterAspect] Service execution without TenantID
2026-01-25T02:52:56.127+02:00 DEBUG 30620 --- [http-nio-744-exec-1] org.hibernate.SQL                        : select u1_0.id,u1_0.email,u1_0.enabled,u1_0.first_name,u1_0.last_login_time,u1_0.last_name,u1_0.password,u1_0.photos,u1_0.tenant_id,u1_0.user_bio from `'user'` u1_0 where u1_0.email=?
2026-01-25T02:52:56.127+02:00 DEBUG 30620 --- [http-nio-744-exec-10] org.hibernate.SQL                        : select u1_0.id,u1_0.email,u1_0.enabled,u1_0.first_name,u1_0.last_login_time,u1_0.last_name,u1_0.password,u1_0.photos,u1_0.tenant_id,u1_0.user_bio from `'user'` u1_0 where u1_0.email=?
2026-01-25T02:52:56.128+02:00 DEBUG 30620 --- [http-nio-744-exec-10] org.hibernate.SQL                        : select r1_0.user_id,r1_1.id,r1_1.all_parent_ids,r1_1.descrption,r1_1.name,r1_1.parent_id,p2_0.role_id,p2_0.id,p2_0.permission,p2_0.scope from user_roles r1_0 join role r1_1 on r1_1.id=r1_0.role_id left join role_permissions p2_0 on r1_1.id=p2_0.role_id where r1_0.user_id=?
2026-01-25T02:52:56.128+02:00 DEBUG 30620 --- [http-nio-744-exec-1] org.hibernate.SQL                        : select r1_0.user_id,r1_1.id,r1_1.all_parent_ids,r1_1.descrption,r1_1.name,r1_1.parent_id,p2_0.role_id,p2_0.id,p2_0.permission,p2_0.scope from user_roles r1_0 join role r1_1 on r1_1.id=r1_0.role_id left join role_permissions p2_0 on r1_1.id=p2_0.role_id where r1_0.user_id=?
2026-01-25T02:52:56.132+02:00 DEBUG 30620 --- [http-nio-744-exec-1] c.o.a.s.tenant.TenantFilterAspect        : ⚠️ [TenantFilterAspect] Service execution without TenantID
2026-01-25T02:52:56.133+02:00 DEBUG 30620 --- [http-nio-744-exec-10] c.o.a.s.tenant.TenantFilterAspect        : ⚠️ [TenantFilterAspect] Service execution without TenantID
2026-01-25T02:52:56.134+02:00 DEBUG 30620 --- [http-nio-744-exec-1] org.hibernate.SQL                        : select t1_0.user_id,t1_0.id,t1_0.tenant_id from user_tenants t1_0 where t1_0.user_id=?
2026-01-25T02:52:56.134+02:00 DEBUG 30620 --- [http-nio-744-exec-10] org.hibernate.SQL                        : select t1_0.user_id,t1_0.id,t1_0.tenant_id from user_tenants t1_0 where t1_0.user_id=?
2026-01-25T02:52:56.136+02:00 DEBUG 30620 --- [http-nio-744-exec-1] org.hibernate.SQL                        : select u1_0.tenant_id from user_tenants u1_0 where u1_0.user_id=?
2026-01-25T02:52:56.141+02:00 DEBUG 30620 --- [http-nio-744-exec-10] org.hibernate.SQL                        : select u1_0.tenant_id from user_tenants u1_0 where u1_0.user_id=?
2026-01-25T02:52:56.146+02:00  WARN 30620 --- [http-nio-744-exec-5] o.h.c.spi.AbstractPersistentCollection   : HHH000506: Detaching an uninitialized collection with enabled filters from a session: [com.onlineStoreCom.entity.tenant.Tenant.children#5]
2026-01-25T02:52:56.146+02:00  WARN 30620 --- [http-nio-744-exec-5] o.h.c.spi.AbstractPersistentCollection   : HHH000506: Detaching an uninitialized collection with enabled filters from a session: [com.onlineStoreCom.entity.users.Role.children#1]
2026-01-25T02:52:56.146+02:00  WARN 30620 --- [http-nio-744-exec-5] o.h.c.spi.AbstractPersistentCollection   : HHH000506: Detaching an uninitialized collection with enabled filters from a session: [com.onlineStoreCom.entity.users.User.tenants#259]
2026-01-25T02:52:56.146+02:00  WARN 30620 --- [http-nio-744-exec-5] o.h.c.spi.AbstractPersistentCollection   : HHH000506: Detaching an uninitialized collection with enabled filters from a session: [com.onlineStoreCom.entity.users.User.tenants#260]
2026-01-25T02:52:56.146+02:00  WARN 30620 --- [http-nio-744-exec-5] o.h.c.spi.AbstractPersistentCollection   : HHH000506: Detaching an uninitialized collection with enabled filters from a session: [com.onlineStoreCom.entity.users.User.tenants#261]
2026-01-25T02:52:56.146+02:00  WARN 30620 --- [http-nio-744-exec-5] o.h.c.spi.AbstractPersistentCollection   : HHH000506: Detaching an uninitialized collection with enabled filters from a session: [com.onlineStoreCom.entity.users.User.tenants#262]
2026-01-25T02:52:56.154+02:00 DEBUG 30620 --- [http-nio-744-exec-9] c.o.a.s.tenant.TenantFilterAspect        : ⚠️ [TenantFilterAspect] Service execution without TenantID
2026-01-25T02:52:56.155+02:00 DEBUG 30620 --- [http-nio-744-exec-7] c.o.a.s.tenant.TenantFilterAspect        : ⚠️ [TenantFilterAspect] Service execution without TenantID
2026-01-25T02:52:56.155+02:00 DEBUG 30620 --- [http-nio-744-exec-9] org.hibernate.SQL                        : select u1_0.id,u1_0.email,u1_0.enabled,u1_0.first_name,u1_0.last_login_time,u1_0.last_name,u1_0.password,u1_0.photos,u1_0.tenant_id,u1_0.user_bio from `'user'` u1_0 where u1_0.email=?
2026-01-25T02:52:56.157+02:00 DEBUG 30620 --- [http-nio-744-exec-7] org.hibernate.SQL                        : select u1_0.id,u1_0.email,u1_0.enabled,u1_0.first_name,u1_0.last_login_time,u1_0.last_name,u1_0.password,u1_0.photos,u1_0.tenant_id,u1_0.user_bio from `'user'` u1_0 where u1_0.email=?
2026-01-25T02:52:56.157+02:00 DEBUG 30620 --- [http-nio-744-exec-3] c.o.a.s.tenant.TenantFilterAspect        : ⚠️ [TenantFilterAspect] Service execution without TenantID
2026-01-25T02:52:56.158+02:00 DEBUG 30620 --- [http-nio-744-exec-9] org.hibernate.SQL                        : select r1_0.user_id,r1_1.id,r1_1.all_parent_ids,r1_1.descrption,r1_1.name,r1_1.parent_id,p2_0.role_id,p2_0.id,p2_0.permission,p2_0.scope from user_roles r1_0 join role r1_1 on r1_1.id=r1_0.role_id left join role_permissions p2_0 on r1_1.id=p2_0.role_id where r1_0.user_id=?
2026-01-25T02:52:56.158+02:00 DEBUG 30620 --- [http-nio-744-exec-7] org.hibernate.SQL                        : select r1_0.user_id,r1_1.id,r1_1.all_parent_ids,r1_1.descrption,r1_1.name,r1_1.parent_id,p2_0.role_id,p2_0.id,p2_0.permission,p2_0.scope from user_roles r1_0 join role r1_1 on r1_1.id=r1_0.role_id left join role_permissions p2_0 on r1_1.id=p2_0.role_id where r1_0.user_id=?
2026-01-25T02:52:56.160+02:00 DEBUG 30620 --- [http-nio-744-exec-3] org.hibernate.SQL                        : select u1_0.id,u1_0.email,u1_0.enabled,u1_0.first_name,u1_0.last_login_time,u1_0.last_name,u1_0.password,u1_0.photos,u1_0.tenant_id,u1_0.user_bio from `'user'` u1_0 where u1_0.email=?
2026-01-25T02:52:56.160+02:00 DEBUG 30620 --- [http-nio-744-exec-7] c.o.a.s.tenant.TenantFilterAspect        : ⚠️ [TenantFilterAspect] Service execution without TenantID
2026-01-25T02:52:56.160+02:00 DEBUG 30620 --- [http-nio-744-exec-9] c.o.a.s.tenant.TenantFilterAspect        : ⚠️ [TenantFilterAspect] Service execution without TenantID
2026-01-25T02:52:56.162+02:00 DEBUG 30620 --- [http-nio-744-exec-9] org.hibernate.SQL                        : select t1_0.user_id,t1_0.id,t1_0.tenant_id from user_tenants t1_0 where t1_0.user_id=?
2026-01-25T02:52:56.162+02:00 DEBUG 30620 --- [http-nio-744-exec-7] org.hibernate.SQL                        : select t1_0.user_id,t1_0.id,t1_0.tenant_id from user_tenants t1_0 where t1_0.user_id=?
2026-01-25T02:52:56.163+02:00 DEBUG 30620 --- [http-nio-744-exec-3] org.hibernate.SQL                        : select r1_0.user_id,r1_1.id,r1_1.all_parent_ids,r1_1.descrption,r1_1.name,r1_1.parent_id,p2_0.role_id,p2_0.id,p2_0.permission,p2_0.scope from user_roles r1_0 join role r1_1 on r1_1.id=r1_0.role_id left join role_permissions p2_0 on r1_1.id=p2_0.role_id where r1_0.user_id=?
2026-01-25T02:52:56.164+02:00 DEBUG 30620 --- [http-nio-744-exec-7] org.hibernate.SQL                        : select u1_0.tenant_id from user_tenants u1_0 where u1_0.user_id=?
2026-01-25T02:52:56.164+02:00 DEBUG 30620 --- [http-nio-744-exec-9] org.hibernate.SQL                        : select u1_0.tenant_id from user_tenants u1_0 where u1_0.user_id=?
2026-01-25T02:52:56.174+02:00 DEBUG 30620 --- [http-nio-744-exec-3] c.o.a.s.tenant.TenantFilterAspect        : ⚠️ [TenantFilterAspect] Service execution without TenantID
2026-01-25T02:52:56.174+02:00 DEBUG 30620 --- [http-nio-744-exec-3] org.hibernate.SQL                        : select t1_0.user_id,t1_0.id,t1_0.tenant_id from user_tenants t1_0 where t1_0.user_id=?
2026-01-25T02:52:56.177+02:00 DEBUG 30620 --- [http-nio-744-exec-3] org.hibernate.SQL                        : select u1_0.tenant_id from user_tenants u1_0 where u1_0.user_id=?
2026-01-25T02:52:56.188+02:00 DEBUG 30620 --- [http-nio-744-exec-1] c.o.a.s.tenant.TenantFilterAspect        : ⚠️ [TenantFilterAspect] Service execution without TenantID
2026-01-25T02:52:56.190+02:00 DEBUG 30620 --- [http-nio-744-exec-1] org.hibernate.SQL                        : select u1_0.id,u1_0.email,u1_0.enabled,u1_0.first_name,u1_0.last_login_time,u1_0.last_name,u1_0.password,u1_0.photos,u1_0.tenant_id,u1_0.user_bio from `'user'` u1_0 where u1_0.email=?
2026-01-25T02:52:56.192+02:00 DEBUG 30620 --- [http-nio-744-exec-1] org.hibernate.SQL                        : select r1_0.user_id,r1_1.id,r1_1.all_parent_ids,r1_1.descrption,r1_1.name,r1_1.parent_id,p2_0.role_id,p2_0.id,p2_0.permission,p2_0.scope from user_roles r1_0 join role r1_1 on r1_1.id=r1_0.role_id left join role_permissions p2_0 on r1_1.id=p2_0.role_id where r1_0.user_id=?
2026-01-25T02:52:56.199+02:00 DEBUG 30620 --- [http-nio-744-exec-1] org.hibernate.SQL                        : select t1_0.user_id,t1_0.id,t1_0.tenant_id from user_tenants t1_0 where t1_0.user_id=?
2026-01-25T02:52:56.199+02:00 DEBUG 30620 --- [http-nio-744-exec-10] c.o.a.s.tenant.TenantFilterAspect        : ⚠️ [TenantFilterAspect] Service execution without TenantID
2026-01-25T02:52:56.201+02:00 DEBUG 30620 --- [http-nio-744-exec-10] org.hibernate.SQL                        : select u1_0.id,u1_0.email,u1_0.enabled,u1_0.first_name,u1_0.last_login_time,u1_0.last_name,u1_0.password,u1_0.photos,u1_0.tenant_id,u1_0.user_bio from `'user'` u1_0 where u1_0.email=?
2026-01-25T02:52:56.203+02:00 DEBUG 30620 --- [http-nio-744-exec-10] org.hibernate.SQL                        : select r1_0.user_id,r1_1.id,r1_1.all_parent_ids,r1_1.descrption,r1_1.name,r1_1.parent_id,p2_0.role_id,p2_0.id,p2_0.permission,p2_0.scope from user_roles r1_0 join role r1_1 on r1_1.id=r1_0.role_id left join role_permissions p2_0 on r1_1.id=p2_0.role_id where r1_0.user_id=?
2026-01-25T02:52:56.203+02:00 DEBUG 30620 --- [http-nio-744-exec-7] c.o.a.s.tenant.TenantFilterAspect        : ⚠️ [TenantFilterAspect] Service execution without TenantID
2026-01-25T02:52:56.206+02:00 DEBUG 30620 --- [http-nio-744-exec-7] org.hibernate.SQL                        : select u1_0.id,u1_0.email,u1_0.enabled,u1_0.first_name,u1_0.last_login_time,u1_0.last_name,u1_0.password,u1_0.photos,u1_0.tenant_id,u1_0.user_bio from `'user'` u1_0 where u1_0.email=?
2026-01-25T02:52:56.207+02:00 DEBUG 30620 --- [http-nio-744-exec-10] org.hibernate.SQL                        : select t1_0.user_id,t1_0.id,t1_0.tenant_id from user_tenants t1_0 where t1_0.user_id=?
2026-01-25T02:52:56.207+02:00 DEBUG 30620 --- [http-nio-744-exec-9] c.o.a.s.tenant.TenantFilterAspect        : ⚠️ [TenantFilterAspect] Service execution without TenantID
2026-01-25T02:52:56.208+02:00 DEBUG 30620 --- [http-nio-744-exec-7] org.hibernate.SQL                        : select r1_0.user_id,r1_1.id,r1_1.all_parent_ids,r1_1.descrption,r1_1.name,r1_1.parent_id,p2_0.role_id,p2_0.id,p2_0.permission,p2_0.scope from user_roles r1_0 join role r1_1 on r1_1.id=r1_0.role_id left join role_permissions p2_0 on r1_1.id=p2_0.role_id where r1_0.user_id=?
2026-01-25T02:52:56.209+02:00 DEBUG 30620 --- [http-nio-744-exec-9] org.hibernate.SQL                        : select u1_0.id,u1_0.email,u1_0.enabled,u1_0.first_name,u1_0.last_login_time,u1_0.last_name,u1_0.password,u1_0.photos,u1_0.tenant_id,u1_0.user_bio from `'user'` u1_0 where u1_0.email=?
2026-01-25T02:52:56.210+02:00 DEBUG 30620 --- [http-nio-744-exec-9] org.hibernate.SQL                        : select r1_0.user_id,r1_1.id,r1_1.all_parent_ids,r1_1.descrption,r1_1.name,r1_1.parent_id,p2_0.role_id,p2_0.id,p2_0.permission,p2_0.scope from user_roles r1_0 join role r1_1 on r1_1.id=r1_0.role_id left join role_permissions p2_0 on r1_1.id=p2_0.role_id where r1_0.user_id=?
2026-01-25T02:52:56.212+02:00 DEBUG 30620 --- [http-nio-744-exec-7] org.hibernate.SQL                        : select t1_0.user_id,t1_0.id,t1_0.tenant_id from user_tenants t1_0 where t1_0.user_id=?
2026-01-25T02:52:56.213+02:00 DEBUG 30620 --- [http-nio-744-exec-9] org.hibernate.SQL                        : select t1_0.user_id,t1_0.id,t1_0.tenant_id from user_tenants t1_0 where t1_0.user_id=?
2026-01-25T02:52:56.219+02:00 DEBUG 30620 --- [http-nio-744-exec-3] c.o.a.s.tenant.TenantFilterAspect        : ⚠️ [TenantFilterAspect] Service execution without TenantID
2026-01-25T02:52:56.220+02:00 DEBUG 30620 --- [http-nio-744-exec-3] org.hibernate.SQL                        : select u1_0.id,u1_0.email,u1_0.enabled,u1_0.first_name,u1_0.last_login_time,u1_0.last_name,u1_0.password,u1_0.photos,u1_0.tenant_id,u1_0.user_bio from `'user'` u1_0 where u1_0.email=?
2026-01-25T02:52:56.223+02:00 DEBUG 30620 --- [http-nio-744-exec-3] org.hibernate.SQL                        : select r1_0.user_id,r1_1.id,r1_1.all_parent_ids,r1_1.descrption,r1_1.name,r1_1.parent_id,p2_0.role_id,p2_0.id,p2_0.permission,p2_0.scope from user_roles r1_0 join role r1_1 on r1_1.id=r1_0.role_id left join role_permissions p2_0 on r1_1.id=p2_0.role_id where r1_0.user_id=?
2026-01-25T02:52:56.227+02:00 DEBUG 30620 --- [http-nio-744-exec-3] org.hibernate.SQL                        : select t1_0.user_id,t1_0.id,t1_0.tenant_id from user_tenants t1_0 where t1_0.user_id=?
2026-01-25T02:52:56.228+02:00 DEBUG 30620 --- [http-nio-744-exec-2] c.o.a.s.tenant.TenantFilterAspect        : ⚠️ [TenantFilterAspect] Service execution without TenantID
2026-01-25T02:52:56.230+02:00 DEBUG 30620 --- [http-nio-744-exec-2] org.hibernate.SQL                        : select u1_0.id,u1_0.email,u1_0.enabled,u1_0.first_name,u1_0.last_login_time,u1_0.last_name,u1_0.password,u1_0.photos,u1_0.tenant_id,u1_0.user_bio from `'user'` u1_0 where u1_0.email=?
2026-01-25T02:52:56.232+02:00 DEBUG 30620 --- [http-nio-744-exec-2] org.hibernate.SQL                        : select r1_0.user_id,r1_1.id,r1_1.all_parent_ids,r1_1.descrption,r1_1.name,r1_1.parent_id,p2_0.role_id,p2_0.id,p2_0.permission,p2_0.scope from user_roles r1_0 join role r1_1 on r1_1.id=r1_0.role_id left join role_permissions p2_0 on r1_1.id=p2_0.role_id where r1_0.user_id=?
2026-01-25T02:52:56.238+02:00 DEBUG 30620 --- [http-nio-744-exec-2] c.o.a.s.tenant.TenantFilterAspect        : ⚠️ [TenantFilterAspect] Service execution without TenantID
2026-01-25T02:52:56.239+02:00 DEBUG 30620 --- [http-nio-744-exec-2] org.hibernate.SQL                        : select t1_0.user_id,t1_0.id,t1_0.tenant_id from user_tenants t1_0 where t1_0.user_id=?
2026-01-25T02:52:56.242+02:00 DEBUG 30620 --- [http-nio-744-exec-2] org.hibernate.SQL                        : select u1_0.tenant_id from user_tenants u1_0 where u1_0.user_id=?
2026-01-25T02:52:56.262+02:00 DEBUG 30620 --- [http-nio-744-exec-6] c.o.a.s.tenant.TenantFilterAspect        : ⚠️ [TenantFilterAspect] Service execution without TenantID
2026-01-25T02:52:56.264+02:00 DEBUG 30620 --- [http-nio-744-exec-6] org.hibernate.SQL                        : select u1_0.id,u1_0.email,u1_0.enabled,u1_0.first_name,u1_0.last_login_time,u1_0.last_name,u1_0.password,u1_0.photos,u1_0.tenant_id,u1_0.user_bio from `'user'` u1_0 where u1_0.email=?
2026-01-25T02:52:56.266+02:00 DEBUG 30620 --- [http-nio-744-exec-6] org.hibernate.SQL                        : select r1_0.user_id,r1_1.id,r1_1.all_parent_ids,r1_1.descrption,r1_1.name,r1_1.parent_id,p2_0.role_id,p2_0.id,p2_0.permission,p2_0.scope from user_roles r1_0 join role r1_1 on r1_1.id=r1_0.role_id left join role_permissions p2_0 on r1_1.id=p2_0.role_id where r1_0.user_id=?
2026-01-25T02:52:56.269+02:00 DEBUG 30620 --- [http-nio-744-exec-6] c.o.a.s.tenant.TenantFilterAspect        : ⚠️ [TenantFilterAspect] Service execution without TenantID
2026-01-25T02:52:56.271+02:00 DEBUG 30620 --- [http-nio-744-exec-6] org.hibernate.SQL                        : select t1_0.user_id,t1_0.id,t1_0.tenant_id from user_tenants t1_0 where t1_0.user_id=?
2026-01-25T02:52:56.271+02:00 DEBUG 30620 --- [http-nio-744-exec-5] c.o.a.s.tenant.TenantFilterAspect        : ⚠️ [TenantFilterAspect] Service execution without TenantID
2026-01-25T02:52:56.271+02:00 DEBUG 30620 --- [http-nio-744-exec-5] org.hibernate.SQL                        : select u1_0.id,u1_0.email,u1_0.enabled,u1_0.first_name,u1_0.last_login_time,u1_0.last_name,u1_0.password,u1_0.photos,u1_0.tenant_id,u1_0.user_bio from `'user'` u1_0 where u1_0.email=?
2026-01-25T02:52:56.273+02:00 DEBUG 30620 --- [http-nio-744-exec-6] org.hibernate.SQL                        : select u1_0.tenant_id from user_tenants u1_0 where u1_0.user_id=?
2026-01-25T02:52:56.273+02:00 DEBUG 30620 --- [http-nio-744-exec-5] org.hibernate.SQL                        : select r1_0.user_id,r1_1.id,r1_1.all_parent_ids,r1_1.descrption,r1_1.name,r1_1.parent_id,p2_0.role_id,p2_0.id,p2_0.permission,p2_0.scope from user_roles r1_0 join role r1_1 on r1_1.id=r1_0.role_id left join role_permissions p2_0 on r1_1.id=p2_0.role_id where r1_0.user_id=?
2026-01-25T02:52:56.275+02:00 DEBUG 30620 --- [http-nio-744-exec-5] org.hibernate.SQL                        : select t1_0.user_id,t1_0.id,t1_0.tenant_id from user_tenants t1_0 where t1_0.user_id=?
2026-01-25T02:52:56.283+02:00 DEBUG 30620 --- [http-nio-744-exec-6] org.hibernate.SQL                        : select t1_0.id,t1_0.active,t1_0.code,t1_0.created_at,t1_0.level,t1_0.name,t1_0.parent_id,t1_0.status from tenants t1_0 where t1_0.id=?
2026-01-25T02:52:56.285+02:00 DEBUG 30620 --- [http-nio-744-exec-6] c.o.a.s.tenant.TenantFilterAspect        : 🛡️ [TenantFilterAspect] Enforced Filter for TenantID: 5
2026-01-25T02:52:56.288+02:00 DEBUG 30620 --- [http-nio-744-exec-6] org.hibernate.SQL                        : select u1_0.id,u1_0.email,u1_0.enabled,u1_0.first_name,u1_0.last_login_time,u1_0.last_name,u1_0.password,u1_0.photos,u1_0.tenant_id,u1_0.user_bio from `'user'` u1_0 where u1_0.tenant_id = ? and u1_0.tenant_id = ? and u1_0.email=?
2026-01-25T02:52:56.290+02:00 DEBUG 30620 --- [http-nio-744-exec-6] org.hibernate.SQL                        : select r1_0.user_id,r1_1.id,r1_1.all_parent_ids,r1_1.descrption,r1_1.name,r1_1.parent_id,p2_0.role_id,p2_0.id,p2_0.permission,p2_0.scope from user_roles r1_0 join role r1_1 on r1_1.id=r1_0.role_id left join role_permissions p2_0 on r1_1.id=p2_0.role_id where r1_0.user_id=?
2026-01-25T02:52:56.293+02:00 DEBUG 30620 --- [http-nio-744-exec-6] org.hibernate.SQL                        : select t1_0.user_id,t1_0.id,t1_0.tenant_id from user_tenants t1_0 where t1_0.user_id=?
2026-01-25T02:52:56.295+02:00 DEBUG 30620 --- [http-nio-744-exec-6] c.o.a.s.tenant.TenantFilterAspect        : 🛡️ [TenantFilterAspect] Enforced Filter for TenantID: 5
2026-01-25T02:52:56.297+02:00 DEBUG 30620 --- [http-nio-744-exec-6] org.hibernate.SQL                        : select u1_0.id,u1_0.email,u1_0.enabled,u1_0.first_name,u1_0.last_login_time,u1_0.last_name,u1_0.password,u1_0.photos,u1_0.tenant_id,u1_0.user_bio from `'user'` u1_0 where u1_0.tenant_id = ? and u1_0.tenant_id = ? and u1_0.email=?
2026-01-25T02:52:56.300+02:00 DEBUG 30620 --- [http-nio-744-exec-6] c.o.a.s.tenant.TenantFilterAspect        : 🛡️ [TenantFilterAspect] Enforced Filter for TenantID: 5
2026-01-25T02:52:56.305+02:00  WARN 30620 --- [http-nio-744-exec-6] o.h.c.spi.AbstractPersistentCollection   : HHH000506: Detaching an uninitialized collection with enabled filters from a session: [com.onlineStoreCom.entity.tenant.Tenant.children#5]
2026-01-25T02:52:56.305+02:00  WARN 30620 --- [http-nio-744-exec-6] o.h.c.spi.AbstractPersistentCollection   : HHH000506: Detaching an uninitialized collection with enabled filters from a session: [com.onlineStoreCom.entity.users.Role.children#1]
2026-01-25T02:53:05.405+02:00 DEBUG 30620 --- [http-nio-744-exec-10] c.o.a.s.tenant.TenantFilterAspect        : ⚠️ [TenantFilterAspect] Service execution without TenantID
2026-01-25T02:53:05.407+02:00 DEBUG 30620 --- [http-nio-744-exec-10] org.hibernate.SQL                        : select u1_0.id,u1_0.email,u1_0.enabled,u1_0.first_name,u1_0.last_login_time,u1_0.last_name,u1_0.password,u1_0.photos,u1_0.tenant_id,u1_0.user_bio from `'user'` u1_0 where u1_0.email=?
2026-01-25T02:53:05.410+02:00 DEBUG 30620 --- [http-nio-744-exec-10] org.hibernate.SQL                        : select r1_0.user_id,r1_1.id,r1_1.all_parent_ids,r1_1.descrption,r1_1.name,r1_1.parent_id,p2_0.role_id,p2_0.id,p2_0.permission,p2_0.scope from user_roles r1_0 join role r1_1 on r1_1.id=r1_0.role_id left join role_permissions p2_0 on r1_1.id=p2_0.role_id where r1_0.user_id=?
2026-01-25T02:53:05.415+02:00 DEBUG 30620 --- [http-nio-744-exec-10] c.o.a.s.tenant.TenantFilterAspect        : ⚠️ [TenantFilterAspect] Service execution without TenantID
2026-01-25T02:53:05.416+02:00 DEBUG 30620 --- [http-nio-744-exec-10] org.hibernate.SQL                        : select t1_0.user_id,t1_0.id,t1_0.tenant_id from user_tenants t1_0 where t1_0.user_id=?
2026-01-25T02:53:05.421+02:00 DEBUG 30620 --- [http-nio-744-exec-10] org.hibernate.SQL                        : select u1_0.tenant_id from user_tenants u1_0 where u1_0.user_id=?
2026-01-25T02:53:05.432+02:00 DEBUG 30620 --- [http-nio-744-exec-10] org.hibernate.SQL                        : select t1_0.id,t1_0.active,t1_0.code,t1_0.created_at,t1_0.level,t1_0.name,t1_0.parent_id,t1_0.status from tenants t1_0 where t1_0.id=?
2026-01-25T02:53:05.437+02:00 DEBUG 30620 --- [http-nio-744-exec-10] c.o.a.s.tenant.TenantFilterAspect        : 🛡️ [TenantFilterAspect] Enforced Filter for TenantID: 5
2026-01-25T02:53:05.439+02:00 DEBUG 30620 --- [http-nio-744-exec-10] org.hibernate.SQL                        : select u1_0.id,u1_0.email,u1_0.enabled,u1_0.first_name,u1_0.last_login_time,u1_0.last_name,u1_0.password,u1_0.photos,u1_0.tenant_id,u1_0.user_bio from `'user'` u1_0 where u1_0.tenant_id = ? and u1_0.tenant_id = ? and u1_0.email=?
2026-01-25T02:53:05.441+02:00 DEBUG 30620 --- [http-nio-744-exec-10] org.hibernate.SQL                        : select r1_0.user_id,r1_1.id,r1_1.all_parent_ids,r1_1.descrption,r1_1.name,r1_1.parent_id,p2_0.role_id,p2_0.id,p2_0.permission,p2_0.scope from user_roles r1_0 join role r1_1 on r1_1.id=r1_0.role_id left join role_permissions p2_0 on r1_1.id=p2_0.role_id where r1_0.user_id=?
2026-01-25T02:53:05.444+02:00 DEBUG 30620 --- [http-nio-744-exec-10] org.hibernate.SQL                        : select t1_0.user_id,t1_0.id,t1_0.tenant_id from user_tenants t1_0 where t1_0.user_id=?
2026-01-25T02:53:05.448+02:00 DEBUG 30620 --- [http-nio-744-exec-10] c.o.a.s.tenant.TenantFilterAspect        : 🛡️ [TenantFilterAspect] Enforced Filter for TenantID: 5
2026-01-25T02:53:05.459+02:00 DEBUG 30620 --- [http-nio-744-exec-10] org.hibernate.SQL                        : select b1_0.id,b1_0.name from brands b1_0 where b1_0.tenant_id = ? and b1_0.tenant_id = ? order by b1_0.name
2026-01-25T02:53:05.465+02:00 DEBUG 30620 --- [http-nio-744-exec-10] c.o.a.s.tenant.TenantFilterAspect        : 🛡️ [TenantFilterAspect] Enforced Filter for TenantID: 5
2026-01-25T02:53:05.468+02:00 DEBUG 30620 --- [http-nio-744-exec-10] org.hibernate.SQL                        : select c1_0.id,c1_0.alias,c1_0.all_parent_ids,c1_0.enabled,c1_0.image,c1_0.level,c1_0.name,c1_0.parent_id,c1_0.tenant_id from categories c1_0 where c1_0.tenant_id = ? order by c1_0.name
2026-01-25T02:53:05.471+02:00 DEBUG 30620 --- [http-nio-744-exec-10] org.hibernate.SQL                        : select c1_0.parent_id,c1_0.id,c1_0.alias,c1_0.all_parent_ids,c1_0.enabled,c1_0.image,c1_0.level,c1_0.name,c1_0.tenant_id from categories c1_0 where c1_0.parent_id=? order by c1_0.name
2026-01-25T02:53:05.488+02:00 DEBUG 30620 --- [http-nio-744-exec-10] org.hibernate.SQL                        : select c1_0.parent_id,c1_0.id,c1_0.alias,c1_0.all_parent_ids,c1_0.enabled,c1_0.image,c1_0.level,c1_0.name,c1_0.tenant_id from categories c1_0 where c1_0.parent_id=? order by c1_0.name
2026-01-25T02:53:05.489+02:00 DEBUG 30620 --- [http-nio-744-exec-10] org.hibernate.SQL                        : select c1_0.parent_id,c1_0.id,c1_0.alias,c1_0.all_parent_ids,c1_0.enabled,c1_0.image,c1_0.level,c1_0.name,c1_0.tenant_id from categories c1_0 where c1_0.parent_id=? order by c1_0.name
2026-01-25T02:53:05.733+02:00 DEBUG 30620 --- [http-nio-744-exec-3] c.o.a.s.tenant.TenantFilterAspect        : ⚠️ [TenantFilterAspect] Service execution without TenantID
2026-01-25T02:53:05.733+02:00 DEBUG 30620 --- [http-nio-744-exec-8] c.o.a.s.tenant.TenantFilterAspect        : ⚠️ [TenantFilterAspect] Service execution without TenantID
2026-01-25T02:53:05.735+02:00 DEBUG 30620 --- [http-nio-744-exec-3] org.hibernate.SQL                        : select u1_0.id,u1_0.email,u1_0.enabled,u1_0.first_name,u1_0.last_login_time,u1_0.last_name,u1_0.password,u1_0.photos,u1_0.tenant_id,u1_0.user_bio from `'user'` u1_0 where u1_0.email=?
2026-01-25T02:53:05.735+02:00 DEBUG 30620 --- [http-nio-744-exec-8] org.hibernate.SQL                        : select u1_0.id,u1_0.email,u1_0.enabled,u1_0.first_name,u1_0.last_login_time,u1_0.last_name,u1_0.password,u1_0.photos,u1_0.tenant_id,u1_0.user_bio from `'user'` u1_0 where u1_0.email=?
2026-01-25T02:53:05.740+02:00 DEBUG 30620 --- [http-nio-744-exec-8] org.hibernate.SQL                        : select r1_0.user_id,r1_1.id,r1_1.all_parent_ids,r1_1.descrption,r1_1.name,r1_1.parent_id,p2_0.role_id,p2_0.id,p2_0.permission,p2_0.scope from user_roles r1_0 join role r1_1 on r1_1.id=r1_0.role_id left join role_permissions p2_0 on r1_1.id=p2_0.role_id where r1_0.user_id=?
2026-01-25T02:53:05.743+02:00 DEBUG 30620 --- [http-nio-744-exec-3] org.hibernate.SQL                        : select r1_0.user_id,r1_1.id,r1_1.all_parent_ids,r1_1.descrption,r1_1.name,r1_1.parent_id,p2_0.role_id,p2_0.id,p2_0.permission,p2_0.scope from user_roles r1_0 join role r1_1 on r1_1.id=r1_0.role_id left join role_permissions p2_0 on r1_1.id=p2_0.role_id where r1_0.user_id=?
2026-01-25T02:53:05.745+02:00 DEBUG 30620 --- [http-nio-744-exec-8] c.o.a.s.tenant.TenantFilterAspect        : ⚠️ [TenantFilterAspect] Service execution without TenantID
2026-01-25T02:53:05.745+02:00 DEBUG 30620 --- [http-nio-744-exec-8] org.hibernate.SQL                        : select t1_0.user_id,t1_0.id,t1_0.tenant_id from user_tenants t1_0 where t1_0.user_id=?
2026-01-25T02:53:05.746+02:00 DEBUG 30620 --- [http-nio-744-exec-3] c.o.a.s.tenant.TenantFilterAspect        : ⚠️ [TenantFilterAspect] Service execution without TenantID
2026-01-25T02:53:05.747+02:00 DEBUG 30620 --- [http-nio-744-exec-3] org.hibernate.SQL                        : select t1_0.user_id,t1_0.id,t1_0.tenant_id from user_tenants t1_0 where t1_0.user_id=?
2026-01-25T02:53:05.749+02:00 DEBUG 30620 --- [http-nio-744-exec-8] org.hibernate.SQL                        : select u1_0.tenant_id from user_tenants u1_0 where u1_0.user_id=?
2026-01-25T02:53:05.749+02:00 DEBUG 30620 --- [http-nio-744-exec-3] org.hibernate.SQL                        : select u1_0.tenant_id from user_tenants u1_0 where u1_0.user_id=?
2026-01-25T02:53:05.782+02:00 DEBUG 30620 --- [http-nio-744-exec-1] org.hibernate.SQL                        : select t1_0.id,t1_0.active,t1_0.code,t1_0.created_at,t1_0.level,t1_0.name,t1_0.parent_id,t1_0.status from tenants t1_0 where t1_0.id=?
2026-01-25T02:53:05.783+02:00 DEBUG 30620 --- [http-nio-744-exec-9] c.o.a.s.tenant.TenantFilterAspect        : ⚠️ [TenantFilterAspect] Service execution without TenantID
2026-01-25T02:53:05.784+02:00 DEBUG 30620 --- [http-nio-744-exec-1] c.o.a.s.tenant.TenantFilterAspect        : 🛡️ [TenantFilterAspect] Enforced Filter for TenantID: 5
2026-01-25T02:53:05.787+02:00 DEBUG 30620 --- [http-nio-744-exec-1] org.hibernate.SQL                        : select u1_0.id,u1_0.email,u1_0.enabled,u1_0.first_name,u1_0.last_login_time,u1_0.last_name,u1_0.password,u1_0.photos,u1_0.tenant_id,u1_0.user_bio from `'user'` u1_0 where u1_0.tenant_id = ? and u1_0.tenant_id = ? and u1_0.email=?
2026-01-25T02:53:05.791+02:00 DEBUG 30620 --- [http-nio-744-exec-1] org.hibernate.SQL                        : select r1_0.user_id,r1_1.id,r1_1.all_parent_ids,r1_1.descrption,r1_1.name,r1_1.parent_id,p2_0.role_id,p2_0.id,p2_0.permission,p2_0.scope from user_roles r1_0 join role r1_1 on r1_1.id=r1_0.role_id left join role_permissions p2_0 on r1_1.id=p2_0.role_id where r1_0.user_id=?
2026-01-25T02:53:05.791+02:00 DEBUG 30620 --- [http-nio-744-exec-9] org.hibernate.SQL                        : select u1_0.id,u1_0.email,u1_0.enabled,u1_0.first_name,u1_0.last_login_time,u1_0.last_name,u1_0.password,u1_0.photos,u1_0.tenant_id,u1_0.user_bio from `'user'` u1_0 where u1_0.email=?
2026-01-25T02:53:05.793+02:00 DEBUG 30620 --- [http-nio-744-exec-9] org.hibernate.SQL                        : select r1_0.user_id,r1_1.id,r1_1.all_parent_ids,r1_1.descrption,r1_1.name,r1_1.parent_id,p2_0.role_id,p2_0.id,p2_0.permission,p2_0.scope from user_roles r1_0 join role r1_1 on r1_1.id=r1_0.role_id left join role_permissions p2_0 on r1_1.id=p2_0.role_id where r1_0.user_id=?
2026-01-25T02:53:05.795+02:00 DEBUG 30620 --- [http-nio-744-exec-1] org.hibernate.SQL                        : select t1_0.user_id,t1_0.id,t1_0.tenant_id from user_tenants t1_0 where t1_0.user_id=?
2026-01-25T02:53:05.796+02:00 DEBUG 30620 --- [http-nio-744-exec-1] c.o.a.s.tenant.TenantFilterAspect        : 🛡️ [TenantFilterAspect] Enforced Filter for TenantID: 5
2026-01-25T02:53:05.797+02:00 DEBUG 30620 --- [http-nio-744-exec-9] c.o.a.s.tenant.TenantFilterAspect        : ⚠️ [TenantFilterAspect] Service execution without TenantID
2026-01-25T02:53:05.797+02:00 DEBUG 30620 --- [http-nio-744-exec-1] org.hibernate.SQL                        : select s1_0.id,s1_0.category,s1_0.`key`,s1_0.tenant_id,s1_0.value from settings s1_0 where (s1_0.tenant_id = ? or s1_0.tenant_id = 0 or s1_0.tenant_id is null) and s1_0.tenant_id = ? and s1_0.category=?
2026-01-25T02:53:05.797+02:00 DEBUG 30620 --- [http-nio-744-exec-9] org.hibernate.SQL                        : select t1_0.user_id,t1_0.id,t1_0.tenant_id from user_tenants t1_0 where t1_0.user_id=?
2026-01-25T02:53:05.800+02:00 DEBUG 30620 --- [http-nio-744-exec-9] org.hibernate.SQL                        : select u1_0.tenant_id from user_tenants u1_0 where u1_0.user_id=?
2026-01-25T02:53:05.801+02:00  WARN 30620 --- [http-nio-744-exec-1] o.h.c.spi.AbstractPersistentCollection   : HHH000506: Detaching an uninitialized collection with enabled filters from a session: [com.onlineStoreCom.entity.tenant.Tenant.children#5]
2026-01-25T02:53:05.801+02:00  WARN 30620 --- [http-nio-744-exec-1] o.h.c.spi.AbstractPersistentCollection   : HHH000506: Detaching an uninitialized collection with enabled filters from a session: [com.onlineStoreCom.entity.users.Role.children#1]
2026-01-25T02:53:05.873+02:00 DEBUG 30620 --- [http-nio-744-exec-4] c.o.a.s.tenant.TenantFilterAspect        : ⚠️ [TenantFilterAspect] Service execution without TenantID
2026-01-25T02:53:05.876+02:00 DEBUG 30620 --- [http-nio-744-exec-4] org.hibernate.SQL                        : select u1_0.id,u1_0.email,u1_0.enabled,u1_0.first_name,u1_0.last_login_time,u1_0.last_name,u1_0.password,u1_0.photos,u1_0.tenant_id,u1_0.user_bio from `'user'` u1_0 where u1_0.email=?
2026-01-25T02:53:05.878+02:00 DEBUG 30620 --- [http-nio-744-exec-4] org.hibernate.SQL                        : select r1_0.user_id,r1_1.id,r1_1.all_parent_ids,r1_1.descrption,r1_1.name,r1_1.parent_id,p2_0.role_id,p2_0.id,p2_0.permission,p2_0.scope from user_roles r1_0 join role r1_1 on r1_1.id=r1_0.role_id left join role_permissions p2_0 on r1_1.id=p2_0.role_id where r1_0.user_id=?
2026-01-25T02:53:05.882+02:00 DEBUG 30620 --- [http-nio-744-exec-4] c.o.a.s.tenant.TenantFilterAspect        : ⚠️ [TenantFilterAspect] Service execution without TenantID
2026-01-25T02:53:05.883+02:00 DEBUG 30620 --- [http-nio-744-exec-4] org.hibernate.SQL                        : select t1_0.user_id,t1_0.id,t1_0.tenant_id from user_tenants t1_0 where t1_0.user_id=?
2026-01-25T02:53:05.886+02:00 DEBUG 30620 --- [http-nio-744-exec-4] org.hibernate.SQL                        : select u1_0.tenant_id from user_tenants u1_0 where u1_0.user_id=?
2026-01-25T02:53:05.979+02:00 DEBUG 30620 --- [http-nio-744-exec-5] c.o.a.s.tenant.TenantFilterAspect        : ⚠️ [TenantFilterAspect] Service execution without TenantID
2026-01-25T02:53:05.981+02:00 DEBUG 30620 --- [http-nio-744-exec-5] org.hibernate.SQL                        : select u1_0.id,u1_0.email,u1_0.enabled,u1_0.first_name,u1_0.last_login_time,u1_0.last_name,u1_0.password,u1_0.photos,u1_0.tenant_id,u1_0.user_bio from `'user'` u1_0 where u1_0.email=?
2026-01-25T02:53:05.982+02:00 DEBUG 30620 --- [http-nio-744-exec-5] org.hibernate.SQL                        : select r1_0.user_id,r1_1.id,r1_1.all_parent_ids,r1_1.descrption,r1_1.name,r1_1.parent_id,p2_0.role_id,p2_0.id,p2_0.permission,p2_0.scope from user_roles r1_0 join role r1_1 on r1_1.id=r1_0.role_id left join role_permissions p2_0 on r1_1.id=p2_0.role_id where r1_0.user_id=?
2026-01-25T02:53:05.986+02:00 DEBUG 30620 --- [http-nio-744-exec-5] c.o.a.s.tenant.TenantFilterAspect        : ⚠️ [TenantFilterAspect] Service execution without TenantID
2026-01-25T02:53:05.987+02:00 DEBUG 30620 --- [http-nio-744-exec-5] org.hibernate.SQL                        : select t1_0.user_id,t1_0.id,t1_0.tenant_id from user_tenants t1_0 where t1_0.user_id=?
2026-01-25T02:53:05.989+02:00  WARN 30620 --- [http-nio-744-exec-10] o.h.c.spi.AbstractPersistentCollection   : HHH000506: Detaching an uninitialized collection with enabled filters from a session: [com.onlineStoreCom.entity.tenant.Tenant.children#5]
2026-01-25T02:53:05.990+02:00  WARN 30620 --- [http-nio-744-exec-10] o.h.c.spi.AbstractPersistentCollection   : HHH000506: Detaching an uninitialized collection with enabled filters from a session: [com.onlineStoreCom.entity.users.Role.children#1]
2026-01-25T02:53:05.990+02:00 DEBUG 30620 --- [http-nio-744-exec-5] org.hibernate.SQL                        : select u1_0.tenant_id from user_tenants u1_0 where u1_0.user_id=?
2026-01-25T02:53:06.021+02:00 DEBUG 30620 --- [http-nio-744-exec-5] c.o.a.s.tenant.TenantFilterAspect        : ⚠️ [TenantFilterAspect] Service execution without TenantID
2026-01-25T02:53:06.023+02:00 DEBUG 30620 --- [http-nio-744-exec-5] org.hibernate.SQL                        : select u1_0.id,u1_0.email,u1_0.enabled,u1_0.first_name,u1_0.last_login_time,u1_0.last_name,u1_0.password,u1_0.photos,u1_0.tenant_id,u1_0.user_bio from `'user'` u1_0 where u1_0.email=?
2026-01-25T02:53:06.025+02:00 DEBUG 30620 --- [http-nio-744-exec-5] org.hibernate.SQL                        : select r1_0.user_id,r1_1.id,r1_1.all_parent_ids,r1_1.descrption,r1_1.name,r1_1.parent_id,p2_0.role_id,p2_0.id,p2_0.permission,p2_0.scope from user_roles r1_0 join role r1_1 on r1_1.id=r1_0.role_id left join role_permissions p2_0 on r1_1.id=p2_0.role_id where r1_0.user_id=?
2026-01-25T02:53:06.031+02:00 DEBUG 30620 --- [http-nio-744-exec-5] org.hibernate.SQL                        : select t1_0.user_id,t1_0.id,t1_0.tenant_id from user_tenants t1_0 where t1_0.user_id=?
2026-01-25T02:53:06.043+02:00 DEBUG 30620 --- [http-nio-744-exec-8] c.o.a.s.tenant.TenantFilterAspect        : ⚠️ [TenantFilterAspect] Service execution without TenantID
2026-01-25T02:53:06.044+02:00 DEBUG 30620 --- [http-nio-744-exec-2] c.o.a.s.tenant.TenantFilterAspect        : ⚠️ [TenantFilterAspect] Service execution without TenantID
2026-01-25T02:53:06.046+02:00 DEBUG 30620 --- [http-nio-744-exec-8] org.hibernate.SQL                        : select u1_0.id,u1_0.email,u1_0.enabled,u1_0.first_name,u1_0.last_login_time,u1_0.last_name,u1_0.password,u1_0.photos,u1_0.tenant_id,u1_0.user_bio from `'user'` u1_0 where u1_0.email=?
2026-01-25T02:53:06.046+02:00 DEBUG 30620 --- [http-nio-744-exec-2] org.hibernate.SQL                        : select u1_0.id,u1_0.email,u1_0.enabled,u1_0.first_name,u1_0.last_login_time,u1_0.last_name,u1_0.password,u1_0.photos,u1_0.tenant_id,u1_0.user_bio from `'user'` u1_0 where u1_0.email=?
2026-01-25T02:53:06.048+02:00 DEBUG 30620 --- [http-nio-744-exec-8] org.hibernate.SQL                        : select r1_0.user_id,r1_1.id,r1_1.all_parent_ids,r1_1.descrption,r1_1.name,r1_1.parent_id,p2_0.role_id,p2_0.id,p2_0.permission,p2_0.scope from user_roles r1_0 join role r1_1 on r1_1.id=r1_0.role_id left join role_permissions p2_0 on r1_1.id=p2_0.role_id where r1_0.user_id=?
2026-01-25T02:53:06.048+02:00 DEBUG 30620 --- [http-nio-744-exec-2] org.hibernate.SQL                        : select r1_0.user_id,r1_1.id,r1_1.all_parent_ids,r1_1.descrption,r1_1.name,r1_1.parent_id,p2_0.role_id,p2_0.id,p2_0.permission,p2_0.scope from user_roles r1_0 join role r1_1 on r1_1.id=r1_0.role_id left join role_permissions p2_0 on r1_1.id=p2_0.role_id where r1_0.user_id=?
2026-01-25T02:53:06.049+02:00 DEBUG 30620 --- [http-nio-744-exec-8] org.hibernate.SQL                        : select t1_0.user_id,t1_0.id,t1_0.tenant_id from user_tenants t1_0 where t1_0.user_id=?
2026-01-25T02:53:06.049+02:00 DEBUG 30620 --- [http-nio-744-exec-2] org.hibernate.SQL                        : select t1_0.user_id,t1_0.id,t1_0.tenant_id from user_tenants t1_0 where t1_0.user_id=?
2026-01-25T02:53:06.063+02:00 DEBUG 30620 --- [http-nio-744-exec-3] c.o.a.s.tenant.TenantFilterAspect        : ⚠️ [TenantFilterAspect] Service execution without TenantID
2026-01-25T02:53:06.064+02:00 DEBUG 30620 --- [http-nio-744-exec-3] org.hibernate.SQL                        : select u1_0.id,u1_0.email,u1_0.enabled,u1_0.first_name,u1_0.last_login_time,u1_0.last_name,u1_0.password,u1_0.photos,u1_0.tenant_id,u1_0.user_bio from `'user'` u1_0 where u1_0.email=?
2026-01-25T02:53:06.067+02:00 DEBUG 30620 --- [http-nio-744-exec-3] org.hibernate.SQL                        : select r1_0.user_id,r1_1.id,r1_1.all_parent_ids,r1_1.descrption,r1_1.name,r1_1.parent_id,p2_0.role_id,p2_0.id,p2_0.permission,p2_0.scope from user_roles r1_0 join role r1_1 on r1_1.id=r1_0.role_id left join role_permissions p2_0 on r1_1.id=p2_0.role_id where r1_0.user_id=?
2026-01-25T02:53:06.073+02:00 DEBUG 30620 --- [http-nio-744-exec-3] c.o.a.s.tenant.TenantFilterAspect        : ⚠️ [TenantFilterAspect] Service execution without TenantID
2026-01-25T02:53:06.075+02:00 DEBUG 30620 --- [http-nio-744-exec-3] org.hibernate.SQL                        : select t1_0.user_id,t1_0.id,t1_0.tenant_id from user_tenants t1_0 where t1_0.user_id=?
2026-01-25T02:53:06.078+02:00 DEBUG 30620 --- [http-nio-744-exec-1] c.o.a.s.tenant.TenantFilterAspect        : ⚠️ [TenantFilterAspect] Service execution without TenantID
2026-01-25T02:53:06.078+02:00 DEBUG 30620 --- [http-nio-744-exec-3] org.hibernate.SQL                        : select u1_0.tenant_id from user_tenants u1_0 where u1_0.user_id=?
2026-01-25T02:53:06.079+02:00 DEBUG 30620 --- [http-nio-744-exec-1] org.hibernate.SQL                        : select u1_0.id,u1_0.email,u1_0.enabled,u1_0.first_name,u1_0.last_login_time,u1_0.last_name,u1_0.password,u1_0.photos,u1_0.tenant_id,u1_0.user_bio from `'user'` u1_0 where u1_0.email=?
2026-01-25T02:53:06.080+02:00 DEBUG 30620 --- [http-nio-744-exec-1] org.hibernate.SQL                        : select r1_0.user_id,r1_1.id,r1_1.all_parent_ids,r1_1.descrption,r1_1.name,r1_1.parent_id,p2_0.role_id,p2_0.id,p2_0.permission,p2_0.scope from user_roles r1_0 join role r1_1 on r1_1.id=r1_0.role_id left join role_permissions p2_0 on r1_1.id=p2_0.role_id where r1_0.user_id=?
2026-01-25T02:53:06.085+02:00 DEBUG 30620 --- [http-nio-744-exec-1] org.hibernate.SQL                        : select t1_0.user_id,t1_0.id,t1_0.tenant_id from user_tenants t1_0 where t1_0.user_id=?
2026-01-25T02:53:06.092+02:00 DEBUG 30620 --- [http-nio-744-exec-3] org.hibernate.SQL                        : select t1_0.id,t1_0.active,t1_0.code,t1_0.created_at,t1_0.level,t1_0.name,t1_0.parent_id,t1_0.status from tenants t1_0 where t1_0.id=?
2026-01-25T02:53:06.096+02:00 DEBUG 30620 --- [http-nio-744-exec-3] c.o.a.s.tenant.TenantFilterAspect        : 🛡️ [TenantFilterAspect] Enforced Filter for TenantID: 5
2026-01-25T02:53:06.098+02:00 DEBUG 30620 --- [http-nio-744-exec-3] org.hibernate.SQL                        : select u1_0.id,u1_0.email,u1_0.enabled,u1_0.first_name,u1_0.last_login_time,u1_0.last_name,u1_0.password,u1_0.photos,u1_0.tenant_id,u1_0.user_bio from `'user'` u1_0 where u1_0.tenant_id = ? and u1_0.tenant_id = ? and u1_0.email=?
2026-01-25T02:53:06.099+02:00 DEBUG 30620 --- [http-nio-744-exec-3] org.hibernate.SQL                        : select r1_0.user_id,r1_1.id,r1_1.all_parent_ids,r1_1.descrption,r1_1.name,r1_1.parent_id,p2_0.role_id,p2_0.id,p2_0.permission,p2_0.scope from user_roles r1_0 join role r1_1 on r1_1.id=r1_0.role_id left join role_permissions p2_0 on r1_1.id=p2_0.role_id where r1_0.user_id=?
2026-01-25T02:53:06.103+02:00 DEBUG 30620 --- [http-nio-744-exec-3] org.hibernate.SQL                        : select t1_0.user_id,t1_0.id,t1_0.tenant_id from user_tenants t1_0 where t1_0.user_id=?
2026-01-25T02:53:06.105+02:00 DEBUG 30620 --- [http-nio-744-exec-3] c.o.a.s.tenant.TenantFilterAspect        : 🛡️ [TenantFilterAspect] Enforced Filter for TenantID: 5
2026-01-25T02:53:06.108+02:00 DEBUG 30620 --- [http-nio-744-exec-3] org.hibernate.SQL                        : select u1_0.id,u1_0.email,u1_0.enabled,u1_0.first_name,u1_0.last_login_time,u1_0.last_name,u1_0.password,u1_0.photos,u1_0.tenant_id,u1_0.user_bio from `'user'` u1_0 where u1_0.tenant_id = ? and u1_0.tenant_id = ? and u1_0.email=?
2026-01-25T02:53:06.112+02:00 DEBUG 30620 --- [http-nio-744-exec-3] c.o.a.s.tenant.TenantFilterAspect        : 🛡️ [TenantFilterAspect] Enforced Filter for TenantID: 5
2026-01-25T02:53:06.115+02:00  WARN 30620 --- [http-nio-744-exec-3] o.h.c.spi.AbstractPersistentCollection   : HHH000506: Detaching an uninitialized collection with enabled filters from a session: [com.onlineStoreCom.entity.tenant.Tenant.children#5]
2026-01-25T02:53:06.115+02:00  WARN 30620 --- [http-nio-744-exec-3] o.h.c.spi.AbstractPersistentCollection   : HHH000506: Detaching an uninitialized collection with enabled filters from a session: [com.onlineStoreCom.entity.users.Role.children#1]
2026-01-25T02:53:36.968+02:00 DEBUG 30620 --- [http-nio-744-exec-2] c.o.a.s.tenant.TenantFilterAspect        : ⚠️ [TenantFilterAspect] Service execution without TenantID
2026-01-25T02:53:36.970+02:00 DEBUG 30620 --- [http-nio-744-exec-2] org.hibernate.SQL                        : select u1_0.id,u1_0.email,u1_0.enabled,u1_0.first_name,u1_0.last_login_time,u1_0.last_name,u1_0.password,u1_0.photos,u1_0.tenant_id,u1_0.user_bio from `'user'` u1_0 where u1_0.email=?
2026-01-25T02:53:36.972+02:00 DEBUG 30620 --- [http-nio-744-exec-2] org.hibernate.SQL                        : select r1_0.user_id,r1_1.id,r1_1.all_parent_ids,r1_1.descrption,r1_1.name,r1_1.parent_id,p2_0.role_id,p2_0.id,p2_0.permission,p2_0.scope from user_roles r1_0 join role r1_1 on r1_1.id=r1_0.role_id left join role_permissions p2_0 on r1_1.id=p2_0.role_id where r1_0.user_id=?
2026-01-25T02:53:36.975+02:00 DEBUG 30620 --- [http-nio-744-exec-2] org.hibernate.SQL                        : select t1_0.user_id,t1_0.id,t1_0.tenant_id from user_tenants t1_0 where t1_0.user_id=?
2026-01-25T02:54:06.963+02:00 DEBUG 30620 --- [http-nio-744-exec-8] c.o.a.s.tenant.TenantFilterAspect        : ⚠️ [TenantFilterAspect] Service execution without TenantID
2026-01-25T02:54:06.963+02:00 DEBUG 30620 --- [http-nio-744-exec-8] org.hibernate.SQL                        : select u1_0.id,u1_0.email,u1_0.enabled,u1_0.first_name,u1_0.last_login_time,u1_0.last_name,u1_0.password,u1_0.photos,u1_0.tenant_id,u1_0.user_bio from `'user'` u1_0 where u1_0.email=?
2026-01-25T02:54:06.966+02:00 DEBUG 30620 --- [http-nio-744-exec-8] org.hibernate.SQL                        : select r1_0.user_id,r1_1.id,r1_1.all_parent_ids,r1_1.descrption,r1_1.name,r1_1.parent_id,p2_0.role_id,p2_0.id,p2_0.permission,p2_0.scope from user_roles r1_0 join role r1_1 on r1_1.id=r1_0.role_id left join role_permissions p2_0 on r1_1.id=p2_0.role_id where r1_0.user_id=?
2026-01-25T02:54:06.968+02:00 DEBUG 30620 --- [http-nio-744-exec-8] org.hibernate.SQL                        : select t1_0.user_id,t1_0.id,t1_0.tenant_id from user_tenants t1_0 where t1_0.user_id=?
2026-01-25T02:54:41.847+02:00 DEBUG 30620 --- [http-nio-744-exec-3] c.o.a.s.tenant.TenantFilterAspect        : ⚠️ [TenantFilterAspect] Service execution without TenantID
2026-01-25T02:54:41.851+02:00 DEBUG 30620 --- [http-nio-744-exec-3] org.hibernate.SQL                        : select u1_0.id,u1_0.email,u1_0.enabled,u1_0.first_name,u1_0.last_login_time,u1_0.last_name,u1_0.password,u1_0.photos,u1_0.tenant_id,u1_0.user_bio from `'user'` u1_0 where u1_0.email=?
2026-01-25T02:54:41.855+02:00 DEBUG 30620 --- [http-nio-744-exec-3] org.hibernate.SQL                        : select r1_0.user_id,r1_1.id,r1_1.all_parent_ids,r1_1.descrption,r1_1.name,r1_1.parent_id,p2_0.role_id,p2_0.id,p2_0.permission,p2_0.scope from user_roles r1_0 join role r1_1 on r1_1.id=r1_0.role_id left join role_permissions p2_0 on r1_1.id=p2_0.role_id where r1_0.user_id=?
2026-01-25T02:54:41.859+02:00 DEBUG 30620 --- [http-nio-744-exec-3] org.hibernate.SQL                        : select t1_0.user_id,t1_0.id,t1_0.tenant_id from user_tenants t1_0 where t1_0.user_id=?
2026-01-25T02:55:03.797+02:00 DEBUG 30620 --- [http-nio-744-exec-10] c.o.a.s.tenant.TenantFilterAspect        : ⚠️ [TenantFilterAspect] Service execution without TenantID
2026-01-25T02:55:03.801+02:00 DEBUG 30620 --- [http-nio-744-exec-10] org.hibernate.SQL                        : select u1_0.id,u1_0.email,u1_0.enabled,u1_0.first_name,u1_0.last_login_time,u1_0.last_name,u1_0.password,u1_0.photos,u1_0.tenant_id,u1_0.user_bio from `'user'` u1_0 where u1_0.email=?
2026-01-25T02:55:03.806+02:00 DEBUG 30620 --- [http-nio-744-exec-10] org.hibernate.SQL                        : select r1_0.user_id,r1_1.id,r1_1.all_parent_ids,r1_1.descrption,r1_1.name,r1_1.parent_id,p2_0.role_id,p2_0.id,p2_0.permission,p2_0.scope from user_roles r1_0 join role r1_1 on r1_1.id=r1_0.role_id left join role_permissions p2_0 on r1_1.id=p2_0.role_id where r1_0.user_id=?
2026-01-25T02:55:03.810+02:00 DEBUG 30620 --- [http-nio-744-exec-10] c.o.a.s.tenant.TenantFilterAspect        : ⚠️ [TenantFilterAspect] Service execution without TenantID
2026-01-25T02:55:03.813+02:00 DEBUG 30620 --- [http-nio-744-exec-10] org.hibernate.SQL                        : select t1_0.user_id,t1_0.id,t1_0.tenant_id from user_tenants t1_0 where t1_0.user_id=?
2026-01-25T02:55:03.823+02:00 DEBUG 30620 --- [http-nio-744-exec-10] org.hibernate.SQL                        : select u1_0.tenant_id from user_tenants u1_0 where u1_0.user_id=?
2026-01-25T02:55:03.939+02:00 DEBUG 30620 --- [http-nio-744-exec-10] org.hibernate.SQL                        : select t1_0.id,t1_0.active,t1_0.code,t1_0.created_at,t1_0.level,t1_0.name,t1_0.parent_id,t1_0.status from tenants t1_0 where t1_0.id=?
2026-01-25T02:55:03.946+02:00 DEBUG 30620 --- [http-nio-744-exec-10] c.o.a.s.tenant.TenantFilterAspect        : 🛡️ [TenantFilterAspect] Enforced Filter for TenantID: 5
2026-01-25T02:55:03.950+02:00 DEBUG 30620 --- [http-nio-744-exec-10] org.hibernate.SQL                        : select u1_0.id,u1_0.email,u1_0.enabled,u1_0.first_name,u1_0.last_login_time,u1_0.last_name,u1_0.password,u1_0.photos,u1_0.tenant_id,u1_0.user_bio from `'user'` u1_0 where u1_0.tenant_id = ? and u1_0.tenant_id = ? and u1_0.email=?
2026-01-25T02:55:03.954+02:00 DEBUG 30620 --- [http-nio-744-exec-10] org.hibernate.SQL                        : select r1_0.user_id,r1_1.id,r1_1.all_parent_ids,r1_1.descrption,r1_1.name,r1_1.parent_id,p2_0.role_id,p2_0.id,p2_0.permission,p2_0.scope from user_roles r1_0 join role r1_1 on r1_1.id=r1_0.role_id left join role_permissions p2_0 on r1_1.id=p2_0.role_id where r1_0.user_id=?
2026-01-25T02:55:03.969+02:00 DEBUG 30620 --- [http-nio-744-exec-10] org.hibernate.SQL                        : select t1_0.user_id,t1_0.id,t1_0.tenant_id from user_tenants t1_0 where t1_0.user_id=?
2026-01-25T02:55:03.980+02:00 DEBUG 30620 --- [http-nio-744-exec-10] c.o.a.s.tenant.TenantFilterAspect        : 🛡️ [TenantFilterAspect] Enforced Filter for TenantID: 5
2026-01-25T02:55:03.989+02:00 DEBUG 30620 --- [http-nio-744-exec-10] org.hibernate.SQL                        : select b1_0.id,b1_0.logo,b1_0.name,b1_0.tenant_id from brands b1_0 where b1_0.id=?
2026-01-25T02:55:04.000+02:00 DEBUG 30620 --- [http-nio-744-exec-10] org.hibernate.SQL                        : select c1_0.brand_id,c1_1.id,c1_1.alias,c1_1.all_parent_ids,c1_1.enabled,c1_1.image,c1_1.level,c1_1.name,c1_1.parent_id,c1_1.tenant_id from brands_categories c1_0 join categories c1_1 on c1_1.id=c1_0.category_id where c1_0.brand_id=?
2026-01-25T02:55:04.226+02:00  WARN 30620 --- [http-nio-744-exec-10] o.h.c.spi.AbstractPersistentCollection   : HHH000506: Detaching an uninitialized collection with enabled filters from a session: [com.onlineStoreCom.entity.tenant.Tenant.children#5]
2026-01-25T02:55:04.226+02:00  WARN 30620 --- [http-nio-744-exec-10] o.h.c.spi.AbstractPersistentCollection   : HHH000506: Detaching an uninitialized collection with enabled filters from a session: [com.onlineStoreCom.entity.users.Role.children#1]
2026-01-25T02:55:04.226+02:00  WARN 30620 --- [http-nio-744-exec-10] o.h.c.spi.AbstractPersistentCollection   : HHH000506: Detaching an uninitialized collection with enabled filters from a session: [com.onlineStoreCom.entity.category.Category.children#66]
2026-01-25T02:55:06.324+02:00 DEBUG 30620 --- [http-nio-744-exec-9] c.o.a.s.tenant.TenantFilterAspect        : ⚠️ [TenantFilterAspect] Service execution without TenantID
2026-01-25T02:55:06.344+02:00 DEBUG 30620 --- [http-nio-744-exec-9] org.hibernate.SQL                        : select u1_0.id,u1_0.email,u1_0.enabled,u1_0.first_name,u1_0.last_login_time,u1_0.last_name,u1_0.password,u1_0.photos,u1_0.tenant_id,u1_0.user_bio from `'user'` u1_0 where u1_0.email=?
2026-01-25T02:55:06.347+02:00 DEBUG 30620 --- [http-nio-744-exec-9] org.hibernate.SQL                        : select r1_0.user_id,r1_1.id,r1_1.all_parent_ids,r1_1.descrption,r1_1.name,r1_1.parent_id,p2_0.role_id,p2_0.id,p2_0.permission,p2_0.scope from user_roles r1_0 join role r1_1 on r1_1.id=r1_0.role_id left join role_permissions p2_0 on r1_1.id=p2_0.role_id where r1_0.user_id=?
2026-01-25T02:55:06.354+02:00 DEBUG 30620 --- [http-nio-744-exec-9] org.hibernate.SQL                        : select t1_0.user_id,t1_0.id,t1_0.tenant_id from user_tenants t1_0 where t1_0.user_id=?
2026-01-25T02:55:36.093+02:00 DEBUG 30620 --- [http-nio-744-exec-7] c.o.a.s.tenant.TenantFilterAspect        : ⚠️ [TenantFilterAspect] Service execution without TenantID
2026-01-25T02:55:36.098+02:00 DEBUG 30620 --- [http-nio-744-exec-7] org.hibernate.SQL                        : select u1_0.id,u1_0.email,u1_0.enabled,u1_0.first_name,u1_0.last_login_time,u1_0.last_name,u1_0.password,u1_0.photos,u1_0.tenant_id,u1_0.user_bio from `'user'` u1_0 where u1_0.email=?
2026-01-25T02:55:36.103+02:00 DEBUG 30620 --- [http-nio-744-exec-7] org.hibernate.SQL                        : select r1_0.user_id,r1_1.id,r1_1.all_parent_ids,r1_1.descrption,r1_1.name,r1_1.parent_id,p2_0.role_id,p2_0.id,p2_0.permission,p2_0.scope from user_roles r1_0 join role r1_1 on r1_1.id=r1_0.role_id left join role_permissions p2_0 on r1_1.id=p2_0.role_id where r1_0.user_id=?
2026-01-25T02:55:36.112+02:00 DEBUG 30620 --- [http-nio-744-exec-7] org.hibernate.SQL                        : select t1_0.user_id,t1_0.id,t1_0.tenant_id from user_tenants t1_0 where t1_0.user_id=?
2026-01-25T02:55:54.335+02:00 DEBUG 30620 --- [http-nio-744-exec-2] c.o.a.s.tenant.TenantFilterAspect        : ⚠️ [TenantFilterAspect] Service execution without TenantID
2026-01-25T02:55:54.339+02:00 DEBUG 30620 --- [http-nio-744-exec-2] org.hibernate.SQL                        : select u1_0.id,u1_0.email,u1_0.enabled,u1_0.first_name,u1_0.last_login_time,u1_0.last_name,u1_0.password,u1_0.photos,u1_0.tenant_id,u1_0.user_bio from `'user'` u1_0 where u1_0.email=?
2026-01-25T02:55:54.342+02:00 DEBUG 30620 --- [http-nio-744-exec-2] org.hibernate.SQL                        : select r1_0.user_id,r1_1.id,r1_1.all_parent_ids,r1_1.descrption,r1_1.name,r1_1.parent_id,p2_0.role_id,p2_0.id,p2_0.permission,p2_0.scope from user_roles r1_0 join role r1_1 on r1_1.id=r1_0.role_id left join role_permissions p2_0 on r1_1.id=p2_0.role_id where r1_0.user_id=?
2026-01-25T02:55:54.347+02:00 DEBUG 30620 --- [http-nio-744-exec-2] c.o.a.s.tenant.TenantFilterAspect        : ⚠️ [TenantFilterAspect] Service execution without TenantID
2026-01-25T02:55:54.349+02:00 DEBUG 30620 --- [http-nio-744-exec-2] org.hibernate.SQL                        : select t1_0.user_id,t1_0.id,t1_0.tenant_id from user_tenants t1_0 where t1_0.user_id=?
2026-01-25T02:55:54.358+02:00 DEBUG 30620 --- [http-nio-744-exec-2] org.hibernate.SQL                        : select u1_0.tenant_id from user_tenants u1_0 where u1_0.user_id=?
2026-01-25T02:55:54.394+02:00 DEBUG 30620 --- [http-nio-744-exec-2] org.hibernate.SQL                        : select t1_0.id,t1_0.active,t1_0.code,t1_0.created_at,t1_0.level,t1_0.name,t1_0.parent_id,t1_0.status from tenants t1_0 where t1_0.id=?
2026-01-25T02:55:54.397+02:00 DEBUG 30620 --- [http-nio-744-exec-2] c.o.a.s.tenant.TenantFilterAspect        : 🛡️ [TenantFilterAspect] Enforced Filter for TenantID: 5
2026-01-25T02:55:54.403+02:00 DEBUG 30620 --- [http-nio-744-exec-2] org.hibernate.SQL                        : select u1_0.id,u1_0.email,u1_0.enabled,u1_0.first_name,u1_0.last_login_time,u1_0.last_name,u1_0.password,u1_0.photos,u1_0.tenant_id,u1_0.user_bio from `'user'` u1_0 where u1_0.tenant_id = ? and u1_0.tenant_id = ? and u1_0.email=?
2026-01-25T02:55:54.406+02:00 DEBUG 30620 --- [http-nio-744-exec-2] org.hibernate.SQL                        : select r1_0.user_id,r1_1.id,r1_1.all_parent_ids,r1_1.descrption,r1_1.name,r1_1.parent_id,p2_0.role_id,p2_0.id,p2_0.permission,p2_0.scope from user_roles r1_0 join role r1_1 on r1_1.id=r1_0.role_id left join role_permissions p2_0 on r1_1.id=p2_0.role_id where r1_0.user_id=?
2026-01-25T02:55:54.413+02:00 DEBUG 30620 --- [http-nio-744-exec-2] org.hibernate.SQL                        : select t1_0.user_id,t1_0.id,t1_0.tenant_id from user_tenants t1_0 where t1_0.user_id=?
2026-01-25T02:55:54.444+02:00  INFO 30620 --- [http-nio-744-exec-2] c.o.a.c.controller.CategoryController    : Checking uniqueness for id=null, name=sssssss, alias=Xiaomi-Redmi-Note-9S-6.67"-48MP-International-Global-Version
2026-01-25T02:55:54.447+02:00 DEBUG 30620 --- [http-nio-744-exec-2] c.o.a.s.tenant.TenantFilterAspect        : 🛡️ [TenantFilterAspect] Enforced Filter for TenantID: 5
2026-01-25T02:55:54.476+02:00 DEBUG 30620 --- [http-nio-744-exec-2] org.hibernate.SQL                        : select p1_0.id,p1_0.alias,p1_0.average_rating,p1_0.booking_slots,p1_0.brand_id,p1_0.category_id,p1_0.cost,p1_0.created_time,p1_0.discount_percent,p1_0.enabled,p1_0.full_description,p1_0.has_description,p1_0.has_extra_details,p1_0.has_location,p1_0.has_scheduling,p1_0.has_shipping,p1_0.height,p1_0.in_stock,p1_0.length,p1_0.main_image,p1_0.name,p1_0.price,p1_0.product_type,p1_0.review_count,p1_0.service_duration,p1_0.short_description,p1_0.subscription_interval,p1_0.tenant_id,p1_0.track_stock,p1_0.updated_time,p1_0.weight,p1_0.width from products p1_0 where (p1_0.tenant_id = ? OR p1_0.tenant_id = 0) and p1_0.tenant_id = ? and p1_0.name=?
2026-01-25T02:55:54.506+02:00 DEBUG 30620 --- [http-nio-744-exec-2] org.hibernate.SQL                        : select b1_0.id,b1_0.logo,b1_0.name,b1_0.tenant_id from brands b1_0 where b1_0.id=?
2026-01-25T02:55:54.509+02:00 DEBUG 30620 --- [http-nio-744-exec-2] org.hibernate.SQL                        : select c1_0.id,c1_0.alias,c1_0.all_parent_ids,c1_0.enabled,c1_0.image,c1_0.level,c1_0.name,c1_0.parent_id,c1_0.tenant_id from categories c1_0 where c1_0.id=?
2026-01-25T02:55:54.530+02:00 DEBUG 30620 --- [http-nio-744-exec-2] org.hibernate.SQL                        : select p1_0.id,p1_0.alias,p1_0.average_rating,p1_0.booking_slots,p1_0.brand_id,p1_0.category_id,p1_0.cost,p1_0.created_time,p1_0.discount_percent,p1_0.enabled,p1_0.full_description,p1_0.has_description,p1_0.has_extra_details,p1_0.has_location,p1_0.has_scheduling,p1_0.has_shipping,p1_0.height,p1_0.in_stock,p1_0.length,p1_0.main_image,p1_0.name,p1_0.price,p1_0.product_type,p1_0.review_count,p1_0.service_duration,p1_0.short_description,p1_0.subscription_interval,p1_0.tenant_id,p1_0.track_stock,p1_0.updated_time,p1_0.weight,p1_0.width from products p1_0 where (p1_0.tenant_id = ? OR p1_0.tenant_id = 0) and p1_0.tenant_id = ? and p1_0.alias=?
2026-01-25T02:55:54.541+02:00  INFO 30620 --- [http-nio-744-exec-2] c.o.a.c.controller.CategoryController    : Result: DuplicateName
2026-01-25T02:55:54.547+02:00  WARN 30620 --- [http-nio-744-exec-2] o.h.c.spi.AbstractPersistentCollection   : HHH000506: Detaching an uninitialized collection with enabled filters from a session: [com.onlineStoreCom.entity.tenant.Tenant.children#5]
2026-01-25T02:55:54.547+02:00  WARN 30620 --- [http-nio-744-exec-2] o.h.c.spi.AbstractPersistentCollection   : HHH000506: Detaching an uninitialized collection with enabled filters from a session: [com.onlineStoreCom.entity.users.Role.children#1]
2026-01-25T02:55:54.547+02:00  WARN 30620 --- [http-nio-744-exec-2] o.h.c.spi.AbstractPersistentCollection   : HHH000506: Detaching an uninitialized collection with enabled filters from a session: [com.onlineStoreCom.entity.product.Product.details#180]
2026-01-25T02:55:54.549+02:00  WARN 30620 --- [http-nio-744-exec-2] o.h.c.spi.AbstractPersistentCollection   : HHH000506: Detaching an uninitialized collection with enabled filters from a session: [com.onlineStoreCom.entity.product.Product.images#180]
2026-01-25T02:55:54.549+02:00  WARN 30620 --- [http-nio-744-exec-2] o.h.c.spi.AbstractPersistentCollection   : HHH000506: Detaching an uninitialized collection with enabled filters from a session: [com.onlineStoreCom.entity.brand.Brand.categories#92]
2026-01-25T02:55:54.549+02:00  WARN 30620 --- [http-nio-744-exec-2] o.h.c.spi.AbstractPersistentCollection   : HHH000506: Detaching an uninitialized collection with enabled filters from a session: [com.onlineStoreCom.entity.category.Category.children#37]
2026-01-25T02:55:56.367+02:00 DEBUG 30620 --- [http-nio-744-exec-8] c.o.a.s.tenant.TenantFilterAspect        : ⚠️ [TenantFilterAspect] Service execution without TenantID
2026-01-25T02:55:56.371+02:00 DEBUG 30620 --- [http-nio-744-exec-8] org.hibernate.SQL                        : select u1_0.id,u1_0.email,u1_0.enabled,u1_0.first_name,u1_0.last_login_time,u1_0.last_name,u1_0.password,u1_0.photos,u1_0.tenant_id,u1_0.user_bio from `'user'` u1_0 where u1_0.email=?
2026-01-25T02:55:56.373+02:00 DEBUG 30620 --- [http-nio-744-exec-8] org.hibernate.SQL                        : select r1_0.user_id,r1_1.id,r1_1.all_parent_ids,r1_1.descrption,r1_1.name,r1_1.parent_id,p2_0.role_id,p2_0.id,p2_0.permission,p2_0.scope from user_roles r1_0 join role r1_1 on r1_1.id=r1_0.role_id left join role_permissions p2_0 on r1_1.id=p2_0.role_id where r1_0.user_id=?
2026-01-25T02:55:56.379+02:00 DEBUG 30620 --- [http-nio-744-exec-8] c.o.a.s.tenant.TenantFilterAspect        : ⚠️ [TenantFilterAspect] Service execution without TenantID
2026-01-25T02:55:56.381+02:00 DEBUG 30620 --- [http-nio-744-exec-8] org.hibernate.SQL                        : select t1_0.user_id,t1_0.id,t1_0.tenant_id from user_tenants t1_0 where t1_0.user_id=?
2026-01-25T02:55:56.385+02:00 DEBUG 30620 --- [http-nio-744-exec-8] org.hibernate.SQL                        : select u1_0.tenant_id from user_tenants u1_0 where u1_0.user_id=?
2026-01-25T02:55:56.397+02:00 DEBUG 30620 --- [http-nio-744-exec-8] org.hibernate.SQL                        : select t1_0.id,t1_0.active,t1_0.code,t1_0.created_at,t1_0.level,t1_0.name,t1_0.parent_id,t1_0.status from tenants t1_0 where t1_0.id=?
2026-01-25T02:55:56.400+02:00 DEBUG 30620 --- [http-nio-744-exec-8] c.o.a.s.tenant.TenantFilterAspect        : 🛡️ [TenantFilterAspect] Enforced Filter for TenantID: 5
2026-01-25T02:55:56.401+02:00 DEBUG 30620 --- [http-nio-744-exec-8] org.hibernate.SQL                        : select u1_0.id,u1_0.email,u1_0.enabled,u1_0.first_name,u1_0.last_login_time,u1_0.last_name,u1_0.password,u1_0.photos,u1_0.tenant_id,u1_0.user_bio from `'user'` u1_0 where u1_0.tenant_id = ? and u1_0.tenant_id = ? and u1_0.email=?
2026-01-25T02:55:56.403+02:00 DEBUG 30620 --- [http-nio-744-exec-8] org.hibernate.SQL                        : select r1_0.user_id,r1_1.id,r1_1.all_parent_ids,r1_1.descrption,r1_1.name,r1_1.parent_id,p2_0.role_id,p2_0.id,p2_0.permission,p2_0.scope from user_roles r1_0 join role r1_1 on r1_1.id=r1_0.role_id left join role_permissions p2_0 on r1_1.id=p2_0.role_id where r1_0.user_id=?
2026-01-25T02:55:56.408+02:00 DEBUG 30620 --- [http-nio-744-exec-8] org.hibernate.SQL                        : select t1_0.user_id,t1_0.id,t1_0.tenant_id from user_tenants t1_0 where t1_0.user_id=?
2026-01-25T02:55:56.410+02:00  INFO 30620 --- [http-nio-744-exec-8] c.o.a.c.controller.CategoryController    : Checking uniqueness for id=null, name=sssssss, alias=Xiaomi-Redmi-Note-9S-6.67"-48MP-International-Global-Version
2026-01-25T02:55:56.411+02:00 DEBUG 30620 --- [http-nio-744-exec-8] c.o.a.s.tenant.TenantFilterAspect        : 🛡️ [TenantFilterAspect] Enforced Filter for TenantID: 5
2026-01-25T02:55:56.415+02:00 DEBUG 30620 --- [http-nio-744-exec-8] org.hibernate.SQL                        : select p1_0.id,p1_0.alias,p1_0.average_rating,p1_0.booking_slots,p1_0.brand_id,p1_0.category_id,p1_0.cost,p1_0.created_time,p1_0.discount_percent,p1_0.enabled,p1_0.full_description,p1_0.has_description,p1_0.has_extra_details,p1_0.has_location,p1_0.has_scheduling,p1_0.has_shipping,p1_0.height,p1_0.in_stock,p1_0.length,p1_0.main_image,p1_0.name,p1_0.price,p1_0.product_type,p1_0.review_count,p1_0.service_duration,p1_0.short_description,p1_0.subscription_interval,p1_0.tenant_id,p1_0.track_stock,p1_0.updated_time,p1_0.weight,p1_0.width from products p1_0 where (p1_0.tenant_id = ? OR p1_0.tenant_id = 0) and p1_0.tenant_id = ? and p1_0.name=?
2026-01-25T02:55:56.420+02:00 DEBUG 30620 --- [http-nio-744-exec-8] org.hibernate.SQL                        : select b1_0.id,b1_0.logo,b1_0.name,b1_0.tenant_id from brands b1_0 where b1_0.id=?
2026-01-25T02:55:56.424+02:00 DEBUG 30620 --- [http-nio-744-exec-8] org.hibernate.SQL                        : select c1_0.id,c1_0.alias,c1_0.all_parent_ids,c1_0.enabled,c1_0.image,c1_0.level,c1_0.name,c1_0.parent_id,c1_0.tenant_id from categories c1_0 where c1_0.id=?
2026-01-25T02:55:56.430+02:00 DEBUG 30620 --- [http-nio-744-exec-8] org.hibernate.SQL                        : select p1_0.id,p1_0.alias,p1_0.average_rating,p1_0.booking_slots,p1_0.brand_id,p1_0.category_id,p1_0.cost,p1_0.created_time,p1_0.discount_percent,p1_0.enabled,p1_0.full_description,p1_0.has_description,p1_0.has_extra_details,p1_0.has_location,p1_0.has_scheduling,p1_0.has_shipping,p1_0.height,p1_0.in_stock,p1_0.length,p1_0.main_image,p1_0.name,p1_0.price,p1_0.product_type,p1_0.review_count,p1_0.service_duration,p1_0.short_description,p1_0.subscription_interval,p1_0.tenant_id,p1_0.track_stock,p1_0.updated_time,p1_0.weight,p1_0.width from products p1_0 where (p1_0.tenant_id = ? OR p1_0.tenant_id = 0) and p1_0.tenant_id = ? and p1_0.alias=?
2026-01-25T02:55:56.434+02:00  INFO 30620 --- [http-nio-744-exec-8] c.o.a.c.controller.CategoryController    : Result: DuplicateName
2026-01-25T02:55:56.436+02:00  WARN 30620 --- [http-nio-744-exec-8] o.h.c.spi.AbstractPersistentCollection   : HHH000506: Detaching an uninitialized collection with enabled filters from a session: [com.onlineStoreCom.entity.tenant.Tenant.children#5]
2026-01-25T02:55:56.436+02:00  WARN 30620 --- [http-nio-744-exec-8] o.h.c.spi.AbstractPersistentCollection   : HHH000506: Detaching an uninitialized collection with enabled filters from a session: [com.onlineStoreCom.entity.users.Role.children#1]
2026-01-25T02:55:56.436+02:00  WARN 30620 --- [http-nio-744-exec-8] o.h.c.spi.AbstractPersistentCollection   : HHH000506: Detaching an uninitialized collection with enabled filters from a session: [com.onlineStoreCom.entity.product.Product.details#180]
2026-01-25T02:55:56.436+02:00  WARN 30620 --- [http-nio-744-exec-8] o.h.c.spi.AbstractPersistentCollection   : HHH000506: Detaching an uninitialized collection with enabled filters from a session: [com.onlineStoreCom.entity.product.Product.images#180]
2026-01-25T02:55:56.436+02:00  WARN 30620 --- [http-nio-744-exec-8] o.h.c.spi.AbstractPersistentCollection   : HHH000506: Detaching an uninitialized collection with enabled filters from a session: [com.onlineStoreCom.entity.brand.Brand.categories#92]
2026-01-25T02:55:56.436+02:00  WARN 30620 --- [http-nio-744-exec-8] o.h.c.spi.AbstractPersistentCollection   : HHH000506: Detaching an uninitialized collection with enabled filters from a session: [com.onlineStoreCom.entity.category.Category.children#37]
2026-01-25T02:55:56.755+02:00 DEBUG 30620 --- [http-nio-744-exec-1] c.o.a.s.tenant.TenantFilterAspect        : ⚠️ [TenantFilterAspect] Service execution without TenantID
2026-01-25T02:55:56.759+02:00 DEBUG 30620 --- [http-nio-744-exec-1] org.hibernate.SQL                        : select u1_0.id,u1_0.email,u1_0.enabled,u1_0.first_name,u1_0.last_login_time,u1_0.last_name,u1_0.password,u1_0.photos,u1_0.tenant_id,u1_0.user_bio from `'user'` u1_0 where u1_0.email=?
2026-01-25T02:55:56.762+02:00 DEBUG 30620 --- [http-nio-744-exec-1] org.hibernate.SQL                        : select r1_0.user_id,r1_1.id,r1_1.all_parent_ids,r1_1.descrption,r1_1.name,r1_1.parent_id,p2_0.role_id,p2_0.id,p2_0.permission,p2_0.scope from user_roles r1_0 join role r1_1 on r1_1.id=r1_0.role_id left join role_permissions p2_0 on r1_1.id=p2_0.role_id where r1_0.user_id=?
2026-01-25T02:55:56.765+02:00 DEBUG 30620 --- [http-nio-744-exec-1] c.o.a.s.tenant.TenantFilterAspect        : ⚠️ [TenantFilterAspect] Service execution without TenantID
2026-01-25T02:55:56.766+02:00 DEBUG 30620 --- [http-nio-744-exec-1] org.hibernate.SQL                        : select t1_0.user_id,t1_0.id,t1_0.tenant_id from user_tenants t1_0 where t1_0.user_id=?
2026-01-25T02:55:56.770+02:00 DEBUG 30620 --- [http-nio-744-exec-1] org.hibernate.SQL                        : select u1_0.tenant_id from user_tenants u1_0 where u1_0.user_id=?
2026-01-25T02:55:56.781+02:00 DEBUG 30620 --- [http-nio-744-exec-1] org.hibernate.SQL                        : select t1_0.id,t1_0.active,t1_0.code,t1_0.created_at,t1_0.level,t1_0.name,t1_0.parent_id,t1_0.status from tenants t1_0 where t1_0.id=?
2026-01-25T02:55:56.784+02:00 DEBUG 30620 --- [http-nio-744-exec-1] c.o.a.s.tenant.TenantFilterAspect        : 🛡️ [TenantFilterAspect] Enforced Filter for TenantID: 5
2026-01-25T02:55:56.786+02:00 DEBUG 30620 --- [http-nio-744-exec-1] org.hibernate.SQL                        : select u1_0.id,u1_0.email,u1_0.enabled,u1_0.first_name,u1_0.last_login_time,u1_0.last_name,u1_0.password,u1_0.photos,u1_0.tenant_id,u1_0.user_bio from `'user'` u1_0 where u1_0.tenant_id = ? and u1_0.tenant_id = ? and u1_0.email=?
2026-01-25T02:55:56.788+02:00 DEBUG 30620 --- [http-nio-744-exec-1] org.hibernate.SQL                        : select r1_0.user_id,r1_1.id,r1_1.all_parent_ids,r1_1.descrption,r1_1.name,r1_1.parent_id,p2_0.role_id,p2_0.id,p2_0.permission,p2_0.scope from user_roles r1_0 join role r1_1 on r1_1.id=r1_0.role_id left join role_permissions p2_0 on r1_1.id=p2_0.role_id where r1_0.user_id=?
2026-01-25T02:55:56.792+02:00 DEBUG 30620 --- [http-nio-744-exec-1] org.hibernate.SQL                        : select t1_0.user_id,t1_0.id,t1_0.tenant_id from user_tenants t1_0 where t1_0.user_id=?
2026-01-25T02:55:56.794+02:00  INFO 30620 --- [http-nio-744-exec-1] c.o.a.c.controller.CategoryController    : Checking uniqueness for id=null, name=sssssss, alias=Xiaomi-Redmi-Note-9S-6.67"-48MP-International-Global-Version
2026-01-25T02:55:56.795+02:00 DEBUG 30620 --- [http-nio-744-exec-1] c.o.a.s.tenant.TenantFilterAspect        : 🛡️ [TenantFilterAspect] Enforced Filter for TenantID: 5
2026-01-25T02:55:56.798+02:00 DEBUG 30620 --- [http-nio-744-exec-1] org.hibernate.SQL                        : select p1_0.id,p1_0.alias,p1_0.average_rating,p1_0.booking_slots,p1_0.brand_id,p1_0.category_id,p1_0.cost,p1_0.created_time,p1_0.discount_percent,p1_0.enabled,p1_0.full_description,p1_0.has_description,p1_0.has_extra_details,p1_0.has_location,p1_0.has_scheduling,p1_0.has_shipping,p1_0.height,p1_0.in_stock,p1_0.length,p1_0.main_image,p1_0.name,p1_0.price,p1_0.product_type,p1_0.review_count,p1_0.service_duration,p1_0.short_description,p1_0.subscription_interval,p1_0.tenant_id,p1_0.track_stock,p1_0.updated_time,p1_0.weight,p1_0.width from products p1_0 where (p1_0.tenant_id = ? OR p1_0.tenant_id = 0) and p1_0.tenant_id = ? and p1_0.name=?
2026-01-25T02:55:56.802+02:00 DEBUG 30620 --- [http-nio-744-exec-1] org.hibernate.SQL                        : select b1_0.id,b1_0.logo,b1_0.name,b1_0.tenant_id from brands b1_0 where b1_0.id=?
2026-01-25T02:55:56.808+02:00 DEBUG 30620 --- [http-nio-744-exec-1] org.hibernate.SQL                        : select c1_0.id,c1_0.alias,c1_0.all_parent_ids,c1_0.enabled,c1_0.image,c1_0.level,c1_0.name,c1_0.parent_id,c1_0.tenant_id from categories c1_0 where c1_0.id=?
2026-01-25T02:55:56.812+02:00 DEBUG 30620 --- [http-nio-744-exec-1] org.hibernate.SQL                        : select p1_0.id,p1_0.alias,p1_0.average_rating,p1_0.booking_slots,p1_0.brand_id,p1_0.category_id,p1_0.cost,p1_0.created_time,p1_0.discount_percent,p1_0.enabled,p1_0.full_description,p1_0.has_description,p1_0.has_extra_details,p1_0.has_location,p1_0.has_scheduling,p1_0.has_shipping,p1_0.height,p1_0.in_stock,p1_0.length,p1_0.main_image,p1_0.name,p1_0.price,p1_0.product_type,p1_0.review_count,p1_0.service_duration,p1_0.short_description,p1_0.subscription_interval,p1_0.tenant_id,p1_0.track_stock,p1_0.updated_time,p1_0.weight,p1_0.width from products p1_0 where (p1_0.tenant_id = ? OR p1_0.tenant_id = 0) and p1_0.tenant_id = ? and p1_0.alias=?
2026-01-25T02:55:56.817+02:00  INFO 30620 --- [http-nio-744-exec-1] c.o.a.c.controller.CategoryController    : Result: DuplicateName
2026-01-25T02:55:56.819+02:00  WARN 30620 --- [http-nio-744-exec-1] o.h.c.spi.AbstractPersistentCollection   : HHH000506: Detaching an uninitialized collection with enabled filters from a session: [com.onlineStoreCom.entity.tenant.Tenant.children#5]
2026-01-25T02:55:56.819+02:00  WARN 30620 --- [http-nio-744-exec-1] o.h.c.spi.AbstractPersistentCollection   : HHH000506: Detaching an uninitialized collection with enabled filters from a session: [com.onlineStoreCom.entity.users.Role.children#1]
2026-01-25T02:55:56.819+02:00  WARN 30620 --- [http-nio-744-exec-1] o.h.c.spi.AbstractPersistentCollection   : HHH000506: Detaching an uninitialized collection with enabled filters from a session: [com.onlineStoreCom.entity.product.Product.details#180]
2026-01-25T02:55:56.819+02:00  WARN 30620 --- [http-nio-744-exec-1] o.h.c.spi.AbstractPersistentCollection   : HHH000506: Detaching an uninitialized collection with enabled filters from a session: [com.onlineStoreCom.entity.product.Product.images#180]
2026-01-25T02:55:56.819+02:00  WARN 30620 --- [http-nio-744-exec-1] o.h.c.spi.AbstractPersistentCollection   : HHH000506: Detaching an uninitialized collection with enabled filters from a session: [com.onlineStoreCom.entity.brand.Brand.categories#92]
2026-01-25T02:55:56.819+02:00  WARN 30620 --- [http-nio-744-exec-1] o.h.c.spi.AbstractPersistentCollection   : HHH000506: Detaching an uninitialized collection with enabled filters from a session: [com.onlineStoreCom.entity.category.Category.children#37]
2026-01-25T02:55:56.949+02:00 DEBUG 30620 --- [http-nio-744-exec-3] c.o.a.s.tenant.TenantFilterAspect        : ⚠️ [TenantFilterAspect] Service execution without TenantID
2026-01-25T02:55:56.951+02:00 DEBUG 30620 --- [http-nio-744-exec-3] org.hibernate.SQL                        : select u1_0.id,u1_0.email,u1_0.enabled,u1_0.first_name,u1_0.last_login_time,u1_0.last_name,u1_0.password,u1_0.photos,u1_0.tenant_id,u1_0.user_bio from `'user'` u1_0 where u1_0.email=?
2026-01-25T02:55:56.954+02:00 DEBUG 30620 --- [http-nio-744-exec-3] org.hibernate.SQL                        : select r1_0.user_id,r1_1.id,r1_1.all_parent_ids,r1_1.descrption,r1_1.name,r1_1.parent_id,p2_0.role_id,p2_0.id,p2_0.permission,p2_0.scope from user_roles r1_0 join role r1_1 on r1_1.id=r1_0.role_id left join role_permissions p2_0 on r1_1.id=p2_0.role_id where r1_0.user_id=?
2026-01-25T02:55:56.960+02:00 DEBUG 30620 --- [http-nio-744-exec-3] c.o.a.s.tenant.TenantFilterAspect        : ⚠️ [TenantFilterAspect] Service execution without TenantID
2026-01-25T02:55:56.960+02:00 DEBUG 30620 --- [http-nio-744-exec-3] org.hibernate.SQL                        : select t1_0.user_id,t1_0.id,t1_0.tenant_id from user_tenants t1_0 where t1_0.user_id=?
2026-01-25T02:55:56.963+02:00 DEBUG 30620 --- [http-nio-744-exec-3] org.hibernate.SQL                        : select u1_0.tenant_id from user_tenants u1_0 where u1_0.user_id=?
2026-01-25T02:55:56.975+02:00 DEBUG 30620 --- [http-nio-744-exec-3] org.hibernate.SQL                        : select t1_0.id,t1_0.active,t1_0.code,t1_0.created_at,t1_0.level,t1_0.name,t1_0.parent_id,t1_0.status from tenants t1_0 where t1_0.id=?
2026-01-25T02:55:56.978+02:00 DEBUG 30620 --- [http-nio-744-exec-3] c.o.a.s.tenant.TenantFilterAspect        : 🛡️ [TenantFilterAspect] Enforced Filter for TenantID: 5
2026-01-25T02:55:56.978+02:00 DEBUG 30620 --- [http-nio-744-exec-3] org.hibernate.SQL                        : select u1_0.id,u1_0.email,u1_0.enabled,u1_0.first_name,u1_0.last_login_time,u1_0.last_name,u1_0.password,u1_0.photos,u1_0.tenant_id,u1_0.user_bio from `'user'` u1_0 where u1_0.tenant_id = ? and u1_0.tenant_id = ? and u1_0.email=?
2026-01-25T02:55:56.981+02:00 DEBUG 30620 --- [http-nio-744-exec-3] org.hibernate.SQL                        : select r1_0.user_id,r1_1.id,r1_1.all_parent_ids,r1_1.descrption,r1_1.name,r1_1.parent_id,p2_0.role_id,p2_0.id,p2_0.permission,p2_0.scope from user_roles r1_0 join role r1_1 on r1_1.id=r1_0.role_id left join role_permissions p2_0 on r1_1.id=p2_0.role_id where r1_0.user_id=?
2026-01-25T02:55:56.987+02:00 DEBUG 30620 --- [http-nio-744-exec-3] org.hibernate.SQL                        : select t1_0.user_id,t1_0.id,t1_0.tenant_id from user_tenants t1_0 where t1_0.user_id=?
2026-01-25T02:55:56.989+02:00  INFO 30620 --- [http-nio-744-exec-3] c.o.a.c.controller.CategoryController    : Checking uniqueness for id=null, name=sssssss, alias=Xiaomi-Redmi-Note-9S-6.67"-48MP-International-Global-Version
2026-01-25T02:55:56.989+02:00 DEBUG 30620 --- [http-nio-744-exec-3] c.o.a.s.tenant.TenantFilterAspect        : 🛡️ [TenantFilterAspect] Enforced Filter for TenantID: 5
2026-01-25T02:55:56.992+02:00 DEBUG 30620 --- [http-nio-744-exec-3] org.hibernate.SQL                        : select p1_0.id,p1_0.alias,p1_0.average_rating,p1_0.booking_slots,p1_0.brand_id,p1_0.category_id,p1_0.cost,p1_0.created_time,p1_0.discount_percent,p1_0.enabled,p1_0.full_description,p1_0.has_description,p1_0.has_extra_details,p1_0.has_location,p1_0.has_scheduling,p1_0.has_shipping,p1_0.height,p1_0.in_stock,p1_0.length,p1_0.main_image,p1_0.name,p1_0.price,p1_0.product_type,p1_0.review_count,p1_0.service_duration,p1_0.short_description,p1_0.subscription_interval,p1_0.tenant_id,p1_0.track_stock,p1_0.updated_time,p1_0.weight,p1_0.width from products p1_0 where (p1_0.tenant_id = ? OR p1_0.tenant_id = 0) and p1_0.tenant_id = ? and p1_0.name=?
2026-01-25T02:55:56.996+02:00 DEBUG 30620 --- [http-nio-744-exec-3] org.hibernate.SQL                        : select b1_0.id,b1_0.logo,b1_0.name,b1_0.tenant_id from brands b1_0 where b1_0.id=?
2026-01-25T02:55:56.999+02:00 DEBUG 30620 --- [http-nio-744-exec-3] org.hibernate.SQL                        : select c1_0.id,c1_0.alias,c1_0.all_parent_ids,c1_0.enabled,c1_0.image,c1_0.level,c1_0.name,c1_0.parent_id,c1_0.tenant_id from categories c1_0 where c1_0.id=?
2026-01-25T02:55:57.008+02:00 DEBUG 30620 --- [http-nio-744-exec-3] org.hibernate.SQL                        : select p1_0.id,p1_0.alias,p1_0.average_rating,p1_0.booking_slots,p1_0.brand_id,p1_0.category_id,p1_0.cost,p1_0.created_time,p1_0.discount_percent,p1_0.enabled,p1_0.full_description,p1_0.has_description,p1_0.has_extra_details,p1_0.has_location,p1_0.has_scheduling,p1_0.has_shipping,p1_0.height,p1_0.in_stock,p1_0.length,p1_0.main_image,p1_0.name,p1_0.price,p1_0.product_type,p1_0.review_count,p1_0.service_duration,p1_0.short_description,p1_0.subscription_interval,p1_0.tenant_id,p1_0.track_stock,p1_0.updated_time,p1_0.weight,p1_0.width from products p1_0 where (p1_0.tenant_id = ? OR p1_0.tenant_id = 0) and p1_0.tenant_id = ? and p1_0.alias=?
2026-01-25T02:55:57.011+02:00  INFO 30620 --- [http-nio-744-exec-3] c.o.a.c.controller.CategoryController    : Result: DuplicateName
2026-01-25T02:55:57.013+02:00  WARN 30620 --- [http-nio-744-exec-3] o.h.c.spi.AbstractPersistentCollection   : HHH000506: Detaching an uninitialized collection with enabled filters from a session: [com.onlineStoreCom.entity.tenant.Tenant.children#5]
2026-01-25T02:55:57.013+02:00  WARN 30620 --- [http-nio-744-exec-3] o.h.c.spi.AbstractPersistentCollection   : HHH000506: Detaching an uninitialized collection with enabled filters from a session: [com.onlineStoreCom.entity.users.Role.children#1]
2026-01-25T02:55:57.013+02:00  WARN 30620 --- [http-nio-744-exec-3] o.h.c.spi.AbstractPersistentCollection   : HHH000506: Detaching an uninitialized collection with enabled filters from a session: [com.onlineStoreCom.entity.product.Product.details#180]
2026-01-25T02:55:57.013+02:00  WARN 30620 --- [http-nio-744-exec-3] o.h.c.spi.AbstractPersistentCollection   : HHH000506: Detaching an uninitialized collection with enabled filters from a session: [com.onlineStoreCom.entity.product.Product.images#180]
2026-01-25T02:55:57.013+02:00  WARN 30620 --- [http-nio-744-exec-3] o.h.c.spi.AbstractPersistentCollection   : HHH000506: Detaching an uninitialized collection with enabled filters from a session: [com.onlineStoreCom.entity.brand.Brand.categories#92]
2026-01-25T02:55:57.013+02:00  WARN 30620 --- [http-nio-744-exec-3] o.h.c.spi.AbstractPersistentCollection   : HHH000506: Detaching an uninitialized collection with enabled filters from a session: [com.onlineStoreCom.entity.category.Category.children#37]
2026-01-25T02:55:57.134+02:00 DEBUG 30620 --- [http-nio-744-exec-5] c.o.a.s.tenant.TenantFilterAspect        : ⚠️ [TenantFilterAspect] Service execution without TenantID
2026-01-25T02:55:57.135+02:00 DEBUG 30620 --- [http-nio-744-exec-5] org.hibernate.SQL                        : select u1_0.id,u1_0.email,u1_0.enabled,u1_0.first_name,u1_0.last_login_time,u1_0.last_name,u1_0.password,u1_0.photos,u1_0.tenant_id,u1_0.user_bio from `'user'` u1_0 where u1_0.email=?
2026-01-25T02:55:57.137+02:00 DEBUG 30620 --- [http-nio-744-exec-5] org.hibernate.SQL                        : select r1_0.user_id,r1_1.id,r1_1.all_parent_ids,r1_1.descrption,r1_1.name,r1_1.parent_id,p2_0.role_id,p2_0.id,p2_0.permission,p2_0.scope from user_roles r1_0 join role r1_1 on r1_1.id=r1_0.role_id left join role_permissions p2_0 on r1_1.id=p2_0.role_id where r1_0.user_id=?
2026-01-25T02:55:57.142+02:00 DEBUG 30620 --- [http-nio-744-exec-5] c.o.a.s.tenant.TenantFilterAspect        : ⚠️ [TenantFilterAspect] Service execution without TenantID
2026-01-25T02:55:57.143+02:00 DEBUG 30620 --- [http-nio-744-exec-5] org.hibernate.SQL                        : select t1_0.user_id,t1_0.id,t1_0.tenant_id from user_tenants t1_0 where t1_0.user_id=?
2026-01-25T02:55:57.146+02:00 DEBUG 30620 --- [http-nio-744-exec-5] org.hibernate.SQL                        : select u1_0.tenant_id from user_tenants u1_0 where u1_0.user_id=?
2026-01-25T02:55:57.161+02:00 DEBUG 30620 --- [http-nio-744-exec-5] org.hibernate.SQL                        : select t1_0.id,t1_0.active,t1_0.code,t1_0.created_at,t1_0.level,t1_0.name,t1_0.parent_id,t1_0.status from tenants t1_0 where t1_0.id=?
2026-01-25T02:55:57.165+02:00 DEBUG 30620 --- [http-nio-744-exec-5] c.o.a.s.tenant.TenantFilterAspect        : 🛡️ [TenantFilterAspect] Enforced Filter for TenantID: 5
2026-01-25T02:55:57.167+02:00 DEBUG 30620 --- [http-nio-744-exec-5] org.hibernate.SQL                        : select u1_0.id,u1_0.email,u1_0.enabled,u1_0.first_name,u1_0.last_login_time,u1_0.last_name,u1_0.password,u1_0.photos,u1_0.tenant_id,u1_0.user_bio from `'user'` u1_0 where u1_0.tenant_id = ? and u1_0.tenant_id = ? and u1_0.email=?
2026-01-25T02:55:57.169+02:00 DEBUG 30620 --- [http-nio-744-exec-5] org.hibernate.SQL                        : select r1_0.user_id,r1_1.id,r1_1.all_parent_ids,r1_1.descrption,r1_1.name,r1_1.parent_id,p2_0.role_id,p2_0.id,p2_0.permission,p2_0.scope from user_roles r1_0 join role r1_1 on r1_1.id=r1_0.role_id left join role_permissions p2_0 on r1_1.id=p2_0.role_id where r1_0.user_id=?
2026-01-25T02:55:57.174+02:00 DEBUG 30620 --- [http-nio-744-exec-5] org.hibernate.SQL                        : select t1_0.user_id,t1_0.id,t1_0.tenant_id from user_tenants t1_0 where t1_0.user_id=?
2026-01-25T02:55:57.176+02:00  INFO 30620 --- [http-nio-744-exec-5] c.o.a.c.controller.CategoryController    : Checking uniqueness for id=null, name=sssssss, alias=Xiaomi-Redmi-Note-9S-6.67"-48MP-International-Global-Version
2026-01-25T02:55:57.176+02:00 DEBUG 30620 --- [http-nio-744-exec-5] c.o.a.s.tenant.TenantFilterAspect        : 🛡️ [TenantFilterAspect] Enforced Filter for TenantID: 5
2026-01-25T02:55:57.181+02:00 DEBUG 30620 --- [http-nio-744-exec-5] org.hibernate.SQL                        : select p1_0.id,p1_0.alias,p1_0.average_rating,p1_0.booking_slots,p1_0.brand_id,p1_0.category_id,p1_0.cost,p1_0.created_time,p1_0.discount_percent,p1_0.enabled,p1_0.full_description,p1_0.has_description,p1_0.has_extra_details,p1_0.has_location,p1_0.has_scheduling,p1_0.has_shipping,p1_0.height,p1_0.in_stock,p1_0.length,p1_0.main_image,p1_0.name,p1_0.price,p1_0.product_type,p1_0.review_count,p1_0.service_duration,p1_0.short_description,p1_0.subscription_interval,p1_0.tenant_id,p1_0.track_stock,p1_0.updated_time,p1_0.weight,p1_0.width from products p1_0 where (p1_0.tenant_id = ? OR p1_0.tenant_id = 0) and p1_0.tenant_id = ? and p1_0.name=?
2026-01-25T02:55:57.184+02:00 DEBUG 30620 --- [http-nio-744-exec-5] org.hibernate.SQL                        : select b1_0.id,b1_0.logo,b1_0.name,b1_0.tenant_id from brands b1_0 where b1_0.id=?
2026-01-25T02:55:57.186+02:00 DEBUG 30620 --- [http-nio-744-exec-5] org.hibernate.SQL                        : select c1_0.id,c1_0.alias,c1_0.all_parent_ids,c1_0.enabled,c1_0.image,c1_0.level,c1_0.name,c1_0.parent_id,c1_0.tenant_id from categories c1_0 where c1_0.id=?
2026-01-25T02:55:57.192+02:00 DEBUG 30620 --- [http-nio-744-exec-5] org.hibernate.SQL                        : select p1_0.id,p1_0.alias,p1_0.average_rating,p1_0.booking_slots,p1_0.brand_id,p1_0.category_id,p1_0.cost,p1_0.created_time,p1_0.discount_percent,p1_0.enabled,p1_0.full_description,p1_0.has_description,p1_0.has_extra_details,p1_0.has_location,p1_0.has_scheduling,p1_0.has_shipping,p1_0.height,p1_0.in_stock,p1_0.length,p1_0.main_image,p1_0.name,p1_0.price,p1_0.product_type,p1_0.review_count,p1_0.service_duration,p1_0.short_description,p1_0.subscription_interval,p1_0.tenant_id,p1_0.track_stock,p1_0.updated_time,p1_0.weight,p1_0.width from products p1_0 where (p1_0.tenant_id = ? OR p1_0.tenant_id = 0) and p1_0.tenant_id = ? and p1_0.alias=?
2026-01-25T02:55:57.196+02:00  INFO 30620 --- [http-nio-744-exec-5] c.o.a.c.controller.CategoryController    : Result: DuplicateName
2026-01-25T02:55:57.198+02:00  WARN 30620 --- [http-nio-744-exec-5] o.h.c.spi.AbstractPersistentCollection   : HHH000506: Detaching an uninitialized collection with enabled filters from a session: [com.onlineStoreCom.entity.tenant.Tenant.children#5]
2026-01-25T02:55:57.198+02:00  WARN 30620 --- [http-nio-744-exec-5] o.h.c.spi.AbstractPersistentCollection   : HHH000506: Detaching an uninitialized collection with enabled filters from a session: [com.onlineStoreCom.entity.users.Role.children#1]
2026-01-25T02:55:57.198+02:00  WARN 30620 --- [http-nio-744-exec-5] o.h.c.spi.AbstractPersistentCollection   : HHH000506: Detaching an uninitialized collection with enabled filters from a session: [com.onlineStoreCom.entity.product.Product.details#180]
2026-01-25T02:55:57.198+02:00  WARN 30620 --- [http-nio-744-exec-5] o.h.c.spi.AbstractPersistentCollection   : HHH000506: Detaching an uninitialized collection with enabled filters from a session: [com.onlineStoreCom.entity.product.Product.images#180]
2026-01-25T02:55:57.198+02:00  WARN 30620 --- [http-nio-744-exec-5] o.h.c.spi.AbstractPersistentCollection   : HHH000506: Detaching an uninitialized collection with enabled filters from a session: [com.onlineStoreCom.entity.brand.Brand.categories#92]
2026-01-25T02:55:57.198+02:00  WARN 30620 --- [http-nio-744-exec-5] o.h.c.spi.AbstractPersistentCollection   : HHH000506: Detaching an uninitialized collection with enabled filters from a session: [com.onlineStoreCom.entity.category.Category.children#37]
2026-01-25T02:55:57.307+02:00 DEBUG 30620 --- [http-nio-744-exec-10] c.o.a.s.tenant.TenantFilterAspect        : ⚠️ [TenantFilterAspect] Service execution without TenantID
2026-01-25T02:55:57.309+02:00 DEBUG 30620 --- [http-nio-744-exec-10] org.hibernate.SQL                        : select u1_0.id,u1_0.email,u1_0.enabled,u1_0.first_name,u1_0.last_login_time,u1_0.last_name,u1_0.password,u1_0.photos,u1_0.tenant_id,u1_0.user_bio from `'user'` u1_0 where u1_0.email=?
2026-01-25T02:55:57.312+02:00 DEBUG 30620 --- [http-nio-744-exec-10] org.hibernate.SQL                        : select r1_0.user_id,r1_1.id,r1_1.all_parent_ids,r1_1.descrption,r1_1.name,r1_1.parent_id,p2_0.role_id,p2_0.id,p2_0.permission,p2_0.scope from user_roles r1_0 join role r1_1 on r1_1.id=r1_0.role_id left join role_permissions p2_0 on r1_1.id=p2_0.role_id where r1_0.user_id=?
2026-01-25T02:55:57.315+02:00 DEBUG 30620 --- [http-nio-744-exec-10] c.o.a.s.tenant.TenantFilterAspect        : ⚠️ [TenantFilterAspect] Service execution without TenantID
2026-01-25T02:55:57.316+02:00 DEBUG 30620 --- [http-nio-744-exec-10] org.hibernate.SQL                        : select t1_0.user_id,t1_0.id,t1_0.tenant_id from user_tenants t1_0 where t1_0.user_id=?
2026-01-25T02:55:57.319+02:00 DEBUG 30620 --- [http-nio-744-exec-10] org.hibernate.SQL                        : select u1_0.tenant_id from user_tenants u1_0 where u1_0.user_id=?
2026-01-25T02:55:57.331+02:00 DEBUG 30620 --- [http-nio-744-exec-10] org.hibernate.SQL                        : select t1_0.id,t1_0.active,t1_0.code,t1_0.created_at,t1_0.level,t1_0.name,t1_0.parent_id,t1_0.status from tenants t1_0 where t1_0.id=?
2026-01-25T02:55:57.335+02:00 DEBUG 30620 --- [http-nio-744-exec-10] c.o.a.s.tenant.TenantFilterAspect        : 🛡️ [TenantFilterAspect] Enforced Filter for TenantID: 5
2026-01-25T02:55:57.336+02:00 DEBUG 30620 --- [http-nio-744-exec-10] org.hibernate.SQL                        : select u1_0.id,u1_0.email,u1_0.enabled,u1_0.first_name,u1_0.last_login_time,u1_0.last_name,u1_0.password,u1_0.photos,u1_0.tenant_id,u1_0.user_bio from `'user'` u1_0 where u1_0.tenant_id = ? and u1_0.tenant_id = ? and u1_0.email=?
2026-01-25T02:55:57.339+02:00 DEBUG 30620 --- [http-nio-744-exec-10] org.hibernate.SQL                        : select r1_0.user_id,r1_1.id,r1_1.all_parent_ids,r1_1.descrption,r1_1.name,r1_1.parent_id,p2_0.role_id,p2_0.id,p2_0.permission,p2_0.scope from user_roles r1_0 join role r1_1 on r1_1.id=r1_0.role_id left join role_permissions p2_0 on r1_1.id=p2_0.role_id where r1_0.user_id=?
2026-01-25T02:55:57.343+02:00 DEBUG 30620 --- [http-nio-744-exec-10] org.hibernate.SQL                        : select t1_0.user_id,t1_0.id,t1_0.tenant_id from user_tenants t1_0 where t1_0.user_id=?
2026-01-25T02:55:57.344+02:00  INFO 30620 --- [http-nio-744-exec-10] c.o.a.c.controller.CategoryController    : Checking uniqueness for id=null, name=sssssss, alias=Xiaomi-Redmi-Note-9S-6.67"-48MP-International-Global-Version
2026-01-25T02:55:57.345+02:00 DEBUG 30620 --- [http-nio-744-exec-10] c.o.a.s.tenant.TenantFilterAspect        : 🛡️ [TenantFilterAspect] Enforced Filter for TenantID: 5
2026-01-25T02:55:57.349+02:00 DEBUG 30620 --- [http-nio-744-exec-10] org.hibernate.SQL                        : select p1_0.id,p1_0.alias,p1_0.average_rating,p1_0.booking_slots,p1_0.brand_id,p1_0.category_id,p1_0.cost,p1_0.created_time,p1_0.discount_percent,p1_0.enabled,p1_0.full_description,p1_0.has_description,p1_0.has_extra_details,p1_0.has_location,p1_0.has_scheduling,p1_0.has_shipping,p1_0.height,p1_0.in_stock,p1_0.length,p1_0.main_image,p1_0.name,p1_0.price,p1_0.product_type,p1_0.review_count,p1_0.service_duration,p1_0.short_description,p1_0.subscription_interval,p1_0.tenant_id,p1_0.track_stock,p1_0.updated_time,p1_0.weight,p1_0.width from products p1_0 where (p1_0.tenant_id = ? OR p1_0.tenant_id = 0) and p1_0.tenant_id = ? and p1_0.name=?
2026-01-25T02:55:57.351+02:00 DEBUG 30620 --- [http-nio-744-exec-10] org.hibernate.SQL                        : select b1_0.id,b1_0.logo,b1_0.name,b1_0.tenant_id from brands b1_0 where b1_0.id=?
2026-01-25T02:55:57.351+02:00 DEBUG 30620 --- [http-nio-744-exec-10] org.hibernate.SQL                        : select c1_0.id,c1_0.alias,c1_0.all_parent_ids,c1_0.enabled,c1_0.image,c1_0.level,c1_0.name,c1_0.parent_id,c1_0.tenant_id from categories c1_0 where c1_0.id=?
2026-01-25T02:55:57.355+02:00 DEBUG 30620 --- [http-nio-744-exec-10] org.hibernate.SQL                        : select p1_0.id,p1_0.alias,p1_0.average_rating,p1_0.booking_slots,p1_0.brand_id,p1_0.category_id,p1_0.cost,p1_0.created_time,p1_0.discount_percent,p1_0.enabled,p1_0.full_description,p1_0.has_description,p1_0.has_extra_details,p1_0.has_location,p1_0.has_scheduling,p1_0.has_shipping,p1_0.height,p1_0.in_stock,p1_0.length,p1_0.main_image,p1_0.name,p1_0.price,p1_0.product_type,p1_0.review_count,p1_0.service_duration,p1_0.short_description,p1_0.subscription_interval,p1_0.tenant_id,p1_0.track_stock,p1_0.updated_time,p1_0.weight,p1_0.width from products p1_0 where (p1_0.tenant_id = ? OR p1_0.tenant_id = 0) and p1_0.tenant_id = ? and p1_0.alias=?
2026-01-25T02:55:57.360+02:00  INFO 30620 --- [http-nio-744-exec-10] c.o.a.c.controller.CategoryController    : Result: DuplicateName
2026-01-25T02:55:57.360+02:00  WARN 30620 --- [http-nio-744-exec-10] o.h.c.spi.AbstractPersistentCollection   : HHH000506: Detaching an uninitialized collection with enabled filters from a session: [com.onlineStoreCom.entity.tenant.Tenant.children#5]
2026-01-25T02:55:57.360+02:00  WARN 30620 --- [http-nio-744-exec-10] o.h.c.spi.AbstractPersistentCollection   : HHH000506: Detaching an uninitialized collection with enabled filters from a session: [com.onlineStoreCom.entity.users.Role.children#1]
2026-01-25T02:55:57.360+02:00  WARN 30620 --- [http-nio-744-exec-10] o.h.c.spi.AbstractPersistentCollection   : HHH000506: Detaching an uninitialized collection with enabled filters from a session: [com.onlineStoreCom.entity.product.Product.details#180]
2026-01-25T02:55:57.360+02:00  WARN 30620 --- [http-nio-744-exec-10] o.h.c.spi.AbstractPersistentCollection   : HHH000506: Detaching an uninitialized collection with enabled filters from a session: [com.onlineStoreCom.entity.product.Product.images#180]
2026-01-25T02:55:57.360+02:00  WARN 30620 --- [http-nio-744-exec-10] o.h.c.spi.AbstractPersistentCollection   : HHH000506: Detaching an uninitialized collection with enabled filters from a session: [com.onlineStoreCom.entity.brand.Brand.categories#92]
2026-01-25T02:55:57.360+02:00  WARN 30620 --- [http-nio-744-exec-10] o.h.c.spi.AbstractPersistentCollection   : HHH000506: Detaching an uninitialized collection with enabled filters from a session: [com.onlineStoreCom.entity.category.Category.children#37]
2026-01-25T02:56:06.081+02:00 DEBUG 30620 --- [http-nio-744-exec-6] c.o.a.s.tenant.TenantFilterAspect        : ⚠️ [TenantFilterAspect] Service execution without TenantID
2026-01-25T02:56:06.084+02:00 DEBUG 30620 --- [http-nio-744-exec-6] org.hibernate.SQL                        : select u1_0.id,u1_0.email,u1_0.enabled,u1_0.first_name,u1_0.last_login_time,u1_0.last_name,u1_0.password,u1_0.photos,u1_0.tenant_id,u1_0.user_bio from `'user'` u1_0 where u1_0.email=?
2026-01-25T02:56:06.086+02:00 DEBUG 30620 --- [http-nio-744-exec-6] org.hibernate.SQL                        : select r1_0.user_id,r1_1.id,r1_1.all_parent_ids,r1_1.descrption,r1_1.name,r1_1.parent_id,p2_0.role_id,p2_0.id,p2_0.permission,p2_0.scope from user_roles r1_0 join role r1_1 on r1_1.id=r1_0.role_id left join role_permissions p2_0 on r1_1.id=p2_0.role_id where r1_0.user_id=?
2026-01-25T02:56:06.092+02:00 DEBUG 30620 --- [http-nio-744-exec-6] org.hibernate.SQL                        : select t1_0.user_id,t1_0.id,t1_0.tenant_id from user_tenants t1_0 where t1_0.user_id=?
2026-01-25T02:56:11.219+02:00 DEBUG 30620 --- [http-nio-744-exec-7] c.o.a.s.tenant.TenantFilterAspect        : ⚠️ [TenantFilterAspect] Service execution without TenantID
2026-01-25T02:56:11.230+02:00 DEBUG 30620 --- [http-nio-744-exec-7] org.hibernate.SQL                        : select u1_0.id,u1_0.email,u1_0.enabled,u1_0.first_name,u1_0.last_login_time,u1_0.last_name,u1_0.password,u1_0.photos,u1_0.tenant_id,u1_0.user_bio from `'user'` u1_0 where u1_0.email=?
2026-01-25T02:56:11.232+02:00 DEBUG 30620 --- [http-nio-744-exec-7] org.hibernate.SQL                        : select r1_0.user_id,r1_1.id,r1_1.all_parent_ids,r1_1.descrption,r1_1.name,r1_1.parent_id,p2_0.role_id,p2_0.id,p2_0.permission,p2_0.scope from user_roles r1_0 join role r1_1 on r1_1.id=r1_0.role_id left join role_permissions p2_0 on r1_1.id=p2_0.role_id where r1_0.user_id=?
2026-01-25T02:56:11.236+02:00 DEBUG 30620 --- [http-nio-744-exec-7] c.o.a.s.tenant.TenantFilterAspect        : ⚠️ [TenantFilterAspect] Service execution without TenantID
2026-01-25T02:56:11.238+02:00 DEBUG 30620 --- [http-nio-744-exec-7] org.hibernate.SQL                        : select t1_0.user_id,t1_0.id,t1_0.tenant_id from user_tenants t1_0 where t1_0.user_id=?
2026-01-25T02:56:11.243+02:00 DEBUG 30620 --- [http-nio-744-exec-7] org.hibernate.SQL                        : select u1_0.tenant_id from user_tenants u1_0 where u1_0.user_id=?
2026-01-25T02:56:11.263+02:00 DEBUG 30620 --- [http-nio-744-exec-7] org.hibernate.SQL                        : select t1_0.id,t1_0.active,t1_0.code,t1_0.created_at,t1_0.level,t1_0.name,t1_0.parent_id,t1_0.status from tenants t1_0 where t1_0.id=?
2026-01-25T02:56:11.270+02:00 DEBUG 30620 --- [http-nio-744-exec-7] c.o.a.s.tenant.TenantFilterAspect        : 🛡️ [TenantFilterAspect] Enforced Filter for TenantID: 5
2026-01-25T02:56:11.277+02:00 DEBUG 30620 --- [http-nio-744-exec-7] org.hibernate.SQL                        : select u1_0.id,u1_0.email,u1_0.enabled,u1_0.first_name,u1_0.last_login_time,u1_0.last_name,u1_0.password,u1_0.photos,u1_0.tenant_id,u1_0.user_bio from `'user'` u1_0 where u1_0.tenant_id = ? and u1_0.tenant_id = ? and u1_0.email=?
2026-01-25T02:56:11.281+02:00 DEBUG 30620 --- [http-nio-744-exec-7] org.hibernate.SQL                        : select r1_0.user_id,r1_1.id,r1_1.all_parent_ids,r1_1.descrption,r1_1.name,r1_1.parent_id,p2_0.role_id,p2_0.id,p2_0.permission,p2_0.scope from user_roles r1_0 join role r1_1 on r1_1.id=r1_0.role_id left join role_permissions p2_0 on r1_1.id=p2_0.role_id where r1_0.user_id=?
2026-01-25T02:56:11.295+02:00 DEBUG 30620 --- [http-nio-744-exec-7] org.hibernate.SQL                        : select t1_0.user_id,t1_0.id,t1_0.tenant_id from user_tenants t1_0 where t1_0.user_id=?
2026-01-25T02:56:11.297+02:00  INFO 30620 --- [http-nio-744-exec-7] c.o.a.c.controller.CategoryController    : Checking uniqueness for id=null, name=sssssss, alias=Xiaomi-Redmi-Note-9S-6.67"-48MP-International-Global-Version
2026-01-25T02:56:11.299+02:00 DEBUG 30620 --- [http-nio-744-exec-7] c.o.a.s.tenant.TenantFilterAspect        : 🛡️ [TenantFilterAspect] Enforced Filter for TenantID: 5
2026-01-25T02:56:11.302+02:00 DEBUG 30620 --- [http-nio-744-exec-7] org.hibernate.SQL                        : select p1_0.id,p1_0.alias,p1_0.average_rating,p1_0.booking_slots,p1_0.brand_id,p1_0.category_id,p1_0.cost,p1_0.created_time,p1_0.discount_percent,p1_0.enabled,p1_0.full_description,p1_0.has_description,p1_0.has_extra_details,p1_0.has_location,p1_0.has_scheduling,p1_0.has_shipping,p1_0.height,p1_0.in_stock,p1_0.length,p1_0.main_image,p1_0.name,p1_0.price,p1_0.product_type,p1_0.review_count,p1_0.service_duration,p1_0.short_description,p1_0.subscription_interval,p1_0.tenant_id,p1_0.track_stock,p1_0.updated_time,p1_0.weight,p1_0.width from products p1_0 where (p1_0.tenant_id = ? OR p1_0.tenant_id = 0) and p1_0.tenant_id = ? and p1_0.name=?
2026-01-25T02:56:11.309+02:00 DEBUG 30620 --- [http-nio-744-exec-7] org.hibernate.SQL                        : select b1_0.id,b1_0.logo,b1_0.name,b1_0.tenant_id from brands b1_0 where b1_0.id=?
2026-01-25T02:56:11.313+02:00 DEBUG 30620 --- [http-nio-744-exec-7] org.hibernate.SQL                        : select c1_0.id,c1_0.alias,c1_0.all_parent_ids,c1_0.enabled,c1_0.image,c1_0.level,c1_0.name,c1_0.parent_id,c1_0.tenant_id from categories c1_0 where c1_0.id=?
2026-01-25T02:56:11.318+02:00 DEBUG 30620 --- [http-nio-744-exec-7] org.hibernate.SQL                        : select p1_0.id,p1_0.alias,p1_0.average_rating,p1_0.booking_slots,p1_0.brand_id,p1_0.category_id,p1_0.cost,p1_0.created_time,p1_0.discount_percent,p1_0.enabled,p1_0.full_description,p1_0.has_description,p1_0.has_extra_details,p1_0.has_location,p1_0.has_scheduling,p1_0.has_shipping,p1_0.height,p1_0.in_stock,p1_0.length,p1_0.main_image,p1_0.name,p1_0.price,p1_0.product_type,p1_0.review_count,p1_0.service_duration,p1_0.short_description,p1_0.subscription_interval,p1_0.tenant_id,p1_0.track_stock,p1_0.updated_time,p1_0.weight,p1_0.width from products p1_0 where (p1_0.tenant_id = ? OR p1_0.tenant_id = 0) and p1_0.tenant_id = ? and p1_0.alias=?
2026-01-25T02:56:11.329+02:00  INFO 30620 --- [http-nio-744-exec-7] c.o.a.c.controller.CategoryController    : Result: DuplicateName
2026-01-25T02:56:11.330+02:00  WARN 30620 --- [http-nio-744-exec-7] o.h.c.spi.AbstractPersistentCollection   : HHH000506: Detaching an uninitialized collection with enabled filters from a session: [com.onlineStoreCom.entity.tenant.Tenant.children#5]
2026-01-25T02:56:11.330+02:00  WARN 30620 --- [http-nio-744-exec-7] o.h.c.spi.AbstractPersistentCollection   : HHH000506: Detaching an uninitialized collection with enabled filters from a session: [com.onlineStoreCom.entity.users.Role.children#1]
2026-01-25T02:56:11.522+02:00  WARN 30620 --- [http-nio-744-exec-7] o.h.c.spi.AbstractPersistentCollection   : HHH000506: Detaching an uninitialized collection with enabled filters from a session: [com.onlineStoreCom.entity.product.Product.details#180]
2026-01-25T02:56:11.522+02:00  WARN 30620 --- [http-nio-744-exec-7] o.h.c.spi.AbstractPersistentCollection   : HHH000506: Detaching an uninitialized collection with enabled filters from a session: [com.onlineStoreCom.entity.product.Product.images#180]
2026-01-25T02:56:11.522+02:00  WARN 30620 --- [http-nio-744-exec-7] o.h.c.spi.AbstractPersistentCollection   : HHH000506: Detaching an uninitialized collection with enabled filters from a session: [com.onlineStoreCom.entity.brand.Brand.categories#92]
2026-01-25T02:56:11.522+02:00  WARN 30620 --- [http-nio-744-exec-7] o.h.c.spi.AbstractPersistentCollection   : HHH000506: Detaching an uninitialized collection with enabled filters from a session: [com.onlineStoreCom.entity.category.Category.children#37]
2026-01-25T02:56:11.931+02:00 DEBUG 30620 --- [http-nio-744-exec-4] c.o.a.s.tenant.TenantFilterAspect        : ⚠️ [TenantFilterAspect] Service execution without TenantID
2026-01-25T02:56:11.934+02:00 DEBUG 30620 --- [http-nio-744-exec-4] org.hibernate.SQL                        : select u1_0.id,u1_0.email,u1_0.enabled,u1_0.first_name,u1_0.last_login_time,u1_0.last_name,u1_0.password,u1_0.photos,u1_0.tenant_id,u1_0.user_bio from `'user'` u1_0 where u1_0.email=?
2026-01-25T02:56:11.935+02:00 DEBUG 30620 --- [http-nio-744-exec-4] org.hibernate.SQL                        : select r1_0.user_id,r1_1.id,r1_1.all_parent_ids,r1_1.descrption,r1_1.name,r1_1.parent_id,p2_0.role_id,p2_0.id,p2_0.permission,p2_0.scope from user_roles r1_0 join role r1_1 on r1_1.id=r1_0.role_id left join role_permissions p2_0 on r1_1.id=p2_0.role_id where r1_0.user_id=?
2026-01-25T02:56:11.940+02:00 DEBUG 30620 --- [http-nio-744-exec-4] c.o.a.s.tenant.TenantFilterAspect        : ⚠️ [TenantFilterAspect] Service execution without TenantID
2026-01-25T02:56:11.941+02:00 DEBUG 30620 --- [http-nio-744-exec-4] org.hibernate.SQL                        : select t1_0.user_id,t1_0.id,t1_0.tenant_id from user_tenants t1_0 where t1_0.user_id=?
2026-01-25T02:56:11.945+02:00 DEBUG 30620 --- [http-nio-744-exec-4] org.hibernate.SQL                        : select u1_0.tenant_id from user_tenants u1_0 where u1_0.user_id=?
2026-01-25T02:56:11.966+02:00 DEBUG 30620 --- [http-nio-744-exec-4] org.hibernate.SQL                        : select t1_0.id,t1_0.active,t1_0.code,t1_0.created_at,t1_0.level,t1_0.name,t1_0.parent_id,t1_0.status from tenants t1_0 where t1_0.id=?
2026-01-25T02:56:11.970+02:00 DEBUG 30620 --- [http-nio-744-exec-4] c.o.a.s.tenant.TenantFilterAspect        : 🛡️ [TenantFilterAspect] Enforced Filter for TenantID: 5
2026-01-25T02:56:11.972+02:00 DEBUG 30620 --- [http-nio-744-exec-4] org.hibernate.SQL                        : select u1_0.id,u1_0.email,u1_0.enabled,u1_0.first_name,u1_0.last_login_time,u1_0.last_name,u1_0.password,u1_0.photos,u1_0.tenant_id,u1_0.user_bio from `'user'` u1_0 where u1_0.tenant_id = ? and u1_0.tenant_id = ? and u1_0.email=?
2026-01-25T02:56:11.980+02:00 DEBUG 30620 --- [http-nio-744-exec-4] org.hibernate.SQL                        : select r1_0.user_id,r1_1.id,r1_1.all_parent_ids,r1_1.descrption,r1_1.name,r1_1.parent_id,p2_0.role_id,p2_0.id,p2_0.permission,p2_0.scope from user_roles r1_0 join role r1_1 on r1_1.id=r1_0.role_id left join role_permissions p2_0 on r1_1.id=p2_0.role_id where r1_0.user_id=?
2026-01-25T02:56:11.987+02:00 DEBUG 30620 --- [http-nio-744-exec-4] org.hibernate.SQL                        : select t1_0.user_id,t1_0.id,t1_0.tenant_id from user_tenants t1_0 where t1_0.user_id=?
2026-01-25T02:56:11.989+02:00  INFO 30620 --- [http-nio-744-exec-4] c.o.a.c.controller.CategoryController    : Checking uniqueness for id=null, name=sssssss, alias=Xiaomi-Redmi-Note-9S-6.67"-48MP-International-Global-Version
2026-01-25T02:56:11.990+02:00 DEBUG 30620 --- [http-nio-744-exec-4] c.o.a.s.tenant.TenantFilterAspect        : 🛡️ [TenantFilterAspect] Enforced Filter for TenantID: 5
2026-01-25T02:56:11.999+02:00 DEBUG 30620 --- [http-nio-744-exec-4] org.hibernate.SQL                        : select p1_0.id,p1_0.alias,p1_0.average_rating,p1_0.booking_slots,p1_0.brand_id,p1_0.category_id,p1_0.cost,p1_0.created_time,p1_0.discount_percent,p1_0.enabled,p1_0.full_description,p1_0.has_description,p1_0.has_extra_details,p1_0.has_location,p1_0.has_scheduling,p1_0.has_shipping,p1_0.height,p1_0.in_stock,p1_0.length,p1_0.main_image,p1_0.name,p1_0.price,p1_0.product_type,p1_0.review_count,p1_0.service_duration,p1_0.short_description,p1_0.subscription_interval,p1_0.tenant_id,p1_0.track_stock,p1_0.updated_time,p1_0.weight,p1_0.width from products p1_0 where (p1_0.tenant_id = ? OR p1_0.tenant_id = 0) and p1_0.tenant_id = ? and p1_0.name=?
2026-01-25T02:56:12.002+02:00 DEBUG 30620 --- [http-nio-744-exec-4] org.hibernate.SQL                        : select b1_0.id,b1_0.logo,b1_0.name,b1_0.tenant_id from brands b1_0 where b1_0.id=?
2026-01-25T02:56:12.005+02:00 DEBUG 30620 --- [http-nio-744-exec-4] org.hibernate.SQL                        : select c1_0.id,c1_0.alias,c1_0.all_parent_ids,c1_0.enabled,c1_0.image,c1_0.level,c1_0.name,c1_0.parent_id,c1_0.tenant_id from categories c1_0 where c1_0.id=?
2026-01-25T02:56:12.019+02:00 DEBUG 30620 --- [http-nio-744-exec-4] org.hibernate.SQL                        : select p1_0.id,p1_0.alias,p1_0.average_rating,p1_0.booking_slots,p1_0.brand_id,p1_0.category_id,p1_0.cost,p1_0.created_time,p1_0.discount_percent,p1_0.enabled,p1_0.full_description,p1_0.has_description,p1_0.has_extra_details,p1_0.has_location,p1_0.has_scheduling,p1_0.has_shipping,p1_0.height,p1_0.in_stock,p1_0.length,p1_0.main_image,p1_0.name,p1_0.price,p1_0.product_type,p1_0.review_count,p1_0.service_duration,p1_0.short_description,p1_0.subscription_interval,p1_0.tenant_id,p1_0.track_stock,p1_0.updated_time,p1_0.weight,p1_0.width from products p1_0 where (p1_0.tenant_id = ? OR p1_0.tenant_id = 0) and p1_0.tenant_id = ? and p1_0.alias=?
2026-01-25T02:56:12.024+02:00  INFO 30620 --- [http-nio-744-exec-4] c.o.a.c.controller.CategoryController    : Result: DuplicateName
2026-01-25T02:56:12.032+02:00  WARN 30620 --- [http-nio-744-exec-4] o.h.c.spi.AbstractPersistentCollection   : HHH000506: Detaching an uninitialized collection with enabled filters from a session: [com.onlineStoreCom.entity.tenant.Tenant.children#5]
2026-01-25T02:56:12.032+02:00  WARN 30620 --- [http-nio-744-exec-4] o.h.c.spi.AbstractPersistentCollection   : HHH000506: Detaching an uninitialized collection with enabled filters from a session: [com.onlineStoreCom.entity.users.Role.children#1]
2026-01-25T02:56:12.032+02:00  WARN 30620 --- [http-nio-744-exec-4] o.h.c.spi.AbstractPersistentCollection   : HHH000506: Detaching an uninitialized collection with enabled filters from a session: [com.onlineStoreCom.entity.product.Product.details#180]
2026-01-25T02:56:12.032+02:00  WARN 30620 --- [http-nio-744-exec-4] o.h.c.spi.AbstractPersistentCollection   : HHH000506: Detaching an uninitialized collection with enabled filters from a session: [com.onlineStoreCom.entity.product.Product.images#180]
2026-01-25T02:56:12.032+02:00  WARN 30620 --- [http-nio-744-exec-4] o.h.c.spi.AbstractPersistentCollection   : HHH000506: Detaching an uninitialized collection with enabled filters from a session: [com.onlineStoreCom.entity.brand.Brand.categories#92]
2026-01-25T02:56:12.032+02:00  WARN 30620 --- [http-nio-744-exec-4] o.h.c.spi.AbstractPersistentCollection   : HHH000506: Detaching an uninitialized collection with enabled filters from a session: [com.onlineStoreCom.entity.category.Category.children#37]
2026-01-25T02:56:25.979+02:00 DEBUG 30620 --- [http-nio-744-exec-8] c.o.a.s.tenant.TenantFilterAspect        : ⚠️ [TenantFilterAspect] Service execution without TenantID
2026-01-25T02:56:25.981+02:00 DEBUG 30620 --- [http-nio-744-exec-8] org.hibernate.SQL                        : select u1_0.id,u1_0.email,u1_0.enabled,u1_0.first_name,u1_0.last_login_time,u1_0.last_name,u1_0.password,u1_0.photos,u1_0.tenant_id,u1_0.user_bio from `'user'` u1_0 where u1_0.email=?
2026-01-25T02:56:25.983+02:00 DEBUG 30620 --- [http-nio-744-exec-8] org.hibernate.SQL                        : select r1_0.user_id,r1_1.id,r1_1.all_parent_ids,r1_1.descrption,r1_1.name,r1_1.parent_id,p2_0.role_id,p2_0.id,p2_0.permission,p2_0.scope from user_roles r1_0 join role r1_1 on r1_1.id=r1_0.role_id left join role_permissions p2_0 on r1_1.id=p2_0.role_id where r1_0.user_id=?
2026-01-25T02:56:25.986+02:00 DEBUG 30620 --- [http-nio-744-exec-8] c.o.a.s.tenant.TenantFilterAspect        : ⚠️ [TenantFilterAspect] Service execution without TenantID
2026-01-25T02:56:25.987+02:00 DEBUG 30620 --- [http-nio-744-exec-8] org.hibernate.SQL                        : select t1_0.user_id,t1_0.id,t1_0.tenant_id from user_tenants t1_0 where t1_0.user_id=?
2026-01-25T02:56:25.990+02:00 DEBUG 30620 --- [http-nio-744-exec-8] org.hibernate.SQL                        : select u1_0.tenant_id from user_tenants u1_0 where u1_0.user_id=?
2026-01-25T02:56:26.002+02:00 DEBUG 30620 --- [http-nio-744-exec-8] org.hibernate.SQL                        : select t1_0.id,t1_0.active,t1_0.code,t1_0.created_at,t1_0.level,t1_0.name,t1_0.parent_id,t1_0.status from tenants t1_0 where t1_0.id=?
2026-01-25T02:56:26.006+02:00 DEBUG 30620 --- [http-nio-744-exec-8] c.o.a.s.tenant.TenantFilterAspect        : 🛡️ [TenantFilterAspect] Enforced Filter for TenantID: 5
2026-01-25T02:56:26.009+02:00 DEBUG 30620 --- [http-nio-744-exec-8] org.hibernate.SQL                        : select u1_0.id,u1_0.email,u1_0.enabled,u1_0.first_name,u1_0.last_login_time,u1_0.last_name,u1_0.password,u1_0.photos,u1_0.tenant_id,u1_0.user_bio from `'user'` u1_0 where u1_0.tenant_id = ? and u1_0.tenant_id = ? and u1_0.email=?
2026-01-25T02:56:26.011+02:00 DEBUG 30620 --- [http-nio-744-exec-8] org.hibernate.SQL                        : select r1_0.user_id,r1_1.id,r1_1.all_parent_ids,r1_1.descrption,r1_1.name,r1_1.parent_id,p2_0.role_id,p2_0.id,p2_0.permission,p2_0.scope from user_roles r1_0 join role r1_1 on r1_1.id=r1_0.role_id left join role_permissions p2_0 on r1_1.id=p2_0.role_id where r1_0.user_id=?
2026-01-25T02:56:26.014+02:00 DEBUG 30620 --- [http-nio-744-exec-8] org.hibernate.SQL                        : select t1_0.user_id,t1_0.id,t1_0.tenant_id from user_tenants t1_0 where t1_0.user_id=?
2026-01-25T02:56:26.016+02:00  INFO 30620 --- [http-nio-744-exec-8] c.o.a.c.controller.CategoryController    : Checking uniqueness for id=null, name=sssssss, alias=Xiaomi-Redmi-Note-9S-6.67"-48MP-International-Global-Version
2026-01-25T02:56:26.017+02:00 DEBUG 30620 --- [http-nio-744-exec-8] c.o.a.s.tenant.TenantFilterAspect        : 🛡️ [TenantFilterAspect] Enforced Filter for TenantID: 5
2026-01-25T02:56:26.019+02:00 DEBUG 30620 --- [http-nio-744-exec-8] org.hibernate.SQL                        : select p1_0.id,p1_0.alias,p1_0.average_rating,p1_0.booking_slots,p1_0.brand_id,p1_0.category_id,p1_0.cost,p1_0.created_time,p1_0.discount_percent,p1_0.enabled,p1_0.full_description,p1_0.has_description,p1_0.has_extra_details,p1_0.has_location,p1_0.has_scheduling,p1_0.has_shipping,p1_0.height,p1_0.in_stock,p1_0.length,p1_0.main_image,p1_0.name,p1_0.price,p1_0.product_type,p1_0.review_count,p1_0.service_duration,p1_0.short_description,p1_0.subscription_interval,p1_0.tenant_id,p1_0.track_stock,p1_0.updated_time,p1_0.weight,p1_0.width from products p1_0 where (p1_0.tenant_id = ? OR p1_0.tenant_id = 0) and p1_0.tenant_id = ? and p1_0.name=?
2026-01-25T02:56:26.021+02:00 DEBUG 30620 --- [http-nio-744-exec-8] org.hibernate.SQL                        : select b1_0.id,b1_0.logo,b1_0.name,b1_0.tenant_id from brands b1_0 where b1_0.id=?
2026-01-25T02:56:26.024+02:00 DEBUG 30620 --- [http-nio-744-exec-8] org.hibernate.SQL                        : select c1_0.id,c1_0.alias,c1_0.all_parent_ids,c1_0.enabled,c1_0.image,c1_0.level,c1_0.name,c1_0.parent_id,c1_0.tenant_id from categories c1_0 where c1_0.id=?
2026-01-25T02:56:26.029+02:00 DEBUG 30620 --- [http-nio-744-exec-8] org.hibernate.SQL                        : select p1_0.id,p1_0.alias,p1_0.average_rating,p1_0.booking_slots,p1_0.brand_id,p1_0.category_id,p1_0.cost,p1_0.created_time,p1_0.discount_percent,p1_0.enabled,p1_0.full_description,p1_0.has_description,p1_0.has_extra_details,p1_0.has_location,p1_0.has_scheduling,p1_0.has_shipping,p1_0.height,p1_0.in_stock,p1_0.length,p1_0.main_image,p1_0.name,p1_0.price,p1_0.product_type,p1_0.review_count,p1_0.service_duration,p1_0.short_description,p1_0.subscription_interval,p1_0.tenant_id,p1_0.track_stock,p1_0.updated_time,p1_0.weight,p1_0.width from products p1_0 where (p1_0.tenant_id = ? OR p1_0.tenant_id = 0) and p1_0.tenant_id = ? and p1_0.alias=?
2026-01-25T02:56:26.033+02:00  INFO 30620 --- [http-nio-744-exec-8] c.o.a.c.controller.CategoryController    : Result: DuplicateName
2026-01-25T02:56:26.034+02:00  WARN 30620 --- [http-nio-744-exec-8] o.h.c.spi.AbstractPersistentCollection   : HHH000506: Detaching an uninitialized collection with enabled filters from a session: [com.onlineStoreCom.entity.tenant.Tenant.children#5]
2026-01-25T02:56:26.034+02:00  WARN 30620 --- [http-nio-744-exec-8] o.h.c.spi.AbstractPersistentCollection   : HHH000506: Detaching an uninitialized collection with enabled filters from a session: [com.onlineStoreCom.entity.users.Role.children#1]
2026-01-25T02:56:26.034+02:00  WARN 30620 --- [http-nio-744-exec-8] o.h.c.spi.AbstractPersistentCollection   : HHH000506: Detaching an uninitialized collection with enabled filters from a session: [com.onlineStoreCom.entity.product.Product.details#180]
2026-01-25T02:56:26.034+02:00  WARN 30620 --- [http-nio-744-exec-8] o.h.c.spi.AbstractPersistentCollection   : HHH000506: Detaching an uninitialized collection with enabled filters from a session: [com.onlineStoreCom.entity.product.Product.images#180]
2026-01-25T02:56:26.034+02:00  WARN 30620 --- [http-nio-744-exec-8] o.h.c.spi.AbstractPersistentCollection   : HHH000506: Detaching an uninitialized collection with enabled filters from a session: [com.onlineStoreCom.entity.brand.Brand.categories#92]
2026-01-25T02:56:26.034+02:00  WARN 30620 --- [http-nio-744-exec-8] o.h.c.spi.AbstractPersistentCollection   : HHH000506: Detaching an uninitialized collection with enabled filters from a session: [com.onlineStoreCom.entity.category.Category.children#37]
2026-01-25T02:56:26.720+02:00 DEBUG 30620 --- [http-nio-744-exec-1] c.o.a.s.tenant.TenantFilterAspect        : ⚠️ [TenantFilterAspect] Service execution without TenantID
2026-01-25T02:56:26.721+02:00 DEBUG 30620 --- [http-nio-744-exec-1] org.hibernate.SQL                        : select u1_0.id,u1_0.email,u1_0.enabled,u1_0.first_name,u1_0.last_login_time,u1_0.last_name,u1_0.password,u1_0.photos,u1_0.tenant_id,u1_0.user_bio from `'user'` u1_0 where u1_0.email=?
2026-01-25T02:56:26.724+02:00 DEBUG 30620 --- [http-nio-744-exec-1] org.hibernate.SQL                        : select r1_0.user_id,r1_1.id,r1_1.all_parent_ids,r1_1.descrption,r1_1.name,r1_1.parent_id,p2_0.role_id,p2_0.id,p2_0.permission,p2_0.scope from user_roles r1_0 join role r1_1 on r1_1.id=r1_0.role_id left join role_permissions p2_0 on r1_1.id=p2_0.role_id where r1_0.user_id=?
2026-01-25T02:56:26.729+02:00 DEBUG 30620 --- [http-nio-744-exec-1] c.o.a.s.tenant.TenantFilterAspect        : ⚠️ [TenantFilterAspect] Service execution without TenantID
2026-01-25T02:56:26.730+02:00 DEBUG 30620 --- [http-nio-744-exec-1] org.hibernate.SQL                        : select t1_0.user_id,t1_0.id,t1_0.tenant_id from user_tenants t1_0 where t1_0.user_id=?
2026-01-25T02:56:26.732+02:00 DEBUG 30620 --- [http-nio-744-exec-1] org.hibernate.SQL                        : select u1_0.tenant_id from user_tenants u1_0 where u1_0.user_id=?
2026-01-25T02:56:26.744+02:00 DEBUG 30620 --- [http-nio-744-exec-1] org.hibernate.SQL                        : select t1_0.id,t1_0.active,t1_0.code,t1_0.created_at,t1_0.level,t1_0.name,t1_0.parent_id,t1_0.status from tenants t1_0 where t1_0.id=?
2026-01-25T02:56:26.746+02:00 DEBUG 30620 --- [http-nio-744-exec-1] c.o.a.s.tenant.TenantFilterAspect        : 🛡️ [TenantFilterAspect] Enforced Filter for TenantID: 5
2026-01-25T02:56:26.749+02:00 DEBUG 30620 --- [http-nio-744-exec-1] org.hibernate.SQL                        : select u1_0.id,u1_0.email,u1_0.enabled,u1_0.first_name,u1_0.last_login_time,u1_0.last_name,u1_0.password,u1_0.photos,u1_0.tenant_id,u1_0.user_bio from `'user'` u1_0 where u1_0.tenant_id = ? and u1_0.tenant_id = ? and u1_0.email=?
2026-01-25T02:56:26.750+02:00 DEBUG 30620 --- [http-nio-744-exec-1] org.hibernate.SQL                        : select r1_0.user_id,r1_1.id,r1_1.all_parent_ids,r1_1.descrption,r1_1.name,r1_1.parent_id,p2_0.role_id,p2_0.id,p2_0.permission,p2_0.scope from user_roles r1_0 join role r1_1 on r1_1.id=r1_0.role_id left join role_permissions p2_0 on r1_1.id=p2_0.role_id where r1_0.user_id=?
2026-01-25T02:56:26.753+02:00 DEBUG 30620 --- [http-nio-744-exec-1] org.hibernate.SQL                        : select t1_0.user_id,t1_0.id,t1_0.tenant_id from user_tenants t1_0 where t1_0.user_id=?
2026-01-25T02:56:26.755+02:00  INFO 30620 --- [http-nio-744-exec-1] c.o.a.c.controller.CategoryController    : Checking uniqueness for id=null, name=sssssss, alias=Xiaomi-Redmi-Note-9S-6.67"-48MP-International-Global-Version
2026-01-25T02:56:26.756+02:00 DEBUG 30620 --- [http-nio-744-exec-1] c.o.a.s.tenant.TenantFilterAspect        : 🛡️ [TenantFilterAspect] Enforced Filter for TenantID: 5
2026-01-25T02:56:26.760+02:00 DEBUG 30620 --- [http-nio-744-exec-1] org.hibernate.SQL                        : select p1_0.id,p1_0.alias,p1_0.average_rating,p1_0.booking_slots,p1_0.brand_id,p1_0.category_id,p1_0.cost,p1_0.created_time,p1_0.discount_percent,p1_0.enabled,p1_0.full_description,p1_0.has_description,p1_0.has_extra_details,p1_0.has_location,p1_0.has_scheduling,p1_0.has_shipping,p1_0.height,p1_0.in_stock,p1_0.length,p1_0.main_image,p1_0.name,p1_0.price,p1_0.product_type,p1_0.review_count,p1_0.service_duration,p1_0.short_description,p1_0.subscription_interval,p1_0.tenant_id,p1_0.track_stock,p1_0.updated_time,p1_0.weight,p1_0.width from products p1_0 where (p1_0.tenant_id = ? OR p1_0.tenant_id = 0) and p1_0.tenant_id = ? and p1_0.name=?
2026-01-25T02:56:26.763+02:00 DEBUG 30620 --- [http-nio-744-exec-1] org.hibernate.SQL                        : select b1_0.id,b1_0.logo,b1_0.name,b1_0.tenant_id from brands b1_0 where b1_0.id=?
2026-01-25T02:56:26.765+02:00 DEBUG 30620 --- [http-nio-744-exec-1] org.hibernate.SQL                        : select c1_0.id,c1_0.alias,c1_0.all_parent_ids,c1_0.enabled,c1_0.image,c1_0.level,c1_0.name,c1_0.parent_id,c1_0.tenant_id from categories c1_0 where c1_0.id=?
2026-01-25T02:56:26.770+02:00 DEBUG 30620 --- [http-nio-744-exec-1] org.hibernate.SQL                        : select p1_0.id,p1_0.alias,p1_0.average_rating,p1_0.booking_slots,p1_0.brand_id,p1_0.category_id,p1_0.cost,p1_0.created_time,p1_0.discount_percent,p1_0.enabled,p1_0.full_description,p1_0.has_description,p1_0.has_extra_details,p1_0.has_location,p1_0.has_scheduling,p1_0.has_shipping,p1_0.height,p1_0.in_stock,p1_0.length,p1_0.main_image,p1_0.name,p1_0.price,p1_0.product_type,p1_0.review_count,p1_0.service_duration,p1_0.short_description,p1_0.subscription_interval,p1_0.tenant_id,p1_0.track_stock,p1_0.updated_time,p1_0.weight,p1_0.width from products p1_0 where (p1_0.tenant_id = ? OR p1_0.tenant_id = 0) and p1_0.tenant_id = ? and p1_0.alias=?
2026-01-25T02:56:26.775+02:00  INFO 30620 --- [http-nio-744-exec-1] c.o.a.c.controller.CategoryController    : Result: DuplicateName
2026-01-25T02:56:26.775+02:00  WARN 30620 --- [http-nio-744-exec-1] o.h.c.spi.AbstractPersistentCollection   : HHH000506: Detaching an uninitialized collection with enabled filters from a session: [com.onlineStoreCom.entity.tenant.Tenant.children#5]
2026-01-25T02:56:26.775+02:00  WARN 30620 --- [http-nio-744-exec-1] o.h.c.spi.AbstractPersistentCollection   : HHH000506: Detaching an uninitialized collection with enabled filters from a session: [com.onlineStoreCom.entity.users.Role.children#1]
2026-01-25T02:56:26.775+02:00  WARN 30620 --- [http-nio-744-exec-1] o.h.c.spi.AbstractPersistentCollection   : HHH000506: Detaching an uninitialized collection with enabled filters from a session: [com.onlineStoreCom.entity.product.Product.details#180]
2026-01-25T02:56:26.775+02:00  WARN 30620 --- [http-nio-744-exec-1] o.h.c.spi.AbstractPersistentCollection   : HHH000506: Detaching an uninitialized collection with enabled filters from a session: [com.onlineStoreCom.entity.product.Product.images#180]
2026-01-25T02:56:26.776+02:00  WARN 30620 --- [http-nio-744-exec-1] o.h.c.spi.AbstractPersistentCollection   : HHH000506: Detaching an uninitialized collection with enabled filters from a session: [com.onlineStoreCom.entity.brand.Brand.categories#92]
2026-01-25T02:56:26.776+02:00  WARN 30620 --- [http-nio-744-exec-1] o.h.c.spi.AbstractPersistentCollection   : HHH000506: Detaching an uninitialized collection with enabled filters from a session: [com.onlineStoreCom.entity.category.Category.children#37]
2026-01-25T02:56:36.091+02:00 DEBUG 30620 --- [http-nio-744-exec-5] c.o.a.s.tenant.TenantFilterAspect        : ⚠️ [TenantFilterAspect] Service execution without TenantID
2026-01-25T02:56:36.092+02:00 DEBUG 30620 --- [http-nio-744-exec-5] org.hibernate.SQL                        : select u1_0.id,u1_0.email,u1_0.enabled,u1_0.first_name,u1_0.last_login_time,u1_0.last_name,u1_0.password,u1_0.photos,u1_0.tenant_id,u1_0.user_bio from `'user'` u1_0 where u1_0.email=?
2026-01-25T02:56:36.093+02:00 DEBUG 30620 --- [http-nio-744-exec-5] org.hibernate.SQL                        : select r1_0.user_id,r1_1.id,r1_1.all_parent_ids,r1_1.descrption,r1_1.name,r1_1.parent_id,p2_0.role_id,p2_0.id,p2_0.permission,p2_0.scope from user_roles r1_0 join role r1_1 on r1_1.id=r1_0.role_id left join role_permissions p2_0 on r1_1.id=p2_0.role_id where r1_0.user_id=?
2026-01-25T02:56:36.096+02:00 DEBUG 30620 --- [http-nio-744-exec-5] org.hibernate.SQL                        : select t1_0.user_id,t1_0.id,t1_0.tenant_id from user_tenants t1_0 where t1_0.user_id=?
2026-01-25T02:56:37.436+02:00 DEBUG 30620 --- [http-nio-744-exec-10] c.o.a.s.tenant.TenantFilterAspect        : ⚠️ [TenantFilterAspect] Service execution without TenantID
2026-01-25T02:56:37.437+02:00 DEBUG 30620 --- [http-nio-744-exec-10] org.hibernate.SQL                        : select u1_0.id,u1_0.email,u1_0.enabled,u1_0.first_name,u1_0.last_login_time,u1_0.last_name,u1_0.password,u1_0.photos,u1_0.tenant_id,u1_0.user_bio from `'user'` u1_0 where u1_0.email=?
2026-01-25T02:56:37.439+02:00 DEBUG 30620 --- [http-nio-744-exec-10] org.hibernate.SQL                        : select r1_0.user_id,r1_1.id,r1_1.all_parent_ids,r1_1.descrption,r1_1.name,r1_1.parent_id,p2_0.role_id,p2_0.id,p2_0.permission,p2_0.scope from user_roles r1_0 join role r1_1 on r1_1.id=r1_0.role_id left join role_permissions p2_0 on r1_1.id=p2_0.role_id where r1_0.user_id=?
2026-01-25T02:56:37.445+02:00 DEBUG 30620 --- [http-nio-744-exec-10] c.o.a.s.tenant.TenantFilterAspect        : ⚠️ [TenantFilterAspect] Service execution without TenantID
2026-01-25T02:56:37.446+02:00 DEBUG 30620 --- [http-nio-744-exec-10] org.hibernate.SQL                        : select t1_0.user_id,t1_0.id,t1_0.tenant_id from user_tenants t1_0 where t1_0.user_id=?
2026-01-25T02:56:37.448+02:00 DEBUG 30620 --- [http-nio-744-exec-10] org.hibernate.SQL                        : select u1_0.tenant_id from user_tenants u1_0 where u1_0.user_id=?
2026-01-25T02:56:37.460+02:00 DEBUG 30620 --- [http-nio-744-exec-10] org.hibernate.SQL                        : select t1_0.id,t1_0.active,t1_0.code,t1_0.created_at,t1_0.level,t1_0.name,t1_0.parent_id,t1_0.status from tenants t1_0 where t1_0.id=?
2026-01-25T02:56:37.464+02:00 DEBUG 30620 --- [http-nio-744-exec-10] c.o.a.s.tenant.TenantFilterAspect        : 🛡️ [TenantFilterAspect] Enforced Filter for TenantID: 5
2026-01-25T02:56:37.465+02:00 DEBUG 30620 --- [http-nio-744-exec-10] org.hibernate.SQL                        : select u1_0.id,u1_0.email,u1_0.enabled,u1_0.first_name,u1_0.last_login_time,u1_0.last_name,u1_0.password,u1_0.photos,u1_0.tenant_id,u1_0.user_bio from `'user'` u1_0 where u1_0.tenant_id = ? and u1_0.tenant_id = ? and u1_0.email=?
2026-01-25T02:56:37.467+02:00 DEBUG 30620 --- [http-nio-744-exec-10] org.hibernate.SQL                        : select r1_0.user_id,r1_1.id,r1_1.all_parent_ids,r1_1.descrption,r1_1.name,r1_1.parent_id,p2_0.role_id,p2_0.id,p2_0.permission,p2_0.scope from user_roles r1_0 join role r1_1 on r1_1.id=r1_0.role_id left join role_permissions p2_0 on r1_1.id=p2_0.role_id where r1_0.user_id=?
2026-01-25T02:56:37.470+02:00 DEBUG 30620 --- [http-nio-744-exec-10] org.hibernate.SQL                        : select t1_0.user_id,t1_0.id,t1_0.tenant_id from user_tenants t1_0 where t1_0.user_id=?
2026-01-25T02:56:37.471+02:00  INFO 30620 --- [http-nio-744-exec-10] c.o.a.c.controller.CategoryController    : Checking uniqueness for id=null, name=sssssss, alias=Xiaomi-Redmi-Note-9S-6.67"-48MP-International-Global-Version
2026-01-25T02:56:37.473+02:00 DEBUG 30620 --- [http-nio-744-exec-10] c.o.a.s.tenant.TenantFilterAspect        : 🛡️ [TenantFilterAspect] Enforced Filter for TenantID: 5
2026-01-25T02:56:37.476+02:00 DEBUG 30620 --- [http-nio-744-exec-10] org.hibernate.SQL                        : select p1_0.id,p1_0.alias,p1_0.average_rating,p1_0.booking_slots,p1_0.brand_id,p1_0.category_id,p1_0.cost,p1_0.created_time,p1_0.discount_percent,p1_0.enabled,p1_0.full_description,p1_0.has_description,p1_0.has_extra_details,p1_0.has_location,p1_0.has_scheduling,p1_0.has_shipping,p1_0.height,p1_0.in_stock,p1_0.length,p1_0.main_image,p1_0.name,p1_0.price,p1_0.product_type,p1_0.review_count,p1_0.service_duration,p1_0.short_description,p1_0.subscription_interval,p1_0.tenant_id,p1_0.track_stock,p1_0.updated_time,p1_0.weight,p1_0.width from products p1_0 where (p1_0.tenant_id = ? OR p1_0.tenant_id = 0) and p1_0.tenant_id = ? and p1_0.name=?
2026-01-25T02:56:37.480+02:00 DEBUG 30620 --- [http-nio-744-exec-10] org.hibernate.SQL                        : select b1_0.id,b1_0.logo,b1_0.name,b1_0.tenant_id from brands b1_0 where b1_0.id=?
2026-01-25T02:56:37.484+02:00 DEBUG 30620 --- [http-nio-744-exec-10] org.hibernate.SQL                        : select c1_0.id,c1_0.alias,c1_0.all_parent_ids,c1_0.enabled,c1_0.image,c1_0.level,c1_0.name,c1_0.parent_id,c1_0.tenant_id from categories c1_0 where c1_0.id=?
2026-01-25T02:56:37.490+02:00 DEBUG 30620 --- [http-nio-744-exec-10] org.hibernate.SQL                        : select p1_0.id,p1_0.alias,p1_0.average_rating,p1_0.booking_slots,p1_0.brand_id,p1_0.category_id,p1_0.cost,p1_0.created_time,p1_0.discount_percent,p1_0.enabled,p1_0.full_description,p1_0.has_description,p1_0.has_extra_details,p1_0.has_location,p1_0.has_scheduling,p1_0.has_shipping,p1_0.height,p1_0.in_stock,p1_0.length,p1_0.main_image,p1_0.name,p1_0.price,p1_0.product_type,p1_0.review_count,p1_0.service_duration,p1_0.short_description,p1_0.subscription_interval,p1_0.tenant_id,p1_0.track_stock,p1_0.updated_time,p1_0.weight,p1_0.width from products p1_0 where (p1_0.tenant_id = ? OR p1_0.tenant_id = 0) and p1_0.tenant_id = ? and p1_0.alias=?
2026-01-25T02:56:37.494+02:00  INFO 30620 --- [http-nio-744-exec-10] c.o.a.c.controller.CategoryController    : Result: DuplicateName
2026-01-25T02:56:37.497+02:00  WARN 30620 --- [http-nio-744-exec-10] o.h.c.spi.AbstractPersistentCollection   : HHH000506: Detaching an uninitialized collection with enabled filters from a session: [com.onlineStoreCom.entity.tenant.Tenant.children#5]
2026-01-25T02:56:37.497+02:00  WARN 30620 --- [http-nio-744-exec-10] o.h.c.spi.AbstractPersistentCollection   : HHH000506: Detaching an uninitialized collection with enabled filters from a session: [com.onlineStoreCom.entity.users.Role.children#1]
2026-01-25T02:56:37.497+02:00  WARN 30620 --- [http-nio-744-exec-10] o.h.c.spi.AbstractPersistentCollection   : HHH000506: Detaching an uninitialized collection with enabled filters from a session: [com.onlineStoreCom.entity.product.Product.details#180]
2026-01-25T02:56:37.497+02:00  WARN 30620 --- [http-nio-744-exec-10] o.h.c.spi.AbstractPersistentCollection   : HHH000506: Detaching an uninitialized collection with enabled filters from a session: [com.onlineStoreCom.entity.product.Product.images#180]
2026-01-25T02:56:37.497+02:00  WARN 30620 --- [http-nio-744-exec-10] o.h.c.spi.AbstractPersistentCollection   : HHH000506: Detaching an uninitialized collection with enabled filters from a session: [com.onlineStoreCom.entity.brand.Brand.categories#92]
2026-01-25T02:56:37.497+02:00  WARN 30620 --- [http-nio-744-exec-10] o.h.c.spi.AbstractPersistentCollection   : HHH000506: Detaching an uninitialized collection with enabled filters from a session: [com.onlineStoreCom.entity.category.Category.children#37]
2026-01-25T02:56:37.763+02:00 DEBUG 30620 --- [http-nio-744-exec-9] c.o.a.s.tenant.TenantFilterAspect        : ⚠️ [TenantFilterAspect] Service execution without TenantID
2026-01-25T02:56:37.765+02:00 DEBUG 30620 --- [http-nio-744-exec-9] org.hibernate.SQL                        : select u1_0.id,u1_0.email,u1_0.enabled,u1_0.first_name,u1_0.last_login_time,u1_0.last_name,u1_0.password,u1_0.photos,u1_0.tenant_id,u1_0.user_bio from `'user'` u1_0 where u1_0.email=?
2026-01-25T02:56:37.767+02:00 DEBUG 30620 --- [http-nio-744-exec-9] org.hibernate.SQL                        : select r1_0.user_id,r1_1.id,r1_1.all_parent_ids,r1_1.descrption,r1_1.name,r1_1.parent_id,p2_0.role_id,p2_0.id,p2_0.permission,p2_0.scope from user_roles r1_0 join role r1_1 on r1_1.id=r1_0.role_id left join role_permissions p2_0 on r1_1.id=p2_0.role_id where r1_0.user_id=?
2026-01-25T02:56:37.770+02:00 DEBUG 30620 --- [http-nio-744-exec-9] c.o.a.s.tenant.TenantFilterAspect        : ⚠️ [TenantFilterAspect] Service execution without TenantID
2026-01-25T02:56:37.771+02:00 DEBUG 30620 --- [http-nio-744-exec-9] org.hibernate.SQL                        : select t1_0.user_id,t1_0.id,t1_0.tenant_id from user_tenants t1_0 where t1_0.user_id=?
2026-01-25T02:56:37.778+02:00 DEBUG 30620 --- [http-nio-744-exec-9] org.hibernate.SQL                        : select u1_0.tenant_id from user_tenants u1_0 where u1_0.user_id=?
2026-01-25T02:56:37.819+02:00 DEBUG 30620 --- [http-nio-744-exec-9] org.hibernate.SQL                        : select t1_0.id,t1_0.active,t1_0.code,t1_0.created_at,t1_0.level,t1_0.name,t1_0.parent_id,t1_0.status from tenants t1_0 where t1_0.id=?
2026-01-25T02:56:37.827+02:00 DEBUG 30620 --- [http-nio-744-exec-9] c.o.a.s.tenant.TenantFilterAspect        : 🛡️ [TenantFilterAspect] Enforced Filter for TenantID: 5
2026-01-25T02:56:37.831+02:00 DEBUG 30620 --- [http-nio-744-exec-9] org.hibernate.SQL                        : select u1_0.id,u1_0.email,u1_0.enabled,u1_0.first_name,u1_0.last_login_time,u1_0.last_name,u1_0.password,u1_0.photos,u1_0.tenant_id,u1_0.user_bio from `'user'` u1_0 where u1_0.tenant_id = ? and u1_0.tenant_id = ? and u1_0.email=?
2026-01-25T02:56:37.834+02:00 DEBUG 30620 --- [http-nio-744-exec-9] org.hibernate.SQL                        : select r1_0.user_id,r1_1.id,r1_1.all_parent_ids,r1_1.descrption,r1_1.name,r1_1.parent_id,p2_0.role_id,p2_0.id,p2_0.permission,p2_0.scope from user_roles r1_0 join role r1_1 on r1_1.id=r1_0.role_id left join role_permissions p2_0 on r1_1.id=p2_0.role_id where r1_0.user_id=?
2026-01-25T02:56:37.840+02:00 DEBUG 30620 --- [http-nio-744-exec-9] org.hibernate.SQL                        : select t1_0.user_id,t1_0.id,t1_0.tenant_id from user_tenants t1_0 where t1_0.user_id=?
2026-01-25T02:56:37.844+02:00  INFO 30620 --- [http-nio-744-exec-9] c.o.a.c.controller.CategoryController    : Checking uniqueness for id=null, name=sssssss, alias=Xiaomi-Redmi-Note-9S-6.67"-48MP-International-Global-Version
2026-01-25T02:56:37.845+02:00 DEBUG 30620 --- [http-nio-744-exec-9] c.o.a.s.tenant.TenantFilterAspect        : 🛡️ [TenantFilterAspect] Enforced Filter for TenantID: 5
2026-01-25T02:56:37.848+02:00 DEBUG 30620 --- [http-nio-744-exec-9] org.hibernate.SQL                        : select p1_0.id,p1_0.alias,p1_0.average_rating,p1_0.booking_slots,p1_0.brand_id,p1_0.category_id,p1_0.cost,p1_0.created_time,p1_0.discount_percent,p1_0.enabled,p1_0.full_description,p1_0.has_description,p1_0.has_extra_details,p1_0.has_location,p1_0.has_scheduling,p1_0.has_shipping,p1_0.height,p1_0.in_stock,p1_0.length,p1_0.main_image,p1_0.name,p1_0.price,p1_0.product_type,p1_0.review_count,p1_0.service_duration,p1_0.short_description,p1_0.subscription_interval,p1_0.tenant_id,p1_0.track_stock,p1_0.updated_time,p1_0.weight,p1_0.width from products p1_0 where (p1_0.tenant_id = ? OR p1_0.tenant_id = 0) and p1_0.tenant_id = ? and p1_0.name=?
2026-01-25T02:56:37.864+02:00 DEBUG 30620 --- [http-nio-744-exec-9] org.hibernate.SQL                        : select b1_0.id,b1_0.logo,b1_0.name,b1_0.tenant_id from brands b1_0 where b1_0.id=?
2026-01-25T02:56:37.870+02:00 DEBUG 30620 --- [http-nio-744-exec-9] org.hibernate.SQL                        : select c1_0.id,c1_0.alias,c1_0.all_parent_ids,c1_0.enabled,c1_0.image,c1_0.level,c1_0.name,c1_0.parent_id,c1_0.tenant_id from categories c1_0 where c1_0.id=?
2026-01-25T02:56:37.883+02:00 DEBUG 30620 --- [http-nio-744-exec-9] org.hibernate.SQL                        : select p1_0.id,p1_0.alias,p1_0.average_rating,p1_0.booking_slots,p1_0.brand_id,p1_0.category_id,p1_0.cost,p1_0.created_time,p1_0.discount_percent,p1_0.enabled,p1_0.full_description,p1_0.has_description,p1_0.has_extra_details,p1_0.has_location,p1_0.has_scheduling,p1_0.has_shipping,p1_0.height,p1_0.in_stock,p1_0.length,p1_0.main_image,p1_0.name,p1_0.price,p1_0.product_type,p1_0.review_count,p1_0.service_duration,p1_0.short_description,p1_0.subscription_interval,p1_0.tenant_id,p1_0.track_stock,p1_0.updated_time,p1_0.weight,p1_0.width from products p1_0 where (p1_0.tenant_id = ? OR p1_0.tenant_id = 0) and p1_0.tenant_id = ? and p1_0.alias=?
2026-01-25T02:56:37.901+02:00  INFO 30620 --- [http-nio-744-exec-9] c.o.a.c.controller.CategoryController    : Result: DuplicateName
2026-01-25T02:56:37.902+02:00  WARN 30620 --- [http-nio-744-exec-9] o.h.c.spi.AbstractPersistentCollection   : HHH000506: Detaching an uninitialized collection with enabled filters from a session: [com.onlineStoreCom.entity.tenant.Tenant.children#5]
2026-01-25T02:56:37.902+02:00  WARN 30620 --- [http-nio-744-exec-9] o.h.c.spi.AbstractPersistentCollection   : HHH000506: Detaching an uninitialized collection with enabled filters from a session: [com.onlineStoreCom.entity.users.Role.children#1]
2026-01-25T02:56:37.902+02:00  WARN 30620 --- [http-nio-744-exec-9] o.h.c.spi.AbstractPersistentCollection   : HHH000506: Detaching an uninitialized collection with enabled filters from a session: [com.onlineStoreCom.entity.product.Product.details#180]
2026-01-25T02:56:37.902+02:00  WARN 30620 --- [http-nio-744-exec-9] o.h.c.spi.AbstractPersistentCollection   : HHH000506: Detaching an uninitialized collection with enabled filters from a session: [com.onlineStoreCom.entity.product.Product.images#180]
2026-01-25T02:56:37.902+02:00  WARN 30620 --- [http-nio-744-exec-9] o.h.c.spi.AbstractPersistentCollection   : HHH000506: Detaching an uninitialized collection with enabled filters from a session: [com.onlineStoreCom.entity.brand.Brand.categories#92]
2026-01-25T02:56:37.902+02:00  WARN 30620 --- [http-nio-744-exec-9] o.h.c.spi.AbstractPersistentCollection   : HHH000506: Detaching an uninitialized collection with enabled filters from a session: [com.onlineStoreCom.entity.category.Category.children#37]
2026-01-25T02:56:37.985+02:00 DEBUG 30620 --- [http-nio-744-exec-6] c.o.a.s.tenant.TenantFilterAspect        : ⚠️ [TenantFilterAspect] Service execution without TenantID
2026-01-25T02:56:37.993+02:00 DEBUG 30620 --- [http-nio-744-exec-6] org.hibernate.SQL                        : select u1_0.id,u1_0.email,u1_0.enabled,u1_0.first_name,u1_0.last_login_time,u1_0.last_name,u1_0.password,u1_0.photos,u1_0.tenant_id,u1_0.user_bio from `'user'` u1_0 where u1_0.email=?
2026-01-25T02:56:37.994+02:00 DEBUG 30620 --- [http-nio-744-exec-6] org.hibernate.SQL                        : select r1_0.user_id,r1_1.id,r1_1.all_parent_ids,r1_1.descrption,r1_1.name,r1_1.parent_id,p2_0.role_id,p2_0.id,p2_0.permission,p2_0.scope from user_roles r1_0 join role r1_1 on r1_1.id=r1_0.role_id left join role_permissions p2_0 on r1_1.id=p2_0.role_id where r1_0.user_id=?
2026-01-25T02:56:38.003+02:00 DEBUG 30620 --- [http-nio-744-exec-6] c.o.a.s.tenant.TenantFilterAspect        : ⚠️ [TenantFilterAspect] Service execution without TenantID
2026-01-25T02:56:38.004+02:00 DEBUG 30620 --- [http-nio-744-exec-6] org.hibernate.SQL                        : select t1_0.user_id,t1_0.id,t1_0.tenant_id from user_tenants t1_0 where t1_0.user_id=?
2026-01-25T02:56:38.010+02:00 DEBUG 30620 --- [http-nio-744-exec-6] org.hibernate.SQL                        : select u1_0.tenant_id from user_tenants u1_0 where u1_0.user_id=?
2026-01-25T02:56:38.028+02:00 DEBUG 30620 --- [http-nio-744-exec-6] org.hibernate.SQL                        : select t1_0.id,t1_0.active,t1_0.code,t1_0.created_at,t1_0.level,t1_0.name,t1_0.parent_id,t1_0.status from tenants t1_0 where t1_0.id=?
2026-01-25T02:56:38.033+02:00 DEBUG 30620 --- [http-nio-744-exec-6] c.o.a.s.tenant.TenantFilterAspect        : 🛡️ [TenantFilterAspect] Enforced Filter for TenantID: 5
2026-01-25T02:56:38.035+02:00 DEBUG 30620 --- [http-nio-744-exec-6] org.hibernate.SQL                        : select u1_0.id,u1_0.email,u1_0.enabled,u1_0.first_name,u1_0.last_login_time,u1_0.last_name,u1_0.password,u1_0.photos,u1_0.tenant_id,u1_0.user_bio from `'user'` u1_0 where u1_0.tenant_id = ? and u1_0.tenant_id = ? and u1_0.email=?
2026-01-25T02:56:38.037+02:00 DEBUG 30620 --- [http-nio-744-exec-6] org.hibernate.SQL                        : select r1_0.user_id,r1_1.id,r1_1.all_parent_ids,r1_1.descrption,r1_1.name,r1_1.parent_id,p2_0.role_id,p2_0.id,p2_0.permission,p2_0.scope from user_roles r1_0 join role r1_1 on r1_1.id=r1_0.role_id left join role_permissions p2_0 on r1_1.id=p2_0.role_id where r1_0.user_id=?
2026-01-25T02:56:38.042+02:00 DEBUG 30620 --- [http-nio-744-exec-6] org.hibernate.SQL                        : select t1_0.user_id,t1_0.id,t1_0.tenant_id from user_tenants t1_0 where t1_0.user_id=?
2026-01-25T02:56:38.044+02:00  INFO 30620 --- [http-nio-744-exec-6] c.o.a.c.controller.CategoryController    : Checking uniqueness for id=null, name=sssssss, alias=Xiaomi-Redmi-Note-9S-6.67"-48MP-International-Global-Version
2026-01-25T02:56:38.045+02:00 DEBUG 30620 --- [http-nio-744-exec-6] c.o.a.s.tenant.TenantFilterAspect        : 🛡️ [TenantFilterAspect] Enforced Filter for TenantID: 5
2026-01-25T02:56:38.048+02:00 DEBUG 30620 --- [http-nio-744-exec-6] org.hibernate.SQL                        : select p1_0.id,p1_0.alias,p1_0.average_rating,p1_0.booking_slots,p1_0.brand_id,p1_0.category_id,p1_0.cost,p1_0.created_time,p1_0.discount_percent,p1_0.enabled,p1_0.full_description,p1_0.has_description,p1_0.has_extra_details,p1_0.has_location,p1_0.has_scheduling,p1_0.has_shipping,p1_0.height,p1_0.in_stock,p1_0.length,p1_0.main_image,p1_0.name,p1_0.price,p1_0.product_type,p1_0.review_count,p1_0.service_duration,p1_0.short_description,p1_0.subscription_interval,p1_0.tenant_id,p1_0.track_stock,p1_0.updated_time,p1_0.weight,p1_0.width from products p1_0 where (p1_0.tenant_id = ? OR p1_0.tenant_id = 0) and p1_0.tenant_id = ? and p1_0.name=?
2026-01-25T02:56:38.051+02:00 DEBUG 30620 --- [http-nio-744-exec-6] org.hibernate.SQL                        : select b1_0.id,b1_0.logo,b1_0.name,b1_0.tenant_id from brands b1_0 where b1_0.id=?
2026-01-25T02:56:38.054+02:00 DEBUG 30620 --- [http-nio-744-exec-6] org.hibernate.SQL                        : select c1_0.id,c1_0.alias,c1_0.all_parent_ids,c1_0.enabled,c1_0.image,c1_0.level,c1_0.name,c1_0.parent_id,c1_0.tenant_id from categories c1_0 where c1_0.id=?
2026-01-25T02:56:38.066+02:00 DEBUG 30620 --- [http-nio-744-exec-6] org.hibernate.SQL                        : select p1_0.id,p1_0.alias,p1_0.average_rating,p1_0.booking_slots,p1_0.brand_id,p1_0.category_id,p1_0.cost,p1_0.created_time,p1_0.discount_percent,p1_0.enabled,p1_0.full_description,p1_0.has_description,p1_0.has_extra_details,p1_0.has_location,p1_0.has_scheduling,p1_0.has_shipping,p1_0.height,p1_0.in_stock,p1_0.length,p1_0.main_image,p1_0.name,p1_0.price,p1_0.product_type,p1_0.review_count,p1_0.service_duration,p1_0.short_description,p1_0.subscription_interval,p1_0.tenant_id,p1_0.track_stock,p1_0.updated_time,p1_0.weight,p1_0.width from products p1_0 where (p1_0.tenant_id = ? OR p1_0.tenant_id = 0) and p1_0.tenant_id = ? and p1_0.alias=?
2026-01-25T02:56:38.071+02:00  INFO 30620 --- [http-nio-744-exec-6] c.o.a.c.controller.CategoryController    : Result: DuplicateName
2026-01-25T02:56:38.076+02:00  WARN 30620 --- [http-nio-744-exec-6] o.h.c.spi.AbstractPersistentCollection   : HHH000506: Detaching an uninitialized collection with enabled filters from a session: [com.onlineStoreCom.entity.tenant.Tenant.children#5]
2026-01-25T02:56:38.076+02:00  WARN 30620 --- [http-nio-744-exec-6] o.h.c.spi.AbstractPersistentCollection   : HHH000506: Detaching an uninitialized collection with enabled filters from a session: [com.onlineStoreCom.entity.users.Role.children#1]
2026-01-25T02:56:38.076+02:00  WARN 30620 --- [http-nio-744-exec-6] o.h.c.spi.AbstractPersistentCollection   : HHH000506: Detaching an uninitialized collection with enabled filters from a session: [com.onlineStoreCom.entity.product.Product.details#180]
2026-01-25T02:56:38.076+02:00  WARN 30620 --- [http-nio-744-exec-6] o.h.c.spi.AbstractPersistentCollection   : HHH000506: Detaching an uninitialized collection with enabled filters from a session: [com.onlineStoreCom.entity.product.Product.images#180]
2026-01-25T02:56:38.076+02:00  WARN 30620 --- [http-nio-744-exec-6] o.h.c.spi.AbstractPersistentCollection   : HHH000506: Detaching an uninitialized collection with enabled filters from a session: [com.onlineStoreCom.entity.brand.Brand.categories#92]
2026-01-25T02:56:38.076+02:00  WARN 30620 --- [http-nio-744-exec-6] o.h.c.spi.AbstractPersistentCollection   : HHH000506: Detaching an uninitialized collection with enabled filters from a session: [com.onlineStoreCom.entity.category.Category.children#37]
2026-01-25T02:56:38.177+02:00 DEBUG 30620 --- [http-nio-744-exec-7] c.o.a.s.tenant.TenantFilterAspect        : ⚠️ [TenantFilterAspect] Service execution without TenantID
2026-01-25T02:56:38.183+02:00 DEBUG 30620 --- [http-nio-744-exec-7] org.hibernate.SQL                        : select u1_0.id,u1_0.email,u1_0.enabled,u1_0.first_name,u1_0.last_login_time,u1_0.last_name,u1_0.password,u1_0.photos,u1_0.tenant_id,u1_0.user_bio from `'user'` u1_0 where u1_0.email=?
2026-01-25T02:56:38.185+02:00 DEBUG 30620 --- [http-nio-744-exec-7] org.hibernate.SQL                        : select r1_0.user_id,r1_1.id,r1_1.all_parent_ids,r1_1.descrption,r1_1.name,r1_1.parent_id,p2_0.role_id,p2_0.id,p2_0.permission,p2_0.scope from user_roles r1_0 join role r1_1 on r1_1.id=r1_0.role_id left join role_permissions p2_0 on r1_1.id=p2_0.role_id where r1_0.user_id=?
2026-01-25T02:56:38.190+02:00 DEBUG 30620 --- [http-nio-744-exec-7] c.o.a.s.tenant.TenantFilterAspect        : ⚠️ [TenantFilterAspect] Service execution without TenantID
2026-01-25T02:56:38.192+02:00 DEBUG 30620 --- [http-nio-744-exec-7] org.hibernate.SQL                        : select t1_0.user_id,t1_0.id,t1_0.tenant_id from user_tenants t1_0 where t1_0.user_id=?
2026-01-25T02:56:38.196+02:00 DEBUG 30620 --- [http-nio-744-exec-7] org.hibernate.SQL                        : select u1_0.tenant_id from user_tenants u1_0 where u1_0.user_id=?
2026-01-25T02:56:38.214+02:00 DEBUG 30620 --- [http-nio-744-exec-7] org.hibernate.SQL                        : select t1_0.id,t1_0.active,t1_0.code,t1_0.created_at,t1_0.level,t1_0.name,t1_0.parent_id,t1_0.status from tenants t1_0 where t1_0.id=?
2026-01-25T02:56:38.217+02:00 DEBUG 30620 --- [http-nio-744-exec-7] c.o.a.s.tenant.TenantFilterAspect        : 🛡️ [TenantFilterAspect] Enforced Filter for TenantID: 5
2026-01-25T02:56:38.227+02:00 DEBUG 30620 --- [http-nio-744-exec-7] org.hibernate.SQL                        : select u1_0.id,u1_0.email,u1_0.enabled,u1_0.first_name,u1_0.last_login_time,u1_0.last_name,u1_0.password,u1_0.photos,u1_0.tenant_id,u1_0.user_bio from `'user'` u1_0 where u1_0.tenant_id = ? and u1_0.tenant_id = ? and u1_0.email=?
2026-01-25T02:56:38.233+02:00 DEBUG 30620 --- [http-nio-744-exec-7] org.hibernate.SQL                        : select r1_0.user_id,r1_1.id,r1_1.all_parent_ids,r1_1.descrption,r1_1.name,r1_1.parent_id,p2_0.role_id,p2_0.id,p2_0.permission,p2_0.scope from user_roles r1_0 join role r1_1 on r1_1.id=r1_0.role_id left join role_permissions p2_0 on r1_1.id=p2_0.role_id where r1_0.user_id=?
2026-01-25T02:56:38.246+02:00 DEBUG 30620 --- [http-nio-744-exec-7] org.hibernate.SQL                        : select t1_0.user_id,t1_0.id,t1_0.tenant_id from user_tenants t1_0 where t1_0.user_id=?
2026-01-25T02:56:38.249+02:00  INFO 30620 --- [http-nio-744-exec-7] c.o.a.c.controller.CategoryController    : Checking uniqueness for id=null, name=sssssss, alias=Xiaomi-Redmi-Note-9S-6.67"-48MP-International-Global-Version
2026-01-25T02:56:38.250+02:00 DEBUG 30620 --- [http-nio-744-exec-7] c.o.a.s.tenant.TenantFilterAspect        : 🛡️ [TenantFilterAspect] Enforced Filter for TenantID: 5
2026-01-25T02:56:38.254+02:00 DEBUG 30620 --- [http-nio-744-exec-7] org.hibernate.SQL                        : select p1_0.id,p1_0.alias,p1_0.average_rating,p1_0.booking_slots,p1_0.brand_id,p1_0.category_id,p1_0.cost,p1_0.created_time,p1_0.discount_percent,p1_0.enabled,p1_0.full_description,p1_0.has_description,p1_0.has_extra_details,p1_0.has_location,p1_0.has_scheduling,p1_0.has_shipping,p1_0.height,p1_0.in_stock,p1_0.length,p1_0.main_image,p1_0.name,p1_0.price,p1_0.product_type,p1_0.review_count,p1_0.service_duration,p1_0.short_description,p1_0.subscription_interval,p1_0.tenant_id,p1_0.track_stock,p1_0.updated_time,p1_0.weight,p1_0.width from products p1_0 where (p1_0.tenant_id = ? OR p1_0.tenant_id = 0) and p1_0.tenant_id = ? and p1_0.name=?
2026-01-25T02:56:38.258+02:00 DEBUG 30620 --- [http-nio-744-exec-7] org.hibernate.SQL                        : select b1_0.id,b1_0.logo,b1_0.name,b1_0.tenant_id from brands b1_0 where b1_0.id=?
2026-01-25T02:56:38.261+02:00 DEBUG 30620 --- [http-nio-744-exec-7] org.hibernate.SQL                        : select c1_0.id,c1_0.alias,c1_0.all_parent_ids,c1_0.enabled,c1_0.image,c1_0.level,c1_0.name,c1_0.parent_id,c1_0.tenant_id from categories c1_0 where c1_0.id=?
2026-01-25T02:56:38.266+02:00 DEBUG 30620 --- [http-nio-744-exec-7] org.hibernate.SQL                        : select p1_0.id,p1_0.alias,p1_0.average_rating,p1_0.booking_slots,p1_0.brand_id,p1_0.category_id,p1_0.cost,p1_0.created_time,p1_0.discount_percent,p1_0.enabled,p1_0.full_description,p1_0.has_description,p1_0.has_extra_details,p1_0.has_location,p1_0.has_scheduling,p1_0.has_shipping,p1_0.height,p1_0.in_stock,p1_0.length,p1_0.main_image,p1_0.name,p1_0.price,p1_0.product_type,p1_0.review_count,p1_0.service_duration,p1_0.short_description,p1_0.subscription_interval,p1_0.tenant_id,p1_0.track_stock,p1_0.updated_time,p1_0.weight,p1_0.width from products p1_0 where (p1_0.tenant_id = ? OR p1_0.tenant_id = 0) and p1_0.tenant_id = ? and p1_0.alias=?
2026-01-25T02:56:38.270+02:00  INFO 30620 --- [http-nio-744-exec-7] c.o.a.c.controller.CategoryController    : Result: DuplicateName
2026-01-25T02:56:38.271+02:00  WARN 30620 --- [http-nio-744-exec-7] o.h.c.spi.AbstractPersistentCollection   : HHH000506: Detaching an uninitialized collection with enabled filters from a session: [com.onlineStoreCom.entity.tenant.Tenant.children#5]
2026-01-25T02:56:38.271+02:00  WARN 30620 --- [http-nio-744-exec-7] o.h.c.spi.AbstractPersistentCollection   : HHH000506: Detaching an uninitialized collection with enabled filters from a session: [com.onlineStoreCom.entity.users.Role.children#1]
2026-01-25T02:56:38.271+02:00  WARN 30620 --- [http-nio-744-exec-7] o.h.c.spi.AbstractPersistentCollection   : HHH000506: Detaching an uninitialized collection with enabled filters from a session: [com.onlineStoreCom.entity.product.Product.details#180]
2026-01-25T02:56:38.272+02:00  WARN 30620 --- [http-nio-744-exec-7] o.h.c.spi.AbstractPersistentCollection   : HHH000506: Detaching an uninitialized collection with enabled filters from a session: [com.onlineStoreCom.entity.product.Product.images#180]
2026-01-25T02:56:38.272+02:00  WARN 30620 --- [http-nio-744-exec-7] o.h.c.spi.AbstractPersistentCollection   : HHH000506: Detaching an uninitialized collection with enabled filters from a session: [com.onlineStoreCom.entity.brand.Brand.categories#92]
2026-01-25T02:56:38.272+02:00  WARN 30620 --- [http-nio-744-exec-7] o.h.c.spi.AbstractPersistentCollection   : HHH000506: Detaching an uninitialized collection with enabled filters from a session: [com.onlineStoreCom.entity.category.Category.children#37]
2026-01-25T02:56:44.204+02:00 DEBUG 30620 --- [http-nio-744-exec-2] c.o.a.s.tenant.TenantFilterAspect        : ⚠️ [TenantFilterAspect] Service execution without TenantID
2026-01-25T02:56:44.207+02:00 DEBUG 30620 --- [http-nio-744-exec-2] org.hibernate.SQL                        : select u1_0.id,u1_0.email,u1_0.enabled,u1_0.first_name,u1_0.last_login_time,u1_0.last_name,u1_0.password,u1_0.photos,u1_0.tenant_id,u1_0.user_bio from `'user'` u1_0 where u1_0.email=?
2026-01-25T02:56:44.215+02:00 DEBUG 30620 --- [http-nio-744-exec-2] org.hibernate.SQL                        : select r1_0.user_id,r1_1.id,r1_1.all_parent_ids,r1_1.descrption,r1_1.name,r1_1.parent_id,p2_0.role_id,p2_0.id,p2_0.permission,p2_0.scope from user_roles r1_0 join role r1_1 on r1_1.id=r1_0.role_id left join role_permissions p2_0 on r1_1.id=p2_0.role_id where r1_0.user_id=?
2026-01-25T02:56:44.221+02:00 DEBUG 30620 --- [http-nio-744-exec-2] c.o.a.s.tenant.TenantFilterAspect        : ⚠️ [TenantFilterAspect] Service execution without TenantID
2026-01-25T02:56:44.225+02:00 DEBUG 30620 --- [http-nio-744-exec-2] org.hibernate.SQL                        : select t1_0.user_id,t1_0.id,t1_0.tenant_id from user_tenants t1_0 where t1_0.user_id=?
2026-01-25T02:56:44.232+02:00 DEBUG 30620 --- [http-nio-744-exec-2] org.hibernate.SQL                        : select u1_0.tenant_id from user_tenants u1_0 where u1_0.user_id=?
2026-01-25T02:56:44.250+02:00 DEBUG 30620 --- [http-nio-744-exec-2] org.hibernate.SQL                        : select t1_0.id,t1_0.active,t1_0.code,t1_0.created_at,t1_0.level,t1_0.name,t1_0.parent_id,t1_0.status from tenants t1_0 where t1_0.id=?
2026-01-25T02:56:44.255+02:00 DEBUG 30620 --- [http-nio-744-exec-2] c.o.a.s.tenant.TenantFilterAspect        : 🛡️ [TenantFilterAspect] Enforced Filter for TenantID: 5
2026-01-25T02:56:44.264+02:00 DEBUG 30620 --- [http-nio-744-exec-2] org.hibernate.SQL                        : select u1_0.id,u1_0.email,u1_0.enabled,u1_0.first_name,u1_0.last_login_time,u1_0.last_name,u1_0.password,u1_0.photos,u1_0.tenant_id,u1_0.user_bio from `'user'` u1_0 where u1_0.tenant_id = ? and u1_0.tenant_id = ? and u1_0.email=?
2026-01-25T02:56:44.266+02:00 DEBUG 30620 --- [http-nio-744-exec-2] org.hibernate.SQL                        : select r1_0.user_id,r1_1.id,r1_1.all_parent_ids,r1_1.descrption,r1_1.name,r1_1.parent_id,p2_0.role_id,p2_0.id,p2_0.permission,p2_0.scope from user_roles r1_0 join role r1_1 on r1_1.id=r1_0.role_id left join role_permissions p2_0 on r1_1.id=p2_0.role_id where r1_0.user_id=?
2026-01-25T02:56:44.271+02:00 DEBUG 30620 --- [http-nio-744-exec-2] org.hibernate.SQL                        : select t1_0.user_id,t1_0.id,t1_0.tenant_id from user_tenants t1_0 where t1_0.user_id=?
2026-01-25T02:56:44.273+02:00  INFO 30620 --- [http-nio-744-exec-2] c.o.a.c.controller.CategoryController    : Checking uniqueness for id=null, name=sssssss, alias=Xiaomi-Redmi-Note-9S-6.67"-48MP-International-Global-Version
2026-01-25T02:56:44.275+02:00 DEBUG 30620 --- [http-nio-744-exec-2] c.o.a.s.tenant.TenantFilterAspect        : 🛡️ [TenantFilterAspect] Enforced Filter for TenantID: 5
2026-01-25T02:56:44.282+02:00 DEBUG 30620 --- [http-nio-744-exec-2] org.hibernate.SQL                        : select p1_0.id,p1_0.alias,p1_0.average_rating,p1_0.booking_slots,p1_0.brand_id,p1_0.category_id,p1_0.cost,p1_0.created_time,p1_0.discount_percent,p1_0.enabled,p1_0.full_description,p1_0.has_description,p1_0.has_extra_details,p1_0.has_location,p1_0.has_scheduling,p1_0.has_shipping,p1_0.height,p1_0.in_stock,p1_0.length,p1_0.main_image,p1_0.name,p1_0.price,p1_0.product_type,p1_0.review_count,p1_0.service_duration,p1_0.short_description,p1_0.subscription_interval,p1_0.tenant_id,p1_0.track_stock,p1_0.updated_time,p1_0.weight,p1_0.width from products p1_0 where (p1_0.tenant_id = ? OR p1_0.tenant_id = 0) and p1_0.tenant_id = ? and p1_0.name=?
2026-01-25T02:56:44.285+02:00 DEBUG 30620 --- [http-nio-744-exec-2] org.hibernate.SQL                        : select b1_0.id,b1_0.logo,b1_0.name,b1_0.tenant_id from brands b1_0 where b1_0.id=?
2026-01-25T02:56:44.287+02:00 DEBUG 30620 --- [http-nio-744-exec-2] org.hibernate.SQL                        : select c1_0.id,c1_0.alias,c1_0.all_parent_ids,c1_0.enabled,c1_0.image,c1_0.level,c1_0.name,c1_0.parent_id,c1_0.tenant_id from categories c1_0 where c1_0.id=?
2026-01-25T02:56:44.298+02:00 DEBUG 30620 --- [http-nio-744-exec-2] org.hibernate.SQL                        : select p1_0.id,p1_0.alias,p1_0.average_rating,p1_0.booking_slots,p1_0.brand_id,p1_0.category_id,p1_0.cost,p1_0.created_time,p1_0.discount_percent,p1_0.enabled,p1_0.full_description,p1_0.has_description,p1_0.has_extra_details,p1_0.has_location,p1_0.has_scheduling,p1_0.has_shipping,p1_0.height,p1_0.in_stock,p1_0.length,p1_0.main_image,p1_0.name,p1_0.price,p1_0.product_type,p1_0.review_count,p1_0.service_duration,p1_0.short_description,p1_0.subscription_interval,p1_0.tenant_id,p1_0.track_stock,p1_0.updated_time,p1_0.weight,p1_0.width from products p1_0 where (p1_0.tenant_id = ? OR p1_0.tenant_id = 0) and p1_0.tenant_id = ? and p1_0.alias=?
2026-01-25T02:56:44.303+02:00  INFO 30620 --- [http-nio-744-exec-2] c.o.a.c.controller.CategoryController    : Result: DuplicateName
2026-01-25T02:56:44.305+02:00  WARN 30620 --- [http-nio-744-exec-2] o.h.c.spi.AbstractPersistentCollection   : HHH000506: Detaching an uninitialized collection with enabled filters from a session: [com.onlineStoreCom.entity.tenant.Tenant.children#5]
2026-01-25T02:56:44.305+02:00  WARN 30620 --- [http-nio-744-exec-2] o.h.c.spi.AbstractPersistentCollection   : HHH000506: Detaching an uninitialized collection with enabled filters from a session: [com.onlineStoreCom.entity.users.Role.children#1]
2026-01-25T02:56:44.305+02:00  WARN 30620 --- [http-nio-744-exec-2] o.h.c.spi.AbstractPersistentCollection   : HHH000506: Detaching an uninitialized collection with enabled filters from a session: [com.onlineStoreCom.entity.product.Product.details#180]
2026-01-25T02:56:44.305+02:00  WARN 30620 --- [http-nio-744-exec-2] o.h.c.spi.AbstractPersistentCollection   : HHH000506: Detaching an uninitialized collection with enabled filters from a session: [com.onlineStoreCom.entity.product.Product.images#180]
2026-01-25T02:56:44.305+02:00  WARN 30620 --- [http-nio-744-exec-2] o.h.c.spi.AbstractPersistentCollection   : HHH000506: Detaching an uninitialized collection with enabled filters from a session: [com.onlineStoreCom.entity.brand.Brand.categories#92]
2026-01-25T02:56:44.305+02:00  WARN 30620 --- [http-nio-744-exec-2] o.h.c.spi.AbstractPersistentCollection   : HHH000506: Detaching an uninitialized collection with enabled filters from a session: [com.onlineStoreCom.entity.category.Category.children#37]
2026-01-25T02:56:44.524+02:00 DEBUG 30620 --- [http-nio-744-exec-8] c.o.a.s.tenant.TenantFilterAspect        : ⚠️ [TenantFilterAspect] Service execution without TenantID
2026-01-25T02:56:44.528+02:00 DEBUG 30620 --- [http-nio-744-exec-8] org.hibernate.SQL                        : select u1_0.id,u1_0.email,u1_0.enabled,u1_0.first_name,u1_0.last_login_time,u1_0.last_name,u1_0.password,u1_0.photos,u1_0.tenant_id,u1_0.user_bio from `'user'` u1_0 where u1_0.email=?
2026-01-25T02:56:44.530+02:00 DEBUG 30620 --- [http-nio-744-exec-8] org.hibernate.SQL                        : select r1_0.user_id,r1_1.id,r1_1.all_parent_ids,r1_1.descrption,r1_1.name,r1_1.parent_id,p2_0.role_id,p2_0.id,p2_0.permission,p2_0.scope from user_roles r1_0 join role r1_1 on r1_1.id=r1_0.role_id left join role_permissions p2_0 on r1_1.id=p2_0.role_id where r1_0.user_id=?
2026-01-25T02:56:44.533+02:00 DEBUG 30620 --- [http-nio-744-exec-8] c.o.a.s.tenant.TenantFilterAspect        : ⚠️ [TenantFilterAspect] Service execution without TenantID
2026-01-25T02:56:44.534+02:00 DEBUG 30620 --- [http-nio-744-exec-8] org.hibernate.SQL                        : select t1_0.user_id,t1_0.id,t1_0.tenant_id from user_tenants t1_0 where t1_0.user_id=?
2026-01-25T02:56:44.537+02:00 DEBUG 30620 --- [http-nio-744-exec-8] org.hibernate.SQL                        : select u1_0.tenant_id from user_tenants u1_0 where u1_0.user_id=?
2026-01-25T02:56:44.549+02:00 DEBUG 30620 --- [http-nio-744-exec-8] org.hibernate.SQL                        : select t1_0.id,t1_0.active,t1_0.code,t1_0.created_at,t1_0.level,t1_0.name,t1_0.parent_id,t1_0.status from tenants t1_0 where t1_0.id=?
2026-01-25T02:56:44.552+02:00 DEBUG 30620 --- [http-nio-744-exec-8] c.o.a.s.tenant.TenantFilterAspect        : 🛡️ [TenantFilterAspect] Enforced Filter for TenantID: 5
2026-01-25T02:56:44.555+02:00 DEBUG 30620 --- [http-nio-744-exec-8] org.hibernate.SQL                        : select u1_0.id,u1_0.email,u1_0.enabled,u1_0.first_name,u1_0.last_login_time,u1_0.last_name,u1_0.password,u1_0.photos,u1_0.tenant_id,u1_0.user_bio from `'user'` u1_0 where u1_0.tenant_id = ? and u1_0.tenant_id = ? and u1_0.email=?
2026-01-25T02:56:44.557+02:00 DEBUG 30620 --- [http-nio-744-exec-8] org.hibernate.SQL                        : select r1_0.user_id,r1_1.id,r1_1.all_parent_ids,r1_1.descrption,r1_1.name,r1_1.parent_id,p2_0.role_id,p2_0.id,p2_0.permission,p2_0.scope from user_roles r1_0 join role r1_1 on r1_1.id=r1_0.role_id left join role_permissions p2_0 on r1_1.id=p2_0.role_id where r1_0.user_id=?
2026-01-25T02:56:44.561+02:00 DEBUG 30620 --- [http-nio-744-exec-8] org.hibernate.SQL                        : select t1_0.user_id,t1_0.id,t1_0.tenant_id from user_tenants t1_0 where t1_0.user_id=?
2026-01-25T02:56:44.563+02:00  INFO 30620 --- [http-nio-744-exec-8] c.o.a.c.controller.CategoryController    : Checking uniqueness for id=null, name=sssssss, alias=Xiaomi-Redmi-Note-9S-6.67"-48MP-International-Global-Version
2026-01-25T02:56:44.563+02:00 DEBUG 30620 --- [http-nio-744-exec-8] c.o.a.s.tenant.TenantFilterAspect        : 🛡️ [TenantFilterAspect] Enforced Filter for TenantID: 5
2026-01-25T02:56:44.566+02:00 DEBUG 30620 --- [http-nio-744-exec-8] org.hibernate.SQL                        : select p1_0.id,p1_0.alias,p1_0.average_rating,p1_0.booking_slots,p1_0.brand_id,p1_0.category_id,p1_0.cost,p1_0.created_time,p1_0.discount_percent,p1_0.enabled,p1_0.full_description,p1_0.has_description,p1_0.has_extra_details,p1_0.has_location,p1_0.has_scheduling,p1_0.has_shipping,p1_0.height,p1_0.in_stock,p1_0.length,p1_0.main_image,p1_0.name,p1_0.price,p1_0.product_type,p1_0.review_count,p1_0.service_duration,p1_0.short_description,p1_0.subscription_interval,p1_0.tenant_id,p1_0.track_stock,p1_0.updated_time,p1_0.weight,p1_0.width from products p1_0 where (p1_0.tenant_id = ? OR p1_0.tenant_id = 0) and p1_0.tenant_id = ? and p1_0.name=?
2026-01-25T02:56:44.569+02:00 DEBUG 30620 --- [http-nio-744-exec-8] org.hibernate.SQL                        : select b1_0.id,b1_0.logo,b1_0.name,b1_0.tenant_id from brands b1_0 where b1_0.id=?
2026-01-25T02:56:44.571+02:00 DEBUG 30620 --- [http-nio-744-exec-8] org.hibernate.SQL                        : select c1_0.id,c1_0.alias,c1_0.all_parent_ids,c1_0.enabled,c1_0.image,c1_0.level,c1_0.name,c1_0.parent_id,c1_0.tenant_id from categories c1_0 where c1_0.id=?
2026-01-25T02:56:44.577+02:00 DEBUG 30620 --- [http-nio-744-exec-8] org.hibernate.SQL                        : select p1_0.id,p1_0.alias,p1_0.average_rating,p1_0.booking_slots,p1_0.brand_id,p1_0.category_id,p1_0.cost,p1_0.created_time,p1_0.discount_percent,p1_0.enabled,p1_0.full_description,p1_0.has_description,p1_0.has_extra_details,p1_0.has_location,p1_0.has_scheduling,p1_0.has_shipping,p1_0.height,p1_0.in_stock,p1_0.length,p1_0.main_image,p1_0.name,p1_0.price,p1_0.product_type,p1_0.review_count,p1_0.service_duration,p1_0.short_description,p1_0.subscription_interval,p1_0.tenant_id,p1_0.track_stock,p1_0.updated_time,p1_0.weight,p1_0.width from products p1_0 where (p1_0.tenant_id = ? OR p1_0.tenant_id = 0) and p1_0.tenant_id = ? and p1_0.alias=?
2026-01-25T02:56:44.582+02:00  INFO 30620 --- [http-nio-744-exec-8] c.o.a.c.controller.CategoryController    : Result: DuplicateName
2026-01-25T02:56:44.583+02:00  WARN 30620 --- [http-nio-744-exec-8] o.h.c.spi.AbstractPersistentCollection   : HHH000506: Detaching an uninitialized collection with enabled filters from a session: [com.onlineStoreCom.entity.tenant.Tenant.children#5]
2026-01-25T02:56:44.583+02:00  WARN 30620 --- [http-nio-744-exec-8] o.h.c.spi.AbstractPersistentCollection   : HHH000506: Detaching an uninitialized collection with enabled filters from a session: [com.onlineStoreCom.entity.users.Role.children#1]
2026-01-25T02:56:44.584+02:00  WARN 30620 --- [http-nio-744-exec-8] o.h.c.spi.AbstractPersistentCollection   : HHH000506: Detaching an uninitialized collection with enabled filters from a session: [com.onlineStoreCom.entity.product.Product.details#180]
2026-01-25T02:56:44.584+02:00  WARN 30620 --- [http-nio-744-exec-8] o.h.c.spi.AbstractPersistentCollection   : HHH000506: Detaching an uninitialized collection with enabled filters from a session: [com.onlineStoreCom.entity.product.Product.images#180]
2026-01-25T02:56:44.584+02:00  WARN 30620 --- [http-nio-744-exec-8] o.h.c.spi.AbstractPersistentCollection   : HHH000506: Detaching an uninitialized collection with enabled filters from a session: [com.onlineStoreCom.entity.brand.Brand.categories#92]
2026-01-25T02:56:44.584+02:00  WARN 30620 --- [http-nio-744-exec-8] o.h.c.spi.AbstractPersistentCollection   : HHH000506: Detaching an uninitialized collection with enabled filters from a session: [com.onlineStoreCom.entity.category.Category.children#37]
2026-01-25T02:56:44.751+02:00 DEBUG 30620 --- [http-nio-744-exec-1] c.o.a.s.tenant.TenantFilterAspect        : ⚠️ [TenantFilterAspect] Service execution without TenantID
2026-01-25T02:56:44.753+02:00 DEBUG 30620 --- [http-nio-744-exec-1] org.hibernate.SQL                        : select u1_0.id,u1_0.email,u1_0.enabled,u1_0.first_name,u1_0.last_login_time,u1_0.last_name,u1_0.password,u1_0.photos,u1_0.tenant_id,u1_0.user_bio from `'user'` u1_0 where u1_0.email=?
2026-01-25T02:56:44.755+02:00 DEBUG 30620 --- [http-nio-744-exec-1] org.hibernate.SQL                        : select r1_0.user_id,r1_1.id,r1_1.all_parent_ids,r1_1.descrption,r1_1.name,r1_1.parent_id,p2_0.role_id,p2_0.id,p2_0.permission,p2_0.scope from user_roles r1_0 join role r1_1 on r1_1.id=r1_0.role_id left join role_permissions p2_0 on r1_1.id=p2_0.role_id where r1_0.user_id=?
2026-01-25T02:56:44.761+02:00 DEBUG 30620 --- [http-nio-744-exec-1] c.o.a.s.tenant.TenantFilterAspect        : ⚠️ [TenantFilterAspect] Service execution without TenantID
2026-01-25T02:56:44.763+02:00 DEBUG 30620 --- [http-nio-744-exec-1] org.hibernate.SQL                        : select t1_0.user_id,t1_0.id,t1_0.tenant_id from user_tenants t1_0 where t1_0.user_id=?
2026-01-25T02:56:44.766+02:00 DEBUG 30620 --- [http-nio-744-exec-1] org.hibernate.SQL                        : select u1_0.tenant_id from user_tenants u1_0 where u1_0.user_id=?
2026-01-25T02:56:44.781+02:00 DEBUG 30620 --- [http-nio-744-exec-1] org.hibernate.SQL                        : select t1_0.id,t1_0.active,t1_0.code,t1_0.created_at,t1_0.level,t1_0.name,t1_0.parent_id,t1_0.status from tenants t1_0 where t1_0.id=?
2026-01-25T02:56:44.785+02:00 DEBUG 30620 --- [http-nio-744-exec-1] c.o.a.s.tenant.TenantFilterAspect        : 🛡️ [TenantFilterAspect] Enforced Filter for TenantID: 5
2026-01-25T02:56:44.787+02:00 DEBUG 30620 --- [http-nio-744-exec-1] org.hibernate.SQL                        : select u1_0.id,u1_0.email,u1_0.enabled,u1_0.first_name,u1_0.last_login_time,u1_0.last_name,u1_0.password,u1_0.photos,u1_0.tenant_id,u1_0.user_bio from `'user'` u1_0 where u1_0.tenant_id = ? and u1_0.tenant_id = ? and u1_0.email=?
2026-01-25T02:56:44.788+02:00 DEBUG 30620 --- [http-nio-744-exec-1] org.hibernate.SQL                        : select r1_0.user_id,r1_1.id,r1_1.all_parent_ids,r1_1.descrption,r1_1.name,r1_1.parent_id,p2_0.role_id,p2_0.id,p2_0.permission,p2_0.scope from user_roles r1_0 join role r1_1 on r1_1.id=r1_0.role_id left join role_permissions p2_0 on r1_1.id=p2_0.role_id where r1_0.user_id=?
2026-01-25T02:56:44.792+02:00 DEBUG 30620 --- [http-nio-744-exec-1] org.hibernate.SQL                        : select t1_0.user_id,t1_0.id,t1_0.tenant_id from user_tenants t1_0 where t1_0.user_id=?
2026-01-25T02:56:44.793+02:00  INFO 30620 --- [http-nio-744-exec-1] c.o.a.c.controller.CategoryController    : Checking uniqueness for id=null, name=sssssss, alias=Xiaomi-Redmi-Note-9S-6.67"-48MP-International-Global-Version
2026-01-25T02:56:44.794+02:00 DEBUG 30620 --- [http-nio-744-exec-1] c.o.a.s.tenant.TenantFilterAspect        : 🛡️ [TenantFilterAspect] Enforced Filter for TenantID: 5
2026-01-25T02:56:44.796+02:00 DEBUG 30620 --- [http-nio-744-exec-1] org.hibernate.SQL                        : select p1_0.id,p1_0.alias,p1_0.average_rating,p1_0.booking_slots,p1_0.brand_id,p1_0.category_id,p1_0.cost,p1_0.created_time,p1_0.discount_percent,p1_0.enabled,p1_0.full_description,p1_0.has_description,p1_0.has_extra_details,p1_0.has_location,p1_0.has_scheduling,p1_0.has_shipping,p1_0.height,p1_0.in_stock,p1_0.length,p1_0.main_image,p1_0.name,p1_0.price,p1_0.product_type,p1_0.review_count,p1_0.service_duration,p1_0.short_description,p1_0.subscription_interval,p1_0.tenant_id,p1_0.track_stock,p1_0.updated_time,p1_0.weight,p1_0.width from products p1_0 where (p1_0.tenant_id = ? OR p1_0.tenant_id = 0) and p1_0.tenant_id = ? and p1_0.name=?
2026-01-25T02:56:44.905+02:00 DEBUG 30620 --- [http-nio-744-exec-1] org.hibernate.SQL                        : select b1_0.id,b1_0.logo,b1_0.name,b1_0.tenant_id from brands b1_0 where b1_0.id=?
2026-01-25T02:56:44.907+02:00 DEBUG 30620 --- [http-nio-744-exec-1] org.hibernate.SQL                        : select c1_0.id,c1_0.alias,c1_0.all_parent_ids,c1_0.enabled,c1_0.image,c1_0.level,c1_0.name,c1_0.parent_id,c1_0.tenant_id from categories c1_0 where c1_0.id=?
2026-01-25T02:56:44.916+02:00 DEBUG 30620 --- [http-nio-744-exec-1] org.hibernate.SQL                        : select p1_0.id,p1_0.alias,p1_0.average_rating,p1_0.booking_slots,p1_0.brand_id,p1_0.category_id,p1_0.cost,p1_0.created_time,p1_0.discount_percent,p1_0.enabled,p1_0.full_description,p1_0.has_description,p1_0.has_extra_details,p1_0.has_location,p1_0.has_scheduling,p1_0.has_shipping,p1_0.height,p1_0.in_stock,p1_0.length,p1_0.main_image,p1_0.name,p1_0.price,p1_0.product_type,p1_0.review_count,p1_0.service_duration,p1_0.short_description,p1_0.subscription_interval,p1_0.tenant_id,p1_0.track_stock,p1_0.updated_time,p1_0.weight,p1_0.width from products p1_0 where (p1_0.tenant_id = ? OR p1_0.tenant_id = 0) and p1_0.tenant_id = ? and p1_0.alias=?
2026-01-25T02:56:44.920+02:00  INFO 30620 --- [http-nio-744-exec-1] c.o.a.c.controller.CategoryController    : Result: DuplicateName
2026-01-25T02:56:44.921+02:00  WARN 30620 --- [http-nio-744-exec-1] o.h.c.spi.AbstractPersistentCollection   : HHH000506: Detaching an uninitialized collection with enabled filters from a session: [com.onlineStoreCom.entity.tenant.Tenant.children#5]
2026-01-25T02:56:44.921+02:00  WARN 30620 --- [http-nio-744-exec-1] o.h.c.spi.AbstractPersistentCollection   : HHH000506: Detaching an uninitialized collection with enabled filters from a session: [com.onlineStoreCom.entity.users.Role.children#1]
2026-01-25T02:56:44.921+02:00  WARN 30620 --- [http-nio-744-exec-1] o.h.c.spi.AbstractPersistentCollection   : HHH000506: Detaching an uninitialized collection with enabled filters from a session: [com.onlineStoreCom.entity.product.Product.details#180]
2026-01-25T02:56:44.921+02:00  WARN 30620 --- [http-nio-744-exec-1] o.h.c.spi.AbstractPersistentCollection   : HHH000506: Detaching an uninitialized collection with enabled filters from a session: [com.onlineStoreCom.entity.product.Product.images#180]
2026-01-25T02:56:44.921+02:00  WARN 30620 --- [http-nio-744-exec-1] o.h.c.spi.AbstractPersistentCollection   : HHH000506: Detaching an uninitialized collection with enabled filters from a session: [com.onlineStoreCom.entity.brand.Brand.categories#92]
2026-01-25T02:56:44.921+02:00  WARN 30620 --- [http-nio-744-exec-1] o.h.c.spi.AbstractPersistentCollection   : HHH000506: Detaching an uninitialized collection with enabled filters from a session: [com.onlineStoreCom.entity.category.Category.children#37]
2026-01-25T02:56:45.731+02:00 DEBUG 30620 --- [http-nio-744-exec-3] c.o.a.s.tenant.TenantFilterAspect        : ⚠️ [TenantFilterAspect] Service execution without TenantID
2026-01-25T02:56:45.732+02:00 DEBUG 30620 --- [http-nio-744-exec-3] org.hibernate.SQL                        : select u1_0.id,u1_0.email,u1_0.enabled,u1_0.first_name,u1_0.last_login_time,u1_0.last_name,u1_0.password,u1_0.photos,u1_0.tenant_id,u1_0.user_bio from `'user'` u1_0 where u1_0.email=?
2026-01-25T02:56:45.734+02:00 DEBUG 30620 --- [http-nio-744-exec-3] org.hibernate.SQL                        : select r1_0.user_id,r1_1.id,r1_1.all_parent_ids,r1_1.descrption,r1_1.name,r1_1.parent_id,p2_0.role_id,p2_0.id,p2_0.permission,p2_0.scope from user_roles r1_0 join role r1_1 on r1_1.id=r1_0.role_id left join role_permissions p2_0 on r1_1.id=p2_0.role_id where r1_0.user_id=?
2026-01-25T02:56:45.738+02:00 DEBUG 30620 --- [http-nio-744-exec-3] c.o.a.s.tenant.TenantFilterAspect        : ⚠️ [TenantFilterAspect] Service execution without TenantID
2026-01-25T02:56:45.740+02:00 DEBUG 30620 --- [http-nio-744-exec-3] org.hibernate.SQL                        : select t1_0.user_id,t1_0.id,t1_0.tenant_id from user_tenants t1_0 where t1_0.user_id=?
2026-01-25T02:56:45.744+02:00 DEBUG 30620 --- [http-nio-744-exec-3] org.hibernate.SQL                        : select u1_0.tenant_id from user_tenants u1_0 where u1_0.user_id=?
2026-01-25T02:56:45.761+02:00 DEBUG 30620 --- [http-nio-744-exec-3] org.hibernate.SQL                        : select t1_0.id,t1_0.active,t1_0.code,t1_0.created_at,t1_0.level,t1_0.name,t1_0.parent_id,t1_0.status from tenants t1_0 where t1_0.id=?
2026-01-25T02:56:45.765+02:00 DEBUG 30620 --- [http-nio-744-exec-3] c.o.a.s.tenant.TenantFilterAspect        : 🛡️ [TenantFilterAspect] Enforced Filter for TenantID: 5
2026-01-25T02:56:45.767+02:00 DEBUG 30620 --- [http-nio-744-exec-3] org.hibernate.SQL                        : select u1_0.id,u1_0.email,u1_0.enabled,u1_0.first_name,u1_0.last_login_time,u1_0.last_name,u1_0.password,u1_0.photos,u1_0.tenant_id,u1_0.user_bio from `'user'` u1_0 where u1_0.tenant_id = ? and u1_0.tenant_id = ? and u1_0.email=?
2026-01-25T02:56:45.769+02:00 DEBUG 30620 --- [http-nio-744-exec-3] org.hibernate.SQL                        : select r1_0.user_id,r1_1.id,r1_1.all_parent_ids,r1_1.descrption,r1_1.name,r1_1.parent_id,p2_0.role_id,p2_0.id,p2_0.permission,p2_0.scope from user_roles r1_0 join role r1_1 on r1_1.id=r1_0.role_id left join role_permissions p2_0 on r1_1.id=p2_0.role_id where r1_0.user_id=?
2026-01-25T02:56:45.771+02:00 DEBUG 30620 --- [http-nio-744-exec-3] org.hibernate.SQL                        : select t1_0.user_id,t1_0.id,t1_0.tenant_id from user_tenants t1_0 where t1_0.user_id=?
2026-01-25T02:56:45.773+02:00  INFO 30620 --- [http-nio-744-exec-3] c.o.a.c.controller.CategoryController    : Checking uniqueness for id=null, name=sssssss, alias=Xiaomi-Redmi-Note-9S-6.67"-48MP-International-Global-Version
2026-01-25T02:56:45.773+02:00 DEBUG 30620 --- [http-nio-744-exec-3] c.o.a.s.tenant.TenantFilterAspect        : 🛡️ [TenantFilterAspect] Enforced Filter for TenantID: 5
2026-01-25T02:56:45.779+02:00 DEBUG 30620 --- [http-nio-744-exec-3] org.hibernate.SQL                        : select p1_0.id,p1_0.alias,p1_0.average_rating,p1_0.booking_slots,p1_0.brand_id,p1_0.category_id,p1_0.cost,p1_0.created_time,p1_0.discount_percent,p1_0.enabled,p1_0.full_description,p1_0.has_description,p1_0.has_extra_details,p1_0.has_location,p1_0.has_scheduling,p1_0.has_shipping,p1_0.height,p1_0.in_stock,p1_0.length,p1_0.main_image,p1_0.name,p1_0.price,p1_0.product_type,p1_0.review_count,p1_0.service_duration,p1_0.short_description,p1_0.subscription_interval,p1_0.tenant_id,p1_0.track_stock,p1_0.updated_time,p1_0.weight,p1_0.width from products p1_0 where (p1_0.tenant_id = ? OR p1_0.tenant_id = 0) and p1_0.tenant_id = ? and p1_0.name=?
2026-01-25T02:56:45.782+02:00 DEBUG 30620 --- [http-nio-744-exec-3] org.hibernate.SQL                        : select b1_0.id,b1_0.logo,b1_0.name,b1_0.tenant_id from brands b1_0 where b1_0.id=?
2026-01-25T02:56:45.784+02:00 DEBUG 30620 --- [http-nio-744-exec-3] org.hibernate.SQL                        : select c1_0.id,c1_0.alias,c1_0.all_parent_ids,c1_0.enabled,c1_0.image,c1_0.level,c1_0.name,c1_0.parent_id,c1_0.tenant_id from categories c1_0 where c1_0.id=?
2026-01-25T02:56:45.809+02:00 DEBUG 30620 --- [http-nio-744-exec-3] org.hibernate.SQL                        : select p1_0.id,p1_0.alias,p1_0.average_rating,p1_0.booking_slots,p1_0.brand_id,p1_0.category_id,p1_0.cost,p1_0.created_time,p1_0.discount_percent,p1_0.enabled,p1_0.full_description,p1_0.has_description,p1_0.has_extra_details,p1_0.has_location,p1_0.has_scheduling,p1_0.has_shipping,p1_0.height,p1_0.in_stock,p1_0.length,p1_0.main_image,p1_0.name,p1_0.price,p1_0.product_type,p1_0.review_count,p1_0.service_duration,p1_0.short_description,p1_0.subscription_interval,p1_0.tenant_id,p1_0.track_stock,p1_0.updated_time,p1_0.weight,p1_0.width from products p1_0 where (p1_0.tenant_id = ? OR p1_0.tenant_id = 0) and p1_0.tenant_id = ? and p1_0.alias=?
2026-01-25T02:56:45.814+02:00  INFO 30620 --- [http-nio-744-exec-3] c.o.a.c.controller.CategoryController    : Result: DuplicateName
2026-01-25T02:56:45.816+02:00  WARN 30620 --- [http-nio-744-exec-3] o.h.c.spi.AbstractPersistentCollection   : HHH000506: Detaching an uninitialized collection with enabled filters from a session: [com.onlineStoreCom.entity.tenant.Tenant.children#5]
2026-01-25T02:56:45.816+02:00  WARN 30620 --- [http-nio-744-exec-3] o.h.c.spi.AbstractPersistentCollection   : HHH000506: Detaching an uninitialized collection with enabled filters from a session: [com.onlineStoreCom.entity.users.Role.children#1]
2026-01-25T02:56:45.817+02:00  WARN 30620 --- [http-nio-744-exec-3] o.h.c.spi.AbstractPersistentCollection   : HHH000506: Detaching an uninitialized collection with enabled filters from a session: [com.onlineStoreCom.entity.product.Product.details#180]
2026-01-25T02:56:45.817+02:00  WARN 30620 --- [http-nio-744-exec-3] o.h.c.spi.AbstractPersistentCollection   : HHH000506: Detaching an uninitialized collection with enabled filters from a session: [com.onlineStoreCom.entity.product.Product.images#180]
2026-01-25T02:56:45.817+02:00  WARN 30620 --- [http-nio-744-exec-3] o.h.c.spi.AbstractPersistentCollection   : HHH000506: Detaching an uninitialized collection with enabled filters from a session: [com.onlineStoreCom.entity.brand.Brand.categories#92]
2026-01-25T02:56:45.817+02:00  WARN 30620 --- [http-nio-744-exec-3] o.h.c.spi.AbstractPersistentCollection   : HHH000506: Detaching an uninitialized collection with enabled filters from a session: [com.onlineStoreCom.entity.category.Category.children#37]
2026-01-25T02:56:45.947+02:00 DEBUG 30620 --- [http-nio-744-exec-5] c.o.a.s.tenant.TenantFilterAspect        : ⚠️ [TenantFilterAspect] Service execution without TenantID
2026-01-25T02:56:45.947+02:00 DEBUG 30620 --- [http-nio-744-exec-5] org.hibernate.SQL                        : select u1_0.id,u1_0.email,u1_0.enabled,u1_0.first_name,u1_0.last_login_time,u1_0.last_name,u1_0.password,u1_0.photos,u1_0.tenant_id,u1_0.user_bio from `'user'` u1_0 where u1_0.email=?
2026-01-25T02:56:45.950+02:00 DEBUG 30620 --- [http-nio-744-exec-5] org.hibernate.SQL                        : select r1_0.user_id,r1_1.id,r1_1.all_parent_ids,r1_1.descrption,r1_1.name,r1_1.parent_id,p2_0.role_id,p2_0.id,p2_0.permission,p2_0.scope from user_roles r1_0 join role r1_1 on r1_1.id=r1_0.role_id left join role_permissions p2_0 on r1_1.id=p2_0.role_id where r1_0.user_id=?
2026-01-25T02:56:45.954+02:00 DEBUG 30620 --- [http-nio-744-exec-5] c.o.a.s.tenant.TenantFilterAspect        : ⚠️ [TenantFilterAspect] Service execution without TenantID
2026-01-25T02:56:45.955+02:00 DEBUG 30620 --- [http-nio-744-exec-5] org.hibernate.SQL                        : select t1_0.user_id,t1_0.id,t1_0.tenant_id from user_tenants t1_0 where t1_0.user_id=?
2026-01-25T02:56:45.958+02:00 DEBUG 30620 --- [http-nio-744-exec-5] org.hibernate.SQL                        : select u1_0.tenant_id from user_tenants u1_0 where u1_0.user_id=?
2026-01-25T02:56:45.969+02:00 DEBUG 30620 --- [http-nio-744-exec-5] org.hibernate.SQL                        : select t1_0.id,t1_0.active,t1_0.code,t1_0.created_at,t1_0.level,t1_0.name,t1_0.parent_id,t1_0.status from tenants t1_0 where t1_0.id=?
2026-01-25T02:56:45.972+02:00 DEBUG 30620 --- [http-nio-744-exec-5] c.o.a.s.tenant.TenantFilterAspect        : 🛡️ [TenantFilterAspect] Enforced Filter for TenantID: 5
2026-01-25T02:56:45.974+02:00 DEBUG 30620 --- [http-nio-744-exec-5] org.hibernate.SQL                        : select u1_0.id,u1_0.email,u1_0.enabled,u1_0.first_name,u1_0.last_login_time,u1_0.last_name,u1_0.password,u1_0.photos,u1_0.tenant_id,u1_0.user_bio from `'user'` u1_0 where u1_0.tenant_id = ? and u1_0.tenant_id = ? and u1_0.email=?
2026-01-25T02:56:45.975+02:00 DEBUG 30620 --- [http-nio-744-exec-5] org.hibernate.SQL                        : select r1_0.user_id,r1_1.id,r1_1.all_parent_ids,r1_1.descrption,r1_1.name,r1_1.parent_id,p2_0.role_id,p2_0.id,p2_0.permission,p2_0.scope from user_roles r1_0 join role r1_1 on r1_1.id=r1_0.role_id left join role_permissions p2_0 on r1_1.id=p2_0.role_id where r1_0.user_id=?
2026-01-25T02:56:45.979+02:00 DEBUG 30620 --- [http-nio-744-exec-5] org.hibernate.SQL                        : select t1_0.user_id,t1_0.id,t1_0.tenant_id from user_tenants t1_0 where t1_0.user_id=?
2026-01-25T02:56:45.981+02:00  INFO 30620 --- [http-nio-744-exec-5] c.o.a.c.controller.CategoryController    : Checking uniqueness for id=null, name=sssssss, alias=Xiaomi-Redmi-Note-9S-6.67"-48MP-International-Global-Version
2026-01-25T02:56:45.981+02:00 DEBUG 30620 --- [http-nio-744-exec-5] c.o.a.s.tenant.TenantFilterAspect        : 🛡️ [TenantFilterAspect] Enforced Filter for TenantID: 5
2026-01-25T02:56:45.985+02:00 DEBUG 30620 --- [http-nio-744-exec-5] org.hibernate.SQL                        : select p1_0.id,p1_0.alias,p1_0.average_rating,p1_0.booking_slots,p1_0.brand_id,p1_0.category_id,p1_0.cost,p1_0.created_time,p1_0.discount_percent,p1_0.enabled,p1_0.full_description,p1_0.has_description,p1_0.has_extra_details,p1_0.has_location,p1_0.has_scheduling,p1_0.has_shipping,p1_0.height,p1_0.in_stock,p1_0.length,p1_0.main_image,p1_0.name,p1_0.price,p1_0.product_type,p1_0.review_count,p1_0.service_duration,p1_0.short_description,p1_0.subscription_interval,p1_0.tenant_id,p1_0.track_stock,p1_0.updated_time,p1_0.weight,p1_0.width from products p1_0 where (p1_0.tenant_id = ? OR p1_0.tenant_id = 0) and p1_0.tenant_id = ? and p1_0.name=?
2026-01-25T02:56:45.987+02:00 DEBUG 30620 --- [http-nio-744-exec-5] org.hibernate.SQL                        : select b1_0.id,b1_0.logo,b1_0.name,b1_0.tenant_id from brands b1_0 where b1_0.id=?
2026-01-25T02:56:45.990+02:00 DEBUG 30620 --- [http-nio-744-exec-5] org.hibernate.SQL                        : select c1_0.id,c1_0.alias,c1_0.all_parent_ids,c1_0.enabled,c1_0.image,c1_0.level,c1_0.name,c1_0.parent_id,c1_0.tenant_id from categories c1_0 where c1_0.id=?
2026-01-25T02:56:45.995+02:00 DEBUG 30620 --- [http-nio-744-exec-5] org.hibernate.SQL                        : select p1_0.id,p1_0.alias,p1_0.average_rating,p1_0.booking_slots,p1_0.brand_id,p1_0.category_id,p1_0.cost,p1_0.created_time,p1_0.discount_percent,p1_0.enabled,p1_0.full_description,p1_0.has_description,p1_0.has_extra_details,p1_0.has_location,p1_0.has_scheduling,p1_0.has_shipping,p1_0.height,p1_0.in_stock,p1_0.length,p1_0.main_image,p1_0.name,p1_0.price,p1_0.product_type,p1_0.review_count,p1_0.service_duration,p1_0.short_description,p1_0.subscription_interval,p1_0.tenant_id,p1_0.track_stock,p1_0.updated_time,p1_0.weight,p1_0.width from products p1_0 where (p1_0.tenant_id = ? OR p1_0.tenant_id = 0) and p1_0.tenant_id = ? and p1_0.alias=?
2026-01-25T02:56:45.999+02:00  INFO 30620 --- [http-nio-744-exec-5] c.o.a.c.controller.CategoryController    : Result: DuplicateName
2026-01-25T02:56:46.001+02:00  WARN 30620 --- [http-nio-744-exec-5] o.h.c.spi.AbstractPersistentCollection   : HHH000506: Detaching an uninitialized collection with enabled filters from a session: [com.onlineStoreCom.entity.tenant.Tenant.children#5]
2026-01-25T02:56:46.002+02:00  WARN 30620 --- [http-nio-744-exec-5] o.h.c.spi.AbstractPersistentCollection   : HHH000506: Detaching an uninitialized collection with enabled filters from a session: [com.onlineStoreCom.entity.users.Role.children#1]
2026-01-25T02:56:46.002+02:00  WARN 30620 --- [http-nio-744-exec-5] o.h.c.spi.AbstractPersistentCollection   : HHH000506: Detaching an uninitialized collection with enabled filters from a session: [com.onlineStoreCom.entity.product.Product.details#180]
2026-01-25T02:56:46.002+02:00  WARN 30620 --- [http-nio-744-exec-5] o.h.c.spi.AbstractPersistentCollection   : HHH000506: Detaching an uninitialized collection with enabled filters from a session: [com.onlineStoreCom.entity.product.Product.images#180]
2026-01-25T02:56:46.002+02:00  WARN 30620 --- [http-nio-744-exec-5] o.h.c.spi.AbstractPersistentCollection   : HHH000506: Detaching an uninitialized collection with enabled filters from a session: [com.onlineStoreCom.entity.brand.Brand.categories#92]
2026-01-25T02:56:46.002+02:00  WARN 30620 --- [http-nio-744-exec-5] o.h.c.spi.AbstractPersistentCollection   : HHH000506: Detaching an uninitialized collection with enabled filters from a session: [com.onlineStoreCom.entity.category.Category.children#37]
2026-01-25T02:57:06.996+02:00 DEBUG 30620 --- [http-nio-744-exec-9] c.o.a.s.tenant.TenantFilterAspect        : ⚠️ [TenantFilterAspect] Service execution without TenantID
2026-01-25T02:57:07.000+02:00 DEBUG 30620 --- [http-nio-744-exec-9] org.hibernate.SQL                        : select u1_0.id,u1_0.email,u1_0.enabled,u1_0.first_name,u1_0.last_login_time,u1_0.last_name,u1_0.password,u1_0.photos,u1_0.tenant_id,u1_0.user_bio from `'user'` u1_0 where u1_0.email=?
2026-01-25T02:57:07.003+02:00 DEBUG 30620 --- [http-nio-744-exec-9] org.hibernate.SQL                        : select r1_0.user_id,r1_1.id,r1_1.all_parent_ids,r1_1.descrption,r1_1.name,r1_1.parent_id,p2_0.role_id,p2_0.id,p2_0.permission,p2_0.scope from user_roles r1_0 join role r1_1 on r1_1.id=r1_0.role_id left join role_permissions p2_0 on r1_1.id=p2_0.role_id where r1_0.user_id=?
2026-01-25T02:57:07.007+02:00 DEBUG 30620 --- [http-nio-744-exec-9] org.hibernate.SQL                        : select t1_0.user_id,t1_0.id,t1_0.tenant_id from user_tenants t1_0 where t1_0.user_id=?
2026-01-25T02:57:36.202+02:00 DEBUG 30620 --- [http-nio-744-exec-7] c.o.a.s.tenant.TenantFilterAspect        : ⚠️ [TenantFilterAspect] Service execution without TenantID
2026-01-25T02:57:36.204+02:00 DEBUG 30620 --- [http-nio-744-exec-7] org.hibernate.SQL                        : select u1_0.id,u1_0.email,u1_0.enabled,u1_0.first_name,u1_0.last_login_time,u1_0.last_name,u1_0.password,u1_0.photos,u1_0.tenant_id,u1_0.user_bio from `'user'` u1_0 where u1_0.email=?
2026-01-25T02:57:36.209+02:00 DEBUG 30620 --- [http-nio-744-exec-7] org.hibernate.SQL                        : select r1_0.user_id,r1_1.id,r1_1.all_parent_ids,r1_1.descrption,r1_1.name,r1_1.parent_id,p2_0.role_id,p2_0.id,p2_0.permission,p2_0.scope from user_roles r1_0 join role r1_1 on r1_1.id=r1_0.role_id left join role_permissions p2_0 on r1_1.id=p2_0.role_id where r1_0.user_id=?
2026-01-25T02:57:36.214+02:00 DEBUG 30620 --- [http-nio-744-exec-7] org.hibernate.SQL                        : select t1_0.user_id,t1_0.id,t1_0.tenant_id from user_tenants t1_0 where t1_0.user_id=?
