2026-01-17T20:42:33.392+02:00  INFO 5288 --- [main] c.o.admin.WebBackEndApplication          : Starting WebBackEndApplication using Java 19.0.1 with PID 5288 (E:\onlineStore_Active\webParent\WebBackEnd\target\classes started by enoam in E:\onlineStore_Active)
2026-01-17T20:42:33.394+02:00  INFO 5288 --- [main] c.o.admin.WebBackEndApplication          : No active profile set, falling back to 1 default profile: "default"
2026-01-17T20:42:35.322+02:00  INFO 5288 --- [main] .s.d.r.c.RepositoryConfigurationDelegate : Bootstrapping Spring Data JPA repositories in DEFAULT mode.
2026-01-17T20:42:35.559+02:00  INFO 5288 --- [main] .s.d.r.c.RepositoryConfigurationDelegate : Finished Spring Data repository scanning in 223 ms. Found 24 JPA repository interfaces.
2026-01-17T20:42:37.696+02:00  INFO 5288 --- [main] o.s.b.w.embedded.tomcat.TomcatWebServer  : Tomcat initialized with port(s): 710 (http)
2026-01-17T20:42:37.731+02:00  INFO 5288 --- [main] o.apache.catalina.core.StandardService   : Starting service [Tomcat]
2026-01-17T20:42:37.732+02:00  INFO 5288 --- [main] o.apache.catalina.core.StandardEngine    : Starting Servlet engine: [Apache Tomcat/10.1.13]
2026-01-17T20:42:38.008+02:00  INFO 5288 --- [main] o.a.c.c.C.[Tomcat].[localhost].[/]       : Initializing Spring embedded WebApplicationContext
2026-01-17T20:42:38.008+02:00  INFO 5288 --- [main] w.s.c.ServletWebServerApplicationContext : Root WebApplicationContext: initialization completed in 4512 ms
2026-01-17T20:42:38.359+02:00  INFO 5288 --- [main] o.hibernate.jpa.internal.util.LogHelper  : HHH000204: Processing PersistenceUnitInfo [name: default]
2026-01-17T20:42:38.512+02:00  INFO 5288 --- [main] org.hibernate.Version                    : HHH000412: Hibernate ORM core version 6.2.9.Final
2026-01-17T20:42:38.519+02:00  INFO 5288 --- [main] org.hibernate.cfg.Environment            : HHH000406: Using bytecode reflection optimizer
2026-01-17T20:42:38.872+02:00  INFO 5288 --- [main] o.h.b.i.BytecodeProviderInitiator        : HHH000021: Bytecode provider name : bytebuddy
2026-01-17T20:42:39.044+02:00  INFO 5288 --- [main] o.s.o.j.p.SpringPersistenceUnitInfo      : No LoadTimeWeaver setup: ignoring JPA class transformer
2026-01-17T20:42:39.065+02:00  INFO 5288 --- [main] com.zaxxer.hikari.HikariDataSource       : HikariPool-1 - Starting...
2026-01-17T20:42:39.524+02:00  INFO 5288 --- [main] com.zaxxer.hikari.pool.HikariPool        : HikariPool-1 - Added connection com.mysql.cj.jdbc.ConnectionImpl@507f47f9
2026-01-17T20:42:39.528+02:00  INFO 5288 --- [main] com.zaxxer.hikari.HikariDataSource       : HikariPool-1 - Start completed.
2026-01-17T20:42:40.277+02:00  INFO 5288 --- [main] o.h.b.i.BytecodeProviderInitiator        : HHH000021: Bytecode provider name : bytebuddy
2026-01-17T20:42:41.605+02:00  INFO 5288 --- [main] o.h.e.t.j.p.i.JtaPlatformInitiator       : HHH000490: Using JtaPlatform implementation: [org.hibernate.engine.transaction.jta.platform.internal.NoJtaPlatform]
2026-01-17T20:42:42.116+02:00  INFO 5288 --- [main] j.LocalContainerEntityManagerFactoryBean : Initialized JPA EntityManagerFactory for persistence unit 'default'
2026-01-17T20:42:42.404+02:00  INFO 5288 --- [main] o.s.boot.web.servlet.RegistrationBean    : Filter tenantFilterRegistration was not registered (disabled)
2026-01-17T20:42:42.404+02:00  INFO 5288 --- [main] o.s.boot.web.servlet.RegistrationBean    : Filter tenantContextFilterRegistration was not registered (disabled)
2026-01-17T20:42:43.038+02:00  INFO 5288 --- [main] o.s.d.j.r.query.QueryEnhancerFactory     : Hibernate is in classpath; If applicable, HQL parser will be used.
2026-01-17T20:42:45.078+02:00  INFO 5288 --- [main] c.o.a.g.watchdog.FileSystemMonitor       : Watchdog: Registered monitor for tenants
2026-01-17T20:42:45.080+02:00  INFO 5288 --- [main] c.o.a.g.watchdog.FileSystemMonitor       : Watchdog: Registered monitor for .
2026-01-17T20:42:45.082+02:00  INFO 5288 --- [Architecture-Watchdog-Thread] c.o.a.g.watchdog.FileSystemMonitor       : Watchdog: FileSystemMonitor thread started.
2026-01-17T20:42:46.166+02:00  WARN 5288 --- [main] JpaBaseConfiguration$JpaWebConfiguration : spring.jpa.open-in-view is enabled by default. Therefore, database queries may be performed during view rendering. Explicitly configure spring.jpa.open-in-view to disable this warning
2026-01-17T20:42:47.904+02:00  INFO 5288 --- [main] o.s.b.a.e.web.EndpointLinksResolver      : Exposing 5 endpoint(s) beneath base path '/actuator'
2026-01-17T20:42:48.058+02:00  INFO 5288 --- [main] o.s.s.web.DefaultSecurityFilterChain     : Will secure any request with [org.springframework.security.web.session.DisableEncodeUrlFilter@58304c4, org.springframework.security.web.context.request.async.WebAsyncManagerIntegrationFilter@34545f5f, org.springframework.security.web.context.SecurityContextHolderFilter@6b0169ce, org.springframework.security.web.header.HeaderWriterFilter@793ac211, org.springframework.security.web.csrf.CsrfFilter@636a9d18, org.springframework.security.web.authentication.logout.LogoutFilter@4351da3, org.springframework.security.web.authentication.UsernamePasswordAuthenticationFilter@450e8d16, com.onlineStoreCom.security.tenant.TenantContextFilter@1c0f32ad, org.springframework.security.web.savedrequest.RequestCacheAwareFilter@51fcb8d0, org.springframework.security.web.servletapi.SecurityContextHolderAwareRequestFilter@2d91f007, org.springframework.security.web.authentication.rememberme.RememberMeAuthenticationFilter@404dabf3, org.springframework.security.web.authentication.AnonymousAuthenticationFilter@3ff3e6ed, org.springframework.security.web.access.ExceptionTranslationFilter@f2a5d6f, org.springframework.security.web.access.intercept.AuthorizationFilter@186bbc12]
2026-01-17T20:42:48.692+02:00  INFO 5288 --- [main] o.s.b.w.embedded.tomcat.TomcatWebServer  : Tomcat started on port(s): 710 (http) with context path ''
2026-01-17T20:42:48.712+02:00  INFO 5288 --- [main] c.o.admin.WebBackEndApplication          : Started WebBackEndApplication in 15.996 seconds (process running for 16.903)
2026-01-17T20:42:48.976+02:00  INFO 5288 --- [main] c.o.admin.CorrectTenant0To4Data          : ================================================================================
2026-01-17T20:42:48.977+02:00  INFO 5288 --- [main] c.o.admin.CorrectTenant0To4Data          : 🔧 MIGRATING DATA: TENANT 0 -> TENANT 4 (SKIPPED FOR ASSET MIGRATION)
2026-01-17T20:42:48.978+02:00  INFO 5288 --- [main] c.o.admin.CorrectTenant0To4Data          : ================================================================================
2026-01-17T20:42:48.985+02:00  INFO 5288 --- [main] c.onlineStore.admin.CorrectTenant4Data   : ================================================================================
2026-01-17T20:42:48.985+02:00  INFO 5288 --- [main] c.onlineStore.admin.CorrectTenant4Data   : 🔧 FIXING TENANT 4 DATA MIGRATION
2026-01-17T20:42:48.988+02:00  INFO 5288 --- [main] c.onlineStore.admin.CorrectTenant4Data   : ================================================================================
2026-01-17T20:42:49.050+02:00 DEBUG 5288 --- [main] org.hibernate.SQL                        : UPDATE categories SET tenant_id = 4 WHERE tenant_id = 1
2026-01-17T20:42:49.065+02:00  INFO 5288 --- [main] c.onlineStore.admin.CorrectTenant4Data   : ✅ Fixed 0 categories: tenant_id 1 → 4
2026-01-17T20:42:49.066+02:00 DEBUG 5288 --- [main] org.hibernate.SQL                        : UPDATE brands SET tenant_id = 4 WHERE tenant_id = 1
2026-01-17T20:42:49.075+02:00  INFO 5288 --- [main] c.onlineStore.admin.CorrectTenant4Data   : ✅ Fixed 0 brands: tenant_id 1 → 4
2026-01-17T20:42:49.077+02:00 DEBUG 5288 --- [main] org.hibernate.SQL                        : UPDATE products SET tenant_id = 4 WHERE tenant_id = 1
2026-01-17T20:42:49.089+02:00  INFO 5288 --- [main] c.onlineStore.admin.CorrectTenant4Data   : ✅ Fixed 0 products: tenant_id 1 → 4
2026-01-17T20:42:49.090+02:00 DEBUG 5288 --- [main] org.hibernate.SQL                        :     DELETE FROM settings
    WHERE tenant_id = 1
    AND `key` IN (
        SELECT `key` FROM (
            SELECT `key` FROM settings WHERE tenant_id = 4
        ) as temp
    )

2026-01-17T20:42:49.105+02:00  INFO 5288 --- [main] c.onlineStore.admin.CorrectTenant4Data   : ⚠️ Deleted 0 duplicate settings from Tenant 1
2026-01-17T20:42:49.110+02:00 DEBUG 5288 --- [main] org.hibernate.SQL                        : UPDATE settings SET tenant_id = 4 WHERE tenant_id = 1
2026-01-17T20:42:49.113+02:00  INFO 5288 --- [main] c.onlineStore.admin.CorrectTenant4Data   : ✅ Fixed 0 settings: tenant_id 1 → 4
2026-01-17T20:42:49.114+02:00 DEBUG 5288 --- [main] org.hibernate.SQL                        : UPDATE customers SET tenant_id = 4 WHERE tenant_id = 1
2026-01-17T20:42:49.118+02:00  INFO 5288 --- [main] c.onlineStore.admin.CorrectTenant4Data   : ✅ Fixed 0 customers: tenant_id 1 → 4
2026-01-17T20:42:49.121+02:00 DEBUG 5288 --- [main] org.hibernate.SQL                        : UPDATE orders SET tenant_id = 4 WHERE tenant_id = 1
2026-01-17T20:42:49.133+02:00  INFO 5288 --- [main] c.onlineStore.admin.CorrectTenant4Data   : ✅ Fixed 0 orders: tenant_id 1 → 4
2026-01-17T20:42:49.139+02:00 DEBUG 5288 --- [main] org.hibernate.SQL                        : UPDATE reviews SET tenant_id = 4 WHERE tenant_id = 1
2026-01-17T20:42:49.143+02:00  INFO 5288 --- [main] c.onlineStore.admin.CorrectTenant4Data   : ✅ Fixed 0 reviews: tenant_id 1 → 4
2026-01-17T20:42:49.144+02:00 DEBUG 5288 --- [main] org.hibernate.SQL                        : UPDATE articles SET tenant_id = 4 WHERE tenant_id = 1
2026-01-17T20:42:49.149+02:00 DEBUG 5288 --- [main] org.hibernate.SQL                        : UPDATE menus SET tenant_id = 4 WHERE tenant_id = 1
2026-01-17T20:42:49.157+02:00 DEBUG 5288 --- [main] org.hibernate.SQL                        : UPDATE sections SET tenant_id = 4 WHERE tenant_id = 1
2026-01-17T20:42:49.162+02:00  INFO 5288 --- [main] c.onlineStore.admin.CorrectTenant4Data   : ✅ Fixed Content: 0 articles, 0 menus, 0 sections
2026-01-17T20:42:49.187+02:00 DEBUG 5288 --- [main] org.hibernate.SQL                        :     SELECT COUNT(*) FROM brands_categories bc
    JOIN brands b ON bc.brand_id = b.id
    JOIN categories c ON bc.category_id = c.id
    WHERE b.tenant_id = 4 AND c.tenant_id = 1

2026-01-17T20:42:49.220+02:00  INFO 5288 --- [main] c.onlineStore.admin.CorrectTenant4Data   : 📊 Remaining cross-tenant refs (Tenant 4 brands → Tenant 1 categories): 0
2026-01-17T20:42:49.221+02:00  INFO 5288 --- [main] c.onlineStore.admin.CorrectTenant4Data   : ✅ ALL CROSS-TENANT REFERENCES RESOLVED!
2026-01-17T20:42:49.221+02:00  INFO 5288 --- [main] c.onlineStore.admin.CorrectTenant4Data   : ================================================================================
2026-01-17T20:42:49.226+02:00 DEBUG 5288 --- [main] org.hibernate.SQL                        :     SELECT c.id, c.tenant_id, p.id, p.tenant_id
    FROM categories c
    JOIN categories p ON c.parent_id = p.id
    WHERE c.tenant_id != p.tenant_id

2026-01-17T20:42:49.229+02:00 DEBUG 5288 --- [main] org.hibernate.SQL                        :     SELECT p.id, p.tenant_id, c.id, c.tenant_id
    FROM products p
    JOIN categories c ON p.category_id = c.id
    WHERE p.tenant_id != c.tenant_id

2026-01-17T20:42:49.232+02:00 DEBUG 5288 --- [main] org.hibernate.SQL                        :     SELECT p.id, p.tenant_id, b.id, b.tenant_id
    FROM products p
    JOIN brands b ON p.brand_id = b.id
    WHERE p.tenant_id != b.tenant_id

2026-01-17T20:42:49.237+02:00 DEBUG 5288 --- [main] org.hibernate.SQL                        :     DELETE bc FROM brands_categories bc
    JOIN brands b ON bc.brand_id = b.id
    JOIN categories c ON bc.category_id = c.id
    WHERE b.tenant_id != c.tenant_id

2026-01-17T20:42:49.242+02:00 DEBUG 5288 --- [main] org.hibernate.SQL                        :     SELECT o.id, o.tenant_id, c.id, c.tenant_id
    FROM orders o
    JOIN customers c ON o.customer_id = c.id
    WHERE o.tenant_id != c.tenant_id

2026-01-17T20:42:49.246+02:00 DEBUG 5288 --- [main] org.hibernate.SQL                        :     SELECT od.id, o.tenant_id, p.id, p.tenant_id
    FROM order_details od
    JOIN orders o ON od.order_id = o.id
    JOIN products p ON od.product_id = p.id
    WHERE o.tenant_id != p.tenant_id

2026-01-17T20:42:49.259+02:00 DEBUG 5288 --- [main] org.hibernate.SQL                        : SELECT COUNT(*) FROM categories WHERE tenant_id = 4
2026-01-17T20:42:49.262+02:00 DEBUG 5288 --- [main] org.hibernate.SQL                        : SELECT COUNT(*) FROM categories WHERE tenant_id = 5
2026-01-17T20:42:49.265+02:00 DEBUG 5288 --- [main] org.hibernate.SQL                        : SELECT COUNT(*) FROM brands WHERE tenant_id = 4
2026-01-17T20:42:49.268+02:00 DEBUG 5288 --- [main] org.hibernate.SQL                        : SELECT COUNT(*) FROM brands WHERE tenant_id = 5
2026-01-17T20:42:49.273+02:00 DEBUG 5288 --- [main] org.hibernate.SQL                        : SELECT COUNT(*) FROM products WHERE tenant_id = 4
2026-01-17T20:42:49.276+02:00 DEBUG 5288 --- [main] org.hibernate.SQL                        : SELECT COUNT(*) FROM products WHERE tenant_id = 5
2026-01-17T20:42:49.279+02:00 DEBUG 5288 --- [main] org.hibernate.SQL                        :     SELECT c.id, c.name, c.tenant_id, p.id, p.name, p.tenant_id
    FROM categories c
    JOIN categories p ON c.parent_id = p.id
    WHERE c.tenant_id = 4 AND p.tenant_id = 5

2026-01-17T20:42:49.282+02:00 DEBUG 5288 --- [main] org.hibernate.SQL                        :     SELECT bc.brand_id, b.name, b.tenant_id, bc.category_id, c.name, c.tenant_id
    FROM brands_categories bc
    JOIN brands b ON bc.brand_id = b.id
    JOIN categories c ON bc.category_id = c.id
    WHERE b.tenant_id = 4 AND c.tenant_id = 5

2026-01-17T20:42:49.286+02:00 DEBUG 5288 --- [main] org.hibernate.SQL                        :     SELECT p.id, p.name, p.tenant_id, p.category_id, c.name, c.tenant_id
    FROM products p
    JOIN categories c ON p.category_id = c.id
    WHERE p.tenant_id = 4 AND c.tenant_id = 5

2026-01-17T20:42:49.292+02:00 DEBUG 5288 --- [main] org.hibernate.SQL                        :     SELECT p.id, p.name, p.tenant_id, p.brand_id, b.name, b.tenant_id
    FROM products p
    JOIN brands b ON p.brand_id = b.id
    WHERE p.tenant_id = 4 AND b.tenant_id = 5

2026-01-17T20:42:49.295+02:00 DEBUG 5288 --- [main] org.hibernate.SQL                        :     SELECT bc.brand_id, b.name, b.tenant_id, bc.category_id, c.name, c.tenant_id
    FROM brands_categories bc
    JOIN brands b ON bc.brand_id = b.id
    JOIN categories c ON bc.category_id = c.id
    WHERE b.tenant_id = 5 AND c.tenant_id = 4

2026-01-17T20:42:49.307+02:00 DEBUG 5288 --- [main] org.hibernate.SQL                        :     SELECT c.id, c.name, c.tenant_id AS child_tenant,
           p.id AS parent_id, p.name AS parent_name, p.tenant_id AS parent_tenant
    FROM categories c
    JOIN categories p ON c.parent_id = p.id
    WHERE c.tenant_id != p.tenant_id
    ORDER BY c.tenant_id, p.tenant_id

2026-01-17T20:42:49.311+02:00 DEBUG 5288 --- [main] org.hibernate.SQL                        :     SELECT c.id, c.name, p.id, p.name, p.tenant_id
    FROM categories c
    JOIN categories p ON c.parent_id = p.id
    WHERE c.tenant_id = 4 AND c.tenant_id != p.tenant_id

2026-01-17T20:42:49.313+02:00 DEBUG 5288 --- [main] org.hibernate.SQL                        :     SELECT c.id, c.name, c.tenant_id, c.parent_id
    FROM categories c
    WHERE c.parent_id IS NOT NULL
    AND c.parent_id NOT IN (SELECT id FROM categories)

2026-01-17T20:42:49.322+02:00  INFO 5288 --- [main] c.onlineStore.admin.MigrationVerifier    : 🕵️ STARTING MIGRATION VERIFICATION 🕵️
2026-01-17T20:42:49.322+02:00 DEBUG 5288 --- [main] org.hibernate.SQL                        : SELECT COUNT(*) FROM products WHERE tenant_id = 1
2026-01-17T20:42:49.325+02:00 DEBUG 5288 --- [main] org.hibernate.SQL                        : SELECT COUNT(*) FROM products WHERE tenant_id = 4
2026-01-17T20:42:49.328+02:00  INFO 5288 --- [main] c.onlineStore.admin.MigrationVerifier    : [products       ] Tenant 1: 0 | Tenant 4: 108 | Status: ✅ Clean
2026-01-17T20:42:49.329+02:00 DEBUG 5288 --- [main] org.hibernate.SQL                        : SELECT COUNT(*) FROM categories WHERE tenant_id = 1
2026-01-17T20:42:49.331+02:00 DEBUG 5288 --- [main] org.hibernate.SQL                        : SELECT COUNT(*) FROM categories WHERE tenant_id = 4
2026-01-17T20:42:49.333+02:00  INFO 5288 --- [main] c.onlineStore.admin.MigrationVerifier    : [categories     ] Tenant 1: 0 | Tenant 4: 33 | Status: ✅ Clean
2026-01-17T20:42:49.333+02:00 DEBUG 5288 --- [main] org.hibernate.SQL                        : SELECT COUNT(*) FROM brands WHERE tenant_id = 1
2026-01-17T20:42:49.339+02:00 DEBUG 5288 --- [main] org.hibernate.SQL                        : SELECT COUNT(*) FROM brands WHERE tenant_id = 4
2026-01-17T20:42:49.341+02:00  INFO 5288 --- [main] c.onlineStore.admin.MigrationVerifier    : [brands         ] Tenant 1: 0 | Tenant 4: 77 | Status: ✅ Clean
2026-01-17T20:42:49.342+02:00 DEBUG 5288 --- [main] org.hibernate.SQL                        : SELECT COUNT(*) FROM customers WHERE tenant_id = 1
2026-01-17T20:42:49.344+02:00 DEBUG 5288 --- [main] org.hibernate.SQL                        : SELECT COUNT(*) FROM customers WHERE tenant_id = 4
2026-01-17T20:42:49.346+02:00  INFO 5288 --- [main] c.onlineStore.admin.MigrationVerifier    : [customers      ] Tenant 1: 0 | Tenant 4: 43 | Status: ✅ Clean
2026-01-17T20:42:49.346+02:00 DEBUG 5288 --- [main] org.hibernate.SQL                        : SELECT COUNT(*) FROM orders WHERE tenant_id = 1
2026-01-17T20:42:49.348+02:00 DEBUG 5288 --- [main] org.hibernate.SQL                        : SELECT COUNT(*) FROM orders WHERE tenant_id = 4
2026-01-17T20:42:49.350+02:00  INFO 5288 --- [main] c.onlineStore.admin.MigrationVerifier    : [orders         ] Tenant 1: 0 | Tenant 4: 160 | Status: ✅ Clean
2026-01-17T20:42:49.353+02:00 DEBUG 5288 --- [main] org.hibernate.SQL                        : SELECT COUNT(*) FROM reviews WHERE tenant_id = 1
2026-01-17T20:42:49.356+02:00 DEBUG 5288 --- [main] org.hibernate.SQL                        : SELECT COUNT(*) FROM reviews WHERE tenant_id = 4
2026-01-17T20:42:49.360+02:00  INFO 5288 --- [main] c.onlineStore.admin.MigrationVerifier    : [reviews        ] Tenant 1: 0 | Tenant 4: 66 | Status: ✅ Clean
2026-01-17T20:42:49.361+02:00 DEBUG 5288 --- [main] org.hibernate.SQL                        : SELECT COUNT(*) FROM articles WHERE tenant_id = 1
2026-01-17T20:42:49.363+02:00 DEBUG 5288 --- [main] org.hibernate.SQL                        : SELECT COUNT(*) FROM articles WHERE tenant_id = 4
2026-01-17T20:42:49.366+02:00  INFO 5288 --- [main] c.onlineStore.admin.MigrationVerifier    : [articles       ] Tenant 1: 0 | Tenant 4: 9 | Status: ✅ Clean
2026-01-17T20:42:49.370+02:00 DEBUG 5288 --- [main] org.hibernate.SQL                        : SELECT COUNT(*) FROM menus WHERE tenant_id = 1
2026-01-17T20:42:49.375+02:00 DEBUG 5288 --- [main] org.hibernate.SQL                        : SELECT COUNT(*) FROM menus WHERE tenant_id = 4
2026-01-17T20:42:49.377+02:00  INFO 5288 --- [main] c.onlineStore.admin.MigrationVerifier    : [menus          ] Tenant 1: 0 | Tenant 4: 0 | Status: ✅ Clean
2026-01-17T20:42:49.377+02:00 DEBUG 5288 --- [main] org.hibernate.SQL                        : SELECT COUNT(*) FROM sections WHERE tenant_id = 1
2026-01-17T20:42:49.380+02:00 DEBUG 5288 --- [main] org.hibernate.SQL                        : SELECT COUNT(*) FROM sections WHERE tenant_id = 4
2026-01-17T20:42:49.382+02:00  INFO 5288 --- [main] c.onlineStore.admin.MigrationVerifier    : [sections       ] Tenant 1: 0 | Tenant 4: 0 | Status: ✅ Clean
2026-01-17T20:42:49.382+02:00 DEBUG 5288 --- [main] org.hibernate.SQL                        : SELECT COUNT(*) FROM settings WHERE tenant_id = 1
2026-01-17T20:42:49.387+02:00 DEBUG 5288 --- [main] org.hibernate.SQL                        : SELECT COUNT(*) FROM settings WHERE tenant_id = 4
2026-01-17T20:42:49.390+02:00  INFO 5288 --- [main] c.onlineStore.admin.MigrationVerifier    : [settings       ] Tenant 1: 0 | Tenant 4: 67 | Status: ✅ Clean
2026-01-17T20:42:49.392+02:00  INFO 5288 --- [main] c.onlineStore.admin.MigrationVerifier    : 🕵️ VERIFICATION COMPLETE. Check verification_result.txt 🕵️
2026-01-17T20:42:49.482+02:00 DEBUG 5288 --- [main] org.hibernate.SQL                        : select p1_0.id,p1_0.alias,p1_0.average_rating,p1_0.brand_id,p1_0.category_id,p1_0.cost,p1_0.created_time,p1_0.discount_percent,p1_0.enabled,p1_0.full_description,p1_0.height,p1_0.in_stock,p1_0.length,p1_0.main_image,p1_0.name,p1_0.price,p1_0.review_count,p1_0.short_description,p1_0.tenant_id,p1_0.updated_time,p1_0.weight,p1_0.width from products p1_0
2026-01-17T20:42:49.538+02:00 DEBUG 5288 --- [main] org.hibernate.SQL                        : select b1_0.id,b1_0.logo,b1_0.name,b1_0.tenant_id from brands b1_0 where b1_0.id=?
2026-01-17T20:42:49.546+02:00 DEBUG 5288 --- [main] org.hibernate.SQL                        : select c1_0.id,c1_0.alias,c1_0.all_parent_ids,c1_0.enabled,c1_0.image,c1_0.level,c1_0.name,c1_0.parent_id,c1_0.tenant_id from categories c1_0 where c1_0.id=?
2026-01-17T20:42:49.550+02:00 DEBUG 5288 --- [main] org.hibernate.SQL                        : select b1_0.id,b1_0.logo,b1_0.name,b1_0.tenant_id from brands b1_0 where b1_0.id=?
2026-01-17T20:42:49.556+02:00 DEBUG 5288 --- [main] org.hibernate.SQL                        : select b1_0.id,b1_0.logo,b1_0.name,b1_0.tenant_id from brands b1_0 where b1_0.id=?
2026-01-17T20:42:49.560+02:00 DEBUG 5288 --- [main] org.hibernate.SQL                        : select c1_0.id,c1_0.alias,c1_0.all_parent_ids,c1_0.enabled,c1_0.image,c1_0.level,c1_0.name,c1_0.parent_id,c1_0.tenant_id from categories c1_0 where c1_0.id=?
2026-01-17T20:42:49.565+02:00 DEBUG 5288 --- [main] org.hibernate.SQL                        : select b1_0.id,b1_0.logo,b1_0.name,b1_0.tenant_id from brands b1_0 where b1_0.id=?
2026-01-17T20:42:49.570+02:00 DEBUG 5288 --- [main] org.hibernate.SQL                        : select c1_0.id,c1_0.alias,c1_0.all_parent_ids,c1_0.enabled,c1_0.image,c1_0.level,c1_0.name,c1_0.parent_id,c1_0.tenant_id from categories c1_0 where c1_0.id=?
2026-01-17T20:42:49.588+02:00 DEBUG 5288 --- [main] org.hibernate.SQL                        : select b1_0.id,b1_0.logo,b1_0.name,b1_0.tenant_id from brands b1_0 where b1_0.id=?
2026-01-17T20:42:49.591+02:00 DEBUG 5288 --- [main] org.hibernate.SQL                        : select c1_0.id,c1_0.alias,c1_0.all_parent_ids,c1_0.enabled,c1_0.image,c1_0.level,c1_0.name,c1_0.parent_id,c1_0.tenant_id from categories c1_0 where c1_0.id=?
2026-01-17T20:42:49.595+02:00 DEBUG 5288 --- [main] org.hibernate.SQL                        : select b1_0.id,b1_0.logo,b1_0.name,b1_0.tenant_id from brands b1_0 where b1_0.id=?
2026-01-17T20:42:49.600+02:00 DEBUG 5288 --- [main] org.hibernate.SQL                        : select b1_0.id,b1_0.logo,b1_0.name,b1_0.tenant_id from brands b1_0 where b1_0.id=?
2026-01-17T20:42:49.604+02:00 DEBUG 5288 --- [main] org.hibernate.SQL                        : select b1_0.id,b1_0.logo,b1_0.name,b1_0.tenant_id from brands b1_0 where b1_0.id=?
2026-01-17T20:42:49.608+02:00 DEBUG 5288 --- [main] org.hibernate.SQL                        : select b1_0.id,b1_0.logo,b1_0.name,b1_0.tenant_id from brands b1_0 where b1_0.id=?
2026-01-17T20:42:49.611+02:00 DEBUG 5288 --- [main] org.hibernate.SQL                        : select c1_0.id,c1_0.alias,c1_0.all_parent_ids,c1_0.enabled,c1_0.image,c1_0.level,c1_0.name,c1_0.parent_id,c1_0.tenant_id from categories c1_0 where c1_0.id=?
2026-01-17T20:42:49.615+02:00 DEBUG 5288 --- [main] org.hibernate.SQL                        : select b1_0.id,b1_0.logo,b1_0.name,b1_0.tenant_id from brands b1_0 where b1_0.id=?
2026-01-17T20:42:49.622+02:00 DEBUG 5288 --- [main] org.hibernate.SQL                        : select c1_0.id,c1_0.alias,c1_0.all_parent_ids,c1_0.enabled,c1_0.image,c1_0.level,c1_0.name,c1_0.parent_id,c1_0.tenant_id from categories c1_0 where c1_0.id=?
2026-01-17T20:42:49.625+02:00 DEBUG 5288 --- [main] org.hibernate.SQL                        : select b1_0.id,b1_0.logo,b1_0.name,b1_0.tenant_id from brands b1_0 where b1_0.id=?
2026-01-17T20:42:49.627+02:00 DEBUG 5288 --- [main] org.hibernate.SQL                        : select b1_0.id,b1_0.logo,b1_0.name,b1_0.tenant_id from brands b1_0 where b1_0.id=?
2026-01-17T20:42:49.630+02:00 DEBUG 5288 --- [main] org.hibernate.SQL                        : select c1_0.id,c1_0.alias,c1_0.all_parent_ids,c1_0.enabled,c1_0.image,c1_0.level,c1_0.name,c1_0.parent_id,c1_0.tenant_id from categories c1_0 where c1_0.id=?
2026-01-17T20:42:49.633+02:00 DEBUG 5288 --- [main] org.hibernate.SQL                        : select b1_0.id,b1_0.logo,b1_0.name,b1_0.tenant_id from brands b1_0 where b1_0.id=?
2026-01-17T20:42:49.638+02:00 DEBUG 5288 --- [main] org.hibernate.SQL                        : select b1_0.id,b1_0.logo,b1_0.name,b1_0.tenant_id from brands b1_0 where b1_0.id=?
2026-01-17T20:42:49.640+02:00 DEBUG 5288 --- [main] org.hibernate.SQL                        : select b1_0.id,b1_0.logo,b1_0.name,b1_0.tenant_id from brands b1_0 where b1_0.id=?
2026-01-17T20:42:49.644+02:00 DEBUG 5288 --- [main] org.hibernate.SQL                        : select b1_0.id,b1_0.logo,b1_0.name,b1_0.tenant_id from brands b1_0 where b1_0.id=?
2026-01-17T20:42:49.646+02:00 DEBUG 5288 --- [main] org.hibernate.SQL                        : select b1_0.id,b1_0.logo,b1_0.name,b1_0.tenant_id from brands b1_0 where b1_0.id=?
2026-01-17T20:42:49.650+02:00 DEBUG 5288 --- [main] org.hibernate.SQL                        : select b1_0.id,b1_0.logo,b1_0.name,b1_0.tenant_id from brands b1_0 where b1_0.id=?
2026-01-17T20:42:49.654+02:00 DEBUG 5288 --- [main] org.hibernate.SQL                        : select c1_0.id,c1_0.alias,c1_0.all_parent_ids,c1_0.enabled,c1_0.image,c1_0.level,c1_0.name,c1_0.parent_id,c1_0.tenant_id from categories c1_0 where c1_0.id=?
2026-01-17T20:42:49.659+02:00 DEBUG 5288 --- [main] org.hibernate.SQL                        : select b1_0.id,b1_0.logo,b1_0.name,b1_0.tenant_id from brands b1_0 where b1_0.id=?
2026-01-17T20:42:49.663+02:00 DEBUG 5288 --- [main] org.hibernate.SQL                        : select b1_0.id,b1_0.logo,b1_0.name,b1_0.tenant_id from brands b1_0 where b1_0.id=?
2026-01-17T20:42:49.666+02:00 DEBUG 5288 --- [main] org.hibernate.SQL                        : select b1_0.id,b1_0.logo,b1_0.name,b1_0.tenant_id from brands b1_0 where b1_0.id=?
2026-01-17T20:42:49.670+02:00 DEBUG 5288 --- [main] org.hibernate.SQL                        : select b1_0.id,b1_0.logo,b1_0.name,b1_0.tenant_id from brands b1_0 where b1_0.id=?
2026-01-17T20:42:49.672+02:00 DEBUG 5288 --- [main] org.hibernate.SQL                        : select c1_0.id,c1_0.alias,c1_0.all_parent_ids,c1_0.enabled,c1_0.image,c1_0.level,c1_0.name,c1_0.parent_id,c1_0.tenant_id from categories c1_0 where c1_0.id=?
2026-01-17T20:42:49.677+02:00 DEBUG 5288 --- [main] org.hibernate.SQL                        : select b1_0.id,b1_0.logo,b1_0.name,b1_0.tenant_id from brands b1_0 where b1_0.id=?
2026-01-17T20:42:49.680+02:00 DEBUG 5288 --- [main] org.hibernate.SQL                        : select b1_0.id,b1_0.logo,b1_0.name,b1_0.tenant_id from brands b1_0 where b1_0.id=?
2026-01-17T20:42:49.683+02:00 DEBUG 5288 --- [main] org.hibernate.SQL                        : select b1_0.id,b1_0.logo,b1_0.name,b1_0.tenant_id from brands b1_0 where b1_0.id=?
2026-01-17T20:42:49.689+02:00 DEBUG 5288 --- [main] org.hibernate.SQL                        : select c1_0.id,c1_0.alias,c1_0.all_parent_ids,c1_0.enabled,c1_0.image,c1_0.level,c1_0.name,c1_0.parent_id,c1_0.tenant_id from categories c1_0 where c1_0.id=?
2026-01-17T20:42:49.692+02:00 DEBUG 5288 --- [main] org.hibernate.SQL                        : select b1_0.id,b1_0.logo,b1_0.name,b1_0.tenant_id from brands b1_0 where b1_0.id=?
2026-01-17T20:42:49.696+02:00 DEBUG 5288 --- [main] org.hibernate.SQL                        : select b1_0.id,b1_0.logo,b1_0.name,b1_0.tenant_id from brands b1_0 where b1_0.id=?
2026-01-17T20:42:49.698+02:00 DEBUG 5288 --- [main] org.hibernate.SQL                        : select c1_0.id,c1_0.alias,c1_0.all_parent_ids,c1_0.enabled,c1_0.image,c1_0.level,c1_0.name,c1_0.parent_id,c1_0.tenant_id from categories c1_0 where c1_0.id=?
2026-01-17T20:42:49.701+02:00 DEBUG 5288 --- [main] org.hibernate.SQL                        : select b1_0.id,b1_0.logo,b1_0.name,b1_0.tenant_id from brands b1_0 where b1_0.id=?
2026-01-17T20:42:49.706+02:00 DEBUG 5288 --- [main] org.hibernate.SQL                        : select b1_0.id,b1_0.logo,b1_0.name,b1_0.tenant_id from brands b1_0 where b1_0.id=?
2026-01-17T20:42:49.709+02:00 DEBUG 5288 --- [main] org.hibernate.SQL                        : select b1_0.id,b1_0.logo,b1_0.name,b1_0.tenant_id from brands b1_0 where b1_0.id=?
2026-01-17T20:42:49.712+02:00 DEBUG 5288 --- [main] org.hibernate.SQL                        : select b1_0.id,b1_0.logo,b1_0.name,b1_0.tenant_id from brands b1_0 where b1_0.id=?
2026-01-17T20:42:49.714+02:00 DEBUG 5288 --- [main] org.hibernate.SQL                        : select b1_0.id,b1_0.logo,b1_0.name,b1_0.tenant_id from brands b1_0 where b1_0.id=?
2026-01-17T20:42:49.716+02:00 DEBUG 5288 --- [main] org.hibernate.SQL                        : select c1_0.id,c1_0.alias,c1_0.all_parent_ids,c1_0.enabled,c1_0.image,c1_0.level,c1_0.name,c1_0.parent_id,c1_0.tenant_id from categories c1_0 where c1_0.id=?
2026-01-17T20:42:49.719+02:00 DEBUG 5288 --- [main] org.hibernate.SQL                        : select b1_0.id,b1_0.logo,b1_0.name,b1_0.tenant_id from brands b1_0 where b1_0.id=?
2026-01-17T20:42:49.723+02:00 DEBUG 5288 --- [main] org.hibernate.SQL                        : select b1_0.id,b1_0.logo,b1_0.name,b1_0.tenant_id from brands b1_0 where b1_0.id=?
2026-01-17T20:42:49.725+02:00 DEBUG 5288 --- [main] org.hibernate.SQL                        : select b1_0.id,b1_0.logo,b1_0.name,b1_0.tenant_id from brands b1_0 where b1_0.id=?
2026-01-17T20:42:49.727+02:00 DEBUG 5288 --- [main] org.hibernate.SQL                        : select c1_0.id,c1_0.alias,c1_0.all_parent_ids,c1_0.enabled,c1_0.image,c1_0.level,c1_0.name,c1_0.parent_id,c1_0.tenant_id from categories c1_0 where c1_0.id=?
2026-01-17T20:42:49.729+02:00 DEBUG 5288 --- [main] org.hibernate.SQL                        : select b1_0.id,b1_0.logo,b1_0.name,b1_0.tenant_id from brands b1_0 where b1_0.id=?
2026-01-17T20:42:49.730+02:00 DEBUG 5288 --- [main] org.hibernate.SQL                        : select b1_0.id,b1_0.logo,b1_0.name,b1_0.tenant_id from brands b1_0 where b1_0.id=?
2026-01-17T20:42:49.733+02:00 DEBUG 5288 --- [main] org.hibernate.SQL                        : select c1_0.id,c1_0.alias,c1_0.all_parent_ids,c1_0.enabled,c1_0.image,c1_0.level,c1_0.name,c1_0.parent_id,c1_0.tenant_id from categories c1_0 where c1_0.id=?
2026-01-17T20:42:49.739+02:00 DEBUG 5288 --- [main] org.hibernate.SQL                        : select b1_0.id,b1_0.logo,b1_0.name,b1_0.tenant_id from brands b1_0 where b1_0.id=?
2026-01-17T20:42:49.743+02:00 DEBUG 5288 --- [main] org.hibernate.SQL                        : select b1_0.id,b1_0.logo,b1_0.name,b1_0.tenant_id from brands b1_0 where b1_0.id=?
2026-01-17T20:42:49.745+02:00 DEBUG 5288 --- [main] org.hibernate.SQL                        : select b1_0.id,b1_0.logo,b1_0.name,b1_0.tenant_id from brands b1_0 where b1_0.id=?
2026-01-17T20:42:49.748+02:00 DEBUG 5288 --- [main] org.hibernate.SQL                        : select c1_0.id,c1_0.alias,c1_0.all_parent_ids,c1_0.enabled,c1_0.image,c1_0.level,c1_0.name,c1_0.parent_id,c1_0.tenant_id from categories c1_0 where c1_0.id=?
2026-01-17T20:42:49.753+02:00 DEBUG 5288 --- [main] org.hibernate.SQL                        : select b1_0.id,b1_0.logo,b1_0.name,b1_0.tenant_id from brands b1_0 where b1_0.id=?
2026-01-17T20:42:49.756+02:00 DEBUG 5288 --- [main] org.hibernate.SQL                        : select c1_0.id,c1_0.alias,c1_0.all_parent_ids,c1_0.enabled,c1_0.image,c1_0.level,c1_0.name,c1_0.parent_id,c1_0.tenant_id from categories c1_0 where c1_0.id=?
2026-01-17T20:42:49.759+02:00 DEBUG 5288 --- [main] org.hibernate.SQL                        : select b1_0.id,b1_0.logo,b1_0.name,b1_0.tenant_id from brands b1_0 where b1_0.id=?
2026-01-17T20:42:49.763+02:00 DEBUG 5288 --- [main] org.hibernate.SQL                        : select b1_0.id,b1_0.logo,b1_0.name,b1_0.tenant_id from brands b1_0 where b1_0.id=?
2026-01-17T20:42:49.765+02:00 DEBUG 5288 --- [main] org.hibernate.SQL                        : select c1_0.id,c1_0.alias,c1_0.all_parent_ids,c1_0.enabled,c1_0.image,c1_0.level,c1_0.name,c1_0.parent_id,c1_0.tenant_id from categories c1_0 where c1_0.id=?
2026-01-17T20:42:49.774+02:00 DEBUG 5288 --- [main] org.hibernate.SQL                        : select b1_0.id,b1_0.logo,b1_0.name,b1_0.tenant_id from brands b1_0 where b1_0.id=?
2026-01-17T20:42:49.777+02:00 DEBUG 5288 --- [main] org.hibernate.SQL                        : select c1_0.id,c1_0.alias,c1_0.all_parent_ids,c1_0.enabled,c1_0.image,c1_0.level,c1_0.name,c1_0.parent_id,c1_0.tenant_id from categories c1_0 where c1_0.id=?
2026-01-17T20:42:49.780+02:00 DEBUG 5288 --- [main] org.hibernate.SQL                        : select c1_0.id,c1_0.alias,c1_0.all_parent_ids,c1_0.enabled,c1_0.image,c1_0.level,c1_0.name,c1_0.parent_id,c1_0.tenant_id from categories c1_0 where c1_0.id=?
2026-01-17T20:42:49.782+02:00 DEBUG 5288 --- [main] org.hibernate.SQL                        : select b1_0.id,b1_0.logo,b1_0.name,b1_0.tenant_id from brands b1_0 where b1_0.id=?
2026-01-17T20:42:49.789+02:00 DEBUG 5288 --- [main] org.hibernate.SQL                        : select b1_0.id,b1_0.logo,b1_0.name,b1_0.tenant_id from brands b1_0 where b1_0.id=?
2026-01-17T20:42:49.795+02:00 DEBUG 5288 --- [main] org.hibernate.SQL                        : select b1_0.id,b1_0.logo,b1_0.name,b1_0.tenant_id from brands b1_0 where b1_0.id=?
2026-01-17T20:42:49.797+02:00 DEBUG 5288 --- [main] org.hibernate.SQL                        : select c1_0.id,c1_0.alias,c1_0.all_parent_ids,c1_0.enabled,c1_0.image,c1_0.level,c1_0.name,c1_0.parent_id,c1_0.tenant_id from categories c1_0 where c1_0.id=?
2026-01-17T20:42:49.805+02:00 DEBUG 5288 --- [main] org.hibernate.SQL                        : select b1_0.id,b1_0.logo,b1_0.name,b1_0.tenant_id from brands b1_0 where b1_0.id=?
2026-01-17T20:42:49.809+02:00 DEBUG 5288 --- [main] org.hibernate.SQL                        : select c1_0.id,c1_0.alias,c1_0.all_parent_ids,c1_0.enabled,c1_0.image,c1_0.level,c1_0.name,c1_0.parent_id,c1_0.tenant_id from categories c1_0 where c1_0.id=?
2026-01-17T20:42:49.812+02:00 DEBUG 5288 --- [main] org.hibernate.SQL                        : select b1_0.id,b1_0.logo,b1_0.name,b1_0.tenant_id from brands b1_0 where b1_0.id=?
2026-01-17T20:42:49.815+02:00 DEBUG 5288 --- [main] org.hibernate.SQL                        : select b1_0.id,b1_0.logo,b1_0.name,b1_0.tenant_id from brands b1_0 where b1_0.id=?
2026-01-17T20:42:49.821+02:00 DEBUG 5288 --- [main] org.hibernate.SQL                        : select c1_0.id,c1_0.alias,c1_0.all_parent_ids,c1_0.enabled,c1_0.image,c1_0.level,c1_0.name,c1_0.parent_id,c1_0.tenant_id from categories c1_0 where c1_0.id=?
2026-01-17T20:42:49.825+02:00 DEBUG 5288 --- [main] org.hibernate.SQL                        : select b1_0.id,b1_0.logo,b1_0.name,b1_0.tenant_id from brands b1_0 where b1_0.id=?
2026-01-17T20:42:49.828+02:00 DEBUG 5288 --- [main] org.hibernate.SQL                        : select b1_0.id,b1_0.logo,b1_0.name,b1_0.tenant_id from brands b1_0 where b1_0.id=?
2026-01-17T20:42:49.831+02:00 DEBUG 5288 --- [main] org.hibernate.SQL                        : select c1_0.id,c1_0.alias,c1_0.all_parent_ids,c1_0.enabled,c1_0.image,c1_0.level,c1_0.name,c1_0.parent_id,c1_0.tenant_id from categories c1_0 where c1_0.id=?
2026-01-17T20:42:49.841+02:00 DEBUG 5288 --- [main] org.hibernate.SQL                        : select b1_0.id,b1_0.logo,b1_0.name,b1_0.tenant_id from brands b1_0 where b1_0.id=?
2026-01-17T20:42:49.845+02:00 DEBUG 5288 --- [main] org.hibernate.SQL                        : select c1_0.id,c1_0.alias,c1_0.all_parent_ids,c1_0.enabled,c1_0.image,c1_0.level,c1_0.name,c1_0.parent_id,c1_0.tenant_id from categories c1_0 where c1_0.id=?
2026-01-17T20:42:50.114+02:00 DEBUG 5288 --- [main] org.hibernate.SQL                        : UPDATE categories c JOIN categories p ON c.parent_id = p.id SET c.parent_id = NULL WHERE c.tenant_id != p.tenant_id
2026-01-17T20:43:52.187+02:00  INFO 5288 --- [http-nio-710-exec-2] o.a.c.c.C.[Tomcat].[localhost].[/]       : Initializing Spring DispatcherServlet 'dispatcherServlet'
2026-01-17T20:43:52.188+02:00  INFO 5288 --- [http-nio-710-exec-2] o.s.web.servlet.DispatcherServlet        : Initializing Servlet 'dispatcherServlet'
2026-01-17T20:43:52.191+02:00  INFO 5288 --- [http-nio-710-exec-2] o.s.web.servlet.DispatcherServlet        : Completed initialization in 2 ms
2026-01-17T20:43:52.460+02:00  WARN 5288 --- [http-nio-710-exec-2] o.a.c.util.SessionIdGeneratorBase        : Creation of SecureRandom instance for session ID generation using [SHA1PRNG] took [102] milliseconds.
2026-01-17T20:43:57.745+02:00 DEBUG 5288 --- [http-nio-710-exec-9] c.o.a.s.tenant.TenantFilterAspect        : ⚠️ [TenantFilterAspect] Service execution without TenantID
2026-01-17T20:43:57.815+02:00 DEBUG 5288 --- [http-nio-710-exec-9] org.hibernate.SQL                        : select u1_0.id,u1_0.email,u1_0.enabled,u1_0.first_name,u1_0.last_name,u1_0.password,u1_0.photos,u1_0.tenant_id,u1_0.user_bio from `'user'` u1_0 where u1_0.email=?
2026-01-17T20:43:57.830+02:00 DEBUG 5288 --- [http-nio-710-exec-9] org.hibernate.SQL                        : select r1_0.user_id,r1_1.id,r1_1.all_parent_ids,r1_1.descrption,r1_1.name,r1_1.parent_id from user_roles r1_0 join role r1_1 on r1_1.id=r1_0.role_id where r1_0.user_id=?
2026-01-17T20:43:58.108+02:00 DEBUG 5288 --- [http-nio-710-exec-8] c.o.a.s.tenant.TenantFilterAspect        : 🛡️ [TenantFilterAspect] Enforced Filter for TenantID: 4
2026-01-17T20:43:58.126+02:00 DEBUG 5288 --- [http-nio-710-exec-8] org.hibernate.SQL                        : select u1_0.id,u1_0.email,u1_0.enabled,u1_0.first_name,u1_0.last_name,u1_0.password,u1_0.photos,u1_0.tenant_id,u1_0.user_bio from `'user'` u1_0 where u1_0.tenant_id = ? and u1_0.tenant_id = ? order by u1_0.first_name limit ?,?
2026-01-17T20:43:58.129+02:00 DEBUG 5288 --- [http-nio-710-exec-8] org.hibernate.SQL                        : select r1_0.user_id,r1_1.id,r1_1.all_parent_ids,r1_1.descrption,r1_1.name,r1_1.parent_id from user_roles r1_0 join role r1_1 on r1_1.id=r1_0.role_id where r1_0.user_id=?
2026-01-17T20:43:58.132+02:00 DEBUG 5288 --- [http-nio-710-exec-8] org.hibernate.SQL                        : select r1_0.user_id,r1_1.id,r1_1.all_parent_ids,r1_1.descrption,r1_1.name,r1_1.parent_id from user_roles r1_0 join role r1_1 on r1_1.id=r1_0.role_id where r1_0.user_id=?
2026-01-17T20:43:58.134+02:00 DEBUG 5288 --- [http-nio-710-exec-8] org.hibernate.SQL                        : select r1_0.user_id,r1_1.id,r1_1.all_parent_ids,r1_1.descrption,r1_1.name,r1_1.parent_id from user_roles r1_0 join role r1_1 on r1_1.id=r1_0.role_id where r1_0.user_id=?
2026-01-17T20:43:58.137+02:00 DEBUG 5288 --- [http-nio-710-exec-8] org.hibernate.SQL                        : select r1_0.user_id,r1_1.id,r1_1.all_parent_ids,r1_1.descrption,r1_1.name,r1_1.parent_id from user_roles r1_0 join role r1_1 on r1_1.id=r1_0.role_id where r1_0.user_id=?
2026-01-17T20:43:58.139+02:00 DEBUG 5288 --- [http-nio-710-exec-8] org.hibernate.SQL                        : select r1_0.user_id,r1_1.id,r1_1.all_parent_ids,r1_1.descrption,r1_1.name,r1_1.parent_id from user_roles r1_0 join role r1_1 on r1_1.id=r1_0.role_id where r1_0.user_id=?
2026-01-17T20:43:58.170+02:00 DEBUG 5288 --- [http-nio-710-exec-8] org.hibernate.SQL                        : select count(u1_0.id) from `'user'` u1_0 where u1_0.tenant_id = ? and u1_0.tenant_id = ?
2026-01-17T20:43:59.210+02:00 DEBUG 5288 --- [http-nio-710-exec-4] c.o.a.s.tenant.TenantFilterAspect        : 🛡️ [TenantFilterAspect] Enforced Filter for TenantID: 4
2026-01-17T20:43:59.231+02:00 DEBUG 5288 --- [http-nio-710-exec-4] org.hibernate.SQL                        : select s1_0.id,s1_0.category,s1_0.`key`,s1_0.tenant_id,s1_0.value from settings s1_0 where (s1_0.tenant_id = ? or s1_0.tenant_id = 0 or s1_0.tenant_id is null) and s1_0.tenant_id = ? and s1_0.category=?
2026-01-17T20:43:59.427+02:00  WARN 5288 --- [http-nio-710-exec-8] o.h.c.spi.AbstractPersistentCollection   : HHH000506: Detaching an uninitialized collection with enabled filters from a session: [com.onlineStoreCom.entity.users.Role.children#5]
2026-01-17T20:43:59.428+02:00  WARN 5288 --- [http-nio-710-exec-8] o.h.c.spi.AbstractPersistentCollection   : HHH000506: Detaching an uninitialized collection with enabled filters from a session: [com.onlineStoreCom.entity.users.Role.children#1]
2026-01-17T20:43:59.428+02:00  WARN 5288 --- [http-nio-710-exec-8] o.h.c.spi.AbstractPersistentCollection   : HHH000506: Detaching an uninitialized collection with enabled filters from a session: [com.onlineStoreCom.entity.users.Role.children#3]
2026-01-17T20:43:59.428+02:00  WARN 5288 --- [http-nio-710-exec-8] o.h.c.spi.AbstractPersistentCollection   : HHH000506: Detaching an uninitialized collection with enabled filters from a session: [com.onlineStoreCom.entity.users.Role.children#4]
2026-01-17T20:44:03.861+02:00 DEBUG 5288 --- [http-nio-710-exec-3] c.o.a.s.tenant.TenantFilterAspect        : 🛡️ [TenantFilterAspect] Enforced Filter for TenantID: 4
2026-01-17T20:44:03.867+02:00 DEBUG 5288 --- [http-nio-710-exec-3] org.hibernate.SQL                        : select c1_0.id,c1_0.alias,c1_0.all_parent_ids,c1_0.enabled,c1_0.image,c1_0.level,c1_0.name,c1_0.parent_id,c1_0.tenant_id from categories c1_0 where c1_0.tenant_id = ? and c1_0.parent_id is null
2026-01-17T20:44:03.875+02:00 DEBUG 5288 --- [http-nio-710-exec-3] org.hibernate.SQL                        : select c1_0.parent_id,c1_0.id,c1_0.alias,c1_0.all_parent_ids,c1_0.enabled,c1_0.image,c1_0.level,c1_0.name,c1_0.tenant_id from categories c1_0 where c1_0.parent_id=? order by c1_0.name
2026-01-17T20:44:03.880+02:00 DEBUG 5288 --- [http-nio-710-exec-3] org.hibernate.SQL                        : select c1_0.parent_id,c1_0.id,c1_0.alias,c1_0.all_parent_ids,c1_0.enabled,c1_0.image,c1_0.level,c1_0.name,c1_0.tenant_id from categories c1_0 where c1_0.parent_id=? order by c1_0.name
2026-01-17T20:44:03.882+02:00 DEBUG 5288 --- [http-nio-710-exec-3] org.hibernate.SQL                        : select c1_0.parent_id,c1_0.id,c1_0.alias,c1_0.all_parent_ids,c1_0.enabled,c1_0.image,c1_0.level,c1_0.name,c1_0.tenant_id from categories c1_0 where c1_0.parent_id=? order by c1_0.name
2026-01-17T20:44:03.886+02:00 DEBUG 5288 --- [http-nio-710-exec-3] org.hibernate.SQL                        : select c1_0.parent_id,c1_0.id,c1_0.alias,c1_0.all_parent_ids,c1_0.enabled,c1_0.image,c1_0.level,c1_0.name,c1_0.tenant_id from categories c1_0 where c1_0.parent_id=? order by c1_0.name
2026-01-17T20:44:03.892+02:00 DEBUG 5288 --- [http-nio-710-exec-3] org.hibernate.SQL                        : select c1_0.parent_id,c1_0.id,c1_0.alias,c1_0.all_parent_ids,c1_0.enabled,c1_0.image,c1_0.level,c1_0.name,c1_0.tenant_id from categories c1_0 where c1_0.parent_id=? order by c1_0.name
2026-01-17T20:44:03.894+02:00 DEBUG 5288 --- [http-nio-710-exec-3] org.hibernate.SQL                        : select c1_0.parent_id,c1_0.id,c1_0.alias,c1_0.all_parent_ids,c1_0.enabled,c1_0.image,c1_0.level,c1_0.name,c1_0.tenant_id from categories c1_0 where c1_0.parent_id=? order by c1_0.name
2026-01-17T20:44:03.897+02:00 DEBUG 5288 --- [http-nio-710-exec-3] org.hibernate.SQL                        : select c1_0.parent_id,c1_0.id,c1_0.alias,c1_0.all_parent_ids,c1_0.enabled,c1_0.image,c1_0.level,c1_0.name,c1_0.tenant_id from categories c1_0 where c1_0.parent_id=? order by c1_0.name
2026-01-17T20:44:03.900+02:00 DEBUG 5288 --- [http-nio-710-exec-3] org.hibernate.SQL                        : select c1_0.parent_id,c1_0.id,c1_0.alias,c1_0.all_parent_ids,c1_0.enabled,c1_0.image,c1_0.level,c1_0.name,c1_0.tenant_id from categories c1_0 where c1_0.parent_id=? order by c1_0.name
2026-01-17T20:44:03.902+02:00 DEBUG 5288 --- [http-nio-710-exec-3] org.hibernate.SQL                        : select c1_0.parent_id,c1_0.id,c1_0.alias,c1_0.all_parent_ids,c1_0.enabled,c1_0.image,c1_0.level,c1_0.name,c1_0.tenant_id from categories c1_0 where c1_0.parent_id=? order by c1_0.name
2026-01-17T20:44:03.907+02:00 DEBUG 5288 --- [http-nio-710-exec-3] org.hibernate.SQL                        : select c1_0.parent_id,c1_0.id,c1_0.alias,c1_0.all_parent_ids,c1_0.enabled,c1_0.image,c1_0.level,c1_0.name,c1_0.tenant_id from categories c1_0 where c1_0.parent_id=? order by c1_0.name
2026-01-17T20:44:03.909+02:00 DEBUG 5288 --- [http-nio-710-exec-3] org.hibernate.SQL                        : select c1_0.parent_id,c1_0.id,c1_0.alias,c1_0.all_parent_ids,c1_0.enabled,c1_0.image,c1_0.level,c1_0.name,c1_0.tenant_id from categories c1_0 where c1_0.parent_id=? order by c1_0.name
2026-01-17T20:44:03.912+02:00 DEBUG 5288 --- [http-nio-710-exec-3] org.hibernate.SQL                        : select c1_0.parent_id,c1_0.id,c1_0.alias,c1_0.all_parent_ids,c1_0.enabled,c1_0.image,c1_0.level,c1_0.name,c1_0.tenant_id from categories c1_0 where c1_0.parent_id=? order by c1_0.name
2026-01-17T20:44:03.913+02:00 DEBUG 5288 --- [http-nio-710-exec-3] org.hibernate.SQL                        : select c1_0.parent_id,c1_0.id,c1_0.alias,c1_0.all_parent_ids,c1_0.enabled,c1_0.image,c1_0.level,c1_0.name,c1_0.tenant_id from categories c1_0 where c1_0.parent_id=? order by c1_0.name
2026-01-17T20:44:03.915+02:00 DEBUG 5288 --- [http-nio-710-exec-3] org.hibernate.SQL                        : select c1_0.parent_id,c1_0.id,c1_0.alias,c1_0.all_parent_ids,c1_0.enabled,c1_0.image,c1_0.level,c1_0.name,c1_0.tenant_id from categories c1_0 where c1_0.parent_id=? order by c1_0.name
2026-01-17T20:44:03.916+02:00 DEBUG 5288 --- [http-nio-710-exec-3] org.hibernate.SQL                        : select c1_0.parent_id,c1_0.id,c1_0.alias,c1_0.all_parent_ids,c1_0.enabled,c1_0.image,c1_0.level,c1_0.name,c1_0.tenant_id from categories c1_0 where c1_0.parent_id=? order by c1_0.name
2026-01-17T20:44:03.919+02:00 DEBUG 5288 --- [http-nio-710-exec-3] org.hibernate.SQL                        : select c1_0.parent_id,c1_0.id,c1_0.alias,c1_0.all_parent_ids,c1_0.enabled,c1_0.image,c1_0.level,c1_0.name,c1_0.tenant_id from categories c1_0 where c1_0.parent_id=? order by c1_0.name
2026-01-17T20:44:03.924+02:00 DEBUG 5288 --- [http-nio-710-exec-3] org.hibernate.SQL                        : select c1_0.parent_id,c1_0.id,c1_0.alias,c1_0.all_parent_ids,c1_0.enabled,c1_0.image,c1_0.level,c1_0.name,c1_0.tenant_id from categories c1_0 where c1_0.parent_id=? order by c1_0.name
2026-01-17T20:44:03.926+02:00 DEBUG 5288 --- [http-nio-710-exec-3] org.hibernate.SQL                        : select c1_0.parent_id,c1_0.id,c1_0.alias,c1_0.all_parent_ids,c1_0.enabled,c1_0.image,c1_0.level,c1_0.name,c1_0.tenant_id from categories c1_0 where c1_0.parent_id=? order by c1_0.name
2026-01-17T20:44:03.928+02:00 DEBUG 5288 --- [http-nio-710-exec-3] org.hibernate.SQL                        : select c1_0.parent_id,c1_0.id,c1_0.alias,c1_0.all_parent_ids,c1_0.enabled,c1_0.image,c1_0.level,c1_0.name,c1_0.tenant_id from categories c1_0 where c1_0.parent_id=? order by c1_0.name
2026-01-17T20:44:03.931+02:00 DEBUG 5288 --- [http-nio-710-exec-3] org.hibernate.SQL                        : select c1_0.parent_id,c1_0.id,c1_0.alias,c1_0.all_parent_ids,c1_0.enabled,c1_0.image,c1_0.level,c1_0.name,c1_0.tenant_id from categories c1_0 where c1_0.parent_id=? order by c1_0.name
2026-01-17T20:44:03.933+02:00 DEBUG 5288 --- [http-nio-710-exec-3] org.hibernate.SQL                        : select c1_0.parent_id,c1_0.id,c1_0.alias,c1_0.all_parent_ids,c1_0.enabled,c1_0.image,c1_0.level,c1_0.name,c1_0.tenant_id from categories c1_0 where c1_0.parent_id=? order by c1_0.name
2026-01-17T20:44:03.936+02:00 DEBUG 5288 --- [http-nio-710-exec-3] org.hibernate.SQL                        : select c1_0.parent_id,c1_0.id,c1_0.alias,c1_0.all_parent_ids,c1_0.enabled,c1_0.image,c1_0.level,c1_0.name,c1_0.tenant_id from categories c1_0 where c1_0.parent_id=? order by c1_0.name
2026-01-17T20:44:03.940+02:00 DEBUG 5288 --- [http-nio-710-exec-3] org.hibernate.SQL                        : select c1_0.parent_id,c1_0.id,c1_0.alias,c1_0.all_parent_ids,c1_0.enabled,c1_0.image,c1_0.level,c1_0.name,c1_0.tenant_id from categories c1_0 where c1_0.parent_id=? order by c1_0.name
2026-01-17T20:44:03.942+02:00 DEBUG 5288 --- [http-nio-710-exec-3] org.hibernate.SQL                        : select c1_0.parent_id,c1_0.id,c1_0.alias,c1_0.all_parent_ids,c1_0.enabled,c1_0.image,c1_0.level,c1_0.name,c1_0.tenant_id from categories c1_0 where c1_0.parent_id=? order by c1_0.name
2026-01-17T20:44:03.945+02:00 DEBUG 5288 --- [http-nio-710-exec-3] org.hibernate.SQL                        : select c1_0.parent_id,c1_0.id,c1_0.alias,c1_0.all_parent_ids,c1_0.enabled,c1_0.image,c1_0.level,c1_0.name,c1_0.tenant_id from categories c1_0 where c1_0.parent_id=? order by c1_0.name
2026-01-17T20:44:03.947+02:00 DEBUG 5288 --- [http-nio-710-exec-3] org.hibernate.SQL                        : select c1_0.parent_id,c1_0.id,c1_0.alias,c1_0.all_parent_ids,c1_0.enabled,c1_0.image,c1_0.level,c1_0.name,c1_0.tenant_id from categories c1_0 where c1_0.parent_id=? order by c1_0.name
2026-01-17T20:44:03.949+02:00 DEBUG 5288 --- [http-nio-710-exec-3] org.hibernate.SQL                        : select c1_0.parent_id,c1_0.id,c1_0.alias,c1_0.all_parent_ids,c1_0.enabled,c1_0.image,c1_0.level,c1_0.name,c1_0.tenant_id from categories c1_0 where c1_0.parent_id=? order by c1_0.name
2026-01-17T20:44:03.951+02:00 DEBUG 5288 --- [http-nio-710-exec-3] org.hibernate.SQL                        : select c1_0.parent_id,c1_0.id,c1_0.alias,c1_0.all_parent_ids,c1_0.enabled,c1_0.image,c1_0.level,c1_0.name,c1_0.tenant_id from categories c1_0 where c1_0.parent_id=? order by c1_0.name
2026-01-17T20:44:03.955+02:00 DEBUG 5288 --- [http-nio-710-exec-3] org.hibernate.SQL                        : select c1_0.parent_id,c1_0.id,c1_0.alias,c1_0.all_parent_ids,c1_0.enabled,c1_0.image,c1_0.level,c1_0.name,c1_0.tenant_id from categories c1_0 where c1_0.parent_id=? order by c1_0.name
2026-01-17T20:44:03.958+02:00 DEBUG 5288 --- [http-nio-710-exec-3] org.hibernate.SQL                        : select c1_0.parent_id,c1_0.id,c1_0.alias,c1_0.all_parent_ids,c1_0.enabled,c1_0.image,c1_0.level,c1_0.name,c1_0.tenant_id from categories c1_0 where c1_0.parent_id=? order by c1_0.name
2026-01-17T20:44:03.959+02:00 DEBUG 5288 --- [http-nio-710-exec-3] org.hibernate.SQL                        : select c1_0.parent_id,c1_0.id,c1_0.alias,c1_0.all_parent_ids,c1_0.enabled,c1_0.image,c1_0.level,c1_0.name,c1_0.tenant_id from categories c1_0 where c1_0.parent_id=? order by c1_0.name
2026-01-17T20:44:03.961+02:00 DEBUG 5288 --- [http-nio-710-exec-3] org.hibernate.SQL                        : select c1_0.parent_id,c1_0.id,c1_0.alias,c1_0.all_parent_ids,c1_0.enabled,c1_0.image,c1_0.level,c1_0.name,c1_0.tenant_id from categories c1_0 where c1_0.parent_id=? order by c1_0.name
2026-01-17T20:44:03.963+02:00 DEBUG 5288 --- [http-nio-710-exec-3] org.hibernate.SQL                        : select c1_0.parent_id,c1_0.id,c1_0.alias,c1_0.all_parent_ids,c1_0.enabled,c1_0.image,c1_0.level,c1_0.name,c1_0.tenant_id from categories c1_0 where c1_0.parent_id=? order by c1_0.name
2026-01-17T20:44:04.232+02:00 DEBUG 5288 --- [http-nio-710-exec-7] c.o.a.s.tenant.TenantFilterAspect        : 🛡️ [TenantFilterAspect] Enforced Filter for TenantID: 4
2026-01-17T20:44:04.244+02:00 DEBUG 5288 --- [http-nio-710-exec-7] org.hibernate.SQL                        : select s1_0.id,s1_0.category,s1_0.`key`,s1_0.tenant_id,s1_0.value from settings s1_0 where (s1_0.tenant_id = ? or s1_0.tenant_id = 0 or s1_0.tenant_id is null) and s1_0.tenant_id = ? and s1_0.category=?
2026-01-17T20:44:05.613+02:00 DEBUG 5288 --- [http-nio-710-exec-1] c.o.a.s.tenant.TenantFilterAspect        : 🛡️ [TenantFilterAspect] Enforced Filter for TenantID: 4
2026-01-17T20:44:05.616+02:00 DEBUG 5288 --- [http-nio-710-exec-1] org.hibernate.SQL                        : select c1_0.id,c1_0.alias,c1_0.all_parent_ids,c1_0.enabled,c1_0.image,c1_0.level,c1_0.name,c1_0.parent_id,c1_0.tenant_id from categories c1_0 where c1_0.tenant_id = ? and c1_0.parent_id is null
2026-01-17T20:44:05.622+02:00 DEBUG 5288 --- [http-nio-710-exec-1] org.hibernate.SQL                        : select c1_0.parent_id,c1_0.id,c1_0.alias,c1_0.all_parent_ids,c1_0.enabled,c1_0.image,c1_0.level,c1_0.name,c1_0.tenant_id from categories c1_0 where c1_0.parent_id=? order by c1_0.name
2026-01-17T20:44:05.625+02:00 DEBUG 5288 --- [http-nio-710-exec-1] org.hibernate.SQL                        : select c1_0.parent_id,c1_0.id,c1_0.alias,c1_0.all_parent_ids,c1_0.enabled,c1_0.image,c1_0.level,c1_0.name,c1_0.tenant_id from categories c1_0 where c1_0.parent_id=? order by c1_0.name
2026-01-17T20:44:05.628+02:00 DEBUG 5288 --- [http-nio-710-exec-1] org.hibernate.SQL                        : select c1_0.parent_id,c1_0.id,c1_0.alias,c1_0.all_parent_ids,c1_0.enabled,c1_0.image,c1_0.level,c1_0.name,c1_0.tenant_id from categories c1_0 where c1_0.parent_id=? order by c1_0.name
2026-01-17T20:44:05.633+02:00 DEBUG 5288 --- [http-nio-710-exec-1] org.hibernate.SQL                        : select c1_0.parent_id,c1_0.id,c1_0.alias,c1_0.all_parent_ids,c1_0.enabled,c1_0.image,c1_0.level,c1_0.name,c1_0.tenant_id from categories c1_0 where c1_0.parent_id=? order by c1_0.name
2026-01-17T20:44:05.637+02:00 DEBUG 5288 --- [http-nio-710-exec-1] org.hibernate.SQL                        : select c1_0.parent_id,c1_0.id,c1_0.alias,c1_0.all_parent_ids,c1_0.enabled,c1_0.image,c1_0.level,c1_0.name,c1_0.tenant_id from categories c1_0 where c1_0.parent_id=? order by c1_0.name
2026-01-17T20:44:05.640+02:00 DEBUG 5288 --- [http-nio-710-exec-1] org.hibernate.SQL                        : select c1_0.parent_id,c1_0.id,c1_0.alias,c1_0.all_parent_ids,c1_0.enabled,c1_0.image,c1_0.level,c1_0.name,c1_0.tenant_id from categories c1_0 where c1_0.parent_id=? order by c1_0.name
2026-01-17T20:44:05.642+02:00 DEBUG 5288 --- [http-nio-710-exec-1] org.hibernate.SQL                        : select c1_0.parent_id,c1_0.id,c1_0.alias,c1_0.all_parent_ids,c1_0.enabled,c1_0.image,c1_0.level,c1_0.name,c1_0.tenant_id from categories c1_0 where c1_0.parent_id=? order by c1_0.name
2026-01-17T20:44:05.645+02:00 DEBUG 5288 --- [http-nio-710-exec-1] org.hibernate.SQL                        : select c1_0.parent_id,c1_0.id,c1_0.alias,c1_0.all_parent_ids,c1_0.enabled,c1_0.image,c1_0.level,c1_0.name,c1_0.tenant_id from categories c1_0 where c1_0.parent_id=? order by c1_0.name
2026-01-17T20:44:05.648+02:00 DEBUG 5288 --- [http-nio-710-exec-1] org.hibernate.SQL                        : select c1_0.parent_id,c1_0.id,c1_0.alias,c1_0.all_parent_ids,c1_0.enabled,c1_0.image,c1_0.level,c1_0.name,c1_0.tenant_id from categories c1_0 where c1_0.parent_id=? order by c1_0.name
2026-01-17T20:44:05.649+02:00 DEBUG 5288 --- [http-nio-710-exec-1] org.hibernate.SQL                        : select c1_0.parent_id,c1_0.id,c1_0.alias,c1_0.all_parent_ids,c1_0.enabled,c1_0.image,c1_0.level,c1_0.name,c1_0.tenant_id from categories c1_0 where c1_0.parent_id=? order by c1_0.name
2026-01-17T20:44:05.652+02:00 DEBUG 5288 --- [http-nio-710-exec-1] org.hibernate.SQL                        : select c1_0.parent_id,c1_0.id,c1_0.alias,c1_0.all_parent_ids,c1_0.enabled,c1_0.image,c1_0.level,c1_0.name,c1_0.tenant_id from categories c1_0 where c1_0.parent_id=? order by c1_0.name
2026-01-17T20:44:05.655+02:00 DEBUG 5288 --- [http-nio-710-exec-1] org.hibernate.SQL                        : select c1_0.parent_id,c1_0.id,c1_0.alias,c1_0.all_parent_ids,c1_0.enabled,c1_0.image,c1_0.level,c1_0.name,c1_0.tenant_id from categories c1_0 where c1_0.parent_id=? order by c1_0.name
2026-01-17T20:44:05.657+02:00 DEBUG 5288 --- [http-nio-710-exec-1] org.hibernate.SQL                        : select c1_0.parent_id,c1_0.id,c1_0.alias,c1_0.all_parent_ids,c1_0.enabled,c1_0.image,c1_0.level,c1_0.name,c1_0.tenant_id from categories c1_0 where c1_0.parent_id=? order by c1_0.name
2026-01-17T20:44:05.659+02:00 DEBUG 5288 --- [http-nio-710-exec-1] org.hibernate.SQL                        : select c1_0.parent_id,c1_0.id,c1_0.alias,c1_0.all_parent_ids,c1_0.enabled,c1_0.image,c1_0.level,c1_0.name,c1_0.tenant_id from categories c1_0 where c1_0.parent_id=? order by c1_0.name
2026-01-17T20:44:05.662+02:00 DEBUG 5288 --- [http-nio-710-exec-1] org.hibernate.SQL                        : select c1_0.parent_id,c1_0.id,c1_0.alias,c1_0.all_parent_ids,c1_0.enabled,c1_0.image,c1_0.level,c1_0.name,c1_0.tenant_id from categories c1_0 where c1_0.parent_id=? order by c1_0.name
2026-01-17T20:44:05.665+02:00 DEBUG 5288 --- [http-nio-710-exec-1] org.hibernate.SQL                        : select c1_0.parent_id,c1_0.id,c1_0.alias,c1_0.all_parent_ids,c1_0.enabled,c1_0.image,c1_0.level,c1_0.name,c1_0.tenant_id from categories c1_0 where c1_0.parent_id=? order by c1_0.name
2026-01-17T20:44:05.668+02:00 DEBUG 5288 --- [http-nio-710-exec-1] org.hibernate.SQL                        : select c1_0.parent_id,c1_0.id,c1_0.alias,c1_0.all_parent_ids,c1_0.enabled,c1_0.image,c1_0.level,c1_0.name,c1_0.tenant_id from categories c1_0 where c1_0.parent_id=? order by c1_0.name
2026-01-17T20:44:05.670+02:00 DEBUG 5288 --- [http-nio-710-exec-1] org.hibernate.SQL                        : select c1_0.parent_id,c1_0.id,c1_0.alias,c1_0.all_parent_ids,c1_0.enabled,c1_0.image,c1_0.level,c1_0.name,c1_0.tenant_id from categories c1_0 where c1_0.parent_id=? order by c1_0.name
2026-01-17T20:44:05.673+02:00 DEBUG 5288 --- [http-nio-710-exec-1] org.hibernate.SQL                        : select c1_0.parent_id,c1_0.id,c1_0.alias,c1_0.all_parent_ids,c1_0.enabled,c1_0.image,c1_0.level,c1_0.name,c1_0.tenant_id from categories c1_0 where c1_0.parent_id=? order by c1_0.name
2026-01-17T20:44:05.677+02:00 DEBUG 5288 --- [http-nio-710-exec-1] org.hibernate.SQL                        : select c1_0.parent_id,c1_0.id,c1_0.alias,c1_0.all_parent_ids,c1_0.enabled,c1_0.image,c1_0.level,c1_0.name,c1_0.tenant_id from categories c1_0 where c1_0.parent_id=? order by c1_0.name
2026-01-17T20:44:05.679+02:00 DEBUG 5288 --- [http-nio-710-exec-1] org.hibernate.SQL                        : select c1_0.parent_id,c1_0.id,c1_0.alias,c1_0.all_parent_ids,c1_0.enabled,c1_0.image,c1_0.level,c1_0.name,c1_0.tenant_id from categories c1_0 where c1_0.parent_id=? order by c1_0.name
2026-01-17T20:44:05.680+02:00 DEBUG 5288 --- [http-nio-710-exec-1] org.hibernate.SQL                        : select c1_0.parent_id,c1_0.id,c1_0.alias,c1_0.all_parent_ids,c1_0.enabled,c1_0.image,c1_0.level,c1_0.name,c1_0.tenant_id from categories c1_0 where c1_0.parent_id=? order by c1_0.name
2026-01-17T20:44:05.683+02:00 DEBUG 5288 --- [http-nio-710-exec-1] org.hibernate.SQL                        : select c1_0.parent_id,c1_0.id,c1_0.alias,c1_0.all_parent_ids,c1_0.enabled,c1_0.image,c1_0.level,c1_0.name,c1_0.tenant_id from categories c1_0 where c1_0.parent_id=? order by c1_0.name
2026-01-17T20:44:05.685+02:00 DEBUG 5288 --- [http-nio-710-exec-1] org.hibernate.SQL                        : select c1_0.parent_id,c1_0.id,c1_0.alias,c1_0.all_parent_ids,c1_0.enabled,c1_0.image,c1_0.level,c1_0.name,c1_0.tenant_id from categories c1_0 where c1_0.parent_id=? order by c1_0.name
2026-01-17T20:44:05.688+02:00 DEBUG 5288 --- [http-nio-710-exec-1] org.hibernate.SQL                        : select c1_0.parent_id,c1_0.id,c1_0.alias,c1_0.all_parent_ids,c1_0.enabled,c1_0.image,c1_0.level,c1_0.name,c1_0.tenant_id from categories c1_0 where c1_0.parent_id=? order by c1_0.name
2026-01-17T20:44:05.690+02:00 DEBUG 5288 --- [http-nio-710-exec-1] org.hibernate.SQL                        : select c1_0.parent_id,c1_0.id,c1_0.alias,c1_0.all_parent_ids,c1_0.enabled,c1_0.image,c1_0.level,c1_0.name,c1_0.tenant_id from categories c1_0 where c1_0.parent_id=? order by c1_0.name
2026-01-17T20:44:05.692+02:00 DEBUG 5288 --- [http-nio-710-exec-1] org.hibernate.SQL                        : select c1_0.parent_id,c1_0.id,c1_0.alias,c1_0.all_parent_ids,c1_0.enabled,c1_0.image,c1_0.level,c1_0.name,c1_0.tenant_id from categories c1_0 where c1_0.parent_id=? order by c1_0.name
2026-01-17T20:44:05.695+02:00 DEBUG 5288 --- [http-nio-710-exec-1] org.hibernate.SQL                        : select c1_0.parent_id,c1_0.id,c1_0.alias,c1_0.all_parent_ids,c1_0.enabled,c1_0.image,c1_0.level,c1_0.name,c1_0.tenant_id from categories c1_0 where c1_0.parent_id=? order by c1_0.name
2026-01-17T20:44:05.698+02:00 DEBUG 5288 --- [http-nio-710-exec-1] org.hibernate.SQL                        : select c1_0.parent_id,c1_0.id,c1_0.alias,c1_0.all_parent_ids,c1_0.enabled,c1_0.image,c1_0.level,c1_0.name,c1_0.tenant_id from categories c1_0 where c1_0.parent_id=? order by c1_0.name
2026-01-17T20:44:05.700+02:00 DEBUG 5288 --- [http-nio-710-exec-1] org.hibernate.SQL                        : select c1_0.parent_id,c1_0.id,c1_0.alias,c1_0.all_parent_ids,c1_0.enabled,c1_0.image,c1_0.level,c1_0.name,c1_0.tenant_id from categories c1_0 where c1_0.parent_id=? order by c1_0.name
2026-01-17T20:44:05.703+02:00 DEBUG 5288 --- [http-nio-710-exec-1] org.hibernate.SQL                        : select c1_0.parent_id,c1_0.id,c1_0.alias,c1_0.all_parent_ids,c1_0.enabled,c1_0.image,c1_0.level,c1_0.name,c1_0.tenant_id from categories c1_0 where c1_0.parent_id=? order by c1_0.name
2026-01-17T20:44:05.707+02:00 DEBUG 5288 --- [http-nio-710-exec-1] org.hibernate.SQL                        : select c1_0.parent_id,c1_0.id,c1_0.alias,c1_0.all_parent_ids,c1_0.enabled,c1_0.image,c1_0.level,c1_0.name,c1_0.tenant_id from categories c1_0 where c1_0.parent_id=? order by c1_0.name
2026-01-17T20:44:05.709+02:00 DEBUG 5288 --- [http-nio-710-exec-1] org.hibernate.SQL                        : select c1_0.parent_id,c1_0.id,c1_0.alias,c1_0.all_parent_ids,c1_0.enabled,c1_0.image,c1_0.level,c1_0.name,c1_0.tenant_id from categories c1_0 where c1_0.parent_id=? order by c1_0.name
2026-01-17T20:44:05.946+02:00 DEBUG 5288 --- [http-nio-710-exec-6] c.o.a.s.tenant.TenantFilterAspect        : 🛡️ [TenantFilterAspect] Enforced Filter for TenantID: 4
2026-01-17T20:44:05.980+02:00 DEBUG 5288 --- [http-nio-710-exec-6] org.hibernate.SQL                        : select s1_0.id,s1_0.category,s1_0.`key`,s1_0.tenant_id,s1_0.value from settings s1_0 where (s1_0.tenant_id = ? or s1_0.tenant_id = 0 or s1_0.tenant_id is null) and s1_0.tenant_id = ? and s1_0.category=?
2026-01-17T20:44:07.086+02:00 DEBUG 5288 --- [http-nio-710-exec-6] c.o.a.s.tenant.TenantFilterAspect        : 🛡️ [TenantFilterAspect] Enforced Filter for TenantID: 4
2026-01-17T20:44:07.090+02:00 DEBUG 5288 --- [http-nio-710-exec-6] org.hibernate.SQL                        : select c1_0.id,c1_0.alias,c1_0.all_parent_ids,c1_0.enabled,c1_0.image,c1_0.level,c1_0.name,c1_0.parent_id,c1_0.tenant_id from categories c1_0 where c1_0.tenant_id = ? and c1_0.parent_id is null
2026-01-17T20:44:07.096+02:00 DEBUG 5288 --- [http-nio-710-exec-6] org.hibernate.SQL                        : select c1_0.parent_id,c1_0.id,c1_0.alias,c1_0.all_parent_ids,c1_0.enabled,c1_0.image,c1_0.level,c1_0.name,c1_0.tenant_id from categories c1_0 where c1_0.parent_id=? order by c1_0.name
2026-01-17T20:44:07.099+02:00 DEBUG 5288 --- [http-nio-710-exec-6] org.hibernate.SQL                        : select c1_0.parent_id,c1_0.id,c1_0.alias,c1_0.all_parent_ids,c1_0.enabled,c1_0.image,c1_0.level,c1_0.name,c1_0.tenant_id from categories c1_0 where c1_0.parent_id=? order by c1_0.name
2026-01-17T20:44:07.102+02:00 DEBUG 5288 --- [http-nio-710-exec-6] org.hibernate.SQL                        : select c1_0.parent_id,c1_0.id,c1_0.alias,c1_0.all_parent_ids,c1_0.enabled,c1_0.image,c1_0.level,c1_0.name,c1_0.tenant_id from categories c1_0 where c1_0.parent_id=? order by c1_0.name
2026-01-17T20:44:07.107+02:00 DEBUG 5288 --- [http-nio-710-exec-6] org.hibernate.SQL                        : select c1_0.parent_id,c1_0.id,c1_0.alias,c1_0.all_parent_ids,c1_0.enabled,c1_0.image,c1_0.level,c1_0.name,c1_0.tenant_id from categories c1_0 where c1_0.parent_id=? order by c1_0.name
2026-01-17T20:44:07.113+02:00 DEBUG 5288 --- [http-nio-710-exec-6] org.hibernate.SQL                        : select c1_0.parent_id,c1_0.id,c1_0.alias,c1_0.all_parent_ids,c1_0.enabled,c1_0.image,c1_0.level,c1_0.name,c1_0.tenant_id from categories c1_0 where c1_0.parent_id=? order by c1_0.name
2026-01-17T20:44:07.115+02:00 DEBUG 5288 --- [http-nio-710-exec-6] org.hibernate.SQL                        : select c1_0.parent_id,c1_0.id,c1_0.alias,c1_0.all_parent_ids,c1_0.enabled,c1_0.image,c1_0.level,c1_0.name,c1_0.tenant_id from categories c1_0 where c1_0.parent_id=? order by c1_0.name
2026-01-17T20:44:07.117+02:00 DEBUG 5288 --- [http-nio-710-exec-6] org.hibernate.SQL                        : select c1_0.parent_id,c1_0.id,c1_0.alias,c1_0.all_parent_ids,c1_0.enabled,c1_0.image,c1_0.level,c1_0.name,c1_0.tenant_id from categories c1_0 where c1_0.parent_id=? order by c1_0.name
2026-01-17T20:44:07.121+02:00 DEBUG 5288 --- [http-nio-710-exec-6] org.hibernate.SQL                        : select c1_0.parent_id,c1_0.id,c1_0.alias,c1_0.all_parent_ids,c1_0.enabled,c1_0.image,c1_0.level,c1_0.name,c1_0.tenant_id from categories c1_0 where c1_0.parent_id=? order by c1_0.name
2026-01-17T20:44:07.124+02:00 DEBUG 5288 --- [http-nio-710-exec-6] org.hibernate.SQL                        : select c1_0.parent_id,c1_0.id,c1_0.alias,c1_0.all_parent_ids,c1_0.enabled,c1_0.image,c1_0.level,c1_0.name,c1_0.tenant_id from categories c1_0 where c1_0.parent_id=? order by c1_0.name
2026-01-17T20:44:07.126+02:00 DEBUG 5288 --- [http-nio-710-exec-6] org.hibernate.SQL                        : select c1_0.parent_id,c1_0.id,c1_0.alias,c1_0.all_parent_ids,c1_0.enabled,c1_0.image,c1_0.level,c1_0.name,c1_0.tenant_id from categories c1_0 where c1_0.parent_id=? order by c1_0.name
2026-01-17T20:44:07.128+02:00 DEBUG 5288 --- [http-nio-710-exec-6] org.hibernate.SQL                        : select c1_0.parent_id,c1_0.id,c1_0.alias,c1_0.all_parent_ids,c1_0.enabled,c1_0.image,c1_0.level,c1_0.name,c1_0.tenant_id from categories c1_0 where c1_0.parent_id=? order by c1_0.name
2026-01-17T20:44:07.130+02:00 DEBUG 5288 --- [http-nio-710-exec-6] org.hibernate.SQL                        : select c1_0.parent_id,c1_0.id,c1_0.alias,c1_0.all_parent_ids,c1_0.enabled,c1_0.image,c1_0.level,c1_0.name,c1_0.tenant_id from categories c1_0 where c1_0.parent_id=? order by c1_0.name
2026-01-17T20:44:07.132+02:00 DEBUG 5288 --- [http-nio-710-exec-6] org.hibernate.SQL                        : select c1_0.parent_id,c1_0.id,c1_0.alias,c1_0.all_parent_ids,c1_0.enabled,c1_0.image,c1_0.level,c1_0.name,c1_0.tenant_id from categories c1_0 where c1_0.parent_id=? order by c1_0.name
2026-01-17T20:44:07.134+02:00 DEBUG 5288 --- [http-nio-710-exec-6] org.hibernate.SQL                        : select c1_0.parent_id,c1_0.id,c1_0.alias,c1_0.all_parent_ids,c1_0.enabled,c1_0.image,c1_0.level,c1_0.name,c1_0.tenant_id from categories c1_0 where c1_0.parent_id=? order by c1_0.name
2026-01-17T20:44:07.137+02:00 DEBUG 5288 --- [http-nio-710-exec-6] org.hibernate.SQL                        : select c1_0.parent_id,c1_0.id,c1_0.alias,c1_0.all_parent_ids,c1_0.enabled,c1_0.image,c1_0.level,c1_0.name,c1_0.tenant_id from categories c1_0 where c1_0.parent_id=? order by c1_0.name
2026-01-17T20:44:07.139+02:00 DEBUG 5288 --- [http-nio-710-exec-6] org.hibernate.SQL                        : select c1_0.parent_id,c1_0.id,c1_0.alias,c1_0.all_parent_ids,c1_0.enabled,c1_0.image,c1_0.level,c1_0.name,c1_0.tenant_id from categories c1_0 where c1_0.parent_id=? order by c1_0.name
2026-01-17T20:44:07.142+02:00 DEBUG 5288 --- [http-nio-710-exec-6] org.hibernate.SQL                        : select c1_0.parent_id,c1_0.id,c1_0.alias,c1_0.all_parent_ids,c1_0.enabled,c1_0.image,c1_0.level,c1_0.name,c1_0.tenant_id from categories c1_0 where c1_0.parent_id=? order by c1_0.name
2026-01-17T20:44:07.144+02:00 DEBUG 5288 --- [http-nio-710-exec-6] org.hibernate.SQL                        : select c1_0.parent_id,c1_0.id,c1_0.alias,c1_0.all_parent_ids,c1_0.enabled,c1_0.image,c1_0.level,c1_0.name,c1_0.tenant_id from categories c1_0 where c1_0.parent_id=? order by c1_0.name
2026-01-17T20:44:07.146+02:00 DEBUG 5288 --- [http-nio-710-exec-6] org.hibernate.SQL                        : select c1_0.parent_id,c1_0.id,c1_0.alias,c1_0.all_parent_ids,c1_0.enabled,c1_0.image,c1_0.level,c1_0.name,c1_0.tenant_id from categories c1_0 where c1_0.parent_id=? order by c1_0.name
2026-01-17T20:44:07.151+02:00 DEBUG 5288 --- [http-nio-710-exec-6] org.hibernate.SQL                        : select c1_0.parent_id,c1_0.id,c1_0.alias,c1_0.all_parent_ids,c1_0.enabled,c1_0.image,c1_0.level,c1_0.name,c1_0.tenant_id from categories c1_0 where c1_0.parent_id=? order by c1_0.name
2026-01-17T20:44:07.154+02:00 DEBUG 5288 --- [http-nio-710-exec-6] org.hibernate.SQL                        : select c1_0.parent_id,c1_0.id,c1_0.alias,c1_0.all_parent_ids,c1_0.enabled,c1_0.image,c1_0.level,c1_0.name,c1_0.tenant_id from categories c1_0 where c1_0.parent_id=? order by c1_0.name
2026-01-17T20:44:07.157+02:00 DEBUG 5288 --- [http-nio-710-exec-6] org.hibernate.SQL                        : select c1_0.parent_id,c1_0.id,c1_0.alias,c1_0.all_parent_ids,c1_0.enabled,c1_0.image,c1_0.level,c1_0.name,c1_0.tenant_id from categories c1_0 where c1_0.parent_id=? order by c1_0.name
2026-01-17T20:44:07.160+02:00 DEBUG 5288 --- [http-nio-710-exec-6] org.hibernate.SQL                        : select c1_0.parent_id,c1_0.id,c1_0.alias,c1_0.all_parent_ids,c1_0.enabled,c1_0.image,c1_0.level,c1_0.name,c1_0.tenant_id from categories c1_0 where c1_0.parent_id=? order by c1_0.name
2026-01-17T20:44:07.161+02:00 DEBUG 5288 --- [http-nio-710-exec-6] org.hibernate.SQL                        : select c1_0.parent_id,c1_0.id,c1_0.alias,c1_0.all_parent_ids,c1_0.enabled,c1_0.image,c1_0.level,c1_0.name,c1_0.tenant_id from categories c1_0 where c1_0.parent_id=? order by c1_0.name
2026-01-17T20:44:07.164+02:00 DEBUG 5288 --- [http-nio-710-exec-6] org.hibernate.SQL                        : select c1_0.parent_id,c1_0.id,c1_0.alias,c1_0.all_parent_ids,c1_0.enabled,c1_0.image,c1_0.level,c1_0.name,c1_0.tenant_id from categories c1_0 where c1_0.parent_id=? order by c1_0.name
2026-01-17T20:44:07.167+02:00 DEBUG 5288 --- [http-nio-710-exec-6] org.hibernate.SQL                        : select c1_0.parent_id,c1_0.id,c1_0.alias,c1_0.all_parent_ids,c1_0.enabled,c1_0.image,c1_0.level,c1_0.name,c1_0.tenant_id from categories c1_0 where c1_0.parent_id=? order by c1_0.name
2026-01-17T20:44:07.168+02:00 DEBUG 5288 --- [http-nio-710-exec-6] org.hibernate.SQL                        : select c1_0.parent_id,c1_0.id,c1_0.alias,c1_0.all_parent_ids,c1_0.enabled,c1_0.image,c1_0.level,c1_0.name,c1_0.tenant_id from categories c1_0 where c1_0.parent_id=? order by c1_0.name
2026-01-17T20:44:07.172+02:00 DEBUG 5288 --- [http-nio-710-exec-6] org.hibernate.SQL                        : select c1_0.parent_id,c1_0.id,c1_0.alias,c1_0.all_parent_ids,c1_0.enabled,c1_0.image,c1_0.level,c1_0.name,c1_0.tenant_id from categories c1_0 where c1_0.parent_id=? order by c1_0.name
2026-01-17T20:44:07.174+02:00 DEBUG 5288 --- [http-nio-710-exec-6] org.hibernate.SQL                        : select c1_0.parent_id,c1_0.id,c1_0.alias,c1_0.all_parent_ids,c1_0.enabled,c1_0.image,c1_0.level,c1_0.name,c1_0.tenant_id from categories c1_0 where c1_0.parent_id=? order by c1_0.name
2026-01-17T20:44:07.175+02:00 DEBUG 5288 --- [http-nio-710-exec-6] org.hibernate.SQL                        : select c1_0.parent_id,c1_0.id,c1_0.alias,c1_0.all_parent_ids,c1_0.enabled,c1_0.image,c1_0.level,c1_0.name,c1_0.tenant_id from categories c1_0 where c1_0.parent_id=? order by c1_0.name
2026-01-17T20:44:07.178+02:00 DEBUG 5288 --- [http-nio-710-exec-6] org.hibernate.SQL                        : select c1_0.parent_id,c1_0.id,c1_0.alias,c1_0.all_parent_ids,c1_0.enabled,c1_0.image,c1_0.level,c1_0.name,c1_0.tenant_id from categories c1_0 where c1_0.parent_id=? order by c1_0.name
2026-01-17T20:44:07.182+02:00 DEBUG 5288 --- [http-nio-710-exec-6] org.hibernate.SQL                        : select c1_0.parent_id,c1_0.id,c1_0.alias,c1_0.all_parent_ids,c1_0.enabled,c1_0.image,c1_0.level,c1_0.name,c1_0.tenant_id from categories c1_0 where c1_0.parent_id=? order by c1_0.name
2026-01-17T20:44:07.184+02:00 DEBUG 5288 --- [http-nio-710-exec-6] org.hibernate.SQL                        : select c1_0.parent_id,c1_0.id,c1_0.alias,c1_0.all_parent_ids,c1_0.enabled,c1_0.image,c1_0.level,c1_0.name,c1_0.tenant_id from categories c1_0 where c1_0.parent_id=? order by c1_0.name
2026-01-17T20:44:07.396+02:00 DEBUG 5288 --- [http-nio-710-exec-3] c.o.a.s.tenant.TenantFilterAspect        : 🛡️ [TenantFilterAspect] Enforced Filter for TenantID: 4
2026-01-17T20:44:07.413+02:00 DEBUG 5288 --- [http-nio-710-exec-3] org.hibernate.SQL                        : select s1_0.id,s1_0.category,s1_0.`key`,s1_0.tenant_id,s1_0.value from settings s1_0 where (s1_0.tenant_id = ? or s1_0.tenant_id = 0 or s1_0.tenant_id is null) and s1_0.tenant_id = ? and s1_0.category=?
2026-01-17T20:44:08.573+02:00 DEBUG 5288 --- [http-nio-710-exec-1] c.o.a.s.tenant.TenantFilterAspect        : 🛡️ [TenantFilterAspect] Enforced Filter for TenantID: 4
2026-01-17T20:44:08.576+02:00 DEBUG 5288 --- [http-nio-710-exec-1] org.hibernate.SQL                        : select c1_0.id,c1_0.alias,c1_0.all_parent_ids,c1_0.enabled,c1_0.image,c1_0.level,c1_0.name,c1_0.parent_id,c1_0.tenant_id from categories c1_0 where c1_0.tenant_id = ? order by c1_0.name
2026-01-17T20:44:08.590+02:00 DEBUG 5288 --- [http-nio-710-exec-1] org.hibernate.SQL                        : select c1_0.parent_id,c1_0.id,c1_0.alias,c1_0.all_parent_ids,c1_0.enabled,c1_0.image,c1_0.level,c1_0.name,c1_0.tenant_id from categories c1_0 where c1_0.parent_id=? order by c1_0.name
2026-01-17T20:44:08.596+02:00 DEBUG 5288 --- [http-nio-710-exec-1] org.hibernate.SQL                        : select c1_0.parent_id,c1_0.id,c1_0.alias,c1_0.all_parent_ids,c1_0.enabled,c1_0.image,c1_0.level,c1_0.name,c1_0.tenant_id from categories c1_0 where c1_0.parent_id=? order by c1_0.name
2026-01-17T20:44:08.598+02:00 DEBUG 5288 --- [http-nio-710-exec-1] org.hibernate.SQL                        : select c1_0.parent_id,c1_0.id,c1_0.alias,c1_0.all_parent_ids,c1_0.enabled,c1_0.image,c1_0.level,c1_0.name,c1_0.tenant_id from categories c1_0 where c1_0.parent_id=? order by c1_0.name
2026-01-17T20:44:08.601+02:00 DEBUG 5288 --- [http-nio-710-exec-1] org.hibernate.SQL                        : select c1_0.parent_id,c1_0.id,c1_0.alias,c1_0.all_parent_ids,c1_0.enabled,c1_0.image,c1_0.level,c1_0.name,c1_0.tenant_id from categories c1_0 where c1_0.parent_id=? order by c1_0.name
2026-01-17T20:44:08.607+02:00 DEBUG 5288 --- [http-nio-710-exec-1] org.hibernate.SQL                        : select c1_0.parent_id,c1_0.id,c1_0.alias,c1_0.all_parent_ids,c1_0.enabled,c1_0.image,c1_0.level,c1_0.name,c1_0.tenant_id from categories c1_0 where c1_0.parent_id=? order by c1_0.name
2026-01-17T20:44:08.609+02:00 DEBUG 5288 --- [http-nio-710-exec-1] org.hibernate.SQL                        : select c1_0.parent_id,c1_0.id,c1_0.alias,c1_0.all_parent_ids,c1_0.enabled,c1_0.image,c1_0.level,c1_0.name,c1_0.tenant_id from categories c1_0 where c1_0.parent_id=? order by c1_0.name
2026-01-17T20:44:08.612+02:00 DEBUG 5288 --- [http-nio-710-exec-1] org.hibernate.SQL                        : select c1_0.parent_id,c1_0.id,c1_0.alias,c1_0.all_parent_ids,c1_0.enabled,c1_0.image,c1_0.level,c1_0.name,c1_0.tenant_id from categories c1_0 where c1_0.parent_id=? order by c1_0.name
2026-01-17T20:44:08.614+02:00 DEBUG 5288 --- [http-nio-710-exec-1] org.hibernate.SQL                        : select c1_0.parent_id,c1_0.id,c1_0.alias,c1_0.all_parent_ids,c1_0.enabled,c1_0.image,c1_0.level,c1_0.name,c1_0.tenant_id from categories c1_0 where c1_0.parent_id=? order by c1_0.name
2026-01-17T20:44:08.617+02:00 DEBUG 5288 --- [http-nio-710-exec-1] org.hibernate.SQL                        : select c1_0.parent_id,c1_0.id,c1_0.alias,c1_0.all_parent_ids,c1_0.enabled,c1_0.image,c1_0.level,c1_0.name,c1_0.tenant_id from categories c1_0 where c1_0.parent_id=? order by c1_0.name
2026-01-17T20:44:08.619+02:00 DEBUG 5288 --- [http-nio-710-exec-1] org.hibernate.SQL                        : select c1_0.parent_id,c1_0.id,c1_0.alias,c1_0.all_parent_ids,c1_0.enabled,c1_0.image,c1_0.level,c1_0.name,c1_0.tenant_id from categories c1_0 where c1_0.parent_id=? order by c1_0.name
2026-01-17T20:44:08.624+02:00 DEBUG 5288 --- [http-nio-710-exec-1] org.hibernate.SQL                        : select c1_0.parent_id,c1_0.id,c1_0.alias,c1_0.all_parent_ids,c1_0.enabled,c1_0.image,c1_0.level,c1_0.name,c1_0.tenant_id from categories c1_0 where c1_0.parent_id=? order by c1_0.name
2026-01-17T20:44:08.625+02:00 DEBUG 5288 --- [http-nio-710-exec-1] org.hibernate.SQL                        : select c1_0.parent_id,c1_0.id,c1_0.alias,c1_0.all_parent_ids,c1_0.enabled,c1_0.image,c1_0.level,c1_0.name,c1_0.tenant_id from categories c1_0 where c1_0.parent_id=? order by c1_0.name
2026-01-17T20:44:08.628+02:00 DEBUG 5288 --- [http-nio-710-exec-1] org.hibernate.SQL                        : select c1_0.parent_id,c1_0.id,c1_0.alias,c1_0.all_parent_ids,c1_0.enabled,c1_0.image,c1_0.level,c1_0.name,c1_0.tenant_id from categories c1_0 where c1_0.parent_id=? order by c1_0.name
2026-01-17T20:44:08.629+02:00 DEBUG 5288 --- [http-nio-710-exec-1] org.hibernate.SQL                        : select c1_0.parent_id,c1_0.id,c1_0.alias,c1_0.all_parent_ids,c1_0.enabled,c1_0.image,c1_0.level,c1_0.name,c1_0.tenant_id from categories c1_0 where c1_0.parent_id=? order by c1_0.name
2026-01-17T20:44:08.632+02:00 DEBUG 5288 --- [http-nio-710-exec-1] org.hibernate.SQL                        : select c1_0.parent_id,c1_0.id,c1_0.alias,c1_0.all_parent_ids,c1_0.enabled,c1_0.image,c1_0.level,c1_0.name,c1_0.tenant_id from categories c1_0 where c1_0.parent_id=? order by c1_0.name
2026-01-17T20:44:08.634+02:00 DEBUG 5288 --- [http-nio-710-exec-1] org.hibernate.SQL                        : select c1_0.parent_id,c1_0.id,c1_0.alias,c1_0.all_parent_ids,c1_0.enabled,c1_0.image,c1_0.level,c1_0.name,c1_0.tenant_id from categories c1_0 where c1_0.parent_id=? order by c1_0.name
2026-01-17T20:44:08.637+02:00 DEBUG 5288 --- [http-nio-710-exec-1] org.hibernate.SQL                        : select c1_0.parent_id,c1_0.id,c1_0.alias,c1_0.all_parent_ids,c1_0.enabled,c1_0.image,c1_0.level,c1_0.name,c1_0.tenant_id from categories c1_0 where c1_0.parent_id=? order by c1_0.name
2026-01-17T20:44:08.639+02:00 DEBUG 5288 --- [http-nio-710-exec-1] org.hibernate.SQL                        : select c1_0.parent_id,c1_0.id,c1_0.alias,c1_0.all_parent_ids,c1_0.enabled,c1_0.image,c1_0.level,c1_0.name,c1_0.tenant_id from categories c1_0 where c1_0.parent_id=? order by c1_0.name
2026-01-17T20:44:08.641+02:00 DEBUG 5288 --- [http-nio-710-exec-1] org.hibernate.SQL                        : select c1_0.parent_id,c1_0.id,c1_0.alias,c1_0.all_parent_ids,c1_0.enabled,c1_0.image,c1_0.level,c1_0.name,c1_0.tenant_id from categories c1_0 where c1_0.parent_id=? order by c1_0.name
2026-01-17T20:44:08.643+02:00 DEBUG 5288 --- [http-nio-710-exec-1] org.hibernate.SQL                        : select c1_0.parent_id,c1_0.id,c1_0.alias,c1_0.all_parent_ids,c1_0.enabled,c1_0.image,c1_0.level,c1_0.name,c1_0.tenant_id from categories c1_0 where c1_0.parent_id=? order by c1_0.name
2026-01-17T20:44:08.644+02:00 DEBUG 5288 --- [http-nio-710-exec-1] org.hibernate.SQL                        : select c1_0.parent_id,c1_0.id,c1_0.alias,c1_0.all_parent_ids,c1_0.enabled,c1_0.image,c1_0.level,c1_0.name,c1_0.tenant_id from categories c1_0 where c1_0.parent_id=? order by c1_0.name
2026-01-17T20:44:08.648+02:00 DEBUG 5288 --- [http-nio-710-exec-1] org.hibernate.SQL                        : select c1_0.parent_id,c1_0.id,c1_0.alias,c1_0.all_parent_ids,c1_0.enabled,c1_0.image,c1_0.level,c1_0.name,c1_0.tenant_id from categories c1_0 where c1_0.parent_id=? order by c1_0.name
2026-01-17T20:44:08.650+02:00 DEBUG 5288 --- [http-nio-710-exec-1] org.hibernate.SQL                        : select c1_0.parent_id,c1_0.id,c1_0.alias,c1_0.all_parent_ids,c1_0.enabled,c1_0.image,c1_0.level,c1_0.name,c1_0.tenant_id from categories c1_0 where c1_0.parent_id=? order by c1_0.name
2026-01-17T20:44:08.652+02:00 DEBUG 5288 --- [http-nio-710-exec-1] org.hibernate.SQL                        : select c1_0.parent_id,c1_0.id,c1_0.alias,c1_0.all_parent_ids,c1_0.enabled,c1_0.image,c1_0.level,c1_0.name,c1_0.tenant_id from categories c1_0 where c1_0.parent_id=? order by c1_0.name
2026-01-17T20:44:08.654+02:00 DEBUG 5288 --- [http-nio-710-exec-1] org.hibernate.SQL                        : select c1_0.parent_id,c1_0.id,c1_0.alias,c1_0.all_parent_ids,c1_0.enabled,c1_0.image,c1_0.level,c1_0.name,c1_0.tenant_id from categories c1_0 where c1_0.parent_id=? order by c1_0.name
2026-01-17T20:44:08.656+02:00 DEBUG 5288 --- [http-nio-710-exec-1] org.hibernate.SQL                        : select c1_0.parent_id,c1_0.id,c1_0.alias,c1_0.all_parent_ids,c1_0.enabled,c1_0.image,c1_0.level,c1_0.name,c1_0.tenant_id from categories c1_0 where c1_0.parent_id=? order by c1_0.name
2026-01-17T20:44:08.658+02:00 DEBUG 5288 --- [http-nio-710-exec-1] org.hibernate.SQL                        : select c1_0.parent_id,c1_0.id,c1_0.alias,c1_0.all_parent_ids,c1_0.enabled,c1_0.image,c1_0.level,c1_0.name,c1_0.tenant_id from categories c1_0 where c1_0.parent_id=? order by c1_0.name
2026-01-17T20:44:08.660+02:00 DEBUG 5288 --- [http-nio-710-exec-1] org.hibernate.SQL                        : select c1_0.parent_id,c1_0.id,c1_0.alias,c1_0.all_parent_ids,c1_0.enabled,c1_0.image,c1_0.level,c1_0.name,c1_0.tenant_id from categories c1_0 where c1_0.parent_id=? order by c1_0.name
2026-01-17T20:44:08.662+02:00 DEBUG 5288 --- [http-nio-710-exec-1] org.hibernate.SQL                        : select c1_0.parent_id,c1_0.id,c1_0.alias,c1_0.all_parent_ids,c1_0.enabled,c1_0.image,c1_0.level,c1_0.name,c1_0.tenant_id from categories c1_0 where c1_0.parent_id=? order by c1_0.name
2026-01-17T20:44:08.664+02:00 DEBUG 5288 --- [http-nio-710-exec-1] org.hibernate.SQL                        : select c1_0.parent_id,c1_0.id,c1_0.alias,c1_0.all_parent_ids,c1_0.enabled,c1_0.image,c1_0.level,c1_0.name,c1_0.tenant_id from categories c1_0 where c1_0.parent_id=? order by c1_0.name
2026-01-17T20:44:08.665+02:00 DEBUG 5288 --- [http-nio-710-exec-1] org.hibernate.SQL                        : select c1_0.parent_id,c1_0.id,c1_0.alias,c1_0.all_parent_ids,c1_0.enabled,c1_0.image,c1_0.level,c1_0.name,c1_0.tenant_id from categories c1_0 where c1_0.parent_id=? order by c1_0.name
2026-01-17T20:44:08.666+02:00 DEBUG 5288 --- [http-nio-710-exec-1] org.hibernate.SQL                        : select c1_0.parent_id,c1_0.id,c1_0.alias,c1_0.all_parent_ids,c1_0.enabled,c1_0.image,c1_0.level,c1_0.name,c1_0.tenant_id from categories c1_0 where c1_0.parent_id=? order by c1_0.name
2026-01-17T20:44:08.668+02:00 DEBUG 5288 --- [http-nio-710-exec-1] org.hibernate.SQL                        : select c1_0.parent_id,c1_0.id,c1_0.alias,c1_0.all_parent_ids,c1_0.enabled,c1_0.image,c1_0.level,c1_0.name,c1_0.tenant_id from categories c1_0 where c1_0.parent_id=? order by c1_0.name
2026-01-17T20:44:08.914+02:00 DEBUG 5288 --- [http-nio-710-exec-4] c.o.a.s.tenant.TenantFilterAspect        : 🛡️ [TenantFilterAspect] Enforced Filter for TenantID: 4
2026-01-17T20:44:08.928+02:00 DEBUG 5288 --- [http-nio-710-exec-4] org.hibernate.SQL                        : select s1_0.id,s1_0.category,s1_0.`key`,s1_0.tenant_id,s1_0.value from settings s1_0 where (s1_0.tenant_id = ? or s1_0.tenant_id = 0 or s1_0.tenant_id is null) and s1_0.tenant_id = ? and s1_0.category=?
2026-01-17T20:44:10.250+02:00 DEBUG 5288 --- [http-nio-710-exec-3] c.o.a.s.tenant.TenantFilterAspect        : 🛡️ [TenantFilterAspect] Enforced Filter for TenantID: 4
2026-01-17T20:44:10.254+02:00 DEBUG 5288 --- [http-nio-710-exec-3] org.hibernate.SQL                        : select b1_0.id,b1_0.logo,b1_0.name,b1_0.tenant_id from brands b1_0 where b1_0.tenant_id = ? and b1_0.tenant_id = ? order by b1_0.name limit ?,?
2026-01-17T20:44:10.259+02:00 DEBUG 5288 --- [http-nio-710-exec-3] org.hibernate.SQL                        : select count(b1_0.id) from brands b1_0 where b1_0.tenant_id = ? and b1_0.tenant_id = ?
2026-01-17T20:44:10.406+02:00 DEBUG 5288 --- [http-nio-710-exec-3] org.hibernate.SQL                        : select c1_0.brand_id,c1_1.id,c1_1.alias,c1_1.all_parent_ids,c1_1.enabled,c1_1.image,c1_1.level,c1_1.name,c1_1.parent_id,c1_1.tenant_id from brands_categories c1_0 join categories c1_1 on c1_1.id=c1_0.category_id where c1_0.brand_id=?
2026-01-17T20:44:10.424+02:00 DEBUG 5288 --- [http-nio-710-exec-3] org.hibernate.SQL                        : select c1_0.brand_id,c1_1.id,c1_1.alias,c1_1.all_parent_ids,c1_1.enabled,c1_1.image,c1_1.level,c1_1.name,c1_1.parent_id,c1_1.tenant_id from brands_categories c1_0 join categories c1_1 on c1_1.id=c1_0.category_id where c1_0.brand_id=?
2026-01-17T20:44:10.433+02:00 DEBUG 5288 --- [http-nio-710-exec-3] org.hibernate.SQL                        : select c1_0.brand_id,c1_1.id,c1_1.alias,c1_1.all_parent_ids,c1_1.enabled,c1_1.image,c1_1.level,c1_1.name,c1_1.parent_id,c1_1.tenant_id from brands_categories c1_0 join categories c1_1 on c1_1.id=c1_0.category_id where c1_0.brand_id=?
2026-01-17T20:44:10.445+02:00 DEBUG 5288 --- [http-nio-710-exec-3] org.hibernate.SQL                        : select c1_0.brand_id,c1_1.id,c1_1.alias,c1_1.all_parent_ids,c1_1.enabled,c1_1.image,c1_1.level,c1_1.name,c1_1.parent_id,c1_1.tenant_id from brands_categories c1_0 join categories c1_1 on c1_1.id=c1_0.category_id where c1_0.brand_id=?
2026-01-17T20:44:10.463+02:00 DEBUG 5288 --- [http-nio-710-exec-3] org.hibernate.SQL                        : select c1_0.brand_id,c1_1.id,c1_1.alias,c1_1.all_parent_ids,c1_1.enabled,c1_1.image,c1_1.level,c1_1.name,c1_1.parent_id,c1_1.tenant_id from brands_categories c1_0 join categories c1_1 on c1_1.id=c1_0.category_id where c1_0.brand_id=?
2026-01-17T20:44:10.533+02:00 DEBUG 5288 --- [http-nio-710-exec-10] c.o.a.s.tenant.TenantFilterAspect        : 🛡️ [TenantFilterAspect] Enforced Filter for TenantID: 4
2026-01-17T20:44:10.550+02:00 DEBUG 5288 --- [http-nio-710-exec-10] org.hibernate.SQL                        : select s1_0.id,s1_0.category,s1_0.`key`,s1_0.tenant_id,s1_0.value from settings s1_0 where (s1_0.tenant_id = ? or s1_0.tenant_id = 0 or s1_0.tenant_id is null) and s1_0.tenant_id = ? and s1_0.category=?
2026-01-17T20:44:10.632+02:00  WARN 5288 --- [http-nio-710-exec-3] o.h.c.spi.AbstractPersistentCollection   : HHH000506: Detaching an uninitialized collection with enabled filters from a session: [com.onlineStoreCom.entity.category.Category.children#5]
2026-01-17T20:44:10.634+02:00  WARN 5288 --- [http-nio-710-exec-3] o.h.c.spi.AbstractPersistentCollection   : HHH000506: Detaching an uninitialized collection with enabled filters from a session: [com.onlineStoreCom.entity.category.Category.children#6]
2026-01-17T20:44:10.635+02:00  WARN 5288 --- [http-nio-710-exec-3] o.h.c.spi.AbstractPersistentCollection   : HHH000506: Detaching an uninitialized collection with enabled filters from a session: [com.onlineStoreCom.entity.category.Category.children#7]
2026-01-17T20:44:10.639+02:00  WARN 5288 --- [http-nio-710-exec-3] o.h.c.spi.AbstractPersistentCollection   : HHH000506: Detaching an uninitialized collection with enabled filters from a session: [com.onlineStoreCom.entity.category.Category.children#17]
2026-01-17T20:44:10.643+02:00  WARN 5288 --- [http-nio-710-exec-3] o.h.c.spi.AbstractPersistentCollection   : HHH000506: Detaching an uninitialized collection with enabled filters from a session: [com.onlineStoreCom.entity.category.Category.children#9]
2026-01-17T20:44:10.649+02:00  WARN 5288 --- [http-nio-710-exec-3] o.h.c.spi.AbstractPersistentCollection   : HHH000506: Detaching an uninitialized collection with enabled filters from a session: [com.onlineStoreCom.entity.category.Category.children#22]
2026-01-17T20:44:10.649+02:00  WARN 5288 --- [http-nio-710-exec-3] o.h.c.spi.AbstractPersistentCollection   : HHH000506: Detaching an uninitialized collection with enabled filters from a session: [com.onlineStoreCom.entity.category.Category.children#23]
2026-01-17T20:44:10.661+02:00  WARN 5288 --- [http-nio-710-exec-3] o.h.c.spi.AbstractPersistentCollection   : HHH000506: Detaching an uninitialized collection with enabled filters from a session: [com.onlineStoreCom.entity.category.Category.children#4]
2026-01-17T20:44:10.662+02:00  WARN 5288 --- [http-nio-710-exec-3] o.h.c.spi.AbstractPersistentCollection   : HHH000506: Detaching an uninitialized collection with enabled filters from a session: [com.onlineStoreCom.entity.category.Category.children#14]
2026-01-17T20:44:10.664+02:00  WARN 5288 --- [http-nio-710-exec-3] o.h.c.spi.AbstractPersistentCollection   : HHH000506: Detaching an uninitialized collection with enabled filters from a session: [com.onlineStoreCom.entity.category.Category.children#15]
2026-01-17T20:44:40.760+02:00 DEBUG 5288 --- [http-nio-710-exec-7] c.o.a.s.tenant.TenantFilterAspect        : 🛡️ [TenantFilterAspect] Enforced Filter for TenantID: 4
2026-01-17T20:44:40.761+02:00 DEBUG 5288 --- [http-nio-710-exec-7] org.hibernate.SQL                        : select b1_0.id,b1_0.logo,b1_0.name,b1_0.tenant_id from brands b1_0 where b1_0.tenant_id = ? and b1_0.tenant_id = ? order by b1_0.name limit ?,?
2026-01-17T20:44:40.770+02:00 DEBUG 5288 --- [http-nio-710-exec-7] org.hibernate.SQL                        : select count(b1_0.id) from brands b1_0 where b1_0.tenant_id = ? and b1_0.tenant_id = ?
2026-01-17T20:44:40.934+02:00 DEBUG 5288 --- [http-nio-710-exec-7] org.hibernate.SQL                        : select c1_0.brand_id,c1_1.id,c1_1.alias,c1_1.all_parent_ids,c1_1.enabled,c1_1.image,c1_1.level,c1_1.name,c1_1.parent_id,c1_1.tenant_id from brands_categories c1_0 join categories c1_1 on c1_1.id=c1_0.category_id where c1_0.brand_id=?
2026-01-17T20:44:40.946+02:00 DEBUG 5288 --- [http-nio-710-exec-7] org.hibernate.SQL                        : select c1_0.brand_id,c1_1.id,c1_1.alias,c1_1.all_parent_ids,c1_1.enabled,c1_1.image,c1_1.level,c1_1.name,c1_1.parent_id,c1_1.tenant_id from brands_categories c1_0 join categories c1_1 on c1_1.id=c1_0.category_id where c1_0.brand_id=?
2026-01-17T20:44:40.957+02:00 DEBUG 5288 --- [http-nio-710-exec-7] org.hibernate.SQL                        : select c1_0.brand_id,c1_1.id,c1_1.alias,c1_1.all_parent_ids,c1_1.enabled,c1_1.image,c1_1.level,c1_1.name,c1_1.parent_id,c1_1.tenant_id from brands_categories c1_0 join categories c1_1 on c1_1.id=c1_0.category_id where c1_0.brand_id=?
2026-01-17T20:44:40.965+02:00 DEBUG 5288 --- [http-nio-710-exec-7] org.hibernate.SQL                        : select c1_0.brand_id,c1_1.id,c1_1.alias,c1_1.all_parent_ids,c1_1.enabled,c1_1.image,c1_1.level,c1_1.name,c1_1.parent_id,c1_1.tenant_id from brands_categories c1_0 join categories c1_1 on c1_1.id=c1_0.category_id where c1_0.brand_id=?
2026-01-17T20:44:40.993+02:00 DEBUG 5288 --- [http-nio-710-exec-7] org.hibernate.SQL                        : select c1_0.brand_id,c1_1.id,c1_1.alias,c1_1.all_parent_ids,c1_1.enabled,c1_1.image,c1_1.level,c1_1.name,c1_1.parent_id,c1_1.tenant_id from brands_categories c1_0 join categories c1_1 on c1_1.id=c1_0.category_id where c1_0.brand_id=?
2026-01-17T20:44:41.027+02:00 DEBUG 5288 --- [http-nio-710-exec-1] c.o.a.s.tenant.TenantFilterAspect        : 🛡️ [TenantFilterAspect] Enforced Filter for TenantID: 4
2026-01-17T20:44:41.029+02:00 DEBUG 5288 --- [http-nio-710-exec-1] org.hibernate.SQL                        : select s1_0.id,s1_0.category,s1_0.`key`,s1_0.tenant_id,s1_0.value from settings s1_0 where (s1_0.tenant_id = ? or s1_0.tenant_id = 0 or s1_0.tenant_id is null) and s1_0.tenant_id = ? and s1_0.category=?
2026-01-17T20:44:41.113+02:00  WARN 5288 --- [http-nio-710-exec-7] o.h.c.spi.AbstractPersistentCollection   : HHH000506: Detaching an uninitialized collection with enabled filters from a session: [com.onlineStoreCom.entity.category.Category.children#5]
2026-01-17T20:44:41.113+02:00  WARN 5288 --- [http-nio-710-exec-7] o.h.c.spi.AbstractPersistentCollection   : HHH000506: Detaching an uninitialized collection with enabled filters from a session: [com.onlineStoreCom.entity.category.Category.children#6]
2026-01-17T20:44:41.114+02:00  WARN 5288 --- [http-nio-710-exec-7] o.h.c.spi.AbstractPersistentCollection   : HHH000506: Detaching an uninitialized collection with enabled filters from a session: [com.onlineStoreCom.entity.category.Category.children#7]
2026-01-17T20:44:41.115+02:00  WARN 5288 --- [http-nio-710-exec-7] o.h.c.spi.AbstractPersistentCollection   : HHH000506: Detaching an uninitialized collection with enabled filters from a session: [com.onlineStoreCom.entity.category.Category.children#17]
2026-01-17T20:44:41.115+02:00  WARN 5288 --- [http-nio-710-exec-7] o.h.c.spi.AbstractPersistentCollection   : HHH000506: Detaching an uninitialized collection with enabled filters from a session: [com.onlineStoreCom.entity.category.Category.children#9]
2026-01-17T20:44:41.115+02:00  WARN 5288 --- [http-nio-710-exec-7] o.h.c.spi.AbstractPersistentCollection   : HHH000506: Detaching an uninitialized collection with enabled filters from a session: [com.onlineStoreCom.entity.category.Category.children#22]
2026-01-17T20:44:41.115+02:00  WARN 5288 --- [http-nio-710-exec-7] o.h.c.spi.AbstractPersistentCollection   : HHH000506: Detaching an uninitialized collection with enabled filters from a session: [com.onlineStoreCom.entity.category.Category.children#23]
2026-01-17T20:44:41.115+02:00  WARN 5288 --- [http-nio-710-exec-7] o.h.c.spi.AbstractPersistentCollection   : HHH000506: Detaching an uninitialized collection with enabled filters from a session: [com.onlineStoreCom.entity.category.Category.children#4]
2026-01-17T20:44:41.115+02:00  WARN 5288 --- [http-nio-710-exec-7] o.h.c.spi.AbstractPersistentCollection   : HHH000506: Detaching an uninitialized collection with enabled filters from a session: [com.onlineStoreCom.entity.category.Category.children#14]
2026-01-17T20:44:41.116+02:00  WARN 5288 --- [http-nio-710-exec-7] o.h.c.spi.AbstractPersistentCollection   : HHH000506: Detaching an uninitialized collection with enabled filters from a session: [com.onlineStoreCom.entity.category.Category.children#15]
2026-01-17T20:44:43.420+02:00 DEBUG 5288 --- [http-nio-710-exec-6] c.o.a.s.tenant.TenantFilterAspect        : 🛡️ [TenantFilterAspect] Enforced Filter for TenantID: 4
2026-01-17T20:44:43.423+02:00 DEBUG 5288 --- [http-nio-710-exec-6] org.hibernate.SQL                        : select b1_0.id,b1_0.logo,b1_0.name,b1_0.tenant_id from brands b1_0 where b1_0.tenant_id = ? and b1_0.tenant_id = ? order by b1_0.name limit ?,?
2026-01-17T20:44:43.427+02:00 DEBUG 5288 --- [http-nio-710-exec-6] org.hibernate.SQL                        : select count(b1_0.id) from brands b1_0 where b1_0.tenant_id = ? and b1_0.tenant_id = ?
2026-01-17T20:44:43.485+02:00 DEBUG 5288 --- [http-nio-710-exec-6] org.hibernate.SQL                        : select c1_0.brand_id,c1_1.id,c1_1.alias,c1_1.all_parent_ids,c1_1.enabled,c1_1.image,c1_1.level,c1_1.name,c1_1.parent_id,c1_1.tenant_id from brands_categories c1_0 join categories c1_1 on c1_1.id=c1_0.category_id where c1_0.brand_id=?
2026-01-17T20:44:43.492+02:00 DEBUG 5288 --- [http-nio-710-exec-6] org.hibernate.SQL                        : select c1_0.brand_id,c1_1.id,c1_1.alias,c1_1.all_parent_ids,c1_1.enabled,c1_1.image,c1_1.level,c1_1.name,c1_1.parent_id,c1_1.tenant_id from brands_categories c1_0 join categories c1_1 on c1_1.id=c1_0.category_id where c1_0.brand_id=?
2026-01-17T20:44:43.501+02:00 DEBUG 5288 --- [http-nio-710-exec-6] org.hibernate.SQL                        : select c1_0.brand_id,c1_1.id,c1_1.alias,c1_1.all_parent_ids,c1_1.enabled,c1_1.image,c1_1.level,c1_1.name,c1_1.parent_id,c1_1.tenant_id from brands_categories c1_0 join categories c1_1 on c1_1.id=c1_0.category_id where c1_0.brand_id=?
2026-01-17T20:44:43.512+02:00 DEBUG 5288 --- [http-nio-710-exec-6] org.hibernate.SQL                        : select c1_0.brand_id,c1_1.id,c1_1.alias,c1_1.all_parent_ids,c1_1.enabled,c1_1.image,c1_1.level,c1_1.name,c1_1.parent_id,c1_1.tenant_id from brands_categories c1_0 join categories c1_1 on c1_1.id=c1_0.category_id where c1_0.brand_id=?
2026-01-17T20:44:43.518+02:00 DEBUG 5288 --- [http-nio-710-exec-6] org.hibernate.SQL                        : select c1_0.brand_id,c1_1.id,c1_1.alias,c1_1.all_parent_ids,c1_1.enabled,c1_1.image,c1_1.level,c1_1.name,c1_1.parent_id,c1_1.tenant_id from brands_categories c1_0 join categories c1_1 on c1_1.id=c1_0.category_id where c1_0.brand_id=?
2026-01-17T20:44:43.561+02:00 DEBUG 5288 --- [http-nio-710-exec-3] c.o.a.s.tenant.TenantFilterAspect        : 🛡️ [TenantFilterAspect] Enforced Filter for TenantID: 4
2026-01-17T20:44:43.568+02:00 DEBUG 5288 --- [http-nio-710-exec-3] org.hibernate.SQL                        : select s1_0.id,s1_0.category,s1_0.`key`,s1_0.tenant_id,s1_0.value from settings s1_0 where (s1_0.tenant_id = ? or s1_0.tenant_id = 0 or s1_0.tenant_id is null) and s1_0.tenant_id = ? and s1_0.category=?
2026-01-17T20:44:43.650+02:00  WARN 5288 --- [http-nio-710-exec-6] o.h.c.spi.AbstractPersistentCollection   : HHH000506: Detaching an uninitialized collection with enabled filters from a session: [com.onlineStoreCom.entity.category.Category.children#5]
2026-01-17T20:44:43.651+02:00  WARN 5288 --- [http-nio-710-exec-6] o.h.c.spi.AbstractPersistentCollection   : HHH000506: Detaching an uninitialized collection with enabled filters from a session: [com.onlineStoreCom.entity.category.Category.children#6]
2026-01-17T20:44:43.651+02:00  WARN 5288 --- [http-nio-710-exec-6] o.h.c.spi.AbstractPersistentCollection   : HHH000506: Detaching an uninitialized collection with enabled filters from a session: [com.onlineStoreCom.entity.category.Category.children#7]
2026-01-17T20:44:43.654+02:00  WARN 5288 --- [http-nio-710-exec-6] o.h.c.spi.AbstractPersistentCollection   : HHH000506: Detaching an uninitialized collection with enabled filters from a session: [com.onlineStoreCom.entity.category.Category.children#17]
2026-01-17T20:44:43.656+02:00  WARN 5288 --- [http-nio-710-exec-6] o.h.c.spi.AbstractPersistentCollection   : HHH000506: Detaching an uninitialized collection with enabled filters from a session: [com.onlineStoreCom.entity.category.Category.children#9]
2026-01-17T20:44:43.658+02:00  WARN 5288 --- [http-nio-710-exec-6] o.h.c.spi.AbstractPersistentCollection   : HHH000506: Detaching an uninitialized collection with enabled filters from a session: [com.onlineStoreCom.entity.category.Category.children#22]
2026-01-17T20:44:43.660+02:00  WARN 5288 --- [http-nio-710-exec-6] o.h.c.spi.AbstractPersistentCollection   : HHH000506: Detaching an uninitialized collection with enabled filters from a session: [com.onlineStoreCom.entity.category.Category.children#23]
2026-01-17T20:44:43.660+02:00  WARN 5288 --- [http-nio-710-exec-6] o.h.c.spi.AbstractPersistentCollection   : HHH000506: Detaching an uninitialized collection with enabled filters from a session: [com.onlineStoreCom.entity.category.Category.children#4]
2026-01-17T20:44:43.660+02:00  WARN 5288 --- [http-nio-710-exec-6] o.h.c.spi.AbstractPersistentCollection   : HHH000506: Detaching an uninitialized collection with enabled filters from a session: [com.onlineStoreCom.entity.category.Category.children#14]
2026-01-17T20:44:43.660+02:00  WARN 5288 --- [http-nio-710-exec-6] o.h.c.spi.AbstractPersistentCollection   : HHH000506: Detaching an uninitialized collection with enabled filters from a session: [com.onlineStoreCom.entity.category.Category.children#15]
2026-01-17T20:44:45.868+02:00 DEBUG 5288 --- [http-nio-710-exec-6] c.o.a.s.tenant.TenantFilterAspect        : 🛡️ [TenantFilterAspect] Enforced Filter for TenantID: 4
2026-01-17T20:44:45.872+02:00 DEBUG 5288 --- [http-nio-710-exec-6] org.hibernate.SQL                        : select b1_0.id,b1_0.logo,b1_0.name,b1_0.tenant_id from brands b1_0 where b1_0.tenant_id = ? and b1_0.tenant_id = ? order by b1_0.name limit ?,?
2026-01-17T20:44:45.877+02:00 DEBUG 5288 --- [http-nio-710-exec-6] org.hibernate.SQL                        : select count(b1_0.id) from brands b1_0 where b1_0.tenant_id = ? and b1_0.tenant_id = ?
2026-01-17T20:44:45.981+02:00 DEBUG 5288 --- [http-nio-710-exec-6] org.hibernate.SQL                        : select c1_0.brand_id,c1_1.id,c1_1.alias,c1_1.all_parent_ids,c1_1.enabled,c1_1.image,c1_1.level,c1_1.name,c1_1.parent_id,c1_1.tenant_id from brands_categories c1_0 join categories c1_1 on c1_1.id=c1_0.category_id where c1_0.brand_id=?
2026-01-17T20:44:46.006+02:00 DEBUG 5288 --- [http-nio-710-exec-6] org.hibernate.SQL                        : select c1_0.brand_id,c1_1.id,c1_1.alias,c1_1.all_parent_ids,c1_1.enabled,c1_1.image,c1_1.level,c1_1.name,c1_1.parent_id,c1_1.tenant_id from brands_categories c1_0 join categories c1_1 on c1_1.id=c1_0.category_id where c1_0.brand_id=?
2026-01-17T20:44:46.016+02:00 DEBUG 5288 --- [http-nio-710-exec-6] org.hibernate.SQL                        : select c1_0.brand_id,c1_1.id,c1_1.alias,c1_1.all_parent_ids,c1_1.enabled,c1_1.image,c1_1.level,c1_1.name,c1_1.parent_id,c1_1.tenant_id from brands_categories c1_0 join categories c1_1 on c1_1.id=c1_0.category_id where c1_0.brand_id=?
2026-01-17T20:44:46.030+02:00 DEBUG 5288 --- [http-nio-710-exec-6] org.hibernate.SQL                        : select c1_0.brand_id,c1_1.id,c1_1.alias,c1_1.all_parent_ids,c1_1.enabled,c1_1.image,c1_1.level,c1_1.name,c1_1.parent_id,c1_1.tenant_id from brands_categories c1_0 join categories c1_1 on c1_1.id=c1_0.category_id where c1_0.brand_id=?
2026-01-17T20:44:46.068+02:00 DEBUG 5288 --- [http-nio-710-exec-6] org.hibernate.SQL                        : select c1_0.brand_id,c1_1.id,c1_1.alias,c1_1.all_parent_ids,c1_1.enabled,c1_1.image,c1_1.level,c1_1.name,c1_1.parent_id,c1_1.tenant_id from brands_categories c1_0 join categories c1_1 on c1_1.id=c1_0.category_id where c1_0.brand_id=?
2026-01-17T20:44:46.068+02:00 DEBUG 5288 --- [http-nio-710-exec-10] c.o.a.s.tenant.TenantFilterAspect        : 🛡️ [TenantFilterAspect] Enforced Filter for TenantID: 4
2026-01-17T20:44:46.084+02:00 DEBUG 5288 --- [http-nio-710-exec-10] org.hibernate.SQL                        : select s1_0.id,s1_0.category,s1_0.`key`,s1_0.tenant_id,s1_0.value from settings s1_0 where (s1_0.tenant_id = ? or s1_0.tenant_id = 0 or s1_0.tenant_id is null) and s1_0.tenant_id = ? and s1_0.category=?
2026-01-17T20:44:46.197+02:00  WARN 5288 --- [http-nio-710-exec-6] o.h.c.spi.AbstractPersistentCollection   : HHH000506: Detaching an uninitialized collection with enabled filters from a session: [com.onlineStoreCom.entity.category.Category.children#5]
2026-01-17T20:44:46.198+02:00  WARN 5288 --- [http-nio-710-exec-6] o.h.c.spi.AbstractPersistentCollection   : HHH000506: Detaching an uninitialized collection with enabled filters from a session: [com.onlineStoreCom.entity.category.Category.children#6]
2026-01-17T20:44:46.199+02:00  WARN 5288 --- [http-nio-710-exec-6] o.h.c.spi.AbstractPersistentCollection   : HHH000506: Detaching an uninitialized collection with enabled filters from a session: [com.onlineStoreCom.entity.category.Category.children#7]
2026-01-17T20:44:46.199+02:00  WARN 5288 --- [http-nio-710-exec-6] o.h.c.spi.AbstractPersistentCollection   : HHH000506: Detaching an uninitialized collection with enabled filters from a session: [com.onlineStoreCom.entity.category.Category.children#17]
2026-01-17T20:44:46.199+02:00  WARN 5288 --- [http-nio-710-exec-6] o.h.c.spi.AbstractPersistentCollection   : HHH000506: Detaching an uninitialized collection with enabled filters from a session: [com.onlineStoreCom.entity.category.Category.children#9]
2026-01-17T20:44:46.201+02:00  WARN 5288 --- [http-nio-710-exec-6] o.h.c.spi.AbstractPersistentCollection   : HHH000506: Detaching an uninitialized collection with enabled filters from a session: [com.onlineStoreCom.entity.category.Category.children#22]
2026-01-17T20:44:46.201+02:00  WARN 5288 --- [http-nio-710-exec-6] o.h.c.spi.AbstractPersistentCollection   : HHH000506: Detaching an uninitialized collection with enabled filters from a session: [com.onlineStoreCom.entity.category.Category.children#23]
2026-01-17T20:44:46.202+02:00  WARN 5288 --- [http-nio-710-exec-6] o.h.c.spi.AbstractPersistentCollection   : HHH000506: Detaching an uninitialized collection with enabled filters from a session: [com.onlineStoreCom.entity.category.Category.children#4]
2026-01-17T20:44:46.202+02:00  WARN 5288 --- [http-nio-710-exec-6] o.h.c.spi.AbstractPersistentCollection   : HHH000506: Detaching an uninitialized collection with enabled filters from a session: [com.onlineStoreCom.entity.category.Category.children#14]
2026-01-17T20:44:46.202+02:00  WARN 5288 --- [http-nio-710-exec-6] o.h.c.spi.AbstractPersistentCollection   : HHH000506: Detaching an uninitialized collection with enabled filters from a session: [com.onlineStoreCom.entity.category.Category.children#15]
2026-01-17T20:44:49.280+02:00 DEBUG 5288 --- [http-nio-710-exec-7] c.o.a.s.tenant.TenantFilterAspect        : 🛡️ [TenantFilterAspect] Enforced Filter for TenantID: 4
2026-01-17T20:44:49.283+02:00 DEBUG 5288 --- [http-nio-710-exec-7] org.hibernate.SQL                        : select u1_0.id,u1_0.email,u1_0.enabled,u1_0.first_name,u1_0.last_name,u1_0.password,u1_0.photos,u1_0.tenant_id,u1_0.user_bio from `'user'` u1_0 where u1_0.tenant_id = ? and u1_0.tenant_id = ? order by u1_0.first_name limit ?,?
2026-01-17T20:44:49.296+02:00 DEBUG 5288 --- [http-nio-710-exec-7] org.hibernate.SQL                        : select r1_0.user_id,r1_1.id,r1_1.all_parent_ids,r1_1.descrption,r1_1.name,r1_1.parent_id from user_roles r1_0 join role r1_1 on r1_1.id=r1_0.role_id where r1_0.user_id=?
2026-01-17T20:44:49.300+02:00 DEBUG 5288 --- [http-nio-710-exec-7] org.hibernate.SQL                        : select r1_0.user_id,r1_1.id,r1_1.all_parent_ids,r1_1.descrption,r1_1.name,r1_1.parent_id from user_roles r1_0 join role r1_1 on r1_1.id=r1_0.role_id where r1_0.user_id=?
2026-01-17T20:44:49.303+02:00 DEBUG 5288 --- [http-nio-710-exec-7] org.hibernate.SQL                        : select r1_0.user_id,r1_1.id,r1_1.all_parent_ids,r1_1.descrption,r1_1.name,r1_1.parent_id from user_roles r1_0 join role r1_1 on r1_1.id=r1_0.role_id where r1_0.user_id=?
2026-01-17T20:44:49.307+02:00 DEBUG 5288 --- [http-nio-710-exec-7] org.hibernate.SQL                        : select r1_0.user_id,r1_1.id,r1_1.all_parent_ids,r1_1.descrption,r1_1.name,r1_1.parent_id from user_roles r1_0 join role r1_1 on r1_1.id=r1_0.role_id where r1_0.user_id=?
2026-01-17T20:44:49.309+02:00 DEBUG 5288 --- [http-nio-710-exec-7] org.hibernate.SQL                        : select r1_0.user_id,r1_1.id,r1_1.all_parent_ids,r1_1.descrption,r1_1.name,r1_1.parent_id from user_roles r1_0 join role r1_1 on r1_1.id=r1_0.role_id where r1_0.user_id=?
2026-01-17T20:44:49.315+02:00 DEBUG 5288 --- [http-nio-710-exec-7] org.hibernate.SQL                        : select count(u1_0.id) from `'user'` u1_0 where u1_0.tenant_id = ? and u1_0.tenant_id = ?
2026-01-17T20:44:49.563+02:00 DEBUG 5288 --- [http-nio-710-exec-1] c.o.a.s.tenant.TenantFilterAspect        : 🛡️ [TenantFilterAspect] Enforced Filter for TenantID: 4
2026-01-17T20:44:49.571+02:00 DEBUG 5288 --- [http-nio-710-exec-1] org.hibernate.SQL                        : select s1_0.id,s1_0.category,s1_0.`key`,s1_0.tenant_id,s1_0.value from settings s1_0 where (s1_0.tenant_id = ? or s1_0.tenant_id = 0 or s1_0.tenant_id is null) and s1_0.tenant_id = ? and s1_0.category=?
2026-01-17T20:44:49.594+02:00  WARN 5288 --- [http-nio-710-exec-7] o.h.c.spi.AbstractPersistentCollection   : HHH000506: Detaching an uninitialized collection with enabled filters from a session: [com.onlineStoreCom.entity.users.Role.children#5]
2026-01-17T20:44:49.600+02:00  WARN 5288 --- [http-nio-710-exec-7] o.h.c.spi.AbstractPersistentCollection   : HHH000506: Detaching an uninitialized collection with enabled filters from a session: [com.onlineStoreCom.entity.users.Role.children#1]
2026-01-17T20:44:49.600+02:00  WARN 5288 --- [http-nio-710-exec-7] o.h.c.spi.AbstractPersistentCollection   : HHH000506: Detaching an uninitialized collection with enabled filters from a session: [com.onlineStoreCom.entity.users.Role.children#3]
2026-01-17T20:44:49.602+02:00  WARN 5288 --- [http-nio-710-exec-7] o.h.c.spi.AbstractPersistentCollection   : HHH000506: Detaching an uninitialized collection with enabled filters from a session: [com.onlineStoreCom.entity.users.Role.children#4]
2026-01-17T20:45:04.685+02:00 DEBUG 5288 --- [http-nio-710-exec-8] c.o.a.s.tenant.TenantFilterAspect        : 🛡️ [TenantFilterAspect] Enforced Filter for TenantID: 4
2026-01-17T20:45:04.691+02:00 DEBUG 5288 --- [http-nio-710-exec-8] org.hibernate.SQL                        : select s1_0.id,s1_0.category,s1_0.`key`,s1_0.tenant_id,s1_0.value from settings s1_0 where (s1_0.tenant_id = ? or s1_0.tenant_id = 0 or s1_0.tenant_id is null) and s1_0.tenant_id = ? and s1_0.category=?
2026-01-17T20:45:31.819+02:00 DEBUG 5288 --- [http-nio-710-exec-8] c.o.a.s.tenant.TenantFilterAspect        : ⚠️ [TenantFilterAspect] Service execution without TenantID
2026-01-17T20:45:31.824+02:00 DEBUG 5288 --- [http-nio-710-exec-8] org.hibernate.SQL                        : select u1_0.id,u1_0.email,u1_0.enabled,u1_0.first_name,u1_0.last_name,u1_0.password,u1_0.photos,u1_0.tenant_id,u1_0.user_bio from `'user'` u1_0 where u1_0.email=?
2026-01-17T20:45:31.827+02:00 DEBUG 5288 --- [http-nio-710-exec-8] org.hibernate.SQL                        : select r1_0.user_id,r1_1.id,r1_1.all_parent_ids,r1_1.descrption,r1_1.name,r1_1.parent_id from user_roles r1_0 join role r1_1 on r1_1.id=r1_0.role_id where r1_0.user_id=?
2026-01-17T20:45:31.956+02:00 DEBUG 5288 --- [http-nio-710-exec-2] c.o.a.s.tenant.TenantFilterAspect        : 🛡️ [TenantFilterAspect] Enforced Filter for TenantID: 4
2026-01-17T20:45:31.959+02:00 DEBUG 5288 --- [http-nio-710-exec-2] org.hibernate.SQL                        : select u1_0.id,u1_0.email,u1_0.enabled,u1_0.first_name,u1_0.last_name,u1_0.password,u1_0.photos,u1_0.tenant_id,u1_0.user_bio from `'user'` u1_0 where u1_0.tenant_id = ? and u1_0.tenant_id = ? order by u1_0.first_name limit ?,?
2026-01-17T20:45:31.961+02:00 DEBUG 5288 --- [http-nio-710-exec-2] org.hibernate.SQL                        : select r1_0.user_id,r1_1.id,r1_1.all_parent_ids,r1_1.descrption,r1_1.name,r1_1.parent_id from user_roles r1_0 join role r1_1 on r1_1.id=r1_0.role_id where r1_0.user_id=?
2026-01-17T20:45:31.963+02:00 DEBUG 5288 --- [http-nio-710-exec-2] org.hibernate.SQL                        : select r1_0.user_id,r1_1.id,r1_1.all_parent_ids,r1_1.descrption,r1_1.name,r1_1.parent_id from user_roles r1_0 join role r1_1 on r1_1.id=r1_0.role_id where r1_0.user_id=?
2026-01-17T20:45:31.965+02:00 DEBUG 5288 --- [http-nio-710-exec-2] org.hibernate.SQL                        : select r1_0.user_id,r1_1.id,r1_1.all_parent_ids,r1_1.descrption,r1_1.name,r1_1.parent_id from user_roles r1_0 join role r1_1 on r1_1.id=r1_0.role_id where r1_0.user_id=?
2026-01-17T20:45:31.966+02:00 DEBUG 5288 --- [http-nio-710-exec-2] org.hibernate.SQL                        : select r1_0.user_id,r1_1.id,r1_1.all_parent_ids,r1_1.descrption,r1_1.name,r1_1.parent_id from user_roles r1_0 join role r1_1 on r1_1.id=r1_0.role_id where r1_0.user_id=?
2026-01-17T20:45:31.968+02:00 DEBUG 5288 --- [http-nio-710-exec-2] org.hibernate.SQL                        : select r1_0.user_id,r1_1.id,r1_1.all_parent_ids,r1_1.descrption,r1_1.name,r1_1.parent_id from user_roles r1_0 join role r1_1 on r1_1.id=r1_0.role_id where r1_0.user_id=?
2026-01-17T20:45:31.974+02:00 DEBUG 5288 --- [http-nio-710-exec-2] org.hibernate.SQL                        : select count(u1_0.id) from `'user'` u1_0 where u1_0.tenant_id = ? and u1_0.tenant_id = ?
2026-01-17T20:45:32.166+02:00 DEBUG 5288 --- [http-nio-710-exec-1] c.o.a.s.tenant.TenantFilterAspect        : 🛡️ [TenantFilterAspect] Enforced Filter for TenantID: 4
2026-01-17T20:45:32.175+02:00 DEBUG 5288 --- [http-nio-710-exec-1] org.hibernate.SQL                        : select s1_0.id,s1_0.category,s1_0.`key`,s1_0.tenant_id,s1_0.value from settings s1_0 where (s1_0.tenant_id = ? or s1_0.tenant_id = 0 or s1_0.tenant_id is null) and s1_0.tenant_id = ? and s1_0.category=?
2026-01-17T20:45:32.213+02:00  WARN 5288 --- [http-nio-710-exec-2] o.h.c.spi.AbstractPersistentCollection   : HHH000506: Detaching an uninitialized collection with enabled filters from a session: [com.onlineStoreCom.entity.users.Role.children#5]
2026-01-17T20:45:32.215+02:00  WARN 5288 --- [http-nio-710-exec-2] o.h.c.spi.AbstractPersistentCollection   : HHH000506: Detaching an uninitialized collection with enabled filters from a session: [com.onlineStoreCom.entity.users.Role.children#1]
2026-01-17T20:45:32.248+02:00  WARN 5288 --- [http-nio-710-exec-2] o.h.c.spi.AbstractPersistentCollection   : HHH000506: Detaching an uninitialized collection with enabled filters from a session: [com.onlineStoreCom.entity.users.Role.children#3]
2026-01-17T20:45:32.253+02:00  WARN 5288 --- [http-nio-710-exec-2] o.h.c.spi.AbstractPersistentCollection   : HHH000506: Detaching an uninitialized collection with enabled filters from a session: [com.onlineStoreCom.entity.users.Role.children#4]
2026-01-17T20:45:35.124+02:00 DEBUG 5288 --- [http-nio-710-exec-1] c.o.a.s.tenant.TenantFilterAspect        : 🛡️ [TenantFilterAspect] Enforced Filter for TenantID: 4
2026-01-17T20:45:35.130+02:00 DEBUG 5288 --- [http-nio-710-exec-1] org.hibernate.SQL                        : select s1_0.id,s1_0.category,s1_0.`key`,s1_0.tenant_id,s1_0.value from settings s1_0 where (s1_0.tenant_id = ? or s1_0.tenant_id = 0 or s1_0.tenant_id is null) and s1_0.tenant_id = ?
2026-01-17T20:45:35.137+02:00 DEBUG 5288 --- [http-nio-710-exec-1] org.hibernate.SQL                        : select c1_0.id,c1_0.code,c1_0.name,c1_0.symbol from currencies c1_0 order by c1_0.name
2026-01-17T20:45:35.383+02:00 DEBUG 5288 --- [http-nio-710-exec-8] c.o.a.s.tenant.TenantFilterAspect        : 🛡️ [TenantFilterAspect] Enforced Filter for TenantID: 4
2026-01-17T20:45:35.394+02:00 DEBUG 5288 --- [http-nio-710-exec-8] org.hibernate.SQL                        : select s1_0.id,s1_0.category,s1_0.`key`,s1_0.tenant_id,s1_0.value from settings s1_0 where (s1_0.tenant_id = ? or s1_0.tenant_id = 0 or s1_0.tenant_id is null) and s1_0.tenant_id = ? and s1_0.category=?
2026-01-17T20:45:37.634+02:00 DEBUG 5288 --- [http-nio-710-exec-10] c.o.a.s.tenant.TenantFilterAspect        : 🛡️ [TenantFilterAspect] Enforced Filter for TenantID: 4
2026-01-17T20:45:37.665+02:00 DEBUG 5288 --- [http-nio-710-exec-10] org.hibernate.SQL                        : select a1_0.id,a1_0.title,a1_0.type,a1_0.updated_time,a1_0.published,u1_0.id,u1_0.email,u1_0.enabled,u1_0.first_name,u1_0.last_name,u1_0.password,u1_0.photos,u1_0.tenant_id,u1_0.user_bio from articles a1_0 join `'user'` u1_0 on u1_0.id=a1_0.user_id where a1_0.tenant_id = ? and a1_0.tenant_id = ? order by a1_0.title limit ?,?
2026-01-17T20:45:37.675+02:00 DEBUG 5288 --- [http-nio-710-exec-10] org.hibernate.SQL                        : select r1_0.user_id,r1_1.id,r1_1.all_parent_ids,r1_1.descrption,r1_1.name,r1_1.parent_id from user_roles r1_0 join role r1_1 on r1_1.id=r1_0.role_id where r1_0.user_id=?
2026-01-17T20:45:37.679+02:00 DEBUG 5288 --- [http-nio-710-exec-10] org.hibernate.SQL                        : select r1_0.user_id,r1_1.id,r1_1.all_parent_ids,r1_1.descrption,r1_1.name,r1_1.parent_id from user_roles r1_0 join role r1_1 on r1_1.id=r1_0.role_id where r1_0.user_id=?
2026-01-17T20:45:37.682+02:00 DEBUG 5288 --- [http-nio-710-exec-10] org.hibernate.SQL                        : select count(a1_0.id) from articles a1_0 where a1_0.tenant_id = ? and a1_0.tenant_id = ?
2026-01-17T20:45:37.974+02:00 DEBUG 5288 --- [http-nio-710-exec-8] c.o.a.s.tenant.TenantFilterAspect        : 🛡️ [TenantFilterAspect] Enforced Filter for TenantID: 4
2026-01-17T20:45:37.978+02:00 DEBUG 5288 --- [http-nio-710-exec-8] org.hibernate.SQL                        : select s1_0.id,s1_0.category,s1_0.`key`,s1_0.tenant_id,s1_0.value from settings s1_0 where (s1_0.tenant_id = ? or s1_0.tenant_id = 0 or s1_0.tenant_id is null) and s1_0.tenant_id = ? and s1_0.category=?
2026-01-17T20:45:38.107+02:00  WARN 5288 --- [http-nio-710-exec-10] o.h.c.spi.AbstractPersistentCollection   : HHH000506: Detaching an uninitialized collection with enabled filters from a session: [com.onlineStoreCom.entity.users.Role.children#1]
2026-01-17T20:45:38.110+02:00  WARN 5288 --- [http-nio-710-exec-10] o.h.c.spi.AbstractPersistentCollection   : HHH000506: Detaching an uninitialized collection with enabled filters from a session: [com.onlineStoreCom.entity.users.Role.children#3]
2026-01-17T20:45:40.049+02:00 DEBUG 5288 --- [http-nio-710-exec-2] org.hibernate.SQL                        : select s1_0.id,s1_0.category,s1_0.`key`,s1_0.tenant_id,s1_0.value from settings s1_0 where s1_0.category=?
2026-01-17T20:45:40.057+02:00 DEBUG 5288 --- [http-nio-710-exec-2] c.o.a.s.tenant.TenantFilterAspect        : 🛡️ [TenantFilterAspect] Enforced Filter for TenantID: 4
2026-01-17T20:45:40.059+02:00 DEBUG 5288 --- [http-nio-710-exec-2] org.hibernate.SQL                        : select s1_0.id,s1_0.category,s1_0.`key`,s1_0.tenant_id,s1_0.value from settings s1_0 where (s1_0.tenant_id = ? or s1_0.tenant_id = 0 or s1_0.tenant_id is null) and s1_0.tenant_id = ? and s1_0.category=?
2026-01-17T20:45:40.062+02:00 DEBUG 5288 --- [http-nio-710-exec-2] org.hibernate.SQL                        : select count(o1_0.id) from orders o1_0 where o1_0.tenant_id = ? and o1_0.tenant_id = ?
2026-01-17T20:45:40.066+02:00 DEBUG 5288 --- [http-nio-710-exec-2] org.hibernate.SQL                        : select sum(o1_0.total) from orders o1_0 where o1_0.tenant_id = ? and o1_0.tenant_id = ?
2026-01-17T20:45:40.091+02:00 DEBUG 5288 --- [http-nio-710-exec-2] org.hibernate.SQL                        : select o1_0.id,o1_0.order_time,o1_0.product_cost,o1_0.subtotal,o1_0.total from orders o1_0 where o1_0.tenant_id = ? and o1_0.tenant_id = ? and o1_0.order_time between ? and ? order by o1_0.order_time
2026-01-17T20:45:40.260+02:00 DEBUG 5288 --- [http-nio-710-exec-3] c.o.a.s.tenant.TenantFilterAspect        : 🛡️ [TenantFilterAspect] Enforced Filter for TenantID: 4
2026-01-17T20:45:40.265+02:00 DEBUG 5288 --- [http-nio-710-exec-3] org.hibernate.SQL                        : select s1_0.id,s1_0.category,s1_0.`key`,s1_0.tenant_id,s1_0.value from settings s1_0 where (s1_0.tenant_id = ? or s1_0.tenant_id = 0 or s1_0.tenant_id is null) and s1_0.tenant_id = ? and s1_0.category=?
2026-01-17T20:45:43.566+02:00 DEBUG 5288 --- [http-nio-710-exec-1] c.o.a.s.tenant.TenantFilterAspect        : 🛡️ [TenantFilterAspect] Enforced Filter for TenantID: 4
2026-01-17T20:45:43.570+02:00 DEBUG 5288 --- [http-nio-710-exec-1] org.hibernate.SQL                        : select f1_0.id,f1_0.description,f1_0.is_enabled,f1_0.feature_key,f1_0.tenant_id from feature_flags f1_0 where f1_0.tenant_id is null
2026-01-17T20:45:43.767+02:00 DEBUG 5288 --- [http-nio-710-exec-3] c.o.a.s.tenant.TenantFilterAspect        : 🛡️ [TenantFilterAspect] Enforced Filter for TenantID: 4
2026-01-17T20:45:43.786+02:00 DEBUG 5288 --- [http-nio-710-exec-3] org.hibernate.SQL                        : select s1_0.id,s1_0.category,s1_0.`key`,s1_0.tenant_id,s1_0.value from settings s1_0 where (s1_0.tenant_id = ? or s1_0.tenant_id = 0 or s1_0.tenant_id is null) and s1_0.tenant_id = ? and s1_0.category=?
2026-01-17T20:45:45.828+02:00 DEBUG 5288 --- [http-nio-710-exec-7] c.o.a.s.tenant.TenantFilterAspect        : 🛡️ [TenantFilterAspect] Enforced Filter for TenantID: 4
2026-01-17T20:45:45.831+02:00 DEBUG 5288 --- [http-nio-710-exec-7] org.hibernate.SQL                        : select s1_0.id,s1_0.category,s1_0.`key`,s1_0.tenant_id,s1_0.value from settings s1_0 where (s1_0.tenant_id = ? or s1_0.tenant_id = 0 or s1_0.tenant_id is null) and s1_0.tenant_id = ? and s1_0.category=?
2026-01-17T20:45:49.528+02:00 DEBUG 5288 --- [http-nio-710-exec-6] c.o.a.s.tenant.TenantFilterAspect        : 🛡️ [TenantFilterAspect] Enforced Filter for TenantID: 4
2026-01-17T20:45:49.532+02:00 DEBUG 5288 --- [http-nio-710-exec-6] org.hibernate.SQL                        : select t1_0.id,t1_0.code,t1_0.created_at,t1_0.name,t1_0.parent_id,t1_0.status from tenants t1_0
2026-01-17T20:45:49.616+02:00  WARN 5288 --- [http-nio-710-exec-6] o.h.c.spi.AbstractPersistentCollection   : HHH000506: Detaching an uninitialized collection with enabled filters from a session: [com.onlineStoreCom.entity.tenant.Tenant.children#1]
2026-01-17T20:45:49.618+02:00  WARN 5288 --- [http-nio-710-exec-6] o.h.c.spi.AbstractPersistentCollection   : HHH000506: Detaching an uninitialized collection with enabled filters from a session: [com.onlineStoreCom.entity.tenant.Tenant.children#4]
2026-01-17T20:45:49.618+02:00  WARN 5288 --- [http-nio-710-exec-6] o.h.c.spi.AbstractPersistentCollection   : HHH000506: Detaching an uninitialized collection with enabled filters from a session: [com.onlineStoreCom.entity.tenant.Tenant.children#5]
2026-01-17T20:45:49.618+02:00  WARN 5288 --- [http-nio-710-exec-6] o.h.c.spi.AbstractPersistentCollection   : HHH000506: Detaching an uninitialized collection with enabled filters from a session: [com.onlineStoreCom.entity.tenant.Tenant.children#6]
2026-01-17T20:45:49.618+02:00  WARN 5288 --- [http-nio-710-exec-6] o.h.c.spi.AbstractPersistentCollection   : HHH000506: Detaching an uninitialized collection with enabled filters from a session: [com.onlineStoreCom.entity.tenant.Tenant.children#7]
2026-01-17T20:45:49.678+02:00 DEBUG 5288 --- [http-nio-710-exec-4] c.o.a.s.tenant.TenantFilterAspect        : 🛡️ [TenantFilterAspect] Enforced Filter for TenantID: 4
2026-01-17T20:45:49.681+02:00 DEBUG 5288 --- [http-nio-710-exec-4] org.hibernate.SQL                        : select s1_0.id,s1_0.category,s1_0.`key`,s1_0.tenant_id,s1_0.value from settings s1_0 where (s1_0.tenant_id = ? or s1_0.tenant_id = 0 or s1_0.tenant_id is null) and s1_0.tenant_id = ? and s1_0.category=?
2026-01-17T20:45:51.609+02:00 DEBUG 5288 --- [http-nio-710-exec-3] c.o.a.s.tenant.TenantFilterAspect        : 🛡️ [TenantFilterAspect] Enforced Filter for TenantID: 4
2026-01-17T20:45:51.611+02:00 DEBUG 5288 --- [http-nio-710-exec-3] org.hibernate.SQL                        : select f1_0.id,f1_0.description,f1_0.is_enabled,f1_0.feature_key,f1_0.tenant_id from feature_flags f1_0 where f1_0.tenant_id is null
2026-01-17T20:45:51.717+02:00 DEBUG 5288 --- [http-nio-710-exec-5] c.o.a.s.tenant.TenantFilterAspect        : 🛡️ [TenantFilterAspect] Enforced Filter for TenantID: 4
2026-01-17T20:45:51.725+02:00 DEBUG 5288 --- [http-nio-710-exec-5] org.hibernate.SQL                        : select s1_0.id,s1_0.category,s1_0.`key`,s1_0.tenant_id,s1_0.value from settings s1_0 where (s1_0.tenant_id = ? or s1_0.tenant_id = 0 or s1_0.tenant_id is null) and s1_0.tenant_id = ? and s1_0.category=?
2026-01-17T20:45:54.915+02:00 DEBUG 5288 --- [http-nio-710-exec-10] c.o.a.s.tenant.TenantFilterAspect        : 🛡️ [TenantFilterAspect] Enforced Filter for TenantID: 4
2026-01-17T20:45:54.916+02:00 DEBUG 5288 --- [http-nio-710-exec-10] org.hibernate.SQL                        : select f1_0.id,f1_0.description,f1_0.is_enabled,f1_0.feature_key,f1_0.tenant_id from feature_flags f1_0 where f1_0.tenant_id is null
2026-01-17T20:45:55.059+02:00 DEBUG 5288 --- [http-nio-710-exec-4] c.o.a.s.tenant.TenantFilterAspect        : 🛡️ [TenantFilterAspect] Enforced Filter for TenantID: 4
2026-01-17T20:45:55.062+02:00 DEBUG 5288 --- [http-nio-710-exec-4] org.hibernate.SQL                        : select s1_0.id,s1_0.category,s1_0.`key`,s1_0.tenant_id,s1_0.value from settings s1_0 where (s1_0.tenant_id = ? or s1_0.tenant_id = 0 or s1_0.tenant_id is null) and s1_0.tenant_id = ? and s1_0.category=?
2026-01-17T20:45:56.739+02:00 DEBUG 5288 --- [http-nio-710-exec-6] org.hibernate.SQL                        : select s1_0.id,s1_0.category,s1_0.`key`,s1_0.tenant_id,s1_0.value from settings s1_0 where s1_0.category=?
2026-01-17T20:45:56.745+02:00 DEBUG 5288 --- [http-nio-710-exec-6] c.o.a.s.tenant.TenantFilterAspect        : 🛡️ [TenantFilterAspect] Enforced Filter for TenantID: 4
2026-01-17T20:45:56.747+02:00 DEBUG 5288 --- [http-nio-710-exec-6] org.hibernate.SQL                        : select s1_0.id,s1_0.category,s1_0.`key`,s1_0.tenant_id,s1_0.value from settings s1_0 where (s1_0.tenant_id = ? or s1_0.tenant_id = 0 or s1_0.tenant_id is null) and s1_0.tenant_id = ? and s1_0.category=?
2026-01-17T20:45:56.750+02:00 DEBUG 5288 --- [http-nio-710-exec-6] org.hibernate.SQL                        : select count(o1_0.id) from orders o1_0 where o1_0.tenant_id = ? and o1_0.tenant_id = ?
2026-01-17T20:45:56.757+02:00 DEBUG 5288 --- [http-nio-710-exec-6] org.hibernate.SQL                        : select sum(o1_0.total) from orders o1_0 where o1_0.tenant_id = ? and o1_0.tenant_id = ?
2026-01-17T20:45:56.762+02:00 DEBUG 5288 --- [http-nio-710-exec-6] org.hibernate.SQL                        : select o1_0.id,o1_0.order_time,o1_0.product_cost,o1_0.subtotal,o1_0.total from orders o1_0 where o1_0.tenant_id = ? and o1_0.tenant_id = ? and o1_0.order_time between ? and ? order by o1_0.order_time
2026-01-17T20:45:56.879+02:00 DEBUG 5288 --- [http-nio-710-exec-5] c.o.a.s.tenant.TenantFilterAspect        : 🛡️ [TenantFilterAspect] Enforced Filter for TenantID: 4
2026-01-17T20:45:56.884+02:00 DEBUG 5288 --- [http-nio-710-exec-5] org.hibernate.SQL                        : select s1_0.id,s1_0.category,s1_0.`key`,s1_0.tenant_id,s1_0.value from settings s1_0 where (s1_0.tenant_id = ? or s1_0.tenant_id = 0 or s1_0.tenant_id is null) and s1_0.tenant_id = ? and s1_0.category=?
2026-01-17T20:46:02.442+02:00 DEBUG 5288 --- [http-nio-710-exec-9] c.o.a.s.tenant.TenantFilterAspect        : 🛡️ [TenantFilterAspect] Enforced Filter for TenantID: 4
2026-01-17T20:46:02.447+02:00 DEBUG 5288 --- [http-nio-710-exec-9] org.hibernate.SQL                        : select s1_0.id,s1_0.cod_supported,s1_0.country_id,s1_0.days,s1_0.rate,s1_0.state,s1_0.tenant_id from shipping_rates s1_0 where s1_0.tenant_id = ? and s1_0.tenant_id = ? order by s1_0.country_id desc limit ?,?
2026-01-17T20:46:02.454+02:00 DEBUG 5288 --- [http-nio-710-exec-9] org.hibernate.SQL                        : select c1_0.id,c1_0.code,c1_0.name from countries c1_0 where c1_0.id=?
2026-01-17T20:46:02.459+02:00 DEBUG 5288 --- [http-nio-710-exec-9] org.hibernate.SQL                        : select count(s1_0.id) from shipping_rates s1_0 where s1_0.tenant_id = ? and s1_0.tenant_id = ?
2026-01-17T20:46:02.730+02:00 DEBUG 5288 --- [http-nio-710-exec-10] c.o.a.s.tenant.TenantFilterAspect        : 🛡️ [TenantFilterAspect] Enforced Filter for TenantID: 4
2026-01-17T20:46:02.742+02:00 DEBUG 5288 --- [http-nio-710-exec-10] org.hibernate.SQL                        : select s1_0.id,s1_0.category,s1_0.`key`,s1_0.tenant_id,s1_0.value from settings s1_0 where (s1_0.tenant_id = ? or s1_0.tenant_id = 0 or s1_0.tenant_id is null) and s1_0.tenant_id = ? and s1_0.category=?
2026-01-17T20:46:02.746+02:00  WARN 5288 --- [http-nio-710-exec-9] o.h.c.spi.AbstractPersistentCollection   : HHH000506: Detaching an uninitialized collection with enabled filters from a session: [com.onlineStoreCom.entity.setting.state.Country.Country.customers#242]
2026-01-17T20:46:02.747+02:00  WARN 5288 --- [http-nio-710-exec-9] o.h.c.spi.AbstractPersistentCollection   : HHH000506: Detaching an uninitialized collection with enabled filters from a session: [com.onlineStoreCom.entity.setting.state.Country.Country.states#242]
2026-01-17T20:46:06.068+02:00 DEBUG 5288 --- [http-nio-710-exec-1] c.o.a.s.tenant.TenantFilterAspect        : 🛡️ [TenantFilterAspect] Enforced Filter for TenantID: 4
2026-01-17T20:46:06.070+02:00 DEBUG 5288 --- [http-nio-710-exec-1] org.hibernate.SQL                        : select b1_0.id,b1_0.logo,b1_0.name,b1_0.tenant_id from brands b1_0 where b1_0.tenant_id = ? and b1_0.tenant_id = ? order by b1_0.name limit ?,?
2026-01-17T20:46:06.074+02:00 DEBUG 5288 --- [http-nio-710-exec-1] org.hibernate.SQL                        : select count(b1_0.id) from brands b1_0 where b1_0.tenant_id = ? and b1_0.tenant_id = ?
2026-01-17T20:46:06.134+02:00 DEBUG 5288 --- [http-nio-710-exec-1] org.hibernate.SQL                        : select c1_0.brand_id,c1_1.id,c1_1.alias,c1_1.all_parent_ids,c1_1.enabled,c1_1.image,c1_1.level,c1_1.name,c1_1.parent_id,c1_1.tenant_id from brands_categories c1_0 join categories c1_1 on c1_1.id=c1_0.category_id where c1_0.brand_id=?
2026-01-17T20:46:06.142+02:00 DEBUG 5288 --- [http-nio-710-exec-1] org.hibernate.SQL                        : select c1_0.brand_id,c1_1.id,c1_1.alias,c1_1.all_parent_ids,c1_1.enabled,c1_1.image,c1_1.level,c1_1.name,c1_1.parent_id,c1_1.tenant_id from brands_categories c1_0 join categories c1_1 on c1_1.id=c1_0.category_id where c1_0.brand_id=?
2026-01-17T20:46:06.156+02:00 DEBUG 5288 --- [http-nio-710-exec-1] org.hibernate.SQL                        : select c1_0.brand_id,c1_1.id,c1_1.alias,c1_1.all_parent_ids,c1_1.enabled,c1_1.image,c1_1.level,c1_1.name,c1_1.parent_id,c1_1.tenant_id from brands_categories c1_0 join categories c1_1 on c1_1.id=c1_0.category_id where c1_0.brand_id=?
2026-01-17T20:46:06.167+02:00 DEBUG 5288 --- [http-nio-710-exec-1] org.hibernate.SQL                        : select c1_0.brand_id,c1_1.id,c1_1.alias,c1_1.all_parent_ids,c1_1.enabled,c1_1.image,c1_1.level,c1_1.name,c1_1.parent_id,c1_1.tenant_id from brands_categories c1_0 join categories c1_1 on c1_1.id=c1_0.category_id where c1_0.brand_id=?
2026-01-17T20:46:06.177+02:00 DEBUG 5288 --- [http-nio-710-exec-1] org.hibernate.SQL                        : select c1_0.brand_id,c1_1.id,c1_1.alias,c1_1.all_parent_ids,c1_1.enabled,c1_1.image,c1_1.level,c1_1.name,c1_1.parent_id,c1_1.tenant_id from brands_categories c1_0 join categories c1_1 on c1_1.id=c1_0.category_id where c1_0.brand_id=?
2026-01-17T20:46:06.203+02:00 DEBUG 5288 --- [http-nio-710-exec-7] c.o.a.s.tenant.TenantFilterAspect        : 🛡️ [TenantFilterAspect] Enforced Filter for TenantID: 4
2026-01-17T20:46:06.212+02:00 DEBUG 5288 --- [http-nio-710-exec-7] org.hibernate.SQL                        : select s1_0.id,s1_0.category,s1_0.`key`,s1_0.tenant_id,s1_0.value from settings s1_0 where (s1_0.tenant_id = ? or s1_0.tenant_id = 0 or s1_0.tenant_id is null) and s1_0.tenant_id = ? and s1_0.category=?
2026-01-17T20:46:06.262+02:00  WARN 5288 --- [http-nio-710-exec-1] o.h.c.spi.AbstractPersistentCollection   : HHH000506: Detaching an uninitialized collection with enabled filters from a session: [com.onlineStoreCom.entity.category.Category.children#5]
2026-01-17T20:46:06.262+02:00  WARN 5288 --- [http-nio-710-exec-1] o.h.c.spi.AbstractPersistentCollection   : HHH000506: Detaching an uninitialized collection with enabled filters from a session: [com.onlineStoreCom.entity.category.Category.children#6]
2026-01-17T20:46:06.263+02:00  WARN 5288 --- [http-nio-710-exec-1] o.h.c.spi.AbstractPersistentCollection   : HHH000506: Detaching an uninitialized collection with enabled filters from a session: [com.onlineStoreCom.entity.category.Category.children#7]
2026-01-17T20:46:06.264+02:00  WARN 5288 --- [http-nio-710-exec-1] o.h.c.spi.AbstractPersistentCollection   : HHH000506: Detaching an uninitialized collection with enabled filters from a session: [com.onlineStoreCom.entity.category.Category.children#17]
2026-01-17T20:46:06.264+02:00  WARN 5288 --- [http-nio-710-exec-1] o.h.c.spi.AbstractPersistentCollection   : HHH000506: Detaching an uninitialized collection with enabled filters from a session: [com.onlineStoreCom.entity.category.Category.children#9]
2026-01-17T20:46:06.265+02:00  WARN 5288 --- [http-nio-710-exec-1] o.h.c.spi.AbstractPersistentCollection   : HHH000506: Detaching an uninitialized collection with enabled filters from a session: [com.onlineStoreCom.entity.category.Category.children#22]
2026-01-17T20:46:06.267+02:00  WARN 5288 --- [http-nio-710-exec-1] o.h.c.spi.AbstractPersistentCollection   : HHH000506: Detaching an uninitialized collection with enabled filters from a session: [com.onlineStoreCom.entity.category.Category.children#23]
2026-01-17T20:46:06.268+02:00  WARN 5288 --- [http-nio-710-exec-1] o.h.c.spi.AbstractPersistentCollection   : HHH000506: Detaching an uninitialized collection with enabled filters from a session: [com.onlineStoreCom.entity.category.Category.children#4]
2026-01-17T20:46:06.268+02:00  WARN 5288 --- [http-nio-710-exec-1] o.h.c.spi.AbstractPersistentCollection   : HHH000506: Detaching an uninitialized collection with enabled filters from a session: [com.onlineStoreCom.entity.category.Category.children#14]
2026-01-17T20:46:06.274+02:00  WARN 5288 --- [http-nio-710-exec-1] o.h.c.spi.AbstractPersistentCollection   : HHH000506: Detaching an uninitialized collection with enabled filters from a session: [com.onlineStoreCom.entity.category.Category.children#15]
2026-01-17T20:46:09.214+02:00 DEBUG 5288 --- [http-nio-710-exec-4] c.o.a.s.tenant.TenantFilterAspect        : 🛡️ [TenantFilterAspect] Enforced Filter for TenantID: 4
2026-01-17T20:46:09.218+02:00 DEBUG 5288 --- [http-nio-710-exec-4] org.hibernate.SQL                        : select s1_0.id,s1_0.category,s1_0.`key`,s1_0.tenant_id,s1_0.value from settings s1_0 where (s1_0.tenant_id = ? or s1_0.tenant_id = 0 or s1_0.tenant_id is null) and s1_0.tenant_id = ? and s1_0.category=?
2026-01-17T20:47:03.520+02:00 DEBUG 5288 --- [http-nio-710-exec-2] c.o.a.s.tenant.TenantFilterAspect        : 🛡️ [TenantFilterAspect] Enforced Filter for TenantID: 4
2026-01-17T20:47:03.526+02:00 DEBUG 5288 --- [http-nio-710-exec-2] org.hibernate.SQL                        : select s1_0.id,s1_0.cod_supported,s1_0.country_id,s1_0.days,s1_0.rate,s1_0.state,s1_0.tenant_id from shipping_rates s1_0 where s1_0.tenant_id = ? and s1_0.tenant_id = ? order by s1_0.country_id desc limit ?,?
2026-01-17T20:47:03.531+02:00 DEBUG 5288 --- [http-nio-710-exec-2] org.hibernate.SQL                        : select c1_0.id,c1_0.code,c1_0.name from countries c1_0 where c1_0.id=?
2026-01-17T20:47:03.535+02:00 DEBUG 5288 --- [http-nio-710-exec-2] org.hibernate.SQL                        : select count(s1_0.id) from shipping_rates s1_0 where s1_0.tenant_id = ? and s1_0.tenant_id = ?
2026-01-17T20:47:03.692+02:00 DEBUG 5288 --- [http-nio-710-exec-1] c.o.a.s.tenant.TenantFilterAspect        : 🛡️ [TenantFilterAspect] Enforced Filter for TenantID: 4
2026-01-17T20:47:03.699+02:00 DEBUG 5288 --- [http-nio-710-exec-1] org.hibernate.SQL                        : select s1_0.id,s1_0.category,s1_0.`key`,s1_0.tenant_id,s1_0.value from settings s1_0 where (s1_0.tenant_id = ? or s1_0.tenant_id = 0 or s1_0.tenant_id is null) and s1_0.tenant_id = ? and s1_0.category=?
2026-01-17T20:47:03.699+02:00  WARN 5288 --- [http-nio-710-exec-2] o.h.c.spi.AbstractPersistentCollection   : HHH000506: Detaching an uninitialized collection with enabled filters from a session: [com.onlineStoreCom.entity.setting.state.Country.Country.customers#242]
2026-01-17T20:47:03.700+02:00  WARN 5288 --- [http-nio-710-exec-2] o.h.c.spi.AbstractPersistentCollection   : HHH000506: Detaching an uninitialized collection with enabled filters from a session: [com.onlineStoreCom.entity.setting.state.Country.Country.states#242]
2026-01-17T20:47:07.662+02:00 DEBUG 5288 --- [http-nio-710-exec-8] c.o.a.s.tenant.TenantFilterAspect        : 🛡️ [TenantFilterAspect] Enforced Filter for TenantID: 4
2026-01-17T20:47:07.664+02:00 DEBUG 5288 --- [http-nio-710-exec-8] org.hibernate.SQL                        : select u1_0.id,u1_0.email,u1_0.enabled,u1_0.first_name,u1_0.last_name,u1_0.password,u1_0.photos,u1_0.tenant_id,u1_0.user_bio from `'user'` u1_0 where u1_0.tenant_id = ? and u1_0.tenant_id = ? order by u1_0.first_name limit ?,?
2026-01-17T20:47:07.666+02:00 DEBUG 5288 --- [http-nio-710-exec-8] org.hibernate.SQL                        : select r1_0.user_id,r1_1.id,r1_1.all_parent_ids,r1_1.descrption,r1_1.name,r1_1.parent_id from user_roles r1_0 join role r1_1 on r1_1.id=r1_0.role_id where r1_0.user_id=?
2026-01-17T20:47:07.667+02:00 DEBUG 5288 --- [http-nio-710-exec-8] org.hibernate.SQL                        : select r1_0.user_id,r1_1.id,r1_1.all_parent_ids,r1_1.descrption,r1_1.name,r1_1.parent_id from user_roles r1_0 join role r1_1 on r1_1.id=r1_0.role_id where r1_0.user_id=?
2026-01-17T20:47:07.668+02:00 DEBUG 5288 --- [http-nio-710-exec-8] org.hibernate.SQL                        : select r1_0.user_id,r1_1.id,r1_1.all_parent_ids,r1_1.descrption,r1_1.name,r1_1.parent_id from user_roles r1_0 join role r1_1 on r1_1.id=r1_0.role_id where r1_0.user_id=?
2026-01-17T20:47:07.671+02:00 DEBUG 5288 --- [http-nio-710-exec-8] org.hibernate.SQL                        : select r1_0.user_id,r1_1.id,r1_1.all_parent_ids,r1_1.descrption,r1_1.name,r1_1.parent_id from user_roles r1_0 join role r1_1 on r1_1.id=r1_0.role_id where r1_0.user_id=?
2026-01-17T20:47:07.673+02:00 DEBUG 5288 --- [http-nio-710-exec-8] org.hibernate.SQL                        : select r1_0.user_id,r1_1.id,r1_1.all_parent_ids,r1_1.descrption,r1_1.name,r1_1.parent_id from user_roles r1_0 join role r1_1 on r1_1.id=r1_0.role_id where r1_0.user_id=?
2026-01-17T20:47:07.678+02:00 DEBUG 5288 --- [http-nio-710-exec-8] org.hibernate.SQL                        : select count(u1_0.id) from `'user'` u1_0 where u1_0.tenant_id = ? and u1_0.tenant_id = ?
2026-01-17T20:47:07.804+02:00 DEBUG 5288 --- [http-nio-710-exec-6] c.o.a.s.tenant.TenantFilterAspect        : 🛡️ [TenantFilterAspect] Enforced Filter for TenantID: 4
2026-01-17T20:47:07.814+02:00 DEBUG 5288 --- [http-nio-710-exec-6] org.hibernate.SQL                        : select s1_0.id,s1_0.category,s1_0.`key`,s1_0.tenant_id,s1_0.value from settings s1_0 where (s1_0.tenant_id = ? or s1_0.tenant_id = 0 or s1_0.tenant_id is null) and s1_0.tenant_id = ? and s1_0.category=?
2026-01-17T20:47:07.834+02:00  WARN 5288 --- [http-nio-710-exec-8] o.h.c.spi.AbstractPersistentCollection   : HHH000506: Detaching an uninitialized collection with enabled filters from a session: [com.onlineStoreCom.entity.users.Role.children#5]
2026-01-17T20:47:07.835+02:00  WARN 5288 --- [http-nio-710-exec-8] o.h.c.spi.AbstractPersistentCollection   : HHH000506: Detaching an uninitialized collection with enabled filters from a session: [com.onlineStoreCom.entity.users.Role.children#1]
2026-01-17T20:47:07.835+02:00  WARN 5288 --- [http-nio-710-exec-8] o.h.c.spi.AbstractPersistentCollection   : HHH000506: Detaching an uninitialized collection with enabled filters from a session: [com.onlineStoreCom.entity.users.Role.children#3]
2026-01-17T20:47:07.835+02:00  WARN 5288 --- [http-nio-710-exec-8] o.h.c.spi.AbstractPersistentCollection   : HHH000506: Detaching an uninitialized collection with enabled filters from a session: [com.onlineStoreCom.entity.users.Role.children#4]
2026-01-17T20:47:11.813+02:00 DEBUG 5288 --- [http-nio-710-exec-10] c.o.a.s.tenant.TenantFilterAspect        : 🛡️ [TenantFilterAspect] Enforced Filter for TenantID: 4
2026-01-17T20:47:11.819+02:00 DEBUG 5288 --- [http-nio-710-exec-10] org.hibernate.SQL                        : select u1_0.id,u1_0.email,u1_0.enabled,u1_0.first_name,u1_0.last_name,u1_0.password,u1_0.photos,r1_0.user_id,r1_1.id,r1_1.all_parent_ids,r1_1.descrption,r1_1.name,r1_1.parent_id,u1_0.tenant_id,u1_0.user_bio from `'user'` u1_0 left join (user_roles r1_0 join role r1_1 on r1_1.id=r1_0.role_id) on u1_0.id=r1_0.user_id where u1_0.id=?
2026-01-17T20:47:11.826+02:00 DEBUG 5288 --- [http-nio-710-exec-10] c.o.a.s.tenant.TenantFilterAspect        : 🛡️ [TenantFilterAspect] Enforced Filter for TenantID: 4
2026-01-17T20:47:11.828+02:00 DEBUG 5288 --- [http-nio-710-exec-10] org.hibernate.SQL                        : select r1_0.id,r1_0.all_parent_ids,r1_0.descrption,r1_0.name,r1_0.parent_id from role r1_0
2026-01-17T20:47:11.988+02:00  WARN 5288 --- [http-nio-710-exec-10] o.h.c.spi.AbstractPersistentCollection   : HHH000506: Detaching an uninitialized collection with enabled filters from a session: [com.onlineStoreCom.entity.users.Role.children#1]
2026-01-17T20:47:11.991+02:00  WARN 5288 --- [http-nio-710-exec-10] o.h.c.spi.AbstractPersistentCollection   : HHH000506: Detaching an uninitialized collection with enabled filters from a session: [com.onlineStoreCom.entity.users.Role.children#2]
2026-01-17T20:47:11.991+02:00  WARN 5288 --- [http-nio-710-exec-10] o.h.c.spi.AbstractPersistentCollection   : HHH000506: Detaching an uninitialized collection with enabled filters from a session: [com.onlineStoreCom.entity.users.Role.children#3]
2026-01-17T20:47:11.992+02:00  WARN 5288 --- [http-nio-710-exec-10] o.h.c.spi.AbstractPersistentCollection   : HHH000506: Detaching an uninitialized collection with enabled filters from a session: [com.onlineStoreCom.entity.users.Role.children#4]
2026-01-17T20:47:11.992+02:00  WARN 5288 --- [http-nio-710-exec-10] o.h.c.spi.AbstractPersistentCollection   : HHH000506: Detaching an uninitialized collection with enabled filters from a session: [com.onlineStoreCom.entity.users.Role.children#5]
2026-01-17T20:47:11.993+02:00  WARN 5288 --- [http-nio-710-exec-10] o.h.c.spi.AbstractPersistentCollection   : HHH000506: Detaching an uninitialized collection with enabled filters from a session: [com.onlineStoreCom.entity.users.Role.children#62]
2026-01-17T20:47:12.070+02:00 DEBUG 5288 --- [http-nio-710-exec-1] c.o.a.s.tenant.TenantFilterAspect        : 🛡️ [TenantFilterAspect] Enforced Filter for TenantID: 4
2026-01-17T20:47:12.100+02:00 DEBUG 5288 --- [http-nio-710-exec-1] org.hibernate.SQL                        : select s1_0.id,s1_0.category,s1_0.`key`,s1_0.tenant_id,s1_0.value from settings s1_0 where (s1_0.tenant_id = ? or s1_0.tenant_id = 0 or s1_0.tenant_id is null) and s1_0.tenant_id = ? and s1_0.category=?
2026-01-17T20:47:28.665+02:00 DEBUG 5288 --- [http-nio-710-exec-3] c.o.a.s.tenant.TenantFilterAspect        : 🛡️ [TenantFilterAspect] Enforced Filter for TenantID: 4
2026-01-17T20:47:28.667+02:00 DEBUG 5288 --- [http-nio-710-exec-3] org.hibernate.SQL                        : select u1_0.id,u1_0.email,u1_0.enabled,u1_0.first_name,u1_0.last_name,u1_0.password,u1_0.photos,u1_0.tenant_id,u1_0.user_bio from `'user'` u1_0 where u1_0.tenant_id = ? and u1_0.tenant_id = ? and u1_0.email=?
2026-01-17T20:47:28.671+02:00 DEBUG 5288 --- [http-nio-710-exec-3] org.hibernate.SQL                        : select r1_0.user_id,r1_1.id,r1_1.all_parent_ids,r1_1.descrption,r1_1.name,r1_1.parent_id from user_roles r1_0 join role r1_1 on r1_1.id=r1_0.role_id where r1_0.user_id=?
2026-01-17T20:47:28.677+02:00  WARN 5288 --- [http-nio-710-exec-3] o.h.c.spi.AbstractPersistentCollection   : HHH000506: Detaching an uninitialized collection with enabled filters from a session: [com.onlineStoreCom.entity.users.Role.children#1]
2026-01-17T20:47:28.779+02:00 DEBUG 5288 --- [http-nio-710-exec-2] org.hibernate.SQL                        : select r1_0.id,r1_0.all_parent_ids,r1_0.descrption,r1_0.name,r1_0.parent_id from role r1_0 where r1_0.id=?
2026-01-17T20:47:28.788+02:00 DEBUG 5288 --- [http-nio-710-exec-2] c.o.a.s.tenant.TenantFilterAspect        : 🛡️ [TenantFilterAspect] Enforced Filter for TenantID: 4
2026-01-17T20:47:28.792+02:00 DEBUG 5288 --- [http-nio-710-exec-2] org.hibernate.SQL                        : select u1_0.id,u1_0.email,u1_0.enabled,u1_0.first_name,u1_0.last_name,u1_0.password,u1_0.photos,r1_0.user_id,r1_1.id,r1_1.all_parent_ids,r1_1.descrption,r1_1.name,r1_1.parent_id,u1_0.tenant_id,u1_0.user_bio from `'user'` u1_0 left join (user_roles r1_0 join role r1_1 on r1_1.id=r1_0.role_id) on u1_0.id=r1_0.user_id where u1_0.id=?
2026-01-17T20:47:28.827+02:00 ERROR 5288 --- [http-nio-710-exec-2] c.o.admin.utility.FileUploadUtil         : Not a valid directory: tenants/4/users/36/
2026-01-17T20:47:28.830+02:00 DEBUG 5288 --- [http-nio-710-exec-2] c.o.a.s.tenant.TenantFilterAspect        : 🛡️ [TenantFilterAspect] Enforced Filter for TenantID: 4
2026-01-17T20:47:28.882+02:00 DEBUG 5288 --- [http-nio-710-exec-2] org.hibernate.SQL                        : update `'user'` set email=?,enabled=?,first_name=?,last_name=?,password=?,photos=?,user_bio=? where id=?
2026-01-17T20:47:28.907+02:00 DEBUG 5288 --- [http-nio-710-exec-2] org.hibernate.SQL                        : delete from user_roles where user_id=?
2026-01-17T20:47:28.918+02:00 DEBUG 5288 --- [http-nio-710-exec-2] org.hibernate.SQL                        : insert into user_roles (user_id,role_id) values (?,?)
2026-01-17T20:47:28.968+02:00 DEBUG 5288 --- [http-nio-710-exec-2] c.o.a.s.tenant.TenantFilterAspect        : 🛡️ [TenantFilterAspect] Enforced Filter for TenantID: 4
2026-01-17T20:47:28.974+02:00  WARN 5288 --- [http-nio-710-exec-2] o.h.c.spi.AbstractPersistentCollection   : HHH000506: Detaching an uninitialized collection with enabled filters from a session: [com.onlineStoreCom.entity.users.Role.children#1]
2026-01-17T20:47:28.999+02:00 DEBUG 5288 --- [http-nio-710-exec-2] c.o.a.s.tenant.TenantFilterAspect        : 🛡️ [TenantFilterAspect] Enforced Filter for TenantID: 4
2026-01-17T20:47:29.022+02:00 DEBUG 5288 --- [http-nio-710-exec-2] org.hibernate.SQL                        : select u1_0.id,u1_0.email,u1_0.enabled,u1_0.first_name,u1_0.last_name,u1_0.password,u1_0.photos,u1_0.tenant_id,u1_0.user_bio from `'user'` u1_0 where u1_0.tenant_id = ? and u1_0.tenant_id = ? and concat(u1_0.id,' ',u1_0.email,' ',u1_0.first_name,' ',u1_0.last_name) like ? escape '' order by u1_0.id limit ?,?
2026-01-17T20:47:29.028+02:00 DEBUG 5288 --- [http-nio-710-exec-2] org.hibernate.SQL                        : select r1_0.user_id,r1_1.id,r1_1.all_parent_ids,r1_1.descrption,r1_1.name,r1_1.parent_id from user_roles r1_0 join role r1_1 on r1_1.id=r1_0.role_id where r1_0.user_id=?
2026-01-17T20:47:29.195+02:00  WARN 5288 --- [http-nio-710-exec-2] o.h.c.spi.AbstractPersistentCollection   : HHH000506: Detaching an uninitialized collection with enabled filters from a session: [com.onlineStoreCom.entity.users.Role.children#1]
2026-01-17T20:47:29.290+02:00 DEBUG 5288 --- [http-nio-710-exec-9] c.o.a.s.tenant.TenantFilterAspect        : 🛡️ [TenantFilterAspect] Enforced Filter for TenantID: 4
2026-01-17T20:47:29.329+02:00 DEBUG 5288 --- [http-nio-710-exec-9] org.hibernate.SQL                        : select s1_0.id,s1_0.category,s1_0.`key`,s1_0.tenant_id,s1_0.value from settings s1_0 where (s1_0.tenant_id = ? or s1_0.tenant_id = 0 or s1_0.tenant_id is null) and s1_0.tenant_id = ? and s1_0.category=?
