2026-01-21T03:50:57.413+02:00  INFO 22672 --- [main] c.o.admin.brand.BrandRepositoryTests     : Starting BrandRepositoryTests using Java 19.0.1 with PID 22672 (started by enoam in E:\onlineStore_Active\webParentVer2\WebBackEndVer2)
2026-01-21T03:50:57.420+02:00  INFO 22672 --- [main] c.o.admin.brand.BrandRepositoryTests     : No active profile set, falling back to 1 default profile: "default"
2026-01-21T03:50:58.378+02:00  INFO 22672 --- [main] .s.d.r.c.RepositoryConfigurationDelegate : Bootstrapping Spring Data JPA repositories in DEFAULT mode.
2026-01-21T03:50:58.686+02:00  INFO 22672 --- [main] .s.d.r.c.RepositoryConfigurationDelegate : Finished Spring Data repository scanning in 293 ms. Found 22 JPA repository interfaces.
2026-01-21T03:50:59.330+02:00  INFO 22672 --- [main] o.hibernate.jpa.internal.util.LogHelper  : HHH000204: Processing PersistenceUnitInfo [name: default]
2026-01-21T03:50:59.429+02:00  INFO 22672 --- [main] org.hibernate.Version                    : HHH000412: Hibernate ORM core version 6.2.9.Final
2026-01-21T03:50:59.433+02:00  INFO 22672 --- [main] org.hibernate.cfg.Environment            : HHH000406: Using bytecode reflection optimizer
2026-01-21T03:50:59.750+02:00  INFO 22672 --- [main] o.h.b.i.BytecodeProviderInitiator        : HHH000021: Bytecode provider name : bytebuddy
2026-01-21T03:50:59.993+02:00  INFO 22672 --- [main] o.s.o.j.p.SpringPersistenceUnitInfo      : No LoadTimeWeaver setup: ignoring JPA class transformer
2026-01-21T03:51:00.030+02:00  INFO 22672 --- [main] com.zaxxer.hikari.HikariDataSource       : HikariPool-1 - Starting...
2026-01-21T03:51:00.788+02:00  INFO 22672 --- [main] com.zaxxer.hikari.pool.HikariPool        : HikariPool-1 - Added connection com.mysql.cj.jdbc.ConnectionImpl@455f4483
2026-01-21T03:51:00.792+02:00  INFO 22672 --- [main] com.zaxxer.hikari.HikariDataSource       : HikariPool-1 - Start completed.
2026-01-21T03:51:01.760+02:00  INFO 22672 --- [main] o.h.b.i.BytecodeProviderInitiator        : HHH000021: Bytecode provider name : bytebuddy
2026-01-21T03:51:03.684+02:00  INFO 22672 --- [main] o.h.e.t.j.p.i.JtaPlatformInitiator       : HHH000490: Using JtaPlatform implementation: [org.hibernate.engine.transaction.jta.platform.internal.NoJtaPlatform]
2026-01-21T03:51:04.343+02:00  INFO 22672 --- [main] j.LocalContainerEntityManagerFactoryBean : Initialized JPA EntityManagerFactory for persistence unit 'default'
2026-01-21T03:51:05.026+02:00  INFO 22672 --- [main] o.s.d.j.r.query.QueryEnhancerFactory     : Hibernate is in classpath; If applicable, HQL parser will be used.
2026-01-21T03:51:07.683+02:00  INFO 22672 --- [main] c.o.admin.brand.BrandRepositoryTests     : Started BrandRepositoryTests in 10.908 seconds (process running for 12.725)
2026-01-21T03:51:08.526+02:00 DEBUG 22672 --- [main] org.hibernate.SQL                        : insert into brands (logo,name,tenant_id) values (?,?,?)
2026-01-21T03:51:08.684+02:00 DEBUG 22672 --- [main] org.hibernate.SQL                        : select b1_0.id,b1_0.logo,b1_0.name,b1_0.tenant_id from brands b1_0 where concat(b1_0.id,' ',b1_0.name,' ',b1_0.logo) like ? escape '' limit ?,?
2026-01-21T03:51:08.793+02:00 DEBUG 22672 --- [main] org.hibernate.SQL                        : delete from brands where id=?
2026-01-21T03:51:08.966+02:00  INFO 22672 --- [SpringApplicationShutdownHook] j.LocalContainerEntityManagerFactoryBean : Closing JPA EntityManagerFactory for persistence unit 'default'
2026-01-21T03:51:08.974+02:00  INFO 22672 --- [SpringApplicationShutdownHook] com.zaxxer.hikari.HikariDataSource       : HikariPool-1 - Shutdown initiated...
2026-01-21T03:51:08.987+02:00  INFO 22672 --- [SpringApplicationShutdownHook] com.zaxxer.hikari.HikariDataSource       : HikariPool-1 - Shutdown completed.
2026-01-21T04:01:18.931+02:00  INFO 23848 --- [main] c.o.admin.brand.BrandRepositoryTests     : Starting BrandRepositoryTests using Java 19.0.1 with PID 23848 (started by enoam in E:\onlineStore_Active\webParentVer2\WebBackEndVer2)
2026-01-21T04:01:18.956+02:00  INFO 23848 --- [main] c.o.admin.brand.BrandRepositoryTests     : No active profile set, falling back to 1 default profile: "default"
2026-01-21T04:01:19.998+02:00  INFO 23848 --- [main] .s.d.r.c.RepositoryConfigurationDelegate : Bootstrapping Spring Data JPA repositories in DEFAULT mode.
2026-01-21T04:01:20.334+02:00  INFO 23848 --- [main] .s.d.r.c.RepositoryConfigurationDelegate : Finished Spring Data repository scanning in 324 ms. Found 22 JPA repository interfaces.
2026-01-21T04:01:21.120+02:00  INFO 23848 --- [main] o.hibernate.jpa.internal.util.LogHelper  : HHH000204: Processing PersistenceUnitInfo [name: default]
2026-01-21T04:01:21.266+02:00  INFO 23848 --- [main] org.hibernate.Version                    : HHH000412: Hibernate ORM core version 6.2.9.Final
2026-01-21T04:01:21.269+02:00  INFO 23848 --- [main] org.hibernate.cfg.Environment            : HHH000406: Using bytecode reflection optimizer
2026-01-21T04:01:21.744+02:00  INFO 23848 --- [main] o.h.b.i.BytecodeProviderInitiator        : HHH000021: Bytecode provider name : bytebuddy
2026-01-21T04:01:22.025+02:00  INFO 23848 --- [main] o.s.o.j.p.SpringPersistenceUnitInfo      : No LoadTimeWeaver setup: ignoring JPA class transformer
2026-01-21T04:01:22.064+02:00  INFO 23848 --- [main] com.zaxxer.hikari.HikariDataSource       : HikariPool-1 - Starting...
2026-01-21T04:01:22.724+02:00  INFO 23848 --- [main] com.zaxxer.hikari.pool.HikariPool        : HikariPool-1 - Added connection com.mysql.cj.jdbc.ConnectionImpl@7996d0d4
2026-01-21T04:01:22.728+02:00  INFO 23848 --- [main] com.zaxxer.hikari.HikariDataSource       : HikariPool-1 - Start completed.
2026-01-21T04:01:23.543+02:00  INFO 23848 --- [main] o.h.b.i.BytecodeProviderInitiator        : HHH000021: Bytecode provider name : bytebuddy
2026-01-21T04:01:25.032+02:00  INFO 23848 --- [main] o.h.e.t.j.p.i.JtaPlatformInitiator       : HHH000490: Using JtaPlatform implementation: [org.hibernate.engine.transaction.jta.platform.internal.NoJtaPlatform]
2026-01-21T04:01:25.591+02:00  INFO 23848 --- [main] j.LocalContainerEntityManagerFactoryBean : Initialized JPA EntityManagerFactory for persistence unit 'default'
2026-01-21T04:01:26.356+02:00  INFO 23848 --- [main] o.s.d.j.r.query.QueryEnhancerFactory     : Hibernate is in classpath; If applicable, HQL parser will be used.
2026-01-21T04:01:28.627+02:00  INFO 23848 --- [main] c.o.admin.brand.BrandRepositoryTests     : Started BrandRepositoryTests in 10.423 seconds (process running for 12.332)
2026-01-21T04:01:29.302+02:00 DEBUG 23848 --- [main] org.hibernate.SQL                        : insert into categories (alias,all_parent_ids,enabled,image,level,name,parent_id,tenant_id) values (?,?,?,?,?,?,?,?)
2026-01-21T04:01:29.324+02:00  WARN 23848 --- [main] o.h.engine.jdbc.spi.SqlExceptionHelper   : SQL Error: 1062, SQLState: 23000
2026-01-21T04:01:29.324+02:00 ERROR 23848 --- [main] o.h.engine.jdbc.spi.SqlExceptionHelper   : Duplicate entry 'electronics' for key 'categories.UK_jx1ptm0r46dop8v0o7nmgfbeq'
2026-01-21T04:01:29.343+02:00  WARN 23848 --- [main] o.s.test.context.TestContextManager      : Caught exception while invoking 'afterTestMethod' callback on TestExecutionListener [org.springframework.test.context.transaction.TransactionalTestExecutionListener] for test method [public void com.onlineStore.admin.brand.BrandRepositoryTests.testSearchByCategory_Real()] and test instance [com.onlineStore.admin.brand.BrandRepositoryTests@3cb034af]

org.springframework.transaction.UnexpectedRollbackException: Transaction silently rolled back because it has been marked as rollback-only
	at org.springframework.transaction.support.AbstractPlatformTransactionManager.processCommit(AbstractPlatformTransactionManager.java:752) ~[spring-tx-6.0.12.jar:6.0.12]
	at org.springframework.transaction.support.AbstractPlatformTransactionManager.commit(AbstractPlatformTransactionManager.java:711) ~[spring-tx-6.0.12.jar:6.0.12]
	at org.springframework.test.context.transaction.TransactionContext.endTransaction(TransactionContext.java:135) ~[spring-test-6.0.12.jar:6.0.12]
	at org.springframework.test.context.transaction.TransactionalTestExecutionListener.afterTestMethod(TransactionalTestExecutionListener.java:259) ~[spring-test-6.0.12.jar:6.0.12]
	at org.springframework.test.context.TestContextManager.afterTestMethod(TestContextManager.java:440) ~[spring-test-6.0.12.jar:6.0.12]
	at org.springframework.test.context.junit.jupiter.SpringExtension.afterEach(SpringExtension.java:206) ~[spring-test-6.0.12.jar:6.0.12]
	at org.junit.jupiter.engine.descriptor.TestMethodTestDescriptor.lambda$invokeAfterEachCallbacks$12(TestMethodTestDescriptor.java:260) ~[junit-jupiter-engine-5.9.3.jar:5.9.3]
	at org.junit.jupiter.engine.descriptor.TestMethodTestDescriptor.lambda$invokeAllAfterMethodsOrCallbacks$13(TestMethodTestDescriptor.java:276) ~[junit-jupiter-engine-5.9.3.jar:5.9.3]
	at org.junit.platform.engine.support.hierarchical.ThrowableCollector.execute(ThrowableCollector.java:73) ~[junit-platform-engine-1.9.3.jar:1.9.3]
	at org.junit.jupiter.engine.descriptor.TestMethodTestDescriptor.lambda$invokeAllAfterMethodsOrCallbacks$14(TestMethodTestDescriptor.java:276) ~[junit-jupiter-engine-5.9.3.jar:5.9.3]
	at java.base/java.util.ArrayList.forEach(ArrayList.java:1511) ~[na:na]
	at org.junit.jupiter.engine.descriptor.TestMethodTestDescriptor.invokeAllAfterMethodsOrCallbacks(TestMethodTestDescriptor.java:275) ~[junit-jupiter-engine-5.9.3.jar:5.9.3]
	at org.junit.jupiter.engine.descriptor.TestMethodTestDescriptor.invokeAfterEachCallbacks(TestMethodTestDescriptor.java:259) ~[junit-jupiter-engine-5.9.3.jar:5.9.3]
	at org.junit.jupiter.engine.descriptor.TestMethodTestDescriptor.execute(TestMethodTestDescriptor.java:144) ~[junit-jupiter-engine-5.9.3.jar:5.9.3]
	at org.junit.jupiter.engine.descriptor.TestMethodTestDescriptor.execute(TestMethodTestDescriptor.java:68) ~[junit-jupiter-engine-5.9.3.jar:5.9.3]
	at org.junit.platform.engine.support.hierarchical.NodeTestTask.lambda$executeRecursively$6(NodeTestTask.java:151) ~[junit-platform-engine-1.9.3.jar:1.9.3]
	at org.junit.platform.engine.support.hierarchical.ThrowableCollector.execute(ThrowableCollector.java:73) ~[junit-platform-engine-1.9.3.jar:1.9.3]
	at org.junit.platform.engine.support.hierarchical.NodeTestTask.lambda$executeRecursively$8(NodeTestTask.java:141) ~[junit-platform-engine-1.9.3.jar:1.9.3]
	at org.junit.platform.engine.support.hierarchical.Node.around(Node.java:137) ~[junit-platform-engine-1.9.3.jar:1.9.3]
	at org.junit.platform.engine.support.hierarchical.NodeTestTask.lambda$executeRecursively$9(NodeTestTask.java:139) ~[junit-platform-engine-1.9.3.jar:1.9.3]
	at org.junit.platform.engine.support.hierarchical.ThrowableCollector.execute(ThrowableCollector.java:73) ~[junit-platform-engine-1.9.3.jar:1.9.3]
	at org.junit.platform.engine.support.hierarchical.NodeTestTask.executeRecursively(NodeTestTask.java:138) ~[junit-platform-engine-1.9.3.jar:1.9.3]
	at org.junit.platform.engine.support.hierarchical.NodeTestTask.execute(NodeTestTask.java:95) ~[junit-platform-engine-1.9.3.jar:1.9.3]
	at java.base/java.util.ArrayList.forEach(ArrayList.java:1511) ~[na:na]
	at org.junit.platform.engine.support.hierarchical.SameThreadHierarchicalTestExecutorService.invokeAll(SameThreadHierarchicalTestExecutorService.java:41) ~[junit-platform-engine-1.9.3.jar:1.9.3]
	at org.junit.platform.engine.support.hierarchical.NodeTestTask.lambda$executeRecursively$6(NodeTestTask.java:155) ~[junit-platform-engine-1.9.3.jar:1.9.3]
	at org.junit.platform.engine.support.hierarchical.ThrowableCollector.execute(ThrowableCollector.java:73) ~[junit-platform-engine-1.9.3.jar:1.9.3]
	at org.junit.platform.engine.support.hierarchical.NodeTestTask.lambda$executeRecursively$8(NodeTestTask.java:141) ~[junit-platform-engine-1.9.3.jar:1.9.3]
	at org.junit.platform.engine.support.hierarchical.Node.around(Node.java:137) ~[junit-platform-engine-1.9.3.jar:1.9.3]
	at org.junit.platform.engine.support.hierarchical.NodeTestTask.lambda$executeRecursively$9(NodeTestTask.java:139) ~[junit-platform-engine-1.9.3.jar:1.9.3]
	at org.junit.platform.engine.support.hierarchical.ThrowableCollector.execute(ThrowableCollector.java:73) ~[junit-platform-engine-1.9.3.jar:1.9.3]
	at org.junit.platform.engine.support.hierarchical.NodeTestTask.executeRecursively(NodeTestTask.java:138) ~[junit-platform-engine-1.9.3.jar:1.9.3]
	at org.junit.platform.engine.support.hierarchical.NodeTestTask.execute(NodeTestTask.java:95) ~[junit-platform-engine-1.9.3.jar:1.9.3]
	at java.base/java.util.ArrayList.forEach(ArrayList.java:1511) ~[na:na]
	at org.junit.platform.engine.support.hierarchical.SameThreadHierarchicalTestExecutorService.invokeAll(SameThreadHierarchicalTestExecutorService.java:41) ~[junit-platform-engine-1.9.3.jar:1.9.3]
	at org.junit.platform.engine.support.hierarchical.NodeTestTask.lambda$executeRecursively$6(NodeTestTask.java:155) ~[junit-platform-engine-1.9.3.jar:1.9.3]
	at org.junit.platform.engine.support.hierarchical.ThrowableCollector.execute(ThrowableCollector.java:73) ~[junit-platform-engine-1.9.3.jar:1.9.3]
	at org.junit.platform.engine.support.hierarchical.NodeTestTask.lambda$executeRecursively$8(NodeTestTask.java:141) ~[junit-platform-engine-1.9.3.jar:1.9.3]
	at org.junit.platform.engine.support.hierarchical.Node.around(Node.java:137) ~[junit-platform-engine-1.9.3.jar:1.9.3]
	at org.junit.platform.engine.support.hierarchical.NodeTestTask.lambda$executeRecursively$9(NodeTestTask.java:139) ~[junit-platform-engine-1.9.3.jar:1.9.3]
	at org.junit.platform.engine.support.hierarchical.ThrowableCollector.execute(ThrowableCollector.java:73) ~[junit-platform-engine-1.9.3.jar:1.9.3]
	at org.junit.platform.engine.support.hierarchical.NodeTestTask.executeRecursively(NodeTestTask.java:138) ~[junit-platform-engine-1.9.3.jar:1.9.3]
	at org.junit.platform.engine.support.hierarchical.NodeTestTask.execute(NodeTestTask.java:95) ~[junit-platform-engine-1.9.3.jar:1.9.3]
	at org.junit.platform.engine.support.hierarchical.SameThreadHierarchicalTestExecutorService.submit(SameThreadHierarchicalTestExecutorService.java:35) ~[junit-platform-engine-1.9.3.jar:1.9.3]
	at org.junit.platform.engine.support.hierarchical.HierarchicalTestExecutor.execute(HierarchicalTestExecutor.java:57) ~[junit-platform-engine-1.9.3.jar:1.9.3]
	at org.junit.platform.engine.support.hierarchical.HierarchicalTestEngine.execute(HierarchicalTestEngine.java:54) ~[junit-platform-engine-1.9.3.jar:1.9.3]
	at org.junit.platform.launcher.core.EngineExecutionOrchestrator.execute(EngineExecutionOrchestrator.java:147) ~[junit-platform-launcher-1.9.3.jar:1.9.3]
	at org.junit.platform.launcher.core.EngineExecutionOrchestrator.execute(EngineExecutionOrchestrator.java:127) ~[junit-platform-launcher-1.9.3.jar:1.9.3]
	at org.junit.platform.launcher.core.EngineExecutionOrchestrator.execute(EngineExecutionOrchestrator.java:90) ~[junit-platform-launcher-1.9.3.jar:1.9.3]
	at org.junit.platform.launcher.core.EngineExecutionOrchestrator.lambda$execute$0(EngineExecutionOrchestrator.java:55) ~[junit-platform-launcher-1.9.3.jar:1.9.3]
	at org.junit.platform.launcher.core.EngineExecutionOrchestrator.withInterceptedStreams(EngineExecutionOrchestrator.java:102) ~[junit-platform-launcher-1.9.3.jar:1.9.3]
	at org.junit.platform.launcher.core.EngineExecutionOrchestrator.execute(EngineExecutionOrchestrator.java:54) ~[junit-platform-launcher-1.9.3.jar:1.9.3]
	at org.junit.platform.launcher.core.DefaultLauncher.execute(DefaultLauncher.java:114) ~[junit-platform-launcher-1.9.3.jar:1.9.3]
	at org.junit.platform.launcher.core.DefaultLauncher.execute(DefaultLauncher.java:86) ~[junit-platform-launcher-1.9.3.jar:1.9.3]
	at org.junit.platform.launcher.core.DefaultLauncherSession$DelegatingLauncher.execute(DefaultLauncherSession.java:86) ~[junit-platform-launcher-1.9.3.jar:1.9.3]
	at org.apache.maven.surefire.junitplatform.LazyLauncher.execute(LazyLauncher.java:50) ~[surefire-junit-platform-3.0.0.jar:3.0.0]
	at org.apache.maven.surefire.junitplatform.JUnitPlatformProvider.execute(JUnitPlatformProvider.java:184) ~[surefire-junit-platform-3.0.0.jar:3.0.0]
	at org.apache.maven.surefire.junitplatform.JUnitPlatformProvider.invokeAllTests(JUnitPlatformProvider.java:148) ~[surefire-junit-platform-3.0.0.jar:3.0.0]
	at org.apache.maven.surefire.junitplatform.JUnitPlatformProvider.invoke(JUnitPlatformProvider.java:122) ~[surefire-junit-platform-3.0.0.jar:3.0.0]
	at org.apache.maven.surefire.booter.ForkedBooter.runSuitesInProcess(ForkedBooter.java:385) ~[surefire-booter-3.0.0.jar:3.0.0]
	at org.apache.maven.surefire.booter.ForkedBooter.execute(ForkedBooter.java:162) ~[surefire-booter-3.0.0.jar:3.0.0]
	at org.apache.maven.surefire.booter.ForkedBooter.run(ForkedBooter.java:507) ~[surefire-booter-3.0.0.jar:3.0.0]
	at org.apache.maven.surefire.booter.ForkedBooter.main(ForkedBooter.java:495) ~[surefire-booter-3.0.0.jar:3.0.0]

2026-01-21T04:01:29.393+02:00 DEBUG 23848 --- [main] org.hibernate.SQL                        : insert into brands (logo,name,tenant_id) values (?,?,?)
2026-01-21T04:01:29.545+02:00 DEBUG 23848 --- [main] org.hibernate.SQL                        : select b1_0.id,b1_0.logo,b1_0.name,b1_0.tenant_id from brands b1_0 where concat(b1_0.id,' ',b1_0.name,' ',b1_0.logo) like ? escape '' limit ?,?
2026-01-21T04:01:29.651+02:00 DEBUG 23848 --- [main] org.hibernate.SQL                        : delete from brands where id=?
2026-01-21T04:01:29.744+02:00  INFO 23848 --- [SpringApplicationShutdownHook] j.LocalContainerEntityManagerFactoryBean : Closing JPA EntityManagerFactory for persistence unit 'default'
2026-01-21T04:01:29.754+02:00  INFO 23848 --- [SpringApplicationShutdownHook] com.zaxxer.hikari.HikariDataSource       : HikariPool-1 - Shutdown initiated...
2026-01-21T04:01:29.774+02:00  INFO 23848 --- [SpringApplicationShutdownHook] com.zaxxer.hikari.HikariDataSource       : HikariPool-1 - Shutdown completed.
2026-01-21T04:02:52.145+02:00  INFO 23300 --- [main] c.o.admin.brand.BrandRepositoryTests     : Starting BrandRepositoryTests using Java 19.0.1 with PID 23300 (started by enoam in E:\onlineStore_Active\webParentVer2\WebBackEndVer2)
2026-01-21T04:02:52.148+02:00  INFO 23300 --- [main] c.o.admin.brand.BrandRepositoryTests     : No active profile set, falling back to 1 default profile: "default"
2026-01-21T04:02:53.011+02:00  INFO 23300 --- [main] .s.d.r.c.RepositoryConfigurationDelegate : Bootstrapping Spring Data JPA repositories in DEFAULT mode.
2026-01-21T04:02:53.381+02:00  INFO 23300 --- [main] .s.d.r.c.RepositoryConfigurationDelegate : Finished Spring Data repository scanning in 354 ms. Found 22 JPA repository interfaces.
2026-01-21T04:02:54.064+02:00  INFO 23300 --- [main] o.hibernate.jpa.internal.util.LogHelper  : HHH000204: Processing PersistenceUnitInfo [name: default]
2026-01-21T04:02:54.128+02:00  INFO 23300 --- [main] org.hibernate.Version                    : HHH000412: Hibernate ORM core version 6.2.9.Final
2026-01-21T04:02:54.129+02:00  INFO 23300 --- [main] org.hibernate.cfg.Environment            : HHH000406: Using bytecode reflection optimizer
2026-01-21T04:02:54.355+02:00  INFO 23300 --- [main] o.h.b.i.BytecodeProviderInitiator        : HHH000021: Bytecode provider name : bytebuddy
2026-01-21T04:02:54.578+02:00  INFO 23300 --- [main] o.s.o.j.p.SpringPersistenceUnitInfo      : No LoadTimeWeaver setup: ignoring JPA class transformer
2026-01-21T04:02:54.610+02:00  INFO 23300 --- [main] com.zaxxer.hikari.HikariDataSource       : HikariPool-1 - Starting...
2026-01-21T04:02:55.066+02:00  INFO 23300 --- [main] com.zaxxer.hikari.pool.HikariPool        : HikariPool-1 - Added connection com.mysql.cj.jdbc.ConnectionImpl@6e9a10cd
2026-01-21T04:02:55.071+02:00  INFO 23300 --- [main] com.zaxxer.hikari.HikariDataSource       : HikariPool-1 - Start completed.
2026-01-21T04:02:56.108+02:00  INFO 23300 --- [main] o.h.b.i.BytecodeProviderInitiator        : HHH000021: Bytecode provider name : bytebuddy
2026-01-21T04:02:57.963+02:00  INFO 23300 --- [main] o.h.e.t.j.p.i.JtaPlatformInitiator       : HHH000490: Using JtaPlatform implementation: [org.hibernate.engine.transaction.jta.platform.internal.NoJtaPlatform]
2026-01-21T04:02:58.492+02:00  INFO 23300 --- [main] j.LocalContainerEntityManagerFactoryBean : Initialized JPA EntityManagerFactory for persistence unit 'default'
2026-01-21T04:02:59.003+02:00  INFO 23300 --- [main] o.s.d.j.r.query.QueryEnhancerFactory     : Hibernate is in classpath; If applicable, HQL parser will be used.
2026-01-21T04:03:01.188+02:00  INFO 23300 --- [main] c.o.admin.brand.BrandRepositoryTests     : Started BrandRepositoryTests in 9.482 seconds (process running for 10.859)
2026-01-21T04:03:02.061+02:00 DEBUG 23300 --- [main] org.hibernate.SQL                        : insert into categories (alias,all_parent_ids,enabled,image,level,name,parent_id,tenant_id) values (?,?,?,?,?,?,?,?)
2026-01-21T04:03:02.094+02:00 DEBUG 23300 --- [main] org.hibernate.SQL                        : insert into brands (logo,name,tenant_id) values (?,?,?)
2026-01-21T04:03:02.102+02:00  WARN 23300 --- [main] o.h.engine.jdbc.spi.SqlExceptionHelper   : SQL Error: 1062, SQLState: 23000
2026-01-21T04:03:02.102+02:00 ERROR 23300 --- [main] o.h.engine.jdbc.spi.SqlExceptionHelper   : Duplicate entry 'Samsung' for key 'brands.UK_oce3937d2f4mpfqrycbr0l93m'
2026-01-21T04:03:02.120+02:00  WARN 23300 --- [main] o.s.test.context.TestContextManager      : Caught exception while invoking 'afterTestMethod' callback on TestExecutionListener [org.springframework.test.context.transaction.TransactionalTestExecutionListener] for test method [public void com.onlineStore.admin.brand.BrandRepositoryTests.testSearchByCategory_Real()] and test instance [com.onlineStore.admin.brand.BrandRepositoryTests@10fd358f]

org.springframework.transaction.UnexpectedRollbackException: Transaction silently rolled back because it has been marked as rollback-only
	at org.springframework.transaction.support.AbstractPlatformTransactionManager.processCommit(AbstractPlatformTransactionManager.java:752) ~[spring-tx-6.0.12.jar:6.0.12]
	at org.springframework.transaction.support.AbstractPlatformTransactionManager.commit(AbstractPlatformTransactionManager.java:711) ~[spring-tx-6.0.12.jar:6.0.12]
	at org.springframework.test.context.transaction.TransactionContext.endTransaction(TransactionContext.java:135) ~[spring-test-6.0.12.jar:6.0.12]
	at org.springframework.test.context.transaction.TransactionalTestExecutionListener.afterTestMethod(TransactionalTestExecutionListener.java:259) ~[spring-test-6.0.12.jar:6.0.12]
	at org.springframework.test.context.TestContextManager.afterTestMethod(TestContextManager.java:440) ~[spring-test-6.0.12.jar:6.0.12]
	at org.springframework.test.context.junit.jupiter.SpringExtension.afterEach(SpringExtension.java:206) ~[spring-test-6.0.12.jar:6.0.12]
	at org.junit.jupiter.engine.descriptor.TestMethodTestDescriptor.lambda$invokeAfterEachCallbacks$12(TestMethodTestDescriptor.java:260) ~[junit-jupiter-engine-5.9.3.jar:5.9.3]
	at org.junit.jupiter.engine.descriptor.TestMethodTestDescriptor.lambda$invokeAllAfterMethodsOrCallbacks$13(TestMethodTestDescriptor.java:276) ~[junit-jupiter-engine-5.9.3.jar:5.9.3]
	at org.junit.platform.engine.support.hierarchical.ThrowableCollector.execute(ThrowableCollector.java:73) ~[junit-platform-engine-1.9.3.jar:1.9.3]
	at org.junit.jupiter.engine.descriptor.TestMethodTestDescriptor.lambda$invokeAllAfterMethodsOrCallbacks$14(TestMethodTestDescriptor.java:276) ~[junit-jupiter-engine-5.9.3.jar:5.9.3]
	at java.base/java.util.ArrayList.forEach(ArrayList.java:1511) ~[na:na]
	at org.junit.jupiter.engine.descriptor.TestMethodTestDescriptor.invokeAllAfterMethodsOrCallbacks(TestMethodTestDescriptor.java:275) ~[junit-jupiter-engine-5.9.3.jar:5.9.3]
	at org.junit.jupiter.engine.descriptor.TestMethodTestDescriptor.invokeAfterEachCallbacks(TestMethodTestDescriptor.java:259) ~[junit-jupiter-engine-5.9.3.jar:5.9.3]
	at org.junit.jupiter.engine.descriptor.TestMethodTestDescriptor.execute(TestMethodTestDescriptor.java:144) ~[junit-jupiter-engine-5.9.3.jar:5.9.3]
	at org.junit.jupiter.engine.descriptor.TestMethodTestDescriptor.execute(TestMethodTestDescriptor.java:68) ~[junit-jupiter-engine-5.9.3.jar:5.9.3]
	at org.junit.platform.engine.support.hierarchical.NodeTestTask.lambda$executeRecursively$6(NodeTestTask.java:151) ~[junit-platform-engine-1.9.3.jar:1.9.3]
	at org.junit.platform.engine.support.hierarchical.ThrowableCollector.execute(ThrowableCollector.java:73) ~[junit-platform-engine-1.9.3.jar:1.9.3]
	at org.junit.platform.engine.support.hierarchical.NodeTestTask.lambda$executeRecursively$8(NodeTestTask.java:141) ~[junit-platform-engine-1.9.3.jar:1.9.3]
	at org.junit.platform.engine.support.hierarchical.Node.around(Node.java:137) ~[junit-platform-engine-1.9.3.jar:1.9.3]
	at org.junit.platform.engine.support.hierarchical.NodeTestTask.lambda$executeRecursively$9(NodeTestTask.java:139) ~[junit-platform-engine-1.9.3.jar:1.9.3]
	at org.junit.platform.engine.support.hierarchical.ThrowableCollector.execute(ThrowableCollector.java:73) ~[junit-platform-engine-1.9.3.jar:1.9.3]
	at org.junit.platform.engine.support.hierarchical.NodeTestTask.executeRecursively(NodeTestTask.java:138) ~[junit-platform-engine-1.9.3.jar:1.9.3]
	at org.junit.platform.engine.support.hierarchical.NodeTestTask.execute(NodeTestTask.java:95) ~[junit-platform-engine-1.9.3.jar:1.9.3]
	at java.base/java.util.ArrayList.forEach(ArrayList.java:1511) ~[na:na]
	at org.junit.platform.engine.support.hierarchical.SameThreadHierarchicalTestExecutorService.invokeAll(SameThreadHierarchicalTestExecutorService.java:41) ~[junit-platform-engine-1.9.3.jar:1.9.3]
	at org.junit.platform.engine.support.hierarchical.NodeTestTask.lambda$executeRecursively$6(NodeTestTask.java:155) ~[junit-platform-engine-1.9.3.jar:1.9.3]
	at org.junit.platform.engine.support.hierarchical.ThrowableCollector.execute(ThrowableCollector.java:73) ~[junit-platform-engine-1.9.3.jar:1.9.3]
	at org.junit.platform.engine.support.hierarchical.NodeTestTask.lambda$executeRecursively$8(NodeTestTask.java:141) ~[junit-platform-engine-1.9.3.jar:1.9.3]
	at org.junit.platform.engine.support.hierarchical.Node.around(Node.java:137) ~[junit-platform-engine-1.9.3.jar:1.9.3]
	at org.junit.platform.engine.support.hierarchical.NodeTestTask.lambda$executeRecursively$9(NodeTestTask.java:139) ~[junit-platform-engine-1.9.3.jar:1.9.3]
	at org.junit.platform.engine.support.hierarchical.ThrowableCollector.execute(ThrowableCollector.java:73) ~[junit-platform-engine-1.9.3.jar:1.9.3]
	at org.junit.platform.engine.support.hierarchical.NodeTestTask.executeRecursively(NodeTestTask.java:138) ~[junit-platform-engine-1.9.3.jar:1.9.3]
	at org.junit.platform.engine.support.hierarchical.NodeTestTask.execute(NodeTestTask.java:95) ~[junit-platform-engine-1.9.3.jar:1.9.3]
	at java.base/java.util.ArrayList.forEach(ArrayList.java:1511) ~[na:na]
	at org.junit.platform.engine.support.hierarchical.SameThreadHierarchicalTestExecutorService.invokeAll(SameThreadHierarchicalTestExecutorService.java:41) ~[junit-platform-engine-1.9.3.jar:1.9.3]
	at org.junit.platform.engine.support.hierarchical.NodeTestTask.lambda$executeRecursively$6(NodeTestTask.java:155) ~[junit-platform-engine-1.9.3.jar:1.9.3]
	at org.junit.platform.engine.support.hierarchical.ThrowableCollector.execute(ThrowableCollector.java:73) ~[junit-platform-engine-1.9.3.jar:1.9.3]
	at org.junit.platform.engine.support.hierarchical.NodeTestTask.lambda$executeRecursively$8(NodeTestTask.java:141) ~[junit-platform-engine-1.9.3.jar:1.9.3]
	at org.junit.platform.engine.support.hierarchical.Node.around(Node.java:137) ~[junit-platform-engine-1.9.3.jar:1.9.3]
	at org.junit.platform.engine.support.hierarchical.NodeTestTask.lambda$executeRecursively$9(NodeTestTask.java:139) ~[junit-platform-engine-1.9.3.jar:1.9.3]
	at org.junit.platform.engine.support.hierarchical.ThrowableCollector.execute(ThrowableCollector.java:73) ~[junit-platform-engine-1.9.3.jar:1.9.3]
	at org.junit.platform.engine.support.hierarchical.NodeTestTask.executeRecursively(NodeTestTask.java:138) ~[junit-platform-engine-1.9.3.jar:1.9.3]
	at org.junit.platform.engine.support.hierarchical.NodeTestTask.execute(NodeTestTask.java:95) ~[junit-platform-engine-1.9.3.jar:1.9.3]
	at org.junit.platform.engine.support.hierarchical.SameThreadHierarchicalTestExecutorService.submit(SameThreadHierarchicalTestExecutorService.java:35) ~[junit-platform-engine-1.9.3.jar:1.9.3]
	at org.junit.platform.engine.support.hierarchical.HierarchicalTestExecutor.execute(HierarchicalTestExecutor.java:57) ~[junit-platform-engine-1.9.3.jar:1.9.3]
	at org.junit.platform.engine.support.hierarchical.HierarchicalTestEngine.execute(HierarchicalTestEngine.java:54) ~[junit-platform-engine-1.9.3.jar:1.9.3]
	at org.junit.platform.launcher.core.EngineExecutionOrchestrator.execute(EngineExecutionOrchestrator.java:147) ~[junit-platform-launcher-1.9.3.jar:1.9.3]
	at org.junit.platform.launcher.core.EngineExecutionOrchestrator.execute(EngineExecutionOrchestrator.java:127) ~[junit-platform-launcher-1.9.3.jar:1.9.3]
	at org.junit.platform.launcher.core.EngineExecutionOrchestrator.execute(EngineExecutionOrchestrator.java:90) ~[junit-platform-launcher-1.9.3.jar:1.9.3]
	at org.junit.platform.launcher.core.EngineExecutionOrchestrator.lambda$execute$0(EngineExecutionOrchestrator.java:55) ~[junit-platform-launcher-1.9.3.jar:1.9.3]
	at org.junit.platform.launcher.core.EngineExecutionOrchestrator.withInterceptedStreams(EngineExecutionOrchestrator.java:102) ~[junit-platform-launcher-1.9.3.jar:1.9.3]
	at org.junit.platform.launcher.core.EngineExecutionOrchestrator.execute(EngineExecutionOrchestrator.java:54) ~[junit-platform-launcher-1.9.3.jar:1.9.3]
	at org.junit.platform.launcher.core.DefaultLauncher.execute(DefaultLauncher.java:114) ~[junit-platform-launcher-1.9.3.jar:1.9.3]
	at org.junit.platform.launcher.core.DefaultLauncher.execute(DefaultLauncher.java:86) ~[junit-platform-launcher-1.9.3.jar:1.9.3]
	at org.junit.platform.launcher.core.DefaultLauncherSession$DelegatingLauncher.execute(DefaultLauncherSession.java:86) ~[junit-platform-launcher-1.9.3.jar:1.9.3]
	at org.apache.maven.surefire.junitplatform.LazyLauncher.execute(LazyLauncher.java:50) ~[surefire-junit-platform-3.0.0.jar:3.0.0]
	at org.apache.maven.surefire.junitplatform.JUnitPlatformProvider.execute(JUnitPlatformProvider.java:184) ~[surefire-junit-platform-3.0.0.jar:3.0.0]
	at org.apache.maven.surefire.junitplatform.JUnitPlatformProvider.invokeAllTests(JUnitPlatformProvider.java:148) ~[surefire-junit-platform-3.0.0.jar:3.0.0]
	at org.apache.maven.surefire.junitplatform.JUnitPlatformProvider.invoke(JUnitPlatformProvider.java:122) ~[surefire-junit-platform-3.0.0.jar:3.0.0]
	at org.apache.maven.surefire.booter.ForkedBooter.runSuitesInProcess(ForkedBooter.java:385) ~[surefire-booter-3.0.0.jar:3.0.0]
	at org.apache.maven.surefire.booter.ForkedBooter.execute(ForkedBooter.java:162) ~[surefire-booter-3.0.0.jar:3.0.0]
	at org.apache.maven.surefire.booter.ForkedBooter.run(ForkedBooter.java:507) ~[surefire-booter-3.0.0.jar:3.0.0]
	at org.apache.maven.surefire.booter.ForkedBooter.main(ForkedBooter.java:495) ~[surefire-booter-3.0.0.jar:3.0.0]

2026-01-21T04:03:02.154+02:00 DEBUG 23300 --- [main] org.hibernate.SQL                        : insert into brands (logo,name,tenant_id) values (?,?,?)
2026-01-21T04:03:02.268+02:00 DEBUG 23300 --- [main] org.hibernate.SQL                        : select b1_0.id,b1_0.logo,b1_0.name,b1_0.tenant_id from brands b1_0 where concat(b1_0.id,' ',b1_0.name,' ',b1_0.logo) like ? escape '' limit ?,?
2026-01-21T04:03:02.364+02:00 DEBUG 23300 --- [main] org.hibernate.SQL                        : delete from brands where id=?
2026-01-21T04:03:02.435+02:00  INFO 23300 --- [SpringApplicationShutdownHook] j.LocalContainerEntityManagerFactoryBean : Closing JPA EntityManagerFactory for persistence unit 'default'
2026-01-21T04:03:02.438+02:00  INFO 23300 --- [SpringApplicationShutdownHook] com.zaxxer.hikari.HikariDataSource       : HikariPool-1 - Shutdown initiated...
2026-01-21T04:03:02.457+02:00  INFO 23300 --- [SpringApplicationShutdownHook] com.zaxxer.hikari.HikariDataSource       : HikariPool-1 - Shutdown completed.
2026-01-21T04:03:46.926+02:00  INFO 18072 --- [main] c.o.admin.brand.BrandRepositoryTests     : Starting BrandRepositoryTests using Java 19.0.1 with PID 18072 (started by enoam in E:\onlineStore_Active\webParentVer2\WebBackEndVer2)
2026-01-21T04:03:46.954+02:00  INFO 18072 --- [main] c.o.admin.brand.BrandRepositoryTests     : No active profile set, falling back to 1 default profile: "default"
2026-01-21T04:03:47.942+02:00  INFO 18072 --- [main] .s.d.r.c.RepositoryConfigurationDelegate : Bootstrapping Spring Data JPA repositories in DEFAULT mode.
2026-01-21T04:03:48.422+02:00  INFO 18072 --- [main] .s.d.r.c.RepositoryConfigurationDelegate : Finished Spring Data repository scanning in 459 ms. Found 22 JPA repository interfaces.
2026-01-21T04:03:49.210+02:00  INFO 18072 --- [main] o.hibernate.jpa.internal.util.LogHelper  : HHH000204: Processing PersistenceUnitInfo [name: default]
2026-01-21T04:03:49.305+02:00  INFO 18072 --- [main] org.hibernate.Version                    : HHH000412: Hibernate ORM core version 6.2.9.Final
2026-01-21T04:03:49.308+02:00  INFO 18072 --- [main] org.hibernate.cfg.Environment            : HHH000406: Using bytecode reflection optimizer
2026-01-21T04:03:49.671+02:00  INFO 18072 --- [main] o.h.b.i.BytecodeProviderInitiator        : HHH000021: Bytecode provider name : bytebuddy
2026-01-21T04:03:49.881+02:00  INFO 18072 --- [main] o.s.o.j.p.SpringPersistenceUnitInfo      : No LoadTimeWeaver setup: ignoring JPA class transformer
2026-01-21T04:03:49.910+02:00  INFO 18072 --- [main] com.zaxxer.hikari.HikariDataSource       : HikariPool-1 - Starting...
2026-01-21T04:03:50.519+02:00  INFO 18072 --- [main] com.zaxxer.hikari.pool.HikariPool        : HikariPool-1 - Added connection com.mysql.cj.jdbc.ConnectionImpl@6e9a10cd
2026-01-21T04:03:50.522+02:00  INFO 18072 --- [main] com.zaxxer.hikari.HikariDataSource       : HikariPool-1 - Start completed.
2026-01-21T04:03:51.305+02:00  INFO 18072 --- [main] o.h.b.i.BytecodeProviderInitiator        : HHH000021: Bytecode provider name : bytebuddy
2026-01-21T04:03:52.722+02:00  INFO 18072 --- [main] o.h.e.t.j.p.i.JtaPlatformInitiator       : HHH000490: Using JtaPlatform implementation: [org.hibernate.engine.transaction.jta.platform.internal.NoJtaPlatform]
2026-01-21T04:03:53.248+02:00  INFO 18072 --- [main] j.LocalContainerEntityManagerFactoryBean : Initialized JPA EntityManagerFactory for persistence unit 'default'
2026-01-21T04:03:53.745+02:00  INFO 18072 --- [main] o.s.d.j.r.query.QueryEnhancerFactory     : Hibernate is in classpath; If applicable, HQL parser will be used.
2026-01-21T04:03:55.670+02:00  INFO 18072 --- [main] c.o.admin.brand.BrandRepositoryTests     : Started BrandRepositoryTests in 9.285 seconds (process running for 10.645)
2026-01-21T04:03:56.438+02:00 DEBUG 18072 --- [main] org.hibernate.SQL                        : insert into categories (alias,all_parent_ids,enabled,image,level,name,parent_id,tenant_id) values (?,?,?,?,?,?,?,?)
2026-01-21T04:03:56.465+02:00 DEBUG 18072 --- [main] org.hibernate.SQL                        : insert into brands (logo,name,tenant_id) values (?,?,?)
2026-01-21T04:03:56.472+02:00 DEBUG 18072 --- [main] org.hibernate.SQL                        : insert into brands (logo,name,tenant_id) values (?,?,?)
2026-01-21T04:03:56.493+02:00 DEBUG 18072 --- [main] org.hibernate.SQL                        : insert into brands_categories (brand_id,category_id) values (?,?)
2026-01-21T04:03:56.618+02:00 DEBUG 18072 --- [main] org.hibernate.SQL                        : select b1_0.id,b1_0.logo,b1_0.name,b1_0.tenant_id from brands b1_0 join brands_categories c1_0 on b1_0.id=c1_0.brand_id where c1_0.category_id=? and concat(b1_0.id,' ',b1_0.name,' ',b1_0.logo) like ? escape '' limit ?,?
2026-01-21T04:03:56.707+02:00 DEBUG 18072 --- [main] org.hibernate.SQL                        : select b1_0.id,b1_0.logo,b1_0.name,b1_0.tenant_id from brands b1_0 join brands_categories c1_0 on b1_0.id=c1_0.brand_id where c1_0.category_id=? and concat(b1_0.id,' ',b1_0.name,' ',b1_0.logo) like ? escape '' limit ?,?
2026-01-21T04:03:56.711+02:00 DEBUG 18072 --- [main] org.hibernate.SQL                        : select b1_0.id,b1_0.logo,b1_0.name,b1_0.tenant_id from brands b1_0 join brands_categories c1_0 on b1_0.id=c1_0.brand_id where c1_0.category_id=? and concat(b1_0.id,' ',b1_0.name,' ',b1_0.logo) like ? escape '' limit ?,?
2026-01-21T04:03:56.751+02:00 DEBUG 18072 --- [main] org.hibernate.SQL                        : insert into brands (logo,name,tenant_id) values (?,?,?)
2026-01-21T04:03:56.757+02:00 DEBUG 18072 --- [main] org.hibernate.SQL                        : select b1_0.id,b1_0.logo,b1_0.name,b1_0.tenant_id from brands b1_0 where concat(b1_0.id,' ',b1_0.name,' ',b1_0.logo) like ? escape '' limit ?,?
2026-01-21T04:03:56.778+02:00 DEBUG 18072 --- [main] org.hibernate.SQL                        : delete from brands where id=?
2026-01-21T04:03:56.861+02:00  INFO 18072 --- [SpringApplicationShutdownHook] j.LocalContainerEntityManagerFactoryBean : Closing JPA EntityManagerFactory for persistence unit 'default'
2026-01-21T04:03:56.868+02:00  INFO 18072 --- [SpringApplicationShutdownHook] com.zaxxer.hikari.HikariDataSource       : HikariPool-1 - Shutdown initiated...
2026-01-21T04:03:56.883+02:00  INFO 18072 --- [SpringApplicationShutdownHook] com.zaxxer.hikari.HikariDataSource       : HikariPool-1 - Shutdown completed.
2026-01-21T04:14:41.390+02:00  INFO 23492 --- [main] c.o.admin.brand.BrandRepositoryTests     : Starting BrandRepositoryTests using Java 19.0.1 with PID 23492 (started by enoam in E:\onlineStore_Active\webParentVer2\WebBackEndVer2)
2026-01-21T04:14:41.406+02:00  INFO 23492 --- [main] c.o.admin.brand.BrandRepositoryTests     : No active profile set, falling back to 1 default profile: "default"
2026-01-21T04:14:42.481+02:00  INFO 23492 --- [main] .s.d.r.c.RepositoryConfigurationDelegate : Bootstrapping Spring Data JPA repositories in DEFAULT mode.
2026-01-21T04:14:43.059+02:00  INFO 23492 --- [main] .s.d.r.c.RepositoryConfigurationDelegate : Finished Spring Data repository scanning in 562 ms. Found 22 JPA repository interfaces.
2026-01-21T04:14:43.883+02:00  INFO 23492 --- [main] o.hibernate.jpa.internal.util.LogHelper  : HHH000204: Processing PersistenceUnitInfo [name: default]
2026-01-21T04:14:43.985+02:00  INFO 23492 --- [main] org.hibernate.Version                    : HHH000412: Hibernate ORM core version 6.2.9.Final
2026-01-21T04:14:43.989+02:00  INFO 23492 --- [main] org.hibernate.cfg.Environment            : HHH000406: Using bytecode reflection optimizer
2026-01-21T04:14:44.335+02:00  INFO 23492 --- [main] o.h.b.i.BytecodeProviderInitiator        : HHH000021: Bytecode provider name : bytebuddy
2026-01-21T04:14:44.574+02:00  INFO 23492 --- [main] o.s.o.j.p.SpringPersistenceUnitInfo      : No LoadTimeWeaver setup: ignoring JPA class transformer
2026-01-21T04:14:44.604+02:00  INFO 23492 --- [main] com.zaxxer.hikari.HikariDataSource       : HikariPool-1 - Starting...
2026-01-21T04:14:45.177+02:00  INFO 23492 --- [main] com.zaxxer.hikari.pool.HikariPool        : HikariPool-1 - Added connection com.mysql.cj.jdbc.ConnectionImpl@7996d0d4
2026-01-21T04:14:45.179+02:00  INFO 23492 --- [main] com.zaxxer.hikari.HikariDataSource       : HikariPool-1 - Start completed.
2026-01-21T04:14:46.020+02:00  INFO 23492 --- [main] o.h.b.i.BytecodeProviderInitiator        : HHH000021: Bytecode provider name : bytebuddy
2026-01-21T04:14:48.111+02:00  INFO 23492 --- [main] o.h.e.t.j.p.i.JtaPlatformInitiator       : HHH000490: Using JtaPlatform implementation: [org.hibernate.engine.transaction.jta.platform.internal.NoJtaPlatform]
2026-01-21T04:14:48.762+02:00  INFO 23492 --- [main] j.LocalContainerEntityManagerFactoryBean : Initialized JPA EntityManagerFactory for persistence unit 'default'
2026-01-21T04:14:49.750+02:00  INFO 23492 --- [main] o.s.d.j.r.query.QueryEnhancerFactory     : Hibernate is in classpath; If applicable, HQL parser will be used.
2026-01-21T04:14:52.119+02:00  INFO 23492 --- [main] c.o.admin.brand.BrandRepositoryTests     : Started BrandRepositoryTests in 11.242 seconds (process running for 13.349)
2026-01-21T04:14:52.907+02:00 DEBUG 23492 --- [main] org.hibernate.SQL                        : insert into categories (alias,all_parent_ids,enabled,image,level,name,parent_id,tenant_id) values (?,?,?,?,?,?,?,?)
2026-01-21T04:14:52.945+02:00  WARN 23492 --- [main] o.h.engine.jdbc.spi.SqlExceptionHelper   : SQL Error: 1062, SQLState: 23000
2026-01-21T04:14:52.947+02:00 ERROR 23492 --- [main] o.h.engine.jdbc.spi.SqlExceptionHelper   : Duplicate entry 'electronics-test-unique' for key 'categories.UK_jx1ptm0r46dop8v0o7nmgfbeq'
2026-01-21T04:14:52.977+02:00  WARN 23492 --- [main] o.s.test.context.TestContextManager      : Caught exception while invoking 'afterTestMethod' callback on TestExecutionListener [org.springframework.test.context.transaction.TransactionalTestExecutionListener] for test method [public void com.onlineStore.admin.brand.BrandRepositoryTests.testSearchByCategory_Real()] and test instance [com.onlineStore.admin.brand.BrandRepositoryTests@3cb034af]

org.springframework.transaction.UnexpectedRollbackException: Transaction silently rolled back because it has been marked as rollback-only
	at org.springframework.transaction.support.AbstractPlatformTransactionManager.processCommit(AbstractPlatformTransactionManager.java:752) ~[spring-tx-6.0.12.jar:6.0.12]
	at org.springframework.transaction.support.AbstractPlatformTransactionManager.commit(AbstractPlatformTransactionManager.java:711) ~[spring-tx-6.0.12.jar:6.0.12]
	at org.springframework.test.context.transaction.TransactionContext.endTransaction(TransactionContext.java:135) ~[spring-test-6.0.12.jar:6.0.12]
	at org.springframework.test.context.transaction.TransactionalTestExecutionListener.afterTestMethod(TransactionalTestExecutionListener.java:259) ~[spring-test-6.0.12.jar:6.0.12]
	at org.springframework.test.context.TestContextManager.afterTestMethod(TestContextManager.java:440) ~[spring-test-6.0.12.jar:6.0.12]
	at org.springframework.test.context.junit.jupiter.SpringExtension.afterEach(SpringExtension.java:206) ~[spring-test-6.0.12.jar:6.0.12]
	at org.junit.jupiter.engine.descriptor.TestMethodTestDescriptor.lambda$invokeAfterEachCallbacks$12(TestMethodTestDescriptor.java:260) ~[junit-jupiter-engine-5.9.3.jar:5.9.3]
	at org.junit.jupiter.engine.descriptor.TestMethodTestDescriptor.lambda$invokeAllAfterMethodsOrCallbacks$13(TestMethodTestDescriptor.java:276) ~[junit-jupiter-engine-5.9.3.jar:5.9.3]
	at org.junit.platform.engine.support.hierarchical.ThrowableCollector.execute(ThrowableCollector.java:73) ~[junit-platform-engine-1.9.3.jar:1.9.3]
	at org.junit.jupiter.engine.descriptor.TestMethodTestDescriptor.lambda$invokeAllAfterMethodsOrCallbacks$14(TestMethodTestDescriptor.java:276) ~[junit-jupiter-engine-5.9.3.jar:5.9.3]
	at java.base/java.util.ArrayList.forEach(ArrayList.java:1511) ~[na:na]
	at org.junit.jupiter.engine.descriptor.TestMethodTestDescriptor.invokeAllAfterMethodsOrCallbacks(TestMethodTestDescriptor.java:275) ~[junit-jupiter-engine-5.9.3.jar:5.9.3]
	at org.junit.jupiter.engine.descriptor.TestMethodTestDescriptor.invokeAfterEachCallbacks(TestMethodTestDescriptor.java:259) ~[junit-jupiter-engine-5.9.3.jar:5.9.3]
	at org.junit.jupiter.engine.descriptor.TestMethodTestDescriptor.execute(TestMethodTestDescriptor.java:144) ~[junit-jupiter-engine-5.9.3.jar:5.9.3]
	at org.junit.jupiter.engine.descriptor.TestMethodTestDescriptor.execute(TestMethodTestDescriptor.java:68) ~[junit-jupiter-engine-5.9.3.jar:5.9.3]
	at org.junit.platform.engine.support.hierarchical.NodeTestTask.lambda$executeRecursively$6(NodeTestTask.java:151) ~[junit-platform-engine-1.9.3.jar:1.9.3]
	at org.junit.platform.engine.support.hierarchical.ThrowableCollector.execute(ThrowableCollector.java:73) ~[junit-platform-engine-1.9.3.jar:1.9.3]
	at org.junit.platform.engine.support.hierarchical.NodeTestTask.lambda$executeRecursively$8(NodeTestTask.java:141) ~[junit-platform-engine-1.9.3.jar:1.9.3]
	at org.junit.platform.engine.support.hierarchical.Node.around(Node.java:137) ~[junit-platform-engine-1.9.3.jar:1.9.3]
	at org.junit.platform.engine.support.hierarchical.NodeTestTask.lambda$executeRecursively$9(NodeTestTask.java:139) ~[junit-platform-engine-1.9.3.jar:1.9.3]
	at org.junit.platform.engine.support.hierarchical.ThrowableCollector.execute(ThrowableCollector.java:73) ~[junit-platform-engine-1.9.3.jar:1.9.3]
	at org.junit.platform.engine.support.hierarchical.NodeTestTask.executeRecursively(NodeTestTask.java:138) ~[junit-platform-engine-1.9.3.jar:1.9.3]
	at org.junit.platform.engine.support.hierarchical.NodeTestTask.execute(NodeTestTask.java:95) ~[junit-platform-engine-1.9.3.jar:1.9.3]
	at java.base/java.util.ArrayList.forEach(ArrayList.java:1511) ~[na:na]
	at org.junit.platform.engine.support.hierarchical.SameThreadHierarchicalTestExecutorService.invokeAll(SameThreadHierarchicalTestExecutorService.java:41) ~[junit-platform-engine-1.9.3.jar:1.9.3]
	at org.junit.platform.engine.support.hierarchical.NodeTestTask.lambda$executeRecursively$6(NodeTestTask.java:155) ~[junit-platform-engine-1.9.3.jar:1.9.3]
	at org.junit.platform.engine.support.hierarchical.ThrowableCollector.execute(ThrowableCollector.java:73) ~[junit-platform-engine-1.9.3.jar:1.9.3]
	at org.junit.platform.engine.support.hierarchical.NodeTestTask.lambda$executeRecursively$8(NodeTestTask.java:141) ~[junit-platform-engine-1.9.3.jar:1.9.3]
	at org.junit.platform.engine.support.hierarchical.Node.around(Node.java:137) ~[junit-platform-engine-1.9.3.jar:1.9.3]
	at org.junit.platform.engine.support.hierarchical.NodeTestTask.lambda$executeRecursively$9(NodeTestTask.java:139) ~[junit-platform-engine-1.9.3.jar:1.9.3]
	at org.junit.platform.engine.support.hierarchical.ThrowableCollector.execute(ThrowableCollector.java:73) ~[junit-platform-engine-1.9.3.jar:1.9.3]
	at org.junit.platform.engine.support.hierarchical.NodeTestTask.executeRecursively(NodeTestTask.java:138) ~[junit-platform-engine-1.9.3.jar:1.9.3]
	at org.junit.platform.engine.support.hierarchical.NodeTestTask.execute(NodeTestTask.java:95) ~[junit-platform-engine-1.9.3.jar:1.9.3]
	at java.base/java.util.ArrayList.forEach(ArrayList.java:1511) ~[na:na]
	at org.junit.platform.engine.support.hierarchical.SameThreadHierarchicalTestExecutorService.invokeAll(SameThreadHierarchicalTestExecutorService.java:41) ~[junit-platform-engine-1.9.3.jar:1.9.3]
	at org.junit.platform.engine.support.hierarchical.NodeTestTask.lambda$executeRecursively$6(NodeTestTask.java:155) ~[junit-platform-engine-1.9.3.jar:1.9.3]
	at org.junit.platform.engine.support.hierarchical.ThrowableCollector.execute(ThrowableCollector.java:73) ~[junit-platform-engine-1.9.3.jar:1.9.3]
	at org.junit.platform.engine.support.hierarchical.NodeTestTask.lambda$executeRecursively$8(NodeTestTask.java:141) ~[junit-platform-engine-1.9.3.jar:1.9.3]
	at org.junit.platform.engine.support.hierarchical.Node.around(Node.java:137) ~[junit-platform-engine-1.9.3.jar:1.9.3]
	at org.junit.platform.engine.support.hierarchical.NodeTestTask.lambda$executeRecursively$9(NodeTestTask.java:139) ~[junit-platform-engine-1.9.3.jar:1.9.3]
	at org.junit.platform.engine.support.hierarchical.ThrowableCollector.execute(ThrowableCollector.java:73) ~[junit-platform-engine-1.9.3.jar:1.9.3]
	at org.junit.platform.engine.support.hierarchical.NodeTestTask.executeRecursively(NodeTestTask.java:138) ~[junit-platform-engine-1.9.3.jar:1.9.3]
	at org.junit.platform.engine.support.hierarchical.NodeTestTask.execute(NodeTestTask.java:95) ~[junit-platform-engine-1.9.3.jar:1.9.3]
	at org.junit.platform.engine.support.hierarchical.SameThreadHierarchicalTestExecutorService.submit(SameThreadHierarchicalTestExecutorService.java:35) ~[junit-platform-engine-1.9.3.jar:1.9.3]
	at org.junit.platform.engine.support.hierarchical.HierarchicalTestExecutor.execute(HierarchicalTestExecutor.java:57) ~[junit-platform-engine-1.9.3.jar:1.9.3]
	at org.junit.platform.engine.support.hierarchical.HierarchicalTestEngine.execute(HierarchicalTestEngine.java:54) ~[junit-platform-engine-1.9.3.jar:1.9.3]
	at org.junit.platform.launcher.core.EngineExecutionOrchestrator.execute(EngineExecutionOrchestrator.java:147) ~[junit-platform-launcher-1.9.3.jar:1.9.3]
	at org.junit.platform.launcher.core.EngineExecutionOrchestrator.execute(EngineExecutionOrchestrator.java:127) ~[junit-platform-launcher-1.9.3.jar:1.9.3]
	at org.junit.platform.launcher.core.EngineExecutionOrchestrator.execute(EngineExecutionOrchestrator.java:90) ~[junit-platform-launcher-1.9.3.jar:1.9.3]
	at org.junit.platform.launcher.core.EngineExecutionOrchestrator.lambda$execute$0(EngineExecutionOrchestrator.java:55) ~[junit-platform-launcher-1.9.3.jar:1.9.3]
	at org.junit.platform.launcher.core.EngineExecutionOrchestrator.withInterceptedStreams(EngineExecutionOrchestrator.java:102) ~[junit-platform-launcher-1.9.3.jar:1.9.3]
	at org.junit.platform.launcher.core.EngineExecutionOrchestrator.execute(EngineExecutionOrchestrator.java:54) ~[junit-platform-launcher-1.9.3.jar:1.9.3]
	at org.junit.platform.launcher.core.DefaultLauncher.execute(DefaultLauncher.java:114) ~[junit-platform-launcher-1.9.3.jar:1.9.3]
	at org.junit.platform.launcher.core.DefaultLauncher.execute(DefaultLauncher.java:86) ~[junit-platform-launcher-1.9.3.jar:1.9.3]
	at org.junit.platform.launcher.core.DefaultLauncherSession$DelegatingLauncher.execute(DefaultLauncherSession.java:86) ~[junit-platform-launcher-1.9.3.jar:1.9.3]
	at org.apache.maven.surefire.junitplatform.LazyLauncher.execute(LazyLauncher.java:50) ~[surefire-junit-platform-3.0.0.jar:3.0.0]
	at org.apache.maven.surefire.junitplatform.JUnitPlatformProvider.execute(JUnitPlatformProvider.java:184) ~[surefire-junit-platform-3.0.0.jar:3.0.0]
	at org.apache.maven.surefire.junitplatform.JUnitPlatformProvider.invokeAllTests(JUnitPlatformProvider.java:148) ~[surefire-junit-platform-3.0.0.jar:3.0.0]
	at org.apache.maven.surefire.junitplatform.JUnitPlatformProvider.invoke(JUnitPlatformProvider.java:122) ~[surefire-junit-platform-3.0.0.jar:3.0.0]
	at org.apache.maven.surefire.booter.ForkedBooter.runSuitesInProcess(ForkedBooter.java:385) ~[surefire-booter-3.0.0.jar:3.0.0]
	at org.apache.maven.surefire.booter.ForkedBooter.execute(ForkedBooter.java:162) ~[surefire-booter-3.0.0.jar:3.0.0]
	at org.apache.maven.surefire.booter.ForkedBooter.run(ForkedBooter.java:507) ~[surefire-booter-3.0.0.jar:3.0.0]
	at org.apache.maven.surefire.booter.ForkedBooter.main(ForkedBooter.java:495) ~[surefire-booter-3.0.0.jar:3.0.0]

2026-01-21T04:14:53.030+02:00 DEBUG 23492 --- [main] org.hibernate.SQL                        : insert into brands (logo,name,tenant_id) values (?,?,?)
2026-01-21T04:14:53.153+02:00 DEBUG 23492 --- [main] org.hibernate.SQL                        : select b1_0.id,b1_0.logo,b1_0.name,b1_0.tenant_id from brands b1_0 where concat(b1_0.id,' ',b1_0.name,' ',b1_0.logo) like ? escape '' limit ?,?
2026-01-21T04:14:53.260+02:00 DEBUG 23492 --- [main] org.hibernate.SQL                        : delete from brands where id=?
2026-01-21T04:14:53.353+02:00  INFO 23492 --- [SpringApplicationShutdownHook] j.LocalContainerEntityManagerFactoryBean : Closing JPA EntityManagerFactory for persistence unit 'default'
2026-01-21T04:14:53.356+02:00  INFO 23492 --- [SpringApplicationShutdownHook] com.zaxxer.hikari.HikariDataSource       : HikariPool-1 - Shutdown initiated...
2026-01-21T04:14:53.376+02:00  INFO 23492 --- [SpringApplicationShutdownHook] com.zaxxer.hikari.HikariDataSource       : HikariPool-1 - Shutdown completed.
2026-01-21T04:16:03.618+02:00  INFO 11584 --- [main] c.o.admin.brand.BrandRepositoryTests     : Starting BrandRepositoryTests using Java 19.0.1 with PID 11584 (started by enoam in E:\onlineStore_Active\webParentVer2\WebBackEndVer2)
2026-01-21T04:16:03.644+02:00  INFO 11584 --- [main] c.o.admin.brand.BrandRepositoryTests     : No active profile set, falling back to 1 default profile: "default"
2026-01-21T04:16:04.660+02:00  INFO 11584 --- [main] .s.d.r.c.RepositoryConfigurationDelegate : Bootstrapping Spring Data JPA repositories in DEFAULT mode.
2026-01-21T04:16:04.983+02:00  INFO 11584 --- [main] .s.d.r.c.RepositoryConfigurationDelegate : Finished Spring Data repository scanning in 308 ms. Found 22 JPA repository interfaces.
2026-01-21T04:16:05.700+02:00  INFO 11584 --- [main] o.hibernate.jpa.internal.util.LogHelper  : HHH000204: Processing PersistenceUnitInfo [name: default]
2026-01-21T04:16:05.790+02:00  INFO 11584 --- [main] org.hibernate.Version                    : HHH000412: Hibernate ORM core version 6.2.9.Final
2026-01-21T04:16:05.794+02:00  INFO 11584 --- [main] org.hibernate.cfg.Environment            : HHH000406: Using bytecode reflection optimizer
2026-01-21T04:16:06.151+02:00  INFO 11584 --- [main] o.h.b.i.BytecodeProviderInitiator        : HHH000021: Bytecode provider name : bytebuddy
2026-01-21T04:16:06.394+02:00  INFO 11584 --- [main] o.s.o.j.p.SpringPersistenceUnitInfo      : No LoadTimeWeaver setup: ignoring JPA class transformer
2026-01-21T04:16:06.496+02:00  INFO 11584 --- [main] com.zaxxer.hikari.HikariDataSource       : HikariPool-1 - Starting...
2026-01-21T04:16:07.215+02:00  INFO 11584 --- [main] com.zaxxer.hikari.pool.HikariPool        : HikariPool-1 - Added connection com.mysql.cj.jdbc.ConnectionImpl@45d7495e
2026-01-21T04:16:07.220+02:00  INFO 11584 --- [main] com.zaxxer.hikari.HikariDataSource       : HikariPool-1 - Start completed.
2026-01-21T04:16:08.195+02:00  INFO 11584 --- [main] o.h.b.i.BytecodeProviderInitiator        : HHH000021: Bytecode provider name : bytebuddy
2026-01-21T04:16:09.948+02:00  INFO 11584 --- [main] o.h.e.t.j.p.i.JtaPlatformInitiator       : HHH000490: Using JtaPlatform implementation: [org.hibernate.engine.transaction.jta.platform.internal.NoJtaPlatform]
2026-01-21T04:16:10.457+02:00  INFO 11584 --- [main] j.LocalContainerEntityManagerFactoryBean : Initialized JPA EntityManagerFactory for persistence unit 'default'
2026-01-21T04:16:11.084+02:00  INFO 11584 --- [main] o.s.d.j.r.query.QueryEnhancerFactory     : Hibernate is in classpath; If applicable, HQL parser will be used.
2026-01-21T04:16:13.860+02:00  INFO 11584 --- [main] c.o.admin.brand.BrandRepositoryTests     : Started BrandRepositoryTests in 10.85 seconds (process running for 12.551)
2026-01-21T04:16:14.722+02:00 DEBUG 11584 --- [main] org.hibernate.SQL                        : insert into categories (alias,all_parent_ids,enabled,image,level,name,parent_id,tenant_id) values (?,?,?,?,?,?,?,?)
2026-01-21T04:16:14.757+02:00 DEBUG 11584 --- [main] org.hibernate.SQL                        : insert into brands (logo,name,tenant_id) values (?,?,?)
2026-01-21T04:16:14.762+02:00 DEBUG 11584 --- [main] org.hibernate.SQL                        : insert into brands (logo,name,tenant_id) values (?,?,?)
2026-01-21T04:16:14.779+02:00 DEBUG 11584 --- [main] org.hibernate.SQL                        : insert into brands_categories (brand_id,category_id) values (?,?)
2026-01-21T04:16:14.917+02:00 DEBUG 11584 --- [main] org.hibernate.SQL                        : select b1_0.id,b1_0.logo,b1_0.name,b1_0.tenant_id from brands b1_0 join brands_categories c1_0 on b1_0.id=c1_0.brand_id where c1_0.category_id=? and concat(b1_0.id,' ',b1_0.name,' ',b1_0.logo) like ? escape '' limit ?,?
2026-01-21T04:16:15.018+02:00 DEBUG 11584 --- [main] org.hibernate.SQL                        : select b1_0.id,b1_0.logo,b1_0.name,b1_0.tenant_id from brands b1_0 join brands_categories c1_0 on b1_0.id=c1_0.brand_id where c1_0.category_id=? and concat(b1_0.id,' ',b1_0.name,' ',b1_0.logo) like ? escape '' limit ?,?
2026-01-21T04:16:15.023+02:00 DEBUG 11584 --- [main] org.hibernate.SQL                        : select b1_0.id,b1_0.logo,b1_0.name,b1_0.tenant_id from brands b1_0 join brands_categories c1_0 on b1_0.id=c1_0.brand_id where c1_0.category_id=? and concat(b1_0.id,' ',b1_0.name,' ',b1_0.logo) like ? escape '' limit ?,?
2026-01-21T04:16:15.064+02:00 DEBUG 11584 --- [main] org.hibernate.SQL                        : insert into brands (logo,name,tenant_id) values (?,?,?)
2026-01-21T04:16:15.072+02:00 DEBUG 11584 --- [main] org.hibernate.SQL                        : select b1_0.id,b1_0.logo,b1_0.name,b1_0.tenant_id from brands b1_0 where concat(b1_0.id,' ',b1_0.name,' ',b1_0.logo) like ? escape '' limit ?,?
2026-01-21T04:16:15.174+02:00  INFO 11584 --- [SpringApplicationShutdownHook] j.LocalContainerEntityManagerFactoryBean : Closing JPA EntityManagerFactory for persistence unit 'default'
2026-01-21T04:16:15.177+02:00  INFO 11584 --- [SpringApplicationShutdownHook] com.zaxxer.hikari.HikariDataSource       : HikariPool-1 - Shutdown initiated...
2026-01-21T04:16:15.194+02:00  INFO 11584 --- [SpringApplicationShutdownHook] com.zaxxer.hikari.HikariDataSource       : HikariPool-1 - Shutdown completed.
2026-01-21T20:14:53.492+02:00  INFO 30912 --- [main] c.o.admin.WebBackEndApplication          : Starting WebBackEndApplication using Java 19.0.1 with PID 30912 (E:\onlineStore_Active\webParentVer2\WebBackEndVer2\target\classes started by enoam in E:\onlineStore_Active\webParentVer2\WebBackEndVer2)
2026-01-21T20:14:53.516+02:00  INFO 30912 --- [main] c.o.admin.WebBackEndApplication          : No active profile set, falling back to 1 default profile: "default"
2026-01-21T20:14:54.762+02:00  INFO 30912 --- [main] .s.d.r.c.RepositoryConfigurationDelegate : Bootstrapping Spring Data JPA repositories in DEFAULT mode.
2026-01-21T20:14:55.007+02:00  INFO 30912 --- [main] .s.d.r.c.RepositoryConfigurationDelegate : Finished Spring Data repository scanning in 232 ms. Found 27 JPA repository interfaces.
2026-01-21T20:14:57.194+02:00  INFO 30912 --- [main] o.s.b.w.embedded.tomcat.TomcatWebServer  : Tomcat initialized with port(s): 744 (http)
2026-01-21T20:14:57.212+02:00  INFO 30912 --- [main] o.apache.catalina.core.StandardService   : Starting service [Tomcat]
2026-01-21T20:14:57.212+02:00  INFO 30912 --- [main] o.apache.catalina.core.StandardEngine    : Starting Servlet engine: [Apache Tomcat/10.1.13]
2026-01-21T20:14:57.450+02:00  INFO 30912 --- [main] o.a.c.c.C.[Tomcat].[localhost].[/]       : Initializing Spring embedded WebApplicationContext
2026-01-21T20:14:57.450+02:00  INFO 30912 --- [main] w.s.c.ServletWebServerApplicationContext : Root WebApplicationContext: initialization completed in 3854 ms
2026-01-21T20:14:57.787+02:00  INFO 30912 --- [main] o.hibernate.jpa.internal.util.LogHelper  : HHH000204: Processing PersistenceUnitInfo [name: default]
2026-01-21T20:14:58.028+02:00  INFO 30912 --- [main] org.hibernate.Version                    : HHH000412: Hibernate ORM core version 6.2.9.Final
2026-01-21T20:14:58.040+02:00  INFO 30912 --- [main] org.hibernate.cfg.Environment            : HHH000406: Using bytecode reflection optimizer
2026-01-21T20:14:58.441+02:00  INFO 30912 --- [main] o.h.b.i.BytecodeProviderInitiator        : HHH000021: Bytecode provider name : bytebuddy
2026-01-21T20:14:58.835+02:00  INFO 30912 --- [main] o.s.o.j.p.SpringPersistenceUnitInfo      : No LoadTimeWeaver setup: ignoring JPA class transformer
2026-01-21T20:14:58.883+02:00  INFO 30912 --- [main] com.zaxxer.hikari.HikariDataSource       : HikariPool-1 - Starting...
2026-01-21T20:14:59.726+02:00  INFO 30912 --- [main] com.zaxxer.hikari.pool.HikariPool        : HikariPool-1 - Added connection com.mysql.cj.jdbc.ConnectionImpl@1c53bd49
2026-01-21T20:14:59.729+02:00  INFO 30912 --- [main] com.zaxxer.hikari.HikariDataSource       : HikariPool-1 - Start completed.
2026-01-21T20:15:00.868+02:00  INFO 30912 --- [main] o.h.b.i.BytecodeProviderInitiator        : HHH000021: Bytecode provider name : bytebuddy
2026-01-21T20:15:03.442+02:00  INFO 30912 --- [main] o.h.e.t.j.p.i.JtaPlatformInitiator       : HHH000490: Using JtaPlatform implementation: [org.hibernate.engine.transaction.jta.platform.internal.NoJtaPlatform]
2026-01-21T20:15:04.195+02:00  INFO 30912 --- [main] j.LocalContainerEntityManagerFactoryBean : Initialized JPA EntityManagerFactory for persistence unit 'default'
2026-01-21T20:15:04.644+02:00  INFO 30912 --- [main] o.s.boot.web.servlet.RegistrationBean    : Filter tenantFilterRegistration was not registered (disabled)
2026-01-21T20:15:04.646+02:00  INFO 30912 --- [main] o.s.boot.web.servlet.RegistrationBean    : Filter tenantContextFilterRegistration was not registered (disabled)
2026-01-21T20:15:05.593+02:00  INFO 30912 --- [main] o.s.d.j.r.query.QueryEnhancerFactory     : Hibernate is in classpath; If applicable, HQL parser will be used.
2026-01-21T20:15:09.978+02:00  INFO 30912 --- [main] c.o.a.g.watchdog.FileSystemMonitor       : Watchdog: Registered monitor for tenants
2026-01-21T20:15:09.979+02:00  INFO 30912 --- [main] c.o.a.g.watchdog.FileSystemMonitor       : Watchdog: Registered monitor for .
2026-01-21T20:15:09.981+02:00  INFO 30912 --- [Architecture-Watchdog-Thread] c.o.a.g.watchdog.FileSystemMonitor       : Watchdog: FileSystemMonitor thread started.
2026-01-21T20:15:11.779+02:00  WARN 30912 --- [main] JpaBaseConfiguration$JpaWebConfiguration : spring.jpa.open-in-view is enabled by default. Therefore, database queries may be performed during view rendering. Explicitly configure spring.jpa.open-in-view to disable this warning
2026-01-21T20:15:12.908+02:00  INFO 30912 --- [main] o.s.b.a.e.web.EndpointLinksResolver      : Exposing 5 endpoint(s) beneath base path '/actuator'
2026-01-21T20:15:13.016+02:00  INFO 30912 --- [main] o.s.s.web.DefaultSecurityFilterChain     : Will secure any request with [org.springframework.security.web.session.DisableEncodeUrlFilter@7cd577db, org.springframework.security.web.context.request.async.WebAsyncManagerIntegrationFilter@348775c6, org.springframework.security.web.context.SecurityContextHolderFilter@3a85d9d, org.springframework.security.web.header.HeaderWriterFilter@69d18bf0, org.springframework.security.web.csrf.CsrfFilter@53d84d6c, org.springframework.security.web.authentication.logout.LogoutFilter@2ddc0583, org.springframework.security.web.authentication.UsernamePasswordAuthenticationFilter@58221710, com.onlineStoreCom.security.tenant.TenantContextFilter@2c3a2935, org.springframework.security.web.savedrequest.RequestCacheAwareFilter@52fec246, org.springframework.security.web.servletapi.SecurityContextHolderAwareRequestFilter@165742b1, org.springframework.security.web.authentication.rememberme.RememberMeAuthenticationFilter@1cbeab90, org.springframework.security.web.authentication.AnonymousAuthenticationFilter@4dfc1455, org.springframework.security.web.access.ExceptionTranslationFilter@7f914800, org.springframework.security.web.access.intercept.AuthorizationFilter@1caf8498]
2026-01-21T20:15:13.676+02:00  INFO 30912 --- [main] o.s.b.w.embedded.tomcat.TomcatWebServer  : Tomcat started on port(s): 744 (http) with context path ''
2026-01-21T20:15:13.701+02:00  INFO 30912 --- [main] c.o.admin.WebBackEndApplication          : Started WebBackEndApplication in 20.712 seconds (process running for 21.156)
2026-01-21T20:15:13.824+02:00  INFO 30912 --- [main] c.o.admin.CorrectTenant0To4Data          : ================================================================================
2026-01-21T20:15:13.824+02:00  INFO 30912 --- [main] c.o.admin.CorrectTenant0To4Data          : 🔧 MIGRATING DATA: TENANT 0 -> TENANT 4 (SKIPPED FOR ASSET MIGRATION)
2026-01-21T20:15:13.824+02:00  INFO 30912 --- [main] c.o.admin.CorrectTenant0To4Data          : ================================================================================
2026-01-21T20:15:13.828+02:00  INFO 30912 --- [main] c.onlineStore.admin.CorrectTenant4Data   : ================================================================================
2026-01-21T20:15:13.828+02:00  INFO 30912 --- [main] c.onlineStore.admin.CorrectTenant4Data   : 🔧 FIXING TENANT 4 DATA MIGRATION
2026-01-21T20:15:13.829+02:00  INFO 30912 --- [main] c.onlineStore.admin.CorrectTenant4Data   : ================================================================================
2026-01-21T20:15:13.859+02:00 DEBUG 30912 --- [main] org.hibernate.SQL                        : UPDATE categories SET tenant_id = 4 WHERE tenant_id = 1
2026-01-21T20:15:13.863+02:00  INFO 30912 --- [main] c.onlineStore.admin.CorrectTenant4Data   : ✅ Fixed 0 categories: tenant_id 1 → 4
2026-01-21T20:15:13.863+02:00 DEBUG 30912 --- [main] org.hibernate.SQL                        : UPDATE brands SET tenant_id = 4 WHERE tenant_id = 1
2026-01-21T20:15:13.867+02:00  INFO 30912 --- [main] c.onlineStore.admin.CorrectTenant4Data   : ✅ Fixed 0 brands: tenant_id 1 → 4
2026-01-21T20:15:13.867+02:00 DEBUG 30912 --- [main] org.hibernate.SQL                        : UPDATE products SET tenant_id = 4 WHERE tenant_id = 1
2026-01-21T20:15:13.871+02:00  INFO 30912 --- [main] c.onlineStore.admin.CorrectTenant4Data   : ✅ Fixed 0 products: tenant_id 1 → 4
2026-01-21T20:15:13.871+02:00 DEBUG 30912 --- [main] org.hibernate.SQL                        :     DELETE FROM settings
    WHERE tenant_id = 1
    AND `key` IN (
        SELECT `key` FROM (
            SELECT `key` FROM settings WHERE tenant_id = 4
        ) as temp
    )

2026-01-21T20:15:13.879+02:00  INFO 30912 --- [main] c.onlineStore.admin.CorrectTenant4Data   : ⚠️ Deleted 0 duplicate settings from Tenant 1
2026-01-21T20:15:13.880+02:00 DEBUG 30912 --- [main] org.hibernate.SQL                        : UPDATE settings SET tenant_id = 4 WHERE tenant_id = 1
2026-01-21T20:15:13.881+02:00  INFO 30912 --- [main] c.onlineStore.admin.CorrectTenant4Data   : ✅ Fixed 0 settings: tenant_id 1 → 4
2026-01-21T20:15:13.882+02:00 DEBUG 30912 --- [main] org.hibernate.SQL                        : UPDATE customers SET tenant_id = 4 WHERE tenant_id = 1
2026-01-21T20:15:13.884+02:00  INFO 30912 --- [main] c.onlineStore.admin.CorrectTenant4Data   : ✅ Fixed 0 customers: tenant_id 1 → 4
2026-01-21T20:15:13.885+02:00 DEBUG 30912 --- [main] org.hibernate.SQL                        : UPDATE orders SET tenant_id = 4 WHERE tenant_id = 1
2026-01-21T20:15:13.887+02:00  INFO 30912 --- [main] c.onlineStore.admin.CorrectTenant4Data   : ✅ Fixed 0 orders: tenant_id 1 → 4
2026-01-21T20:15:13.887+02:00 DEBUG 30912 --- [main] org.hibernate.SQL                        : UPDATE reviews SET tenant_id = 4 WHERE tenant_id = 1
2026-01-21T20:15:13.889+02:00  INFO 30912 --- [main] c.onlineStore.admin.CorrectTenant4Data   : ✅ Fixed 0 reviews: tenant_id 1 → 4
2026-01-21T20:15:13.889+02:00 DEBUG 30912 --- [main] org.hibernate.SQL                        : UPDATE articles SET tenant_id = 4 WHERE tenant_id = 1
2026-01-21T20:15:13.893+02:00 DEBUG 30912 --- [main] org.hibernate.SQL                        : UPDATE menus SET tenant_id = 4 WHERE tenant_id = 1
2026-01-21T20:15:13.895+02:00 DEBUG 30912 --- [main] org.hibernate.SQL                        : UPDATE sections SET tenant_id = 4 WHERE tenant_id = 1
2026-01-21T20:15:13.895+02:00  INFO 30912 --- [main] c.onlineStore.admin.CorrectTenant4Data   : ✅ Fixed Content: 0 articles, 0 menus, 0 sections
2026-01-21T20:15:13.913+02:00 DEBUG 30912 --- [main] org.hibernate.SQL                        :     SELECT COUNT(*) FROM brands_categories bc
    JOIN brands b ON bc.brand_id = b.id
    JOIN categories c ON bc.category_id = c.id
    WHERE b.tenant_id = 4 AND c.tenant_id = 1

2026-01-21T20:15:13.941+02:00  INFO 30912 --- [main] c.onlineStore.admin.CorrectTenant4Data   : 📊 Remaining cross-tenant refs (Tenant 4 brands → Tenant 1 categories): 0
2026-01-21T20:15:13.941+02:00  INFO 30912 --- [main] c.onlineStore.admin.CorrectTenant4Data   : ✅ ALL CROSS-TENANT REFERENCES RESOLVED!
2026-01-21T20:15:13.941+02:00  INFO 30912 --- [main] c.onlineStore.admin.CorrectTenant4Data   : ================================================================================
2026-01-21T20:15:13.944+02:00 DEBUG 30912 --- [main] org.hibernate.SQL                        :     SELECT c.id, c.tenant_id, p.id, p.tenant_id
    FROM categories c
    JOIN categories p ON c.parent_id = p.id
    WHERE c.tenant_id != p.tenant_id

2026-01-21T20:15:13.946+02:00 DEBUG 30912 --- [main] org.hibernate.SQL                        :     SELECT p.id, p.tenant_id, c.id, c.tenant_id
    FROM products p
    JOIN categories c ON p.category_id = c.id
    WHERE p.tenant_id != c.tenant_id

2026-01-21T20:15:13.949+02:00 DEBUG 30912 --- [main] org.hibernate.SQL                        :     SELECT p.id, p.tenant_id, b.id, b.tenant_id
    FROM products p
    JOIN brands b ON p.brand_id = b.id
    WHERE p.tenant_id != b.tenant_id

2026-01-21T20:15:13.952+02:00 DEBUG 30912 --- [main] org.hibernate.SQL                        :     DELETE bc FROM brands_categories bc
    JOIN brands b ON bc.brand_id = b.id
    JOIN categories c ON bc.category_id = c.id
    WHERE b.tenant_id != c.tenant_id

2026-01-21T20:15:13.954+02:00 DEBUG 30912 --- [main] org.hibernate.SQL                        :     SELECT o.id, o.tenant_id, c.id, c.tenant_id
    FROM orders o
    JOIN customers c ON o.customer_id = c.id
    WHERE o.tenant_id != c.tenant_id

2026-01-21T20:15:13.957+02:00 DEBUG 30912 --- [main] org.hibernate.SQL                        :     SELECT od.id, o.tenant_id, p.id, p.tenant_id
    FROM order_details od
    JOIN orders o ON od.order_id = o.id
    JOIN products p ON od.product_id = p.id
    WHERE o.tenant_id != p.tenant_id

2026-01-21T20:15:13.965+02:00 DEBUG 30912 --- [main] org.hibernate.SQL                        : SELECT COUNT(*) FROM categories WHERE tenant_id = 4
2026-01-21T20:15:13.967+02:00 DEBUG 30912 --- [main] org.hibernate.SQL                        : SELECT COUNT(*) FROM categories WHERE tenant_id = 5
2026-01-21T20:15:13.970+02:00 DEBUG 30912 --- [main] org.hibernate.SQL                        : SELECT COUNT(*) FROM brands WHERE tenant_id = 4
2026-01-21T20:15:13.972+02:00 DEBUG 30912 --- [main] org.hibernate.SQL                        : SELECT COUNT(*) FROM brands WHERE tenant_id = 5
2026-01-21T20:15:13.974+02:00 DEBUG 30912 --- [main] org.hibernate.SQL                        : SELECT COUNT(*) FROM products WHERE tenant_id = 4
2026-01-21T20:15:13.976+02:00 DEBUG 30912 --- [main] org.hibernate.SQL                        : SELECT COUNT(*) FROM products WHERE tenant_id = 5
2026-01-21T20:15:13.978+02:00 DEBUG 30912 --- [main] org.hibernate.SQL                        :     SELECT c.id, c.name, c.tenant_id, p.id, p.name, p.tenant_id
    FROM categories c
    JOIN categories p ON c.parent_id = p.id
    WHERE c.tenant_id = 4 AND p.tenant_id = 5

2026-01-21T20:15:13.979+02:00 DEBUG 30912 --- [main] org.hibernate.SQL                        :     SELECT bc.brand_id, b.name, b.tenant_id, bc.category_id, c.name, c.tenant_id
    FROM brands_categories bc
    JOIN brands b ON bc.brand_id = b.id
    JOIN categories c ON bc.category_id = c.id
    WHERE b.tenant_id = 4 AND c.tenant_id = 5

2026-01-21T20:15:13.982+02:00 DEBUG 30912 --- [main] org.hibernate.SQL                        :     SELECT p.id, p.name, p.tenant_id, p.category_id, c.name, c.tenant_id
    FROM products p
    JOIN categories c ON p.category_id = c.id
    WHERE p.tenant_id = 4 AND c.tenant_id = 5

2026-01-21T20:15:13.984+02:00 DEBUG 30912 --- [main] org.hibernate.SQL                        :     SELECT p.id, p.name, p.tenant_id, p.brand_id, b.name, b.tenant_id
    FROM products p
    JOIN brands b ON p.brand_id = b.id
    WHERE p.tenant_id = 4 AND b.tenant_id = 5

2026-01-21T20:15:13.987+02:00 DEBUG 30912 --- [main] org.hibernate.SQL                        :     SELECT bc.brand_id, b.name, b.tenant_id, bc.category_id, c.name, c.tenant_id
    FROM brands_categories bc
    JOIN brands b ON bc.brand_id = b.id
    JOIN categories c ON bc.category_id = c.id
    WHERE b.tenant_id = 5 AND c.tenant_id = 4

2026-01-21T20:15:13.992+02:00 DEBUG 30912 --- [main] org.hibernate.SQL                        :     SELECT c.id, c.name, c.tenant_id AS child_tenant,
           p.id AS parent_id, p.name AS parent_name, p.tenant_id AS parent_tenant
    FROM categories c
    JOIN categories p ON c.parent_id = p.id
    WHERE c.tenant_id != p.tenant_id
    ORDER BY c.tenant_id, p.tenant_id

2026-01-21T20:15:13.994+02:00 DEBUG 30912 --- [main] org.hibernate.SQL                        :     SELECT c.id, c.name, p.id, p.name, p.tenant_id
    FROM categories c
    JOIN categories p ON c.parent_id = p.id
    WHERE c.tenant_id = 4 AND c.tenant_id != p.tenant_id

2026-01-21T20:15:13.996+02:00 DEBUG 30912 --- [main] org.hibernate.SQL                        :     SELECT c.id, c.name, c.tenant_id, c.parent_id
    FROM categories c
    WHERE c.parent_id IS NOT NULL
    AND c.parent_id NOT IN (SELECT id FROM categories)

2026-01-21T20:15:14.001+02:00  INFO 30912 --- [main] c.onlineStore.admin.MigrationVerifier    : 🕵️ STARTING MIGRATION VERIFICATION 🕵️
2026-01-21T20:15:14.002+02:00 DEBUG 30912 --- [main] org.hibernate.SQL                        : SELECT COUNT(*) FROM products WHERE tenant_id = 1
2026-01-21T20:15:14.004+02:00 DEBUG 30912 --- [main] org.hibernate.SQL                        : SELECT COUNT(*) FROM products WHERE tenant_id = 4
2026-01-21T20:15:14.005+02:00  INFO 30912 --- [main] c.onlineStore.admin.MigrationVerifier    : [products       ] Tenant 1: 0 | Tenant 4: 108 | Status: ✅ Clean
2026-01-21T20:15:14.005+02:00 DEBUG 30912 --- [main] org.hibernate.SQL                        : SELECT COUNT(*) FROM categories WHERE tenant_id = 1
2026-01-21T20:15:14.007+02:00 DEBUG 30912 --- [main] org.hibernate.SQL                        : SELECT COUNT(*) FROM categories WHERE tenant_id = 4
2026-01-21T20:15:14.008+02:00  INFO 30912 --- [main] c.onlineStore.admin.MigrationVerifier    : [categories     ] Tenant 1: 0 | Tenant 4: 34 | Status: ✅ Clean
2026-01-21T20:15:14.008+02:00 DEBUG 30912 --- [main] org.hibernate.SQL                        : SELECT COUNT(*) FROM brands WHERE tenant_id = 1
2026-01-21T20:15:14.009+02:00 DEBUG 30912 --- [main] org.hibernate.SQL                        : SELECT COUNT(*) FROM brands WHERE tenant_id = 4
2026-01-21T20:15:14.010+02:00  INFO 30912 --- [main] c.onlineStore.admin.MigrationVerifier    : [brands         ] Tenant 1: 0 | Tenant 4: 77 | Status: ✅ Clean
2026-01-21T20:15:14.010+02:00 DEBUG 30912 --- [main] org.hibernate.SQL                        : SELECT COUNT(*) FROM customers WHERE tenant_id = 1
2026-01-21T20:15:14.012+02:00 DEBUG 30912 --- [main] org.hibernate.SQL                        : SELECT COUNT(*) FROM customers WHERE tenant_id = 4
2026-01-21T20:15:14.012+02:00  INFO 30912 --- [main] c.onlineStore.admin.MigrationVerifier    : [customers      ] Tenant 1: 0 | Tenant 4: 43 | Status: ✅ Clean
2026-01-21T20:15:14.012+02:00 DEBUG 30912 --- [main] org.hibernate.SQL                        : SELECT COUNT(*) FROM orders WHERE tenant_id = 1
2026-01-21T20:15:14.015+02:00 DEBUG 30912 --- [main] org.hibernate.SQL                        : SELECT COUNT(*) FROM orders WHERE tenant_id = 4
2026-01-21T20:15:14.017+02:00  INFO 30912 --- [main] c.onlineStore.admin.MigrationVerifier    : [orders         ] Tenant 1: 0 | Tenant 4: 160 | Status: ✅ Clean
2026-01-21T20:15:14.017+02:00 DEBUG 30912 --- [main] org.hibernate.SQL                        : SELECT COUNT(*) FROM reviews WHERE tenant_id = 1
2026-01-21T20:15:14.020+02:00 DEBUG 30912 --- [main] org.hibernate.SQL                        : SELECT COUNT(*) FROM reviews WHERE tenant_id = 4
2026-01-21T20:15:14.021+02:00  INFO 30912 --- [main] c.onlineStore.admin.MigrationVerifier    : [reviews        ] Tenant 1: 0 | Tenant 4: 66 | Status: ✅ Clean
2026-01-21T20:15:14.021+02:00 DEBUG 30912 --- [main] org.hibernate.SQL                        : SELECT COUNT(*) FROM articles WHERE tenant_id = 1
2026-01-21T20:15:14.022+02:00 DEBUG 30912 --- [main] org.hibernate.SQL                        : SELECT COUNT(*) FROM articles WHERE tenant_id = 4
2026-01-21T20:15:14.024+02:00  INFO 30912 --- [main] c.onlineStore.admin.MigrationVerifier    : [articles       ] Tenant 1: 0 | Tenant 4: 9 | Status: ✅ Clean
2026-01-21T20:15:14.024+02:00 DEBUG 30912 --- [main] org.hibernate.SQL                        : SELECT COUNT(*) FROM menus WHERE tenant_id = 1
2026-01-21T20:15:14.026+02:00 DEBUG 30912 --- [main] org.hibernate.SQL                        : SELECT COUNT(*) FROM menus WHERE tenant_id = 4
2026-01-21T20:15:14.027+02:00  INFO 30912 --- [main] c.onlineStore.admin.MigrationVerifier    : [menus          ] Tenant 1: 0 | Tenant 4: 0 | Status: ✅ Clean
2026-01-21T20:15:14.027+02:00 DEBUG 30912 --- [main] org.hibernate.SQL                        : SELECT COUNT(*) FROM sections WHERE tenant_id = 1
2026-01-21T20:15:14.029+02:00 DEBUG 30912 --- [main] org.hibernate.SQL                        : SELECT COUNT(*) FROM sections WHERE tenant_id = 4
2026-01-21T20:15:14.030+02:00  INFO 30912 --- [main] c.onlineStore.admin.MigrationVerifier    : [sections       ] Tenant 1: 0 | Tenant 4: 0 | Status: ✅ Clean
2026-01-21T20:15:14.030+02:00 DEBUG 30912 --- [main] org.hibernate.SQL                        : SELECT COUNT(*) FROM settings WHERE tenant_id = 1
2026-01-21T20:15:14.033+02:00 DEBUG 30912 --- [main] org.hibernate.SQL                        : SELECT COUNT(*) FROM settings WHERE tenant_id = 4
2026-01-21T20:15:14.034+02:00  INFO 30912 --- [main] c.onlineStore.admin.MigrationVerifier    : [settings       ] Tenant 1: 0 | Tenant 4: 67 | Status: ✅ Clean
2026-01-21T20:15:14.035+02:00  INFO 30912 --- [main] c.onlineStore.admin.MigrationVerifier    : 🕵️ VERIFICATION COMPLETE. Check verification_result.txt 🕵️
2026-01-21T20:15:14.093+02:00 DEBUG 30912 --- [main] org.hibernate.SQL                        : select p1_0.id,p1_0.alias,p1_0.average_rating,p1_0.brand_id,p1_0.category_id,p1_0.cost,p1_0.created_time,p1_0.discount_percent,p1_0.enabled,p1_0.full_description,p1_0.height,p1_0.in_stock,p1_0.length,p1_0.main_image,p1_0.name,p1_0.price,p1_0.review_count,p1_0.short_description,p1_0.tenant_id,p1_0.updated_time,p1_0.weight,p1_0.width from products p1_0
2026-01-21T20:15:14.135+02:00 DEBUG 30912 --- [main] org.hibernate.SQL                        : select b1_0.id,b1_0.logo,b1_0.name,b1_0.tenant_id from brands b1_0 where b1_0.id=?
2026-01-21T20:15:14.140+02:00 DEBUG 30912 --- [main] org.hibernate.SQL                        : select c1_0.id,c1_0.alias,c1_0.all_parent_ids,c1_0.enabled,c1_0.image,c1_0.level,c1_0.name,c1_0.parent_id,c1_0.tenant_id from categories c1_0 where c1_0.id=?
2026-01-21T20:15:14.143+02:00 DEBUG 30912 --- [main] org.hibernate.SQL                        : select b1_0.id,b1_0.logo,b1_0.name,b1_0.tenant_id from brands b1_0 where b1_0.id=?
2026-01-21T20:15:14.145+02:00 DEBUG 30912 --- [main] org.hibernate.SQL                        : select b1_0.id,b1_0.logo,b1_0.name,b1_0.tenant_id from brands b1_0 where b1_0.id=?
2026-01-21T20:15:14.147+02:00 DEBUG 30912 --- [main] org.hibernate.SQL                        : select c1_0.id,c1_0.alias,c1_0.all_parent_ids,c1_0.enabled,c1_0.image,c1_0.level,c1_0.name,c1_0.parent_id,c1_0.tenant_id from categories c1_0 where c1_0.id=?
2026-01-21T20:15:14.151+02:00 DEBUG 30912 --- [main] org.hibernate.SQL                        : select b1_0.id,b1_0.logo,b1_0.name,b1_0.tenant_id from brands b1_0 where b1_0.id=?
2026-01-21T20:15:14.153+02:00 DEBUG 30912 --- [main] org.hibernate.SQL                        : select c1_0.id,c1_0.alias,c1_0.all_parent_ids,c1_0.enabled,c1_0.image,c1_0.level,c1_0.name,c1_0.parent_id,c1_0.tenant_id from categories c1_0 where c1_0.id=?
2026-01-21T20:15:14.161+02:00 DEBUG 30912 --- [main] org.hibernate.SQL                        : select b1_0.id,b1_0.logo,b1_0.name,b1_0.tenant_id from brands b1_0 where b1_0.id=?
2026-01-21T20:15:14.163+02:00 DEBUG 30912 --- [main] org.hibernate.SQL                        : select c1_0.id,c1_0.alias,c1_0.all_parent_ids,c1_0.enabled,c1_0.image,c1_0.level,c1_0.name,c1_0.parent_id,c1_0.tenant_id from categories c1_0 where c1_0.id=?
2026-01-21T20:15:14.168+02:00 DEBUG 30912 --- [main] org.hibernate.SQL                        : select b1_0.id,b1_0.logo,b1_0.name,b1_0.tenant_id from brands b1_0 where b1_0.id=?
2026-01-21T20:15:14.171+02:00 DEBUG 30912 --- [main] org.hibernate.SQL                        : select b1_0.id,b1_0.logo,b1_0.name,b1_0.tenant_id from brands b1_0 where b1_0.id=?
2026-01-21T20:15:14.173+02:00 DEBUG 30912 --- [main] org.hibernate.SQL                        : select b1_0.id,b1_0.logo,b1_0.name,b1_0.tenant_id from brands b1_0 where b1_0.id=?
2026-01-21T20:15:14.175+02:00 DEBUG 30912 --- [main] org.hibernate.SQL                        : select b1_0.id,b1_0.logo,b1_0.name,b1_0.tenant_id from brands b1_0 where b1_0.id=?
2026-01-21T20:15:14.177+02:00 DEBUG 30912 --- [main] org.hibernate.SQL                        : select c1_0.id,c1_0.alias,c1_0.all_parent_ids,c1_0.enabled,c1_0.image,c1_0.level,c1_0.name,c1_0.parent_id,c1_0.tenant_id from categories c1_0 where c1_0.id=?
2026-01-21T20:15:14.180+02:00 DEBUG 30912 --- [main] org.hibernate.SQL                        : select b1_0.id,b1_0.logo,b1_0.name,b1_0.tenant_id from brands b1_0 where b1_0.id=?
2026-01-21T20:15:14.183+02:00 DEBUG 30912 --- [main] org.hibernate.SQL                        : select c1_0.id,c1_0.alias,c1_0.all_parent_ids,c1_0.enabled,c1_0.image,c1_0.level,c1_0.name,c1_0.parent_id,c1_0.tenant_id from categories c1_0 where c1_0.id=?
2026-01-21T20:15:14.185+02:00 DEBUG 30912 --- [main] org.hibernate.SQL                        : select b1_0.id,b1_0.logo,b1_0.name,b1_0.tenant_id from brands b1_0 where b1_0.id=?
2026-01-21T20:15:14.187+02:00 DEBUG 30912 --- [main] org.hibernate.SQL                        : select b1_0.id,b1_0.logo,b1_0.name,b1_0.tenant_id from brands b1_0 where b1_0.id=?
2026-01-21T20:15:14.190+02:00 DEBUG 30912 --- [main] org.hibernate.SQL                        : select c1_0.id,c1_0.alias,c1_0.all_parent_ids,c1_0.enabled,c1_0.image,c1_0.level,c1_0.name,c1_0.parent_id,c1_0.tenant_id from categories c1_0 where c1_0.id=?
2026-01-21T20:15:14.193+02:00 DEBUG 30912 --- [main] org.hibernate.SQL                        : select b1_0.id,b1_0.logo,b1_0.name,b1_0.tenant_id from brands b1_0 where b1_0.id=?
2026-01-21T20:15:14.195+02:00 DEBUG 30912 --- [main] org.hibernate.SQL                        : select b1_0.id,b1_0.logo,b1_0.name,b1_0.tenant_id from brands b1_0 where b1_0.id=?
2026-01-21T20:15:14.199+02:00 DEBUG 30912 --- [main] org.hibernate.SQL                        : select b1_0.id,b1_0.logo,b1_0.name,b1_0.tenant_id from brands b1_0 where b1_0.id=?
2026-01-21T20:15:14.203+02:00 DEBUG 30912 --- [main] org.hibernate.SQL                        : select b1_0.id,b1_0.logo,b1_0.name,b1_0.tenant_id from brands b1_0 where b1_0.id=?
2026-01-21T20:15:14.205+02:00 DEBUG 30912 --- [main] org.hibernate.SQL                        : select b1_0.id,b1_0.logo,b1_0.name,b1_0.tenant_id from brands b1_0 where b1_0.id=?
2026-01-21T20:15:14.208+02:00 DEBUG 30912 --- [main] org.hibernate.SQL                        : select b1_0.id,b1_0.logo,b1_0.name,b1_0.tenant_id from brands b1_0 where b1_0.id=?
2026-01-21T20:15:14.210+02:00 DEBUG 30912 --- [main] org.hibernate.SQL                        : select c1_0.id,c1_0.alias,c1_0.all_parent_ids,c1_0.enabled,c1_0.image,c1_0.level,c1_0.name,c1_0.parent_id,c1_0.tenant_id from categories c1_0 where c1_0.id=?
2026-01-21T20:15:14.216+02:00 DEBUG 30912 --- [main] org.hibernate.SQL                        : select b1_0.id,b1_0.logo,b1_0.name,b1_0.tenant_id from brands b1_0 where b1_0.id=?
2026-01-21T20:15:14.220+02:00 DEBUG 30912 --- [main] org.hibernate.SQL                        : select b1_0.id,b1_0.logo,b1_0.name,b1_0.tenant_id from brands b1_0 where b1_0.id=?
2026-01-21T20:15:14.222+02:00 DEBUG 30912 --- [main] org.hibernate.SQL                        : select b1_0.id,b1_0.logo,b1_0.name,b1_0.tenant_id from brands b1_0 where b1_0.id=?
2026-01-21T20:15:14.225+02:00 DEBUG 30912 --- [main] org.hibernate.SQL                        : select b1_0.id,b1_0.logo,b1_0.name,b1_0.tenant_id from brands b1_0 where b1_0.id=?
2026-01-21T20:15:14.227+02:00 DEBUG 30912 --- [main] org.hibernate.SQL                        : select c1_0.id,c1_0.alias,c1_0.all_parent_ids,c1_0.enabled,c1_0.image,c1_0.level,c1_0.name,c1_0.parent_id,c1_0.tenant_id from categories c1_0 where c1_0.id=?
2026-01-21T20:15:14.228+02:00 DEBUG 30912 --- [main] org.hibernate.SQL                        : select b1_0.id,b1_0.logo,b1_0.name,b1_0.tenant_id from brands b1_0 where b1_0.id=?
2026-01-21T20:15:14.230+02:00 DEBUG 30912 --- [main] org.hibernate.SQL                        : select b1_0.id,b1_0.logo,b1_0.name,b1_0.tenant_id from brands b1_0 where b1_0.id=?
2026-01-21T20:15:14.235+02:00 DEBUG 30912 --- [main] org.hibernate.SQL                        : select b1_0.id,b1_0.logo,b1_0.name,b1_0.tenant_id from brands b1_0 where b1_0.id=?
2026-01-21T20:15:14.238+02:00 DEBUG 30912 --- [main] org.hibernate.SQL                        : select c1_0.id,c1_0.alias,c1_0.all_parent_ids,c1_0.enabled,c1_0.image,c1_0.level,c1_0.name,c1_0.parent_id,c1_0.tenant_id from categories c1_0 where c1_0.id=?
2026-01-21T20:15:14.241+02:00 DEBUG 30912 --- [main] org.hibernate.SQL                        : select b1_0.id,b1_0.logo,b1_0.name,b1_0.tenant_id from brands b1_0 where b1_0.id=?
2026-01-21T20:15:14.244+02:00 DEBUG 30912 --- [main] org.hibernate.SQL                        : select b1_0.id,b1_0.logo,b1_0.name,b1_0.tenant_id from brands b1_0 where b1_0.id=?
2026-01-21T20:15:14.246+02:00 DEBUG 30912 --- [main] org.hibernate.SQL                        : select c1_0.id,c1_0.alias,c1_0.all_parent_ids,c1_0.enabled,c1_0.image,c1_0.level,c1_0.name,c1_0.parent_id,c1_0.tenant_id from categories c1_0 where c1_0.id=?
2026-01-21T20:15:14.248+02:00 DEBUG 30912 --- [main] org.hibernate.SQL                        : select b1_0.id,b1_0.logo,b1_0.name,b1_0.tenant_id from brands b1_0 where b1_0.id=?
2026-01-21T20:15:14.251+02:00 DEBUG 30912 --- [main] org.hibernate.SQL                        : select b1_0.id,b1_0.logo,b1_0.name,b1_0.tenant_id from brands b1_0 where b1_0.id=?
2026-01-21T20:15:14.253+02:00 DEBUG 30912 --- [main] org.hibernate.SQL                        : select b1_0.id,b1_0.logo,b1_0.name,b1_0.tenant_id from brands b1_0 where b1_0.id=?
2026-01-21T20:15:14.255+02:00 DEBUG 30912 --- [main] org.hibernate.SQL                        : select b1_0.id,b1_0.logo,b1_0.name,b1_0.tenant_id from brands b1_0 where b1_0.id=?
2026-01-21T20:15:14.257+02:00 DEBUG 30912 --- [main] org.hibernate.SQL                        : select b1_0.id,b1_0.logo,b1_0.name,b1_0.tenant_id from brands b1_0 where b1_0.id=?
2026-01-21T20:15:14.259+02:00 DEBUG 30912 --- [main] org.hibernate.SQL                        : select c1_0.id,c1_0.alias,c1_0.all_parent_ids,c1_0.enabled,c1_0.image,c1_0.level,c1_0.name,c1_0.parent_id,c1_0.tenant_id from categories c1_0 where c1_0.id=?
2026-01-21T20:15:14.260+02:00 DEBUG 30912 --- [main] org.hibernate.SQL                        : select b1_0.id,b1_0.logo,b1_0.name,b1_0.tenant_id from brands b1_0 where b1_0.id=?
2026-01-21T20:15:14.262+02:00 DEBUG 30912 --- [main] org.hibernate.SQL                        : select b1_0.id,b1_0.logo,b1_0.name,b1_0.tenant_id from brands b1_0 where b1_0.id=?
2026-01-21T20:15:14.263+02:00 DEBUG 30912 --- [main] org.hibernate.SQL                        : select b1_0.id,b1_0.logo,b1_0.name,b1_0.tenant_id from brands b1_0 where b1_0.id=?
2026-01-21T20:15:14.265+02:00 DEBUG 30912 --- [main] org.hibernate.SQL                        : select c1_0.id,c1_0.alias,c1_0.all_parent_ids,c1_0.enabled,c1_0.image,c1_0.level,c1_0.name,c1_0.parent_id,c1_0.tenant_id from categories c1_0 where c1_0.id=?
2026-01-21T20:15:14.269+02:00 DEBUG 30912 --- [main] org.hibernate.SQL                        : select b1_0.id,b1_0.logo,b1_0.name,b1_0.tenant_id from brands b1_0 where b1_0.id=?
2026-01-21T20:15:14.271+02:00 DEBUG 30912 --- [main] org.hibernate.SQL                        : select b1_0.id,b1_0.logo,b1_0.name,b1_0.tenant_id from brands b1_0 where b1_0.id=?
2026-01-21T20:15:14.272+02:00 DEBUG 30912 --- [main] org.hibernate.SQL                        : select c1_0.id,c1_0.alias,c1_0.all_parent_ids,c1_0.enabled,c1_0.image,c1_0.level,c1_0.name,c1_0.parent_id,c1_0.tenant_id from categories c1_0 where c1_0.id=?
2026-01-21T20:15:14.273+02:00 DEBUG 30912 --- [main] org.hibernate.SQL                        : select b1_0.id,b1_0.logo,b1_0.name,b1_0.tenant_id from brands b1_0 where b1_0.id=?
2026-01-21T20:15:14.276+02:00 DEBUG 30912 --- [main] org.hibernate.SQL                        : select b1_0.id,b1_0.logo,b1_0.name,b1_0.tenant_id from brands b1_0 where b1_0.id=?
2026-01-21T20:15:14.278+02:00 DEBUG 30912 --- [main] org.hibernate.SQL                        : select b1_0.id,b1_0.logo,b1_0.name,b1_0.tenant_id from brands b1_0 where b1_0.id=?
2026-01-21T20:15:14.279+02:00 DEBUG 30912 --- [main] org.hibernate.SQL                        : select c1_0.id,c1_0.alias,c1_0.all_parent_ids,c1_0.enabled,c1_0.image,c1_0.level,c1_0.name,c1_0.parent_id,c1_0.tenant_id from categories c1_0 where c1_0.id=?
2026-01-21T20:15:14.282+02:00 DEBUG 30912 --- [main] org.hibernate.SQL                        : select b1_0.id,b1_0.logo,b1_0.name,b1_0.tenant_id from brands b1_0 where b1_0.id=?
2026-01-21T20:15:14.284+02:00 DEBUG 30912 --- [main] org.hibernate.SQL                        : select c1_0.id,c1_0.alias,c1_0.all_parent_ids,c1_0.enabled,c1_0.image,c1_0.level,c1_0.name,c1_0.parent_id,c1_0.tenant_id from categories c1_0 where c1_0.id=?
2026-01-21T20:15:14.286+02:00 DEBUG 30912 --- [main] org.hibernate.SQL                        : select b1_0.id,b1_0.logo,b1_0.name,b1_0.tenant_id from brands b1_0 where b1_0.id=?
2026-01-21T20:15:14.288+02:00 DEBUG 30912 --- [main] org.hibernate.SQL                        : select b1_0.id,b1_0.logo,b1_0.name,b1_0.tenant_id from brands b1_0 where b1_0.id=?
2026-01-21T20:15:14.289+02:00 DEBUG 30912 --- [main] org.hibernate.SQL                        : select c1_0.id,c1_0.alias,c1_0.all_parent_ids,c1_0.enabled,c1_0.image,c1_0.level,c1_0.name,c1_0.parent_id,c1_0.tenant_id from categories c1_0 where c1_0.id=?
2026-01-21T20:15:14.291+02:00 DEBUG 30912 --- [main] org.hibernate.SQL                        : select b1_0.id,b1_0.logo,b1_0.name,b1_0.tenant_id from brands b1_0 where b1_0.id=?
2026-01-21T20:15:14.293+02:00 DEBUG 30912 --- [main] org.hibernate.SQL                        : select c1_0.id,c1_0.alias,c1_0.all_parent_ids,c1_0.enabled,c1_0.image,c1_0.level,c1_0.name,c1_0.parent_id,c1_0.tenant_id from categories c1_0 where c1_0.id=?
2026-01-21T20:15:14.294+02:00 DEBUG 30912 --- [main] org.hibernate.SQL                        : select c1_0.id,c1_0.alias,c1_0.all_parent_ids,c1_0.enabled,c1_0.image,c1_0.level,c1_0.name,c1_0.parent_id,c1_0.tenant_id from categories c1_0 where c1_0.id=?
2026-01-21T20:15:14.295+02:00 DEBUG 30912 --- [main] org.hibernate.SQL                        : select b1_0.id,b1_0.logo,b1_0.name,b1_0.tenant_id from brands b1_0 where b1_0.id=?
2026-01-21T20:15:14.297+02:00 DEBUG 30912 --- [main] org.hibernate.SQL                        : select b1_0.id,b1_0.logo,b1_0.name,b1_0.tenant_id from brands b1_0 where b1_0.id=?
2026-01-21T20:15:14.299+02:00 DEBUG 30912 --- [main] org.hibernate.SQL                        : select b1_0.id,b1_0.logo,b1_0.name,b1_0.tenant_id from brands b1_0 where b1_0.id=?
2026-01-21T20:15:14.301+02:00 DEBUG 30912 --- [main] org.hibernate.SQL                        : select c1_0.id,c1_0.alias,c1_0.all_parent_ids,c1_0.enabled,c1_0.image,c1_0.level,c1_0.name,c1_0.parent_id,c1_0.tenant_id from categories c1_0 where c1_0.id=?
2026-01-21T20:15:14.303+02:00 DEBUG 30912 --- [main] org.hibernate.SQL                        : select b1_0.id,b1_0.logo,b1_0.name,b1_0.tenant_id from brands b1_0 where b1_0.id=?
2026-01-21T20:15:14.305+02:00 DEBUG 30912 --- [main] org.hibernate.SQL                        : select c1_0.id,c1_0.alias,c1_0.all_parent_ids,c1_0.enabled,c1_0.image,c1_0.level,c1_0.name,c1_0.parent_id,c1_0.tenant_id from categories c1_0 where c1_0.id=?
2026-01-21T20:15:14.306+02:00 DEBUG 30912 --- [main] org.hibernate.SQL                        : select b1_0.id,b1_0.logo,b1_0.name,b1_0.tenant_id from brands b1_0 where b1_0.id=?
2026-01-21T20:15:14.307+02:00 DEBUG 30912 --- [main] org.hibernate.SQL                        : select b1_0.id,b1_0.logo,b1_0.name,b1_0.tenant_id from brands b1_0 where b1_0.id=?
2026-01-21T20:15:14.309+02:00 DEBUG 30912 --- [main] org.hibernate.SQL                        : select c1_0.id,c1_0.alias,c1_0.all_parent_ids,c1_0.enabled,c1_0.image,c1_0.level,c1_0.name,c1_0.parent_id,c1_0.tenant_id from categories c1_0 where c1_0.id=?
2026-01-21T20:15:14.311+02:00 DEBUG 30912 --- [main] org.hibernate.SQL                        : select b1_0.id,b1_0.logo,b1_0.name,b1_0.tenant_id from brands b1_0 where b1_0.id=?
2026-01-21T20:15:14.313+02:00 DEBUG 30912 --- [main] org.hibernate.SQL                        : select b1_0.id,b1_0.logo,b1_0.name,b1_0.tenant_id from brands b1_0 where b1_0.id=?
2026-01-21T20:15:14.315+02:00 DEBUG 30912 --- [main] org.hibernate.SQL                        : select c1_0.id,c1_0.alias,c1_0.all_parent_ids,c1_0.enabled,c1_0.image,c1_0.level,c1_0.name,c1_0.parent_id,c1_0.tenant_id from categories c1_0 where c1_0.id=?
2026-01-21T20:15:14.319+02:00 DEBUG 30912 --- [main] org.hibernate.SQL                        : select b1_0.id,b1_0.logo,b1_0.name,b1_0.tenant_id from brands b1_0 where b1_0.id=?
2026-01-21T20:15:14.321+02:00 DEBUG 30912 --- [main] org.hibernate.SQL                        : select c1_0.id,c1_0.alias,c1_0.all_parent_ids,c1_0.enabled,c1_0.image,c1_0.level,c1_0.name,c1_0.parent_id,c1_0.tenant_id from categories c1_0 where c1_0.id=?
2026-01-21T20:15:25.973+02:00 DEBUG 30912 --- [main] org.hibernate.SQL                        : UPDATE categories c JOIN categories p ON c.parent_id = p.id SET c.parent_id = NULL WHERE c.tenant_id != p.tenant_id
2026-01-21T21:13:13.297+02:00  WARN 30912 --- [HikariPool-1 housekeeper] com.zaxxer.hikari.pool.HikariPool        : HikariPool-1 - Thread starvation or clock leap detected (housekeeper delta=4m42s75ms178µs100ns).
2026-01-21T21:18:54.726+02:00  INFO 30912 --- [http-nio-744-exec-1] o.a.c.c.C.[Tomcat].[localhost].[/]       : Initializing Spring DispatcherServlet 'dispatcherServlet'
2026-01-21T21:18:54.730+02:00  INFO 30912 --- [http-nio-744-exec-1] o.s.web.servlet.DispatcherServlet        : Initializing Servlet 'dispatcherServlet'
2026-01-21T21:18:54.854+02:00  INFO 30912 --- [http-nio-744-exec-1] o.s.web.servlet.DispatcherServlet        : Completed initialization in 122 ms
2026-01-21T21:18:56.076+02:00  WARN 30912 --- [http-nio-744-exec-1] o.a.c.util.SessionIdGeneratorBase        : Creation of SecureRandom instance for session ID generation using [SHA1PRNG] took [289] milliseconds.
2026-01-21T21:19:14.190+02:00 DEBUG 30912 --- [http-nio-744-exec-9] c.o.a.s.tenant.TenantFilterAspect        : ⚠️ [TenantFilterAspect] Service execution without TenantID
2026-01-21T21:19:14.534+02:00 DEBUG 30912 --- [http-nio-744-exec-9] org.hibernate.SQL                        : select u1_0.id,u1_0.email,u1_0.enabled,u1_0.first_name,u1_0.last_login_time,u1_0.last_name,u1_0.password,u1_0.photos,u1_0.tenant_id,u1_0.user_bio from `'user'` u1_0 where u1_0.email=?
2026-01-21T21:19:14.612+02:00 DEBUG 30912 --- [http-nio-744-exec-9] org.hibernate.SQL                        : select r1_0.user_id,r1_1.id,r1_1.all_parent_ids,r1_1.descrption,r1_1.name,r1_1.parent_id from user_roles r1_0 join role r1_1 on r1_1.id=r1_0.role_id where r1_0.user_id=?
2026-01-21T21:19:15.635+02:00 DEBUG 30912 --- [http-nio-744-exec-2] c.o.a.s.tenant.TenantFilterAspect        : 🛡️ [TenantFilterAspect] Enforced Filter for TenantID: 4
2026-01-21T21:19:15.711+02:00 DEBUG 30912 --- [http-nio-744-exec-2] org.hibernate.SQL                        : select u1_0.id,u1_0.email,u1_0.enabled,u1_0.first_name,u1_0.last_login_time,u1_0.last_name,u1_0.password,u1_0.photos,u1_0.tenant_id,u1_0.user_bio from `'user'` u1_0 where u1_0.tenant_id = ? and u1_0.tenant_id = ? order by u1_0.first_name limit ?,?
2026-01-21T21:19:15.718+02:00 DEBUG 30912 --- [http-nio-744-exec-2] org.hibernate.SQL                        : select r1_0.user_id,r1_1.id,r1_1.all_parent_ids,r1_1.descrption,r1_1.name,r1_1.parent_id from user_roles r1_0 join role r1_1 on r1_1.id=r1_0.role_id where r1_0.user_id=?
2026-01-21T21:19:15.723+02:00 DEBUG 30912 --- [http-nio-744-exec-2] org.hibernate.SQL                        : select r1_0.user_id,r1_1.id,r1_1.all_parent_ids,r1_1.descrption,r1_1.name,r1_1.parent_id from user_roles r1_0 join role r1_1 on r1_1.id=r1_0.role_id where r1_0.user_id=?
2026-01-21T21:19:15.727+02:00 DEBUG 30912 --- [http-nio-744-exec-2] org.hibernate.SQL                        : select r1_0.user_id,r1_1.id,r1_1.all_parent_ids,r1_1.descrption,r1_1.name,r1_1.parent_id from user_roles r1_0 join role r1_1 on r1_1.id=r1_0.role_id where r1_0.user_id=?
2026-01-21T21:19:15.732+02:00 DEBUG 30912 --- [http-nio-744-exec-2] org.hibernate.SQL                        : select r1_0.user_id,r1_1.id,r1_1.all_parent_ids,r1_1.descrption,r1_1.name,r1_1.parent_id from user_roles r1_0 join role r1_1 on r1_1.id=r1_0.role_id where r1_0.user_id=?
2026-01-21T21:19:15.735+02:00 DEBUG 30912 --- [http-nio-744-exec-2] org.hibernate.SQL                        : select r1_0.user_id,r1_1.id,r1_1.all_parent_ids,r1_1.descrption,r1_1.name,r1_1.parent_id from user_roles r1_0 join role r1_1 on r1_1.id=r1_0.role_id where r1_0.user_id=?
2026-01-21T21:19:15.828+02:00 DEBUG 30912 --- [http-nio-744-exec-2] org.hibernate.SQL                        : select count(u1_0.id) from `'user'` u1_0 where u1_0.tenant_id = ? and u1_0.tenant_id = ?
2026-01-21T21:19:17.161+02:00 DEBUG 30912 --- [http-nio-744-exec-3] c.o.a.s.tenant.TenantFilterAspect        : 🛡️ [TenantFilterAspect] Enforced Filter for TenantID: 4
2026-01-21T21:19:17.180+02:00 DEBUG 30912 --- [http-nio-744-exec-3] org.hibernate.SQL                        : select s1_0.id,s1_0.category,s1_0.`key`,s1_0.tenant_id,s1_0.value from settings s1_0 where (s1_0.tenant_id = ? or s1_0.tenant_id = 0 or s1_0.tenant_id is null) and s1_0.tenant_id = ? and s1_0.category=?
2026-01-21T21:19:17.390+02:00  WARN 30912 --- [http-nio-744-exec-2] o.h.c.spi.AbstractPersistentCollection   : HHH000506: Detaching an uninitialized collection with enabled filters from a session: [com.onlineStoreCom.entity.users.Role.children#5]
2026-01-21T21:19:17.390+02:00  WARN 30912 --- [http-nio-744-exec-2] o.h.c.spi.AbstractPersistentCollection   : HHH000506: Detaching an uninitialized collection with enabled filters from a session: [com.onlineStoreCom.entity.users.Role.children#1]
2026-01-21T21:19:17.391+02:00  WARN 30912 --- [http-nio-744-exec-2] o.h.c.spi.AbstractPersistentCollection   : HHH000506: Detaching an uninitialized collection with enabled filters from a session: [com.onlineStoreCom.entity.users.Role.children#3]
2026-01-21T21:19:17.391+02:00  WARN 30912 --- [http-nio-744-exec-2] o.h.c.spi.AbstractPersistentCollection   : HHH000506: Detaching an uninitialized collection with enabled filters from a session: [com.onlineStoreCom.entity.users.Role.children#4]
2026-01-21T21:19:24.616+02:00 DEBUG 30912 --- [http-nio-744-exec-1] c.o.a.s.tenant.TenantFilterAspect        : 🛡️ [TenantFilterAspect] Enforced Filter for TenantID: 4
2026-01-21T21:19:24.687+02:00 DEBUG 30912 --- [http-nio-744-exec-1] org.hibernate.SQL                        : select c1_0.id,c1_0.alias,c1_0.all_parent_ids,c1_0.enabled,c1_0.image,c1_0.level,c1_0.name,c1_0.parent_id,c1_0.tenant_id from categories c1_0 where c1_0.tenant_id = ? and c1_0.parent_id is null
2026-01-21T21:19:24.700+02:00 DEBUG 30912 --- [http-nio-744-exec-1] org.hibernate.SQL                        : select c1_0.parent_id,c1_0.id,c1_0.alias,c1_0.all_parent_ids,c1_0.enabled,c1_0.image,c1_0.level,c1_0.name,c1_0.tenant_id from categories c1_0 where c1_0.parent_id=? order by c1_0.name
2026-01-21T21:19:24.719+02:00 DEBUG 30912 --- [http-nio-744-exec-1] org.hibernate.SQL                        : select c1_0.parent_id,c1_0.id,c1_0.alias,c1_0.all_parent_ids,c1_0.enabled,c1_0.image,c1_0.level,c1_0.name,c1_0.tenant_id from categories c1_0 where c1_0.parent_id=? order by c1_0.name
2026-01-21T21:19:24.723+02:00 DEBUG 30912 --- [http-nio-744-exec-1] org.hibernate.SQL                        : select c1_0.parent_id,c1_0.id,c1_0.alias,c1_0.all_parent_ids,c1_0.enabled,c1_0.image,c1_0.level,c1_0.name,c1_0.tenant_id from categories c1_0 where c1_0.parent_id=? order by c1_0.name
2026-01-21T21:19:24.730+02:00 DEBUG 30912 --- [http-nio-744-exec-1] org.hibernate.SQL                        : select c1_0.parent_id,c1_0.id,c1_0.alias,c1_0.all_parent_ids,c1_0.enabled,c1_0.image,c1_0.level,c1_0.name,c1_0.tenant_id from categories c1_0 where c1_0.parent_id=? order by c1_0.name
2026-01-21T21:19:24.739+02:00 DEBUG 30912 --- [http-nio-744-exec-1] org.hibernate.SQL                        : select c1_0.parent_id,c1_0.id,c1_0.alias,c1_0.all_parent_ids,c1_0.enabled,c1_0.image,c1_0.level,c1_0.name,c1_0.tenant_id from categories c1_0 where c1_0.parent_id=? order by c1_0.name
2026-01-21T21:19:24.743+02:00 DEBUG 30912 --- [http-nio-744-exec-1] org.hibernate.SQL                        : select c1_0.parent_id,c1_0.id,c1_0.alias,c1_0.all_parent_ids,c1_0.enabled,c1_0.image,c1_0.level,c1_0.name,c1_0.tenant_id from categories c1_0 where c1_0.parent_id=? order by c1_0.name
2026-01-21T21:19:24.746+02:00 DEBUG 30912 --- [http-nio-744-exec-1] org.hibernate.SQL                        : select c1_0.parent_id,c1_0.id,c1_0.alias,c1_0.all_parent_ids,c1_0.enabled,c1_0.image,c1_0.level,c1_0.name,c1_0.tenant_id from categories c1_0 where c1_0.parent_id=? order by c1_0.name
2026-01-21T21:19:24.748+02:00 DEBUG 30912 --- [http-nio-744-exec-1] org.hibernate.SQL                        : select c1_0.parent_id,c1_0.id,c1_0.alias,c1_0.all_parent_ids,c1_0.enabled,c1_0.image,c1_0.level,c1_0.name,c1_0.tenant_id from categories c1_0 where c1_0.parent_id=? order by c1_0.name
2026-01-21T21:19:24.752+02:00 DEBUG 30912 --- [http-nio-744-exec-1] org.hibernate.SQL                        : select c1_0.parent_id,c1_0.id,c1_0.alias,c1_0.all_parent_ids,c1_0.enabled,c1_0.image,c1_0.level,c1_0.name,c1_0.tenant_id from categories c1_0 where c1_0.parent_id=? order by c1_0.name
2026-01-21T21:19:24.755+02:00 DEBUG 30912 --- [http-nio-744-exec-1] org.hibernate.SQL                        : select c1_0.parent_id,c1_0.id,c1_0.alias,c1_0.all_parent_ids,c1_0.enabled,c1_0.image,c1_0.level,c1_0.name,c1_0.tenant_id from categories c1_0 where c1_0.parent_id=? order by c1_0.name
2026-01-21T21:19:24.758+02:00 DEBUG 30912 --- [http-nio-744-exec-1] org.hibernate.SQL                        : select c1_0.parent_id,c1_0.id,c1_0.alias,c1_0.all_parent_ids,c1_0.enabled,c1_0.image,c1_0.level,c1_0.name,c1_0.tenant_id from categories c1_0 where c1_0.parent_id=? order by c1_0.name
2026-01-21T21:19:24.762+02:00 DEBUG 30912 --- [http-nio-744-exec-1] org.hibernate.SQL                        : select c1_0.parent_id,c1_0.id,c1_0.alias,c1_0.all_parent_ids,c1_0.enabled,c1_0.image,c1_0.level,c1_0.name,c1_0.tenant_id from categories c1_0 where c1_0.parent_id=? order by c1_0.name
2026-01-21T21:19:24.766+02:00 DEBUG 30912 --- [http-nio-744-exec-1] org.hibernate.SQL                        : select c1_0.parent_id,c1_0.id,c1_0.alias,c1_0.all_parent_ids,c1_0.enabled,c1_0.image,c1_0.level,c1_0.name,c1_0.tenant_id from categories c1_0 where c1_0.parent_id=? order by c1_0.name
2026-01-21T21:19:24.769+02:00 DEBUG 30912 --- [http-nio-744-exec-1] org.hibernate.SQL                        : select c1_0.parent_id,c1_0.id,c1_0.alias,c1_0.all_parent_ids,c1_0.enabled,c1_0.image,c1_0.level,c1_0.name,c1_0.tenant_id from categories c1_0 where c1_0.parent_id=? order by c1_0.name
2026-01-21T21:19:24.773+02:00 DEBUG 30912 --- [http-nio-744-exec-1] org.hibernate.SQL                        : select c1_0.parent_id,c1_0.id,c1_0.alias,c1_0.all_parent_ids,c1_0.enabled,c1_0.image,c1_0.level,c1_0.name,c1_0.tenant_id from categories c1_0 where c1_0.parent_id=? order by c1_0.name
2026-01-21T21:19:24.776+02:00 DEBUG 30912 --- [http-nio-744-exec-1] org.hibernate.SQL                        : select c1_0.parent_id,c1_0.id,c1_0.alias,c1_0.all_parent_ids,c1_0.enabled,c1_0.image,c1_0.level,c1_0.name,c1_0.tenant_id from categories c1_0 where c1_0.parent_id=? order by c1_0.name
2026-01-21T21:19:24.779+02:00 DEBUG 30912 --- [http-nio-744-exec-1] org.hibernate.SQL                        : select c1_0.parent_id,c1_0.id,c1_0.alias,c1_0.all_parent_ids,c1_0.enabled,c1_0.image,c1_0.level,c1_0.name,c1_0.tenant_id from categories c1_0 where c1_0.parent_id=? order by c1_0.name
2026-01-21T21:19:24.783+02:00 DEBUG 30912 --- [http-nio-744-exec-1] org.hibernate.SQL                        : select c1_0.parent_id,c1_0.id,c1_0.alias,c1_0.all_parent_ids,c1_0.enabled,c1_0.image,c1_0.level,c1_0.name,c1_0.tenant_id from categories c1_0 where c1_0.parent_id=? order by c1_0.name
2026-01-21T21:19:24.787+02:00 DEBUG 30912 --- [http-nio-744-exec-1] org.hibernate.SQL                        : select c1_0.parent_id,c1_0.id,c1_0.alias,c1_0.all_parent_ids,c1_0.enabled,c1_0.image,c1_0.level,c1_0.name,c1_0.tenant_id from categories c1_0 where c1_0.parent_id=? order by c1_0.name
2026-01-21T21:19:24.792+02:00 DEBUG 30912 --- [http-nio-744-exec-1] org.hibernate.SQL                        : select c1_0.parent_id,c1_0.id,c1_0.alias,c1_0.all_parent_ids,c1_0.enabled,c1_0.image,c1_0.level,c1_0.name,c1_0.tenant_id from categories c1_0 where c1_0.parent_id=? order by c1_0.name
2026-01-21T21:19:24.795+02:00 DEBUG 30912 --- [http-nio-744-exec-1] org.hibernate.SQL                        : select c1_0.parent_id,c1_0.id,c1_0.alias,c1_0.all_parent_ids,c1_0.enabled,c1_0.image,c1_0.level,c1_0.name,c1_0.tenant_id from categories c1_0 where c1_0.parent_id=? order by c1_0.name
2026-01-21T21:19:24.797+02:00 DEBUG 30912 --- [http-nio-744-exec-1] org.hibernate.SQL                        : select c1_0.parent_id,c1_0.id,c1_0.alias,c1_0.all_parent_ids,c1_0.enabled,c1_0.image,c1_0.level,c1_0.name,c1_0.tenant_id from categories c1_0 where c1_0.parent_id=? order by c1_0.name
2026-01-21T21:19:24.800+02:00 DEBUG 30912 --- [http-nio-744-exec-1] org.hibernate.SQL                        : select c1_0.parent_id,c1_0.id,c1_0.alias,c1_0.all_parent_ids,c1_0.enabled,c1_0.image,c1_0.level,c1_0.name,c1_0.tenant_id from categories c1_0 where c1_0.parent_id=? order by c1_0.name
2026-01-21T21:19:24.804+02:00 DEBUG 30912 --- [http-nio-744-exec-1] org.hibernate.SQL                        : select c1_0.parent_id,c1_0.id,c1_0.alias,c1_0.all_parent_ids,c1_0.enabled,c1_0.image,c1_0.level,c1_0.name,c1_0.tenant_id from categories c1_0 where c1_0.parent_id=? order by c1_0.name
2026-01-21T21:19:24.809+02:00 DEBUG 30912 --- [http-nio-744-exec-1] org.hibernate.SQL                        : select c1_0.parent_id,c1_0.id,c1_0.alias,c1_0.all_parent_ids,c1_0.enabled,c1_0.image,c1_0.level,c1_0.name,c1_0.tenant_id from categories c1_0 where c1_0.parent_id=? order by c1_0.name
2026-01-21T21:19:24.812+02:00 DEBUG 30912 --- [http-nio-744-exec-1] org.hibernate.SQL                        : select c1_0.parent_id,c1_0.id,c1_0.alias,c1_0.all_parent_ids,c1_0.enabled,c1_0.image,c1_0.level,c1_0.name,c1_0.tenant_id from categories c1_0 where c1_0.parent_id=? order by c1_0.name
2026-01-21T21:19:24.814+02:00 DEBUG 30912 --- [http-nio-744-exec-1] org.hibernate.SQL                        : select c1_0.parent_id,c1_0.id,c1_0.alias,c1_0.all_parent_ids,c1_0.enabled,c1_0.image,c1_0.level,c1_0.name,c1_0.tenant_id from categories c1_0 where c1_0.parent_id=? order by c1_0.name
2026-01-21T21:19:24.818+02:00 DEBUG 30912 --- [http-nio-744-exec-1] org.hibernate.SQL                        : select c1_0.parent_id,c1_0.id,c1_0.alias,c1_0.all_parent_ids,c1_0.enabled,c1_0.image,c1_0.level,c1_0.name,c1_0.tenant_id from categories c1_0 where c1_0.parent_id=? order by c1_0.name
2026-01-21T21:19:24.821+02:00 DEBUG 30912 --- [http-nio-744-exec-1] org.hibernate.SQL                        : select c1_0.parent_id,c1_0.id,c1_0.alias,c1_0.all_parent_ids,c1_0.enabled,c1_0.image,c1_0.level,c1_0.name,c1_0.tenant_id from categories c1_0 where c1_0.parent_id=? order by c1_0.name
2026-01-21T21:19:24.825+02:00 DEBUG 30912 --- [http-nio-744-exec-1] org.hibernate.SQL                        : select c1_0.parent_id,c1_0.id,c1_0.alias,c1_0.all_parent_ids,c1_0.enabled,c1_0.image,c1_0.level,c1_0.name,c1_0.tenant_id from categories c1_0 where c1_0.parent_id=? order by c1_0.name
2026-01-21T21:19:24.828+02:00 DEBUG 30912 --- [http-nio-744-exec-1] org.hibernate.SQL                        : select c1_0.parent_id,c1_0.id,c1_0.alias,c1_0.all_parent_ids,c1_0.enabled,c1_0.image,c1_0.level,c1_0.name,c1_0.tenant_id from categories c1_0 where c1_0.parent_id=? order by c1_0.name
2026-01-21T21:19:24.828+02:00 DEBUG 30912 --- [http-nio-744-exec-1] org.hibernate.SQL                        : select c1_0.parent_id,c1_0.id,c1_0.alias,c1_0.all_parent_ids,c1_0.enabled,c1_0.image,c1_0.level,c1_0.name,c1_0.tenant_id from categories c1_0 where c1_0.parent_id=? order by c1_0.name
2026-01-21T21:19:24.833+02:00 DEBUG 30912 --- [http-nio-744-exec-1] org.hibernate.SQL                        : select c1_0.parent_id,c1_0.id,c1_0.alias,c1_0.all_parent_ids,c1_0.enabled,c1_0.image,c1_0.level,c1_0.name,c1_0.tenant_id from categories c1_0 where c1_0.parent_id=? order by c1_0.name
2026-01-21T21:19:24.837+02:00 DEBUG 30912 --- [http-nio-744-exec-1] org.hibernate.SQL                        : select c1_0.parent_id,c1_0.id,c1_0.alias,c1_0.all_parent_ids,c1_0.enabled,c1_0.image,c1_0.level,c1_0.name,c1_0.tenant_id from categories c1_0 where c1_0.parent_id=? order by c1_0.name
2026-01-21T21:19:25.403+02:00 DEBUG 30912 --- [http-nio-744-exec-5] c.o.a.s.tenant.TenantFilterAspect        : 🛡️ [TenantFilterAspect] Enforced Filter for TenantID: 4
2026-01-21T21:19:25.408+02:00 DEBUG 30912 --- [http-nio-744-exec-5] org.hibernate.SQL                        : select s1_0.id,s1_0.category,s1_0.`key`,s1_0.tenant_id,s1_0.value from settings s1_0 where (s1_0.tenant_id = ? or s1_0.tenant_id = 0 or s1_0.tenant_id is null) and s1_0.tenant_id = ? and s1_0.category=?
2026-01-21T21:19:30.381+02:00 DEBUG 30912 --- [http-nio-744-exec-1] c.o.a.s.tenant.TenantFilterAspect        : 🛡️ [TenantFilterAspect] Enforced Filter for TenantID: 4
2026-01-21T21:19:30.387+02:00 DEBUG 30912 --- [http-nio-744-exec-1] org.hibernate.SQL                        : select s1_0.id,s1_0.category,s1_0.`key`,s1_0.tenant_id,s1_0.value from settings s1_0 where (s1_0.tenant_id = ? or s1_0.tenant_id = 0 or s1_0.tenant_id is null) and s1_0.tenant_id = ? and s1_0.category=?
2026-01-21T21:20:01.078+02:00 DEBUG 30912 --- [http-nio-744-exec-2] c.o.a.s.tenant.TenantFilterAspect        : 🛡️ [TenantFilterAspect] Enforced Filter for TenantID: 4
2026-01-21T21:20:01.088+02:00 DEBUG 30912 --- [http-nio-744-exec-2] org.hibernate.SQL                        : select u1_0.id,u1_0.email,u1_0.enabled,u1_0.first_name,u1_0.last_login_time,u1_0.last_name,u1_0.password,u1_0.photos,u1_0.tenant_id,u1_0.user_bio from `'user'` u1_0 where u1_0.tenant_id = ? and u1_0.tenant_id = ? order by u1_0.first_name limit ?,?
2026-01-21T21:20:01.095+02:00 DEBUG 30912 --- [http-nio-744-exec-2] org.hibernate.SQL                        : select r1_0.user_id,r1_1.id,r1_1.all_parent_ids,r1_1.descrption,r1_1.name,r1_1.parent_id from user_roles r1_0 join role r1_1 on r1_1.id=r1_0.role_id where r1_0.user_id=?
2026-01-21T21:20:01.099+02:00 DEBUG 30912 --- [http-nio-744-exec-2] org.hibernate.SQL                        : select r1_0.user_id,r1_1.id,r1_1.all_parent_ids,r1_1.descrption,r1_1.name,r1_1.parent_id from user_roles r1_0 join role r1_1 on r1_1.id=r1_0.role_id where r1_0.user_id=?
2026-01-21T21:20:01.104+02:00 DEBUG 30912 --- [http-nio-744-exec-2] org.hibernate.SQL                        : select r1_0.user_id,r1_1.id,r1_1.all_parent_ids,r1_1.descrption,r1_1.name,r1_1.parent_id from user_roles r1_0 join role r1_1 on r1_1.id=r1_0.role_id where r1_0.user_id=?
2026-01-21T21:20:01.108+02:00 DEBUG 30912 --- [http-nio-744-exec-2] org.hibernate.SQL                        : select r1_0.user_id,r1_1.id,r1_1.all_parent_ids,r1_1.descrption,r1_1.name,r1_1.parent_id from user_roles r1_0 join role r1_1 on r1_1.id=r1_0.role_id where r1_0.user_id=?
2026-01-21T21:20:01.111+02:00 DEBUG 30912 --- [http-nio-744-exec-2] org.hibernate.SQL                        : select r1_0.user_id,r1_1.id,r1_1.all_parent_ids,r1_1.descrption,r1_1.name,r1_1.parent_id from user_roles r1_0 join role r1_1 on r1_1.id=r1_0.role_id where r1_0.user_id=?
2026-01-21T21:20:01.120+02:00 DEBUG 30912 --- [http-nio-744-exec-2] org.hibernate.SQL                        : select count(u1_0.id) from `'user'` u1_0 where u1_0.tenant_id = ? and u1_0.tenant_id = ?
2026-01-21T21:20:01.510+02:00 DEBUG 30912 --- [http-nio-744-exec-10] c.o.a.s.tenant.TenantFilterAspect        : 🛡️ [TenantFilterAspect] Enforced Filter for TenantID: 4
2026-01-21T21:20:01.512+02:00 DEBUG 30912 --- [http-nio-744-exec-10] org.hibernate.SQL                        : select s1_0.id,s1_0.category,s1_0.`key`,s1_0.tenant_id,s1_0.value from settings s1_0 where (s1_0.tenant_id = ? or s1_0.tenant_id = 0 or s1_0.tenant_id is null) and s1_0.tenant_id = ? and s1_0.category=?
2026-01-21T21:20:01.604+02:00  WARN 30912 --- [http-nio-744-exec-2] o.h.c.spi.AbstractPersistentCollection   : HHH000506: Detaching an uninitialized collection with enabled filters from a session: [com.onlineStoreCom.entity.users.Role.children#5]
2026-01-21T21:20:01.605+02:00  WARN 30912 --- [http-nio-744-exec-2] o.h.c.spi.AbstractPersistentCollection   : HHH000506: Detaching an uninitialized collection with enabled filters from a session: [com.onlineStoreCom.entity.users.Role.children#1]
2026-01-21T21:20:01.605+02:00  WARN 30912 --- [http-nio-744-exec-2] o.h.c.spi.AbstractPersistentCollection   : HHH000506: Detaching an uninitialized collection with enabled filters from a session: [com.onlineStoreCom.entity.users.Role.children#3]
2026-01-21T21:20:01.605+02:00  WARN 30912 --- [http-nio-744-exec-2] o.h.c.spi.AbstractPersistentCollection   : HHH000506: Detaching an uninitialized collection with enabled filters from a session: [com.onlineStoreCom.entity.users.Role.children#4]
2026-01-21T21:20:06.244+02:00 DEBUG 30912 --- [http-nio-744-exec-10] c.o.a.s.tenant.TenantFilterAspect        : 🛡️ [TenantFilterAspect] Enforced Filter for TenantID: 4
2026-01-21T21:20:06.253+02:00 DEBUG 30912 --- [http-nio-744-exec-10] org.hibernate.SQL                        : select c1_0.id,c1_0.alias,c1_0.all_parent_ids,c1_0.enabled,c1_0.image,c1_0.level,c1_0.name,c1_0.parent_id,c1_0.tenant_id from categories c1_0 where c1_0.tenant_id = ? and c1_0.parent_id is null
2026-01-21T21:20:06.273+02:00 DEBUG 30912 --- [http-nio-744-exec-10] org.hibernate.SQL                        : select c1_0.parent_id,c1_0.id,c1_0.alias,c1_0.all_parent_ids,c1_0.enabled,c1_0.image,c1_0.level,c1_0.name,c1_0.tenant_id from categories c1_0 where c1_0.parent_id=? order by c1_0.name
2026-01-21T21:20:06.277+02:00 DEBUG 30912 --- [http-nio-744-exec-10] org.hibernate.SQL                        : select c1_0.parent_id,c1_0.id,c1_0.alias,c1_0.all_parent_ids,c1_0.enabled,c1_0.image,c1_0.level,c1_0.name,c1_0.tenant_id from categories c1_0 where c1_0.parent_id=? order by c1_0.name
2026-01-21T21:20:06.281+02:00 DEBUG 30912 --- [http-nio-744-exec-10] org.hibernate.SQL                        : select c1_0.parent_id,c1_0.id,c1_0.alias,c1_0.all_parent_ids,c1_0.enabled,c1_0.image,c1_0.level,c1_0.name,c1_0.tenant_id from categories c1_0 where c1_0.parent_id=? order by c1_0.name
2026-01-21T21:20:06.288+02:00 DEBUG 30912 --- [http-nio-744-exec-10] org.hibernate.SQL                        : select c1_0.parent_id,c1_0.id,c1_0.alias,c1_0.all_parent_ids,c1_0.enabled,c1_0.image,c1_0.level,c1_0.name,c1_0.tenant_id from categories c1_0 where c1_0.parent_id=? order by c1_0.name
2026-01-21T21:20:06.294+02:00 DEBUG 30912 --- [http-nio-744-exec-10] org.hibernate.SQL                        : select c1_0.parent_id,c1_0.id,c1_0.alias,c1_0.all_parent_ids,c1_0.enabled,c1_0.image,c1_0.level,c1_0.name,c1_0.tenant_id from categories c1_0 where c1_0.parent_id=? order by c1_0.name
2026-01-21T21:20:06.297+02:00 DEBUG 30912 --- [http-nio-744-exec-10] org.hibernate.SQL                        : select c1_0.parent_id,c1_0.id,c1_0.alias,c1_0.all_parent_ids,c1_0.enabled,c1_0.image,c1_0.level,c1_0.name,c1_0.tenant_id from categories c1_0 where c1_0.parent_id=? order by c1_0.name
2026-01-21T21:20:06.301+02:00 DEBUG 30912 --- [http-nio-744-exec-10] org.hibernate.SQL                        : select c1_0.parent_id,c1_0.id,c1_0.alias,c1_0.all_parent_ids,c1_0.enabled,c1_0.image,c1_0.level,c1_0.name,c1_0.tenant_id from categories c1_0 where c1_0.parent_id=? order by c1_0.name
2026-01-21T21:20:06.304+02:00 DEBUG 30912 --- [http-nio-744-exec-10] org.hibernate.SQL                        : select c1_0.parent_id,c1_0.id,c1_0.alias,c1_0.all_parent_ids,c1_0.enabled,c1_0.image,c1_0.level,c1_0.name,c1_0.tenant_id from categories c1_0 where c1_0.parent_id=? order by c1_0.name
2026-01-21T21:20:06.307+02:00 DEBUG 30912 --- [http-nio-744-exec-10] org.hibernate.SQL                        : select c1_0.parent_id,c1_0.id,c1_0.alias,c1_0.all_parent_ids,c1_0.enabled,c1_0.image,c1_0.level,c1_0.name,c1_0.tenant_id from categories c1_0 where c1_0.parent_id=? order by c1_0.name
2026-01-21T21:20:06.310+02:00 DEBUG 30912 --- [http-nio-744-exec-10] org.hibernate.SQL                        : select c1_0.parent_id,c1_0.id,c1_0.alias,c1_0.all_parent_ids,c1_0.enabled,c1_0.image,c1_0.level,c1_0.name,c1_0.tenant_id from categories c1_0 where c1_0.parent_id=? order by c1_0.name
2026-01-21T21:20:06.313+02:00 DEBUG 30912 --- [http-nio-744-exec-10] org.hibernate.SQL                        : select c1_0.parent_id,c1_0.id,c1_0.alias,c1_0.all_parent_ids,c1_0.enabled,c1_0.image,c1_0.level,c1_0.name,c1_0.tenant_id from categories c1_0 where c1_0.parent_id=? order by c1_0.name
2026-01-21T21:20:06.316+02:00 DEBUG 30912 --- [http-nio-744-exec-10] org.hibernate.SQL                        : select c1_0.parent_id,c1_0.id,c1_0.alias,c1_0.all_parent_ids,c1_0.enabled,c1_0.image,c1_0.level,c1_0.name,c1_0.tenant_id from categories c1_0 where c1_0.parent_id=? order by c1_0.name
2026-01-21T21:20:06.319+02:00 DEBUG 30912 --- [http-nio-744-exec-10] org.hibernate.SQL                        : select c1_0.parent_id,c1_0.id,c1_0.alias,c1_0.all_parent_ids,c1_0.enabled,c1_0.image,c1_0.level,c1_0.name,c1_0.tenant_id from categories c1_0 where c1_0.parent_id=? order by c1_0.name
2026-01-21T21:20:06.322+02:00 DEBUG 30912 --- [http-nio-744-exec-10] org.hibernate.SQL                        : select c1_0.parent_id,c1_0.id,c1_0.alias,c1_0.all_parent_ids,c1_0.enabled,c1_0.image,c1_0.level,c1_0.name,c1_0.tenant_id from categories c1_0 where c1_0.parent_id=? order by c1_0.name
2026-01-21T21:20:06.326+02:00 DEBUG 30912 --- [http-nio-744-exec-10] org.hibernate.SQL                        : select c1_0.parent_id,c1_0.id,c1_0.alias,c1_0.all_parent_ids,c1_0.enabled,c1_0.image,c1_0.level,c1_0.name,c1_0.tenant_id from categories c1_0 where c1_0.parent_id=? order by c1_0.name
2026-01-21T21:20:06.328+02:00 DEBUG 30912 --- [http-nio-744-exec-10] org.hibernate.SQL                        : select c1_0.parent_id,c1_0.id,c1_0.alias,c1_0.all_parent_ids,c1_0.enabled,c1_0.image,c1_0.level,c1_0.name,c1_0.tenant_id from categories c1_0 where c1_0.parent_id=? order by c1_0.name
2026-01-21T21:20:06.331+02:00 DEBUG 30912 --- [http-nio-744-exec-10] org.hibernate.SQL                        : select c1_0.parent_id,c1_0.id,c1_0.alias,c1_0.all_parent_ids,c1_0.enabled,c1_0.image,c1_0.level,c1_0.name,c1_0.tenant_id from categories c1_0 where c1_0.parent_id=? order by c1_0.name
2026-01-21T21:20:06.334+02:00 DEBUG 30912 --- [http-nio-744-exec-10] org.hibernate.SQL                        : select c1_0.parent_id,c1_0.id,c1_0.alias,c1_0.all_parent_ids,c1_0.enabled,c1_0.image,c1_0.level,c1_0.name,c1_0.tenant_id from categories c1_0 where c1_0.parent_id=? order by c1_0.name
2026-01-21T21:20:06.337+02:00 DEBUG 30912 --- [http-nio-744-exec-10] org.hibernate.SQL                        : select c1_0.parent_id,c1_0.id,c1_0.alias,c1_0.all_parent_ids,c1_0.enabled,c1_0.image,c1_0.level,c1_0.name,c1_0.tenant_id from categories c1_0 where c1_0.parent_id=? order by c1_0.name
2026-01-21T21:20:06.342+02:00 DEBUG 30912 --- [http-nio-744-exec-10] org.hibernate.SQL                        : select c1_0.parent_id,c1_0.id,c1_0.alias,c1_0.all_parent_ids,c1_0.enabled,c1_0.image,c1_0.level,c1_0.name,c1_0.tenant_id from categories c1_0 where c1_0.parent_id=? order by c1_0.name
2026-01-21T21:20:06.345+02:00 DEBUG 30912 --- [http-nio-744-exec-10] org.hibernate.SQL                        : select c1_0.parent_id,c1_0.id,c1_0.alias,c1_0.all_parent_ids,c1_0.enabled,c1_0.image,c1_0.level,c1_0.name,c1_0.tenant_id from categories c1_0 where c1_0.parent_id=? order by c1_0.name
2026-01-21T21:20:06.349+02:00 DEBUG 30912 --- [http-nio-744-exec-10] org.hibernate.SQL                        : select c1_0.parent_id,c1_0.id,c1_0.alias,c1_0.all_parent_ids,c1_0.enabled,c1_0.image,c1_0.level,c1_0.name,c1_0.tenant_id from categories c1_0 where c1_0.parent_id=? order by c1_0.name
2026-01-21T21:20:06.350+02:00 DEBUG 30912 --- [http-nio-744-exec-10] org.hibernate.SQL                        : select c1_0.parent_id,c1_0.id,c1_0.alias,c1_0.all_parent_ids,c1_0.enabled,c1_0.image,c1_0.level,c1_0.name,c1_0.tenant_id from categories c1_0 where c1_0.parent_id=? order by c1_0.name
2026-01-21T21:20:06.354+02:00 DEBUG 30912 --- [http-nio-744-exec-10] org.hibernate.SQL                        : select c1_0.parent_id,c1_0.id,c1_0.alias,c1_0.all_parent_ids,c1_0.enabled,c1_0.image,c1_0.level,c1_0.name,c1_0.tenant_id from categories c1_0 where c1_0.parent_id=? order by c1_0.name
2026-01-21T21:20:06.358+02:00 DEBUG 30912 --- [http-nio-744-exec-10] org.hibernate.SQL                        : select c1_0.parent_id,c1_0.id,c1_0.alias,c1_0.all_parent_ids,c1_0.enabled,c1_0.image,c1_0.level,c1_0.name,c1_0.tenant_id from categories c1_0 where c1_0.parent_id=? order by c1_0.name
2026-01-21T21:20:06.360+02:00 DEBUG 30912 --- [http-nio-744-exec-10] org.hibernate.SQL                        : select c1_0.parent_id,c1_0.id,c1_0.alias,c1_0.all_parent_ids,c1_0.enabled,c1_0.image,c1_0.level,c1_0.name,c1_0.tenant_id from categories c1_0 where c1_0.parent_id=? order by c1_0.name
2026-01-21T21:20:06.363+02:00 DEBUG 30912 --- [http-nio-744-exec-10] org.hibernate.SQL                        : select c1_0.parent_id,c1_0.id,c1_0.alias,c1_0.all_parent_ids,c1_0.enabled,c1_0.image,c1_0.level,c1_0.name,c1_0.tenant_id from categories c1_0 where c1_0.parent_id=? order by c1_0.name
2026-01-21T21:20:06.364+02:00 DEBUG 30912 --- [http-nio-744-exec-10] org.hibernate.SQL                        : select c1_0.parent_id,c1_0.id,c1_0.alias,c1_0.all_parent_ids,c1_0.enabled,c1_0.image,c1_0.level,c1_0.name,c1_0.tenant_id from categories c1_0 where c1_0.parent_id=? order by c1_0.name
2026-01-21T21:20:06.369+02:00 DEBUG 30912 --- [http-nio-744-exec-10] org.hibernate.SQL                        : select c1_0.parent_id,c1_0.id,c1_0.alias,c1_0.all_parent_ids,c1_0.enabled,c1_0.image,c1_0.level,c1_0.name,c1_0.tenant_id from categories c1_0 where c1_0.parent_id=? order by c1_0.name
2026-01-21T21:20:06.373+02:00 DEBUG 30912 --- [http-nio-744-exec-10] org.hibernate.SQL                        : select c1_0.parent_id,c1_0.id,c1_0.alias,c1_0.all_parent_ids,c1_0.enabled,c1_0.image,c1_0.level,c1_0.name,c1_0.tenant_id from categories c1_0 where c1_0.parent_id=? order by c1_0.name
2026-01-21T21:20:06.375+02:00 DEBUG 30912 --- [http-nio-744-exec-10] org.hibernate.SQL                        : select c1_0.parent_id,c1_0.id,c1_0.alias,c1_0.all_parent_ids,c1_0.enabled,c1_0.image,c1_0.level,c1_0.name,c1_0.tenant_id from categories c1_0 where c1_0.parent_id=? order by c1_0.name
2026-01-21T21:20:06.378+02:00 DEBUG 30912 --- [http-nio-744-exec-10] org.hibernate.SQL                        : select c1_0.parent_id,c1_0.id,c1_0.alias,c1_0.all_parent_ids,c1_0.enabled,c1_0.image,c1_0.level,c1_0.name,c1_0.tenant_id from categories c1_0 where c1_0.parent_id=? order by c1_0.name
2026-01-21T21:20:06.380+02:00 DEBUG 30912 --- [http-nio-744-exec-10] org.hibernate.SQL                        : select c1_0.parent_id,c1_0.id,c1_0.alias,c1_0.all_parent_ids,c1_0.enabled,c1_0.image,c1_0.level,c1_0.name,c1_0.tenant_id from categories c1_0 where c1_0.parent_id=? order by c1_0.name
2026-01-21T21:20:06.383+02:00 DEBUG 30912 --- [http-nio-744-exec-10] org.hibernate.SQL                        : select c1_0.parent_id,c1_0.id,c1_0.alias,c1_0.all_parent_ids,c1_0.enabled,c1_0.image,c1_0.level,c1_0.name,c1_0.tenant_id from categories c1_0 where c1_0.parent_id=? order by c1_0.name
2026-01-21T21:20:06.771+02:00 DEBUG 30912 --- [http-nio-744-exec-3] c.o.a.s.tenant.TenantFilterAspect        : 🛡️ [TenantFilterAspect] Enforced Filter for TenantID: 4
2026-01-21T21:20:06.776+02:00 DEBUG 30912 --- [http-nio-744-exec-3] org.hibernate.SQL                        : select s1_0.id,s1_0.category,s1_0.`key`,s1_0.tenant_id,s1_0.value from settings s1_0 where (s1_0.tenant_id = ? or s1_0.tenant_id = 0 or s1_0.tenant_id is null) and s1_0.tenant_id = ? and s1_0.category=?
2026-01-21T21:20:08.726+02:00 DEBUG 30912 --- [http-nio-744-exec-1] c.o.a.s.tenant.TenantFilterAspect        : 🛡️ [TenantFilterAspect] Enforced Filter for TenantID: 4
2026-01-21T21:20:08.748+02:00 DEBUG 30912 --- [http-nio-744-exec-1] org.hibernate.SQL                        : select s1_0.id,s1_0.cod_supported,s1_0.country_id,s1_0.days,s1_0.rate,s1_0.state,s1_0.tenant_id from shipping_rates s1_0 where s1_0.tenant_id = ? and s1_0.tenant_id = ? order by s1_0.country_id desc limit ?,?
2026-01-21T21:20:08.764+02:00 DEBUG 30912 --- [http-nio-744-exec-1] org.hibernate.SQL                        : select c1_0.id,c1_0.code,c1_0.name from countries c1_0 where c1_0.id=?
2026-01-21T21:20:08.780+02:00 DEBUG 30912 --- [http-nio-744-exec-1] org.hibernate.SQL                        : select count(s1_0.id) from shipping_rates s1_0 where s1_0.tenant_id = ? and s1_0.tenant_id = ?
2026-01-21T21:20:09.223+02:00 DEBUG 30912 --- [http-nio-744-exec-2] c.o.a.s.tenant.TenantFilterAspect        : 🛡️ [TenantFilterAspect] Enforced Filter for TenantID: 4
2026-01-21T21:20:09.226+02:00 DEBUG 30912 --- [http-nio-744-exec-2] org.hibernate.SQL                        : select s1_0.id,s1_0.category,s1_0.`key`,s1_0.tenant_id,s1_0.value from settings s1_0 where (s1_0.tenant_id = ? or s1_0.tenant_id = 0 or s1_0.tenant_id is null) and s1_0.tenant_id = ? and s1_0.category=?
2026-01-21T21:20:09.315+02:00  WARN 30912 --- [http-nio-744-exec-1] o.h.c.spi.AbstractPersistentCollection   : HHH000506: Detaching an uninitialized collection with enabled filters from a session: [com.onlineStoreCom.entity.setting.state.Country.Country.customers#242]
2026-01-21T21:20:09.315+02:00  WARN 30912 --- [http-nio-744-exec-1] o.h.c.spi.AbstractPersistentCollection   : HHH000506: Detaching an uninitialized collection with enabled filters from a session: [com.onlineStoreCom.entity.setting.state.Country.Country.states#242]
2026-01-21T21:20:48.751+02:00 DEBUG 30912 --- [http-nio-744-exec-9] c.o.a.s.tenant.TenantFilterAspect        : 🛡️ [TenantFilterAspect] Enforced Filter for TenantID: 4
2026-01-21T21:20:48.765+02:00 DEBUG 30912 --- [http-nio-744-exec-9] org.hibernate.SQL                        : select s1_0.id,s1_0.category,s1_0.`key`,s1_0.tenant_id,s1_0.value from settings s1_0 where (s1_0.tenant_id = ? or s1_0.tenant_id = 0 or s1_0.tenant_id is null) and s1_0.tenant_id = ? and s1_0.category=?
2026-01-21T21:26:44.206+02:00  INFO 33396 --- [main] c.o.admin.WebBackEndApplication          : Starting WebBackEndApplication using Java 19.0.1 with PID 33396 (E:\onlineStore_Active\webParentVer2\WebBackEndVer2\target\classes started by enoam in E:\onlineStore_Active\webParentVer2\WebBackEndVer2)
2026-01-21T21:26:44.209+02:00  INFO 33396 --- [main] c.o.admin.WebBackEndApplication          : No active profile set, falling back to 1 default profile: "default"
2026-01-21T21:26:45.685+02:00  INFO 33396 --- [main] .s.d.r.c.RepositoryConfigurationDelegate : Bootstrapping Spring Data JPA repositories in DEFAULT mode.
2026-01-21T21:26:46.001+02:00  INFO 33396 --- [main] .s.d.r.c.RepositoryConfigurationDelegate : Finished Spring Data repository scanning in 301 ms. Found 27 JPA repository interfaces.
2026-01-21T21:26:49.682+02:00  INFO 33396 --- [main] o.s.b.w.embedded.tomcat.TomcatWebServer  : Tomcat initialized with port(s): 744 (http)
2026-01-21T21:26:49.711+02:00  INFO 33396 --- [main] o.apache.catalina.core.StandardService   : Starting service [Tomcat]
2026-01-21T21:26:49.711+02:00  INFO 33396 --- [main] o.apache.catalina.core.StandardEngine    : Starting Servlet engine: [Apache Tomcat/10.1.13]
2026-01-21T21:26:49.974+02:00  INFO 33396 --- [main] o.a.c.c.C.[Tomcat].[localhost].[/]       : Initializing Spring embedded WebApplicationContext
2026-01-21T21:26:49.975+02:00  INFO 33396 --- [main] w.s.c.ServletWebServerApplicationContext : Root WebApplicationContext: initialization completed in 5684 ms
2026-01-21T21:26:50.285+02:00  INFO 33396 --- [main] o.hibernate.jpa.internal.util.LogHelper  : HHH000204: Processing PersistenceUnitInfo [name: default]
2026-01-21T21:26:50.401+02:00  INFO 33396 --- [main] org.hibernate.Version                    : HHH000412: Hibernate ORM core version 6.2.9.Final
2026-01-21T21:26:50.405+02:00  INFO 33396 --- [main] org.hibernate.cfg.Environment            : HHH000406: Using bytecode reflection optimizer
2026-01-21T21:26:50.657+02:00  INFO 33396 --- [main] o.h.b.i.BytecodeProviderInitiator        : HHH000021: Bytecode provider name : bytebuddy
2026-01-21T21:26:50.894+02:00  INFO 33396 --- [main] o.s.o.j.p.SpringPersistenceUnitInfo      : No LoadTimeWeaver setup: ignoring JPA class transformer
2026-01-21T21:26:50.917+02:00  INFO 33396 --- [main] com.zaxxer.hikari.HikariDataSource       : HikariPool-1 - Starting...
2026-01-21T21:26:51.411+02:00  INFO 33396 --- [main] com.zaxxer.hikari.pool.HikariPool        : HikariPool-1 - Added connection com.mysql.cj.jdbc.ConnectionImpl@71beada8
2026-01-21T21:26:51.414+02:00  INFO 33396 --- [main] com.zaxxer.hikari.HikariDataSource       : HikariPool-1 - Start completed.
2026-01-21T21:26:52.209+02:00  INFO 33396 --- [main] o.h.b.i.BytecodeProviderInitiator        : HHH000021: Bytecode provider name : bytebuddy
2026-01-21T21:26:55.982+02:00  INFO 33396 --- [main] o.h.e.t.j.p.i.JtaPlatformInitiator       : HHH000490: Using JtaPlatform implementation: [org.hibernate.engine.transaction.jta.platform.internal.NoJtaPlatform]
2026-01-21T21:26:57.218+02:00  INFO 33396 --- [main] j.LocalContainerEntityManagerFactoryBean : Initialized JPA EntityManagerFactory for persistence unit 'default'
2026-01-21T21:26:57.612+02:00  INFO 33396 --- [main] o.s.boot.web.servlet.RegistrationBean    : Filter tenantFilterRegistration was not registered (disabled)
2026-01-21T21:26:57.613+02:00  INFO 33396 --- [main] o.s.boot.web.servlet.RegistrationBean    : Filter tenantContextFilterRegistration was not registered (disabled)
2026-01-21T21:26:58.523+02:00  INFO 33396 --- [main] o.s.d.j.r.query.QueryEnhancerFactory     : Hibernate is in classpath; If applicable, HQL parser will be used.
2026-01-21T21:27:05.364+02:00  INFO 33396 --- [main] c.o.a.g.watchdog.FileSystemMonitor       : Watchdog: Registered monitor for tenants
2026-01-21T21:27:05.365+02:00  INFO 33396 --- [main] c.o.a.g.watchdog.FileSystemMonitor       : Watchdog: Registered monitor for .
2026-01-21T21:27:05.365+02:00  INFO 33396 --- [Architecture-Watchdog-Thread] c.o.a.g.watchdog.FileSystemMonitor       : Watchdog: FileSystemMonitor thread started.
2026-01-21T21:27:07.038+02:00  WARN 33396 --- [main] JpaBaseConfiguration$JpaWebConfiguration : spring.jpa.open-in-view is enabled by default. Therefore, database queries may be performed during view rendering. Explicitly configure spring.jpa.open-in-view to disable this warning
2026-01-21T21:27:08.068+02:00  INFO 33396 --- [main] o.s.b.a.e.web.EndpointLinksResolver      : Exposing 5 endpoint(s) beneath base path '/actuator'
2026-01-21T21:27:08.177+02:00  INFO 33396 --- [main] o.s.s.web.DefaultSecurityFilterChain     : Will secure any request with [org.springframework.security.web.session.DisableEncodeUrlFilter@64578e76, org.springframework.security.web.context.request.async.WebAsyncManagerIntegrationFilter@7ffcd8df, org.springframework.security.web.context.SecurityContextHolderFilter@4b51880b, org.springframework.security.web.header.HeaderWriterFilter@73cb14ab, org.springframework.security.web.csrf.CsrfFilter@27f9b652, org.springframework.security.web.authentication.logout.LogoutFilter@4a6e6db0, org.springframework.security.web.authentication.UsernamePasswordAuthenticationFilter@2a2632d9, com.onlineStoreCom.security.tenant.TenantContextFilter@3af17313, org.springframework.security.web.savedrequest.RequestCacheAwareFilter@775c8e2b, org.springframework.security.web.servletapi.SecurityContextHolderAwareRequestFilter@431bd70b, org.springframework.security.web.authentication.rememberme.RememberMeAuthenticationFilter@54ae646f, org.springframework.security.web.authentication.AnonymousAuthenticationFilter@64004f10, org.springframework.security.web.access.ExceptionTranslationFilter@348775c6, org.springframework.security.web.access.intercept.AuthorizationFilter@34408125]
2026-01-21T21:27:08.843+02:00  WARN 33396 --- [main] ConfigServletWebServerApplicationContext : Exception encountered during context initialization - cancelling refresh attempt: org.springframework.context.ApplicationContextException: Failed to start bean 'webServerStartStop'
2026-01-21T21:27:08.856+02:00  INFO 33396 --- [main] j.LocalContainerEntityManagerFactoryBean : Closing JPA EntityManagerFactory for persistence unit 'default'
2026-01-21T21:27:08.858+02:00  INFO 33396 --- [main] com.zaxxer.hikari.HikariDataSource       : HikariPool-1 - Shutdown initiated...
2026-01-21T21:27:08.871+02:00  INFO 33396 --- [main] com.zaxxer.hikari.HikariDataSource       : HikariPool-1 - Shutdown completed.
2026-01-21T21:27:08.873+02:00  INFO 33396 --- [main] o.apache.catalina.core.StandardService   : Stopping service [Tomcat]
2026-01-21T21:27:08.894+02:00  INFO 33396 --- [main] .s.b.a.l.ConditionEvaluationReportLogger : 

Error starting ApplicationContext. To display the condition evaluation report re-run your application with 'debug' enabled.
2026-01-21T21:27:08.914+02:00 ERROR 33396 --- [main] o.s.b.d.LoggingFailureAnalysisReporter   : 

***************************
APPLICATION FAILED TO START
***************************

Description:

Web server failed to start. Port 744 was already in use.

Action:

Identify and stop the process that's listening on port 744 or configure this application to listen on another port.

2026-01-21T21:33:35.307+02:00 DEBUG 30912 --- [http-nio-744-exec-2] c.o.a.s.tenant.TenantFilterAspect        : 🛡️ [TenantFilterAspect] Enforced Filter for TenantID: 4
2026-01-21T21:33:35.367+02:00 DEBUG 30912 --- [http-nio-744-exec-2] org.hibernate.SQL                        : select c1_0.id,c1_0.alias,c1_0.all_parent_ids,c1_0.enabled,c1_0.image,c1_0.level,c1_0.name,c1_0.parent_id,c1_0.tenant_id from categories c1_0 where c1_0.tenant_id = ? and c1_0.parent_id is null
2026-01-21T21:33:35.390+02:00 DEBUG 30912 --- [http-nio-744-exec-2] org.hibernate.SQL                        : select c1_0.parent_id,c1_0.id,c1_0.alias,c1_0.all_parent_ids,c1_0.enabled,c1_0.image,c1_0.level,c1_0.name,c1_0.tenant_id from categories c1_0 where c1_0.parent_id=? order by c1_0.name
2026-01-21T21:33:35.393+02:00 DEBUG 30912 --- [http-nio-744-exec-2] org.hibernate.SQL                        : select c1_0.parent_id,c1_0.id,c1_0.alias,c1_0.all_parent_ids,c1_0.enabled,c1_0.image,c1_0.level,c1_0.name,c1_0.tenant_id from categories c1_0 where c1_0.parent_id=? order by c1_0.name
2026-01-21T21:33:35.396+02:00 DEBUG 30912 --- [http-nio-744-exec-2] org.hibernate.SQL                        : select c1_0.parent_id,c1_0.id,c1_0.alias,c1_0.all_parent_ids,c1_0.enabled,c1_0.image,c1_0.level,c1_0.name,c1_0.tenant_id from categories c1_0 where c1_0.parent_id=? order by c1_0.name
2026-01-21T21:33:35.402+02:00 DEBUG 30912 --- [http-nio-744-exec-2] org.hibernate.SQL                        : select c1_0.parent_id,c1_0.id,c1_0.alias,c1_0.all_parent_ids,c1_0.enabled,c1_0.image,c1_0.level,c1_0.name,c1_0.tenant_id from categories c1_0 where c1_0.parent_id=? order by c1_0.name
2026-01-21T21:33:35.414+02:00 DEBUG 30912 --- [http-nio-744-exec-2] org.hibernate.SQL                        : select c1_0.parent_id,c1_0.id,c1_0.alias,c1_0.all_parent_ids,c1_0.enabled,c1_0.image,c1_0.level,c1_0.name,c1_0.tenant_id from categories c1_0 where c1_0.parent_id=? order by c1_0.name
2026-01-21T21:33:35.417+02:00 DEBUG 30912 --- [http-nio-744-exec-2] org.hibernate.SQL                        : select c1_0.parent_id,c1_0.id,c1_0.alias,c1_0.all_parent_ids,c1_0.enabled,c1_0.image,c1_0.level,c1_0.name,c1_0.tenant_id from categories c1_0 where c1_0.parent_id=? order by c1_0.name
2026-01-21T21:33:35.420+02:00 DEBUG 30912 --- [http-nio-744-exec-2] org.hibernate.SQL                        : select c1_0.parent_id,c1_0.id,c1_0.alias,c1_0.all_parent_ids,c1_0.enabled,c1_0.image,c1_0.level,c1_0.name,c1_0.tenant_id from categories c1_0 where c1_0.parent_id=? order by c1_0.name
2026-01-21T21:33:35.424+02:00 DEBUG 30912 --- [http-nio-744-exec-2] org.hibernate.SQL                        : select c1_0.parent_id,c1_0.id,c1_0.alias,c1_0.all_parent_ids,c1_0.enabled,c1_0.image,c1_0.level,c1_0.name,c1_0.tenant_id from categories c1_0 where c1_0.parent_id=? order by c1_0.name
2026-01-21T21:33:35.427+02:00 DEBUG 30912 --- [http-nio-744-exec-2] org.hibernate.SQL                        : select c1_0.parent_id,c1_0.id,c1_0.alias,c1_0.all_parent_ids,c1_0.enabled,c1_0.image,c1_0.level,c1_0.name,c1_0.tenant_id from categories c1_0 where c1_0.parent_id=? order by c1_0.name
2026-01-21T21:33:35.429+02:00 DEBUG 30912 --- [http-nio-744-exec-2] org.hibernate.SQL                        : select c1_0.parent_id,c1_0.id,c1_0.alias,c1_0.all_parent_ids,c1_0.enabled,c1_0.image,c1_0.level,c1_0.name,c1_0.tenant_id from categories c1_0 where c1_0.parent_id=? order by c1_0.name
2026-01-21T21:33:35.432+02:00 DEBUG 30912 --- [http-nio-744-exec-2] org.hibernate.SQL                        : select c1_0.parent_id,c1_0.id,c1_0.alias,c1_0.all_parent_ids,c1_0.enabled,c1_0.image,c1_0.level,c1_0.name,c1_0.tenant_id from categories c1_0 where c1_0.parent_id=? order by c1_0.name
2026-01-21T21:33:35.435+02:00 DEBUG 30912 --- [http-nio-744-exec-2] org.hibernate.SQL                        : select c1_0.parent_id,c1_0.id,c1_0.alias,c1_0.all_parent_ids,c1_0.enabled,c1_0.image,c1_0.level,c1_0.name,c1_0.tenant_id from categories c1_0 where c1_0.parent_id=? order by c1_0.name
2026-01-21T21:33:35.438+02:00 DEBUG 30912 --- [http-nio-744-exec-2] org.hibernate.SQL                        : select c1_0.parent_id,c1_0.id,c1_0.alias,c1_0.all_parent_ids,c1_0.enabled,c1_0.image,c1_0.level,c1_0.name,c1_0.tenant_id from categories c1_0 where c1_0.parent_id=? order by c1_0.name
2026-01-21T21:33:35.441+02:00 DEBUG 30912 --- [http-nio-744-exec-2] org.hibernate.SQL                        : select c1_0.parent_id,c1_0.id,c1_0.alias,c1_0.all_parent_ids,c1_0.enabled,c1_0.image,c1_0.level,c1_0.name,c1_0.tenant_id from categories c1_0 where c1_0.parent_id=? order by c1_0.name
2026-01-21T21:33:35.443+02:00 DEBUG 30912 --- [http-nio-744-exec-2] org.hibernate.SQL                        : select c1_0.parent_id,c1_0.id,c1_0.alias,c1_0.all_parent_ids,c1_0.enabled,c1_0.image,c1_0.level,c1_0.name,c1_0.tenant_id from categories c1_0 where c1_0.parent_id=? order by c1_0.name
2026-01-21T21:33:35.446+02:00 DEBUG 30912 --- [http-nio-744-exec-2] org.hibernate.SQL                        : select c1_0.parent_id,c1_0.id,c1_0.alias,c1_0.all_parent_ids,c1_0.enabled,c1_0.image,c1_0.level,c1_0.name,c1_0.tenant_id from categories c1_0 where c1_0.parent_id=? order by c1_0.name
2026-01-21T21:33:35.449+02:00 DEBUG 30912 --- [http-nio-744-exec-2] org.hibernate.SQL                        : select c1_0.parent_id,c1_0.id,c1_0.alias,c1_0.all_parent_ids,c1_0.enabled,c1_0.image,c1_0.level,c1_0.name,c1_0.tenant_id from categories c1_0 where c1_0.parent_id=? order by c1_0.name
2026-01-21T21:33:35.452+02:00 DEBUG 30912 --- [http-nio-744-exec-2] org.hibernate.SQL                        : select c1_0.parent_id,c1_0.id,c1_0.alias,c1_0.all_parent_ids,c1_0.enabled,c1_0.image,c1_0.level,c1_0.name,c1_0.tenant_id from categories c1_0 where c1_0.parent_id=? order by c1_0.name
2026-01-21T21:33:35.461+02:00 DEBUG 30912 --- [http-nio-744-exec-2] org.hibernate.SQL                        : select c1_0.parent_id,c1_0.id,c1_0.alias,c1_0.all_parent_ids,c1_0.enabled,c1_0.image,c1_0.level,c1_0.name,c1_0.tenant_id from categories c1_0 where c1_0.parent_id=? order by c1_0.name
2026-01-21T21:33:35.465+02:00 DEBUG 30912 --- [http-nio-744-exec-2] org.hibernate.SQL                        : select c1_0.parent_id,c1_0.id,c1_0.alias,c1_0.all_parent_ids,c1_0.enabled,c1_0.image,c1_0.level,c1_0.name,c1_0.tenant_id from categories c1_0 where c1_0.parent_id=? order by c1_0.name
2026-01-21T21:33:35.471+02:00 DEBUG 30912 --- [http-nio-744-exec-2] org.hibernate.SQL                        : select c1_0.parent_id,c1_0.id,c1_0.alias,c1_0.all_parent_ids,c1_0.enabled,c1_0.image,c1_0.level,c1_0.name,c1_0.tenant_id from categories c1_0 where c1_0.parent_id=? order by c1_0.name
2026-01-21T21:33:35.474+02:00 DEBUG 30912 --- [http-nio-744-exec-2] org.hibernate.SQL                        : select c1_0.parent_id,c1_0.id,c1_0.alias,c1_0.all_parent_ids,c1_0.enabled,c1_0.image,c1_0.level,c1_0.name,c1_0.tenant_id from categories c1_0 where c1_0.parent_id=? order by c1_0.name
2026-01-21T21:33:35.477+02:00 DEBUG 30912 --- [http-nio-744-exec-2] org.hibernate.SQL                        : select c1_0.parent_id,c1_0.id,c1_0.alias,c1_0.all_parent_ids,c1_0.enabled,c1_0.image,c1_0.level,c1_0.name,c1_0.tenant_id from categories c1_0 where c1_0.parent_id=? order by c1_0.name
2026-01-21T21:33:35.479+02:00 DEBUG 30912 --- [http-nio-744-exec-2] org.hibernate.SQL                        : select c1_0.parent_id,c1_0.id,c1_0.alias,c1_0.all_parent_ids,c1_0.enabled,c1_0.image,c1_0.level,c1_0.name,c1_0.tenant_id from categories c1_0 where c1_0.parent_id=? order by c1_0.name
2026-01-21T21:33:35.481+02:00 DEBUG 30912 --- [http-nio-744-exec-2] org.hibernate.SQL                        : select c1_0.parent_id,c1_0.id,c1_0.alias,c1_0.all_parent_ids,c1_0.enabled,c1_0.image,c1_0.level,c1_0.name,c1_0.tenant_id from categories c1_0 where c1_0.parent_id=? order by c1_0.name
2026-01-21T21:33:35.484+02:00 DEBUG 30912 --- [http-nio-744-exec-2] org.hibernate.SQL                        : select c1_0.parent_id,c1_0.id,c1_0.alias,c1_0.all_parent_ids,c1_0.enabled,c1_0.image,c1_0.level,c1_0.name,c1_0.tenant_id from categories c1_0 where c1_0.parent_id=? order by c1_0.name
2026-01-21T21:33:35.488+02:00 DEBUG 30912 --- [http-nio-744-exec-2] org.hibernate.SQL                        : select c1_0.parent_id,c1_0.id,c1_0.alias,c1_0.all_parent_ids,c1_0.enabled,c1_0.image,c1_0.level,c1_0.name,c1_0.tenant_id from categories c1_0 where c1_0.parent_id=? order by c1_0.name
2026-01-21T21:33:35.491+02:00 DEBUG 30912 --- [http-nio-744-exec-2] org.hibernate.SQL                        : select c1_0.parent_id,c1_0.id,c1_0.alias,c1_0.all_parent_ids,c1_0.enabled,c1_0.image,c1_0.level,c1_0.name,c1_0.tenant_id from categories c1_0 where c1_0.parent_id=? order by c1_0.name
2026-01-21T21:33:35.494+02:00 DEBUG 30912 --- [http-nio-744-exec-2] org.hibernate.SQL                        : select c1_0.parent_id,c1_0.id,c1_0.alias,c1_0.all_parent_ids,c1_0.enabled,c1_0.image,c1_0.level,c1_0.name,c1_0.tenant_id from categories c1_0 where c1_0.parent_id=? order by c1_0.name
2026-01-21T21:33:35.497+02:00 DEBUG 30912 --- [http-nio-744-exec-2] org.hibernate.SQL                        : select c1_0.parent_id,c1_0.id,c1_0.alias,c1_0.all_parent_ids,c1_0.enabled,c1_0.image,c1_0.level,c1_0.name,c1_0.tenant_id from categories c1_0 where c1_0.parent_id=? order by c1_0.name
2026-01-21T21:33:35.501+02:00 DEBUG 30912 --- [http-nio-744-exec-2] org.hibernate.SQL                        : select c1_0.parent_id,c1_0.id,c1_0.alias,c1_0.all_parent_ids,c1_0.enabled,c1_0.image,c1_0.level,c1_0.name,c1_0.tenant_id from categories c1_0 where c1_0.parent_id=? order by c1_0.name
2026-01-21T21:33:35.504+02:00 DEBUG 30912 --- [http-nio-744-exec-2] org.hibernate.SQL                        : select c1_0.parent_id,c1_0.id,c1_0.alias,c1_0.all_parent_ids,c1_0.enabled,c1_0.image,c1_0.level,c1_0.name,c1_0.tenant_id from categories c1_0 where c1_0.parent_id=? order by c1_0.name
2026-01-21T21:33:35.508+02:00 DEBUG 30912 --- [http-nio-744-exec-2] org.hibernate.SQL                        : select c1_0.parent_id,c1_0.id,c1_0.alias,c1_0.all_parent_ids,c1_0.enabled,c1_0.image,c1_0.level,c1_0.name,c1_0.tenant_id from categories c1_0 where c1_0.parent_id=? order by c1_0.name
2026-01-21T21:33:35.511+02:00 DEBUG 30912 --- [http-nio-744-exec-2] org.hibernate.SQL                        : select c1_0.parent_id,c1_0.id,c1_0.alias,c1_0.all_parent_ids,c1_0.enabled,c1_0.image,c1_0.level,c1_0.name,c1_0.tenant_id from categories c1_0 where c1_0.parent_id=? order by c1_0.name
2026-01-21T21:33:35.992+02:00 DEBUG 30912 --- [http-nio-744-exec-4] c.o.a.s.tenant.TenantFilterAspect        : 🛡️ [TenantFilterAspect] Enforced Filter for TenantID: 4
2026-01-21T21:33:36.005+02:00 DEBUG 30912 --- [http-nio-744-exec-4] org.hibernate.SQL                        : select s1_0.id,s1_0.category,s1_0.`key`,s1_0.tenant_id,s1_0.value from settings s1_0 where (s1_0.tenant_id = ? or s1_0.tenant_id = 0 or s1_0.tenant_id is null) and s1_0.tenant_id = ? and s1_0.category=?
2026-01-21T21:33:42.184+02:00 DEBUG 30912 --- [http-nio-744-exec-1] c.o.a.s.tenant.TenantFilterAspect        : 🛡️ [TenantFilterAspect] Enforced Filter for TenantID: 4
2026-01-21T21:33:42.192+02:00 DEBUG 30912 --- [http-nio-744-exec-1] org.hibernate.SQL                        : select u1_0.id,u1_0.email,u1_0.enabled,u1_0.first_name,u1_0.last_login_time,u1_0.last_name,u1_0.password,u1_0.photos,u1_0.tenant_id,u1_0.user_bio from `'user'` u1_0 where u1_0.tenant_id = ? and u1_0.tenant_id = ? order by u1_0.first_name limit ?,?
2026-01-21T21:33:42.199+02:00 DEBUG 30912 --- [http-nio-744-exec-1] org.hibernate.SQL                        : select r1_0.user_id,r1_1.id,r1_1.all_parent_ids,r1_1.descrption,r1_1.name,r1_1.parent_id from user_roles r1_0 join role r1_1 on r1_1.id=r1_0.role_id where r1_0.user_id=?
2026-01-21T21:33:42.205+02:00 DEBUG 30912 --- [http-nio-744-exec-1] org.hibernate.SQL                        : select r1_0.user_id,r1_1.id,r1_1.all_parent_ids,r1_1.descrption,r1_1.name,r1_1.parent_id from user_roles r1_0 join role r1_1 on r1_1.id=r1_0.role_id where r1_0.user_id=?
2026-01-21T21:33:42.210+02:00 DEBUG 30912 --- [http-nio-744-exec-1] org.hibernate.SQL                        : select r1_0.user_id,r1_1.id,r1_1.all_parent_ids,r1_1.descrption,r1_1.name,r1_1.parent_id from user_roles r1_0 join role r1_1 on r1_1.id=r1_0.role_id where r1_0.user_id=?
2026-01-21T21:33:42.213+02:00 DEBUG 30912 --- [http-nio-744-exec-1] org.hibernate.SQL                        : select r1_0.user_id,r1_1.id,r1_1.all_parent_ids,r1_1.descrption,r1_1.name,r1_1.parent_id from user_roles r1_0 join role r1_1 on r1_1.id=r1_0.role_id where r1_0.user_id=?
2026-01-21T21:33:42.217+02:00 DEBUG 30912 --- [http-nio-744-exec-1] org.hibernate.SQL                        : select r1_0.user_id,r1_1.id,r1_1.all_parent_ids,r1_1.descrption,r1_1.name,r1_1.parent_id from user_roles r1_0 join role r1_1 on r1_1.id=r1_0.role_id where r1_0.user_id=?
2026-01-21T21:33:42.225+02:00 DEBUG 30912 --- [http-nio-744-exec-1] org.hibernate.SQL                        : select count(u1_0.id) from `'user'` u1_0 where u1_0.tenant_id = ? and u1_0.tenant_id = ?
2026-01-21T21:33:42.629+02:00 DEBUG 30912 --- [http-nio-744-exec-4] c.o.a.s.tenant.TenantFilterAspect        : 🛡️ [TenantFilterAspect] Enforced Filter for TenantID: 4
2026-01-21T21:33:42.631+02:00 DEBUG 30912 --- [http-nio-744-exec-4] org.hibernate.SQL                        : select s1_0.id,s1_0.category,s1_0.`key`,s1_0.tenant_id,s1_0.value from settings s1_0 where (s1_0.tenant_id = ? or s1_0.tenant_id = 0 or s1_0.tenant_id is null) and s1_0.tenant_id = ? and s1_0.category=?
2026-01-21T21:33:42.730+02:00  WARN 30912 --- [http-nio-744-exec-1] o.h.c.spi.AbstractPersistentCollection   : HHH000506: Detaching an uninitialized collection with enabled filters from a session: [com.onlineStoreCom.entity.users.Role.children#5]
2026-01-21T21:33:42.732+02:00  WARN 30912 --- [http-nio-744-exec-1] o.h.c.spi.AbstractPersistentCollection   : HHH000506: Detaching an uninitialized collection with enabled filters from a session: [com.onlineStoreCom.entity.users.Role.children#1]
2026-01-21T21:33:42.733+02:00  WARN 30912 --- [http-nio-744-exec-1] o.h.c.spi.AbstractPersistentCollection   : HHH000506: Detaching an uninitialized collection with enabled filters from a session: [com.onlineStoreCom.entity.users.Role.children#3]
2026-01-21T21:33:42.733+02:00  WARN 30912 --- [http-nio-744-exec-1] o.h.c.spi.AbstractPersistentCollection   : HHH000506: Detaching an uninitialized collection with enabled filters from a session: [com.onlineStoreCom.entity.users.Role.children#4]
2026-01-21T21:34:56.237+02:00 DEBUG 30912 --- [http-nio-744-exec-4] c.o.a.s.tenant.TenantFilterAspect        : 🛡️ [TenantFilterAspect] Enforced Filter for TenantID: 4
2026-01-21T21:34:56.264+02:00 DEBUG 30912 --- [http-nio-744-exec-4] org.hibernate.SQL                        : select s1_0.id,s1_0.category,s1_0.`key`,s1_0.tenant_id,s1_0.value from settings s1_0 where (s1_0.tenant_id = ? or s1_0.tenant_id = 0 or s1_0.tenant_id is null) and s1_0.tenant_id = ?
2026-01-21T21:34:56.307+02:00 DEBUG 30912 --- [http-nio-744-exec-4] org.hibernate.SQL                        : select c1_0.id,c1_0.code,c1_0.name,c1_0.symbol from currencies c1_0 order by c1_0.name
2026-01-21T21:34:56.747+02:00 DEBUG 30912 --- [http-nio-744-exec-10] c.o.a.s.tenant.TenantFilterAspect        : 🛡️ [TenantFilterAspect] Enforced Filter for TenantID: 4
2026-01-21T21:34:56.750+02:00 DEBUG 30912 --- [http-nio-744-exec-10] org.hibernate.SQL                        : select s1_0.id,s1_0.category,s1_0.`key`,s1_0.tenant_id,s1_0.value from settings s1_0 where (s1_0.tenant_id = ? or s1_0.tenant_id = 0 or s1_0.tenant_id is null) and s1_0.tenant_id = ? and s1_0.category=?
2026-01-21T21:35:02.526+02:00 DEBUG 30912 --- [http-nio-744-exec-7] c.o.a.s.tenant.TenantFilterAspect        : 🛡️ [TenantFilterAspect] Enforced Filter for TenantID: 4
2026-01-21T21:35:02.545+02:00 DEBUG 30912 --- [http-nio-744-exec-7] org.hibernate.SQL                        : select s1_0.id,s1_0.alias,s1_0.buffer_time,s1_0.cost,s1_0.created_time,s1_0.discount_percent,s1_0.duration,s1_0.enabled,s1_0.full_description,s1_0.location_type,s1_0.main_image,s1_0.name,s1_0.price,s1_0.short_description,s1_0.tenant_id,s1_0.updated_time from services s1_0 where s1_0.tenant_id = ? and s1_0.tenant_id = ? order by s1_0.name limit ?,?
2026-01-21T21:35:02.965+02:00 DEBUG 30912 --- [http-nio-744-exec-6] c.o.a.s.tenant.TenantFilterAspect        : 🛡️ [TenantFilterAspect] Enforced Filter for TenantID: 4
2026-01-21T21:35:02.967+02:00 DEBUG 30912 --- [http-nio-744-exec-6] org.hibernate.SQL                        : select s1_0.id,s1_0.category,s1_0.`key`,s1_0.tenant_id,s1_0.value from settings s1_0 where (s1_0.tenant_id = ? or s1_0.tenant_id = 0 or s1_0.tenant_id is null) and s1_0.tenant_id = ? and s1_0.category=?
2026-01-21T21:35:05.821+02:00 DEBUG 30912 --- [http-nio-744-exec-1] c.o.a.s.tenant.TenantFilterAspect        : 🛡️ [TenantFilterAspect] Enforced Filter for TenantID: 4
2026-01-21T21:35:05.837+02:00 DEBUG 30912 --- [http-nio-744-exec-1] org.hibernate.SQL                        : select b1_0.id,b1_0.booking_type,b1_0.customer_name,b1_0.details,b1_0.end_time,b1_0.name,b1_0.start_time,b1_0.status,b1_0.tenant_id from bookings b1_0 where b1_0.tenant_id = ? order by b1_0.name limit ?,?
2026-01-21T21:35:06.180+02:00 DEBUG 30912 --- [http-nio-744-exec-2] c.o.a.s.tenant.TenantFilterAspect        : 🛡️ [TenantFilterAspect] Enforced Filter for TenantID: 4
2026-01-21T21:35:06.189+02:00 DEBUG 30912 --- [http-nio-744-exec-2] org.hibernate.SQL                        : select s1_0.id,s1_0.category,s1_0.`key`,s1_0.tenant_id,s1_0.value from settings s1_0 where (s1_0.tenant_id = ? or s1_0.tenant_id = 0 or s1_0.tenant_id is null) and s1_0.tenant_id = ? and s1_0.category=?
2026-01-21T21:37:35.840+02:00 DEBUG 30912 --- [http-nio-744-exec-1] c.o.a.s.tenant.TenantFilterAspect        : ⚠️ [TenantFilterAspect] Service execution without TenantID
2026-01-21T21:37:35.854+02:00 DEBUG 30912 --- [http-nio-744-exec-1] org.hibernate.SQL                        : select u1_0.id,u1_0.email,u1_0.enabled,u1_0.first_name,u1_0.last_login_time,u1_0.last_name,u1_0.password,u1_0.photos,u1_0.tenant_id,u1_0.user_bio from `'user'` u1_0 where u1_0.email=?
2026-01-21T21:37:35.861+02:00 DEBUG 30912 --- [http-nio-744-exec-1] org.hibernate.SQL                        : select r1_0.user_id,r1_1.id,r1_1.all_parent_ids,r1_1.descrption,r1_1.name,r1_1.parent_id from user_roles r1_0 join role r1_1 on r1_1.id=r1_0.role_id where r1_0.user_id=?
2026-01-21T21:37:36.364+02:00 DEBUG 30912 --- [http-nio-744-exec-5] c.o.a.s.tenant.TenantFilterAspect        : 🛡️ [TenantFilterAspect] Enforced Filter for TenantID: 4
2026-01-21T21:37:36.372+02:00 DEBUG 30912 --- [http-nio-744-exec-5] org.hibernate.SQL                        : select u1_0.id,u1_0.email,u1_0.enabled,u1_0.first_name,u1_0.last_login_time,u1_0.last_name,u1_0.password,u1_0.photos,u1_0.tenant_id,u1_0.user_bio from `'user'` u1_0 where u1_0.tenant_id = ? and u1_0.tenant_id = ? order by u1_0.first_name limit ?,?
2026-01-21T21:37:36.381+02:00 DEBUG 30912 --- [http-nio-744-exec-5] org.hibernate.SQL                        : select r1_0.user_id,r1_1.id,r1_1.all_parent_ids,r1_1.descrption,r1_1.name,r1_1.parent_id from user_roles r1_0 join role r1_1 on r1_1.id=r1_0.role_id where r1_0.user_id=?
2026-01-21T21:37:36.385+02:00 DEBUG 30912 --- [http-nio-744-exec-5] org.hibernate.SQL                        : select r1_0.user_id,r1_1.id,r1_1.all_parent_ids,r1_1.descrption,r1_1.name,r1_1.parent_id from user_roles r1_0 join role r1_1 on r1_1.id=r1_0.role_id where r1_0.user_id=?
2026-01-21T21:37:36.388+02:00 DEBUG 30912 --- [http-nio-744-exec-5] org.hibernate.SQL                        : select r1_0.user_id,r1_1.id,r1_1.all_parent_ids,r1_1.descrption,r1_1.name,r1_1.parent_id from user_roles r1_0 join role r1_1 on r1_1.id=r1_0.role_id where r1_0.user_id=?
2026-01-21T21:37:36.392+02:00 DEBUG 30912 --- [http-nio-744-exec-5] org.hibernate.SQL                        : select r1_0.user_id,r1_1.id,r1_1.all_parent_ids,r1_1.descrption,r1_1.name,r1_1.parent_id from user_roles r1_0 join role r1_1 on r1_1.id=r1_0.role_id where r1_0.user_id=?
2026-01-21T21:37:36.395+02:00 DEBUG 30912 --- [http-nio-744-exec-5] org.hibernate.SQL                        : select r1_0.user_id,r1_1.id,r1_1.all_parent_ids,r1_1.descrption,r1_1.name,r1_1.parent_id from user_roles r1_0 join role r1_1 on r1_1.id=r1_0.role_id where r1_0.user_id=?
2026-01-21T21:37:36.401+02:00 DEBUG 30912 --- [http-nio-744-exec-5] org.hibernate.SQL                        : select count(u1_0.id) from `'user'` u1_0 where u1_0.tenant_id = ? and u1_0.tenant_id = ?
2026-01-21T21:37:36.787+02:00 DEBUG 30912 --- [http-nio-744-exec-3] c.o.a.s.tenant.TenantFilterAspect        : 🛡️ [TenantFilterAspect] Enforced Filter for TenantID: 4
2026-01-21T21:37:36.791+02:00 DEBUG 30912 --- [http-nio-744-exec-3] org.hibernate.SQL                        : select s1_0.id,s1_0.category,s1_0.`key`,s1_0.tenant_id,s1_0.value from settings s1_0 where (s1_0.tenant_id = ? or s1_0.tenant_id = 0 or s1_0.tenant_id is null) and s1_0.tenant_id = ? and s1_0.category=?
2026-01-21T21:37:36.956+02:00  WARN 30912 --- [http-nio-744-exec-5] o.h.c.spi.AbstractPersistentCollection   : HHH000506: Detaching an uninitialized collection with enabled filters from a session: [com.onlineStoreCom.entity.users.Role.children#5]
2026-01-21T21:37:36.956+02:00  WARN 30912 --- [http-nio-744-exec-5] o.h.c.spi.AbstractPersistentCollection   : HHH000506: Detaching an uninitialized collection with enabled filters from a session: [com.onlineStoreCom.entity.users.Role.children#1]
2026-01-21T21:37:36.956+02:00  WARN 30912 --- [http-nio-744-exec-5] o.h.c.spi.AbstractPersistentCollection   : HHH000506: Detaching an uninitialized collection with enabled filters from a session: [com.onlineStoreCom.entity.users.Role.children#3]
2026-01-21T21:37:36.956+02:00  WARN 30912 --- [http-nio-744-exec-5] o.h.c.spi.AbstractPersistentCollection   : HHH000506: Detaching an uninitialized collection with enabled filters from a session: [com.onlineStoreCom.entity.users.Role.children#4]
2026-01-21T21:37:40.014+02:00 DEBUG 30912 --- [http-nio-744-exec-1] c.o.a.s.tenant.TenantFilterAspect        : 🛡️ [TenantFilterAspect] Enforced Filter for TenantID: 4
2026-01-21T21:37:40.037+02:00 DEBUG 30912 --- [http-nio-744-exec-1] org.hibernate.SQL                        : select c1_0.id,c1_0.alias,c1_0.all_parent_ids,c1_0.enabled,c1_0.image,c1_0.level,c1_0.name,c1_0.parent_id,c1_0.tenant_id from categories c1_0 where c1_0.tenant_id = ? and c1_0.parent_id is null
2026-01-21T21:37:40.061+02:00 DEBUG 30912 --- [http-nio-744-exec-1] org.hibernate.SQL                        : select c1_0.parent_id,c1_0.id,c1_0.alias,c1_0.all_parent_ids,c1_0.enabled,c1_0.image,c1_0.level,c1_0.name,c1_0.tenant_id from categories c1_0 where c1_0.parent_id=? order by c1_0.name
2026-01-21T21:37:40.064+02:00 DEBUG 30912 --- [http-nio-744-exec-1] org.hibernate.SQL                        : select c1_0.parent_id,c1_0.id,c1_0.alias,c1_0.all_parent_ids,c1_0.enabled,c1_0.image,c1_0.level,c1_0.name,c1_0.tenant_id from categories c1_0 where c1_0.parent_id=? order by c1_0.name
2026-01-21T21:37:40.067+02:00 DEBUG 30912 --- [http-nio-744-exec-1] org.hibernate.SQL                        : select c1_0.parent_id,c1_0.id,c1_0.alias,c1_0.all_parent_ids,c1_0.enabled,c1_0.image,c1_0.level,c1_0.name,c1_0.tenant_id from categories c1_0 where c1_0.parent_id=? order by c1_0.name
2026-01-21T21:37:40.071+02:00 DEBUG 30912 --- [http-nio-744-exec-1] org.hibernate.SQL                        : select c1_0.parent_id,c1_0.id,c1_0.alias,c1_0.all_parent_ids,c1_0.enabled,c1_0.image,c1_0.level,c1_0.name,c1_0.tenant_id from categories c1_0 where c1_0.parent_id=? order by c1_0.name
2026-01-21T21:37:40.079+02:00 DEBUG 30912 --- [http-nio-744-exec-1] org.hibernate.SQL                        : select c1_0.parent_id,c1_0.id,c1_0.alias,c1_0.all_parent_ids,c1_0.enabled,c1_0.image,c1_0.level,c1_0.name,c1_0.tenant_id from categories c1_0 where c1_0.parent_id=? order by c1_0.name
2026-01-21T21:37:40.082+02:00 DEBUG 30912 --- [http-nio-744-exec-1] org.hibernate.SQL                        : select c1_0.parent_id,c1_0.id,c1_0.alias,c1_0.all_parent_ids,c1_0.enabled,c1_0.image,c1_0.level,c1_0.name,c1_0.tenant_id from categories c1_0 where c1_0.parent_id=? order by c1_0.name
2026-01-21T21:37:40.084+02:00 DEBUG 30912 --- [http-nio-744-exec-1] org.hibernate.SQL                        : select c1_0.parent_id,c1_0.id,c1_0.alias,c1_0.all_parent_ids,c1_0.enabled,c1_0.image,c1_0.level,c1_0.name,c1_0.tenant_id from categories c1_0 where c1_0.parent_id=? order by c1_0.name
2026-01-21T21:37:40.087+02:00 DEBUG 30912 --- [http-nio-744-exec-1] org.hibernate.SQL                        : select c1_0.parent_id,c1_0.id,c1_0.alias,c1_0.all_parent_ids,c1_0.enabled,c1_0.image,c1_0.level,c1_0.name,c1_0.tenant_id from categories c1_0 where c1_0.parent_id=? order by c1_0.name
2026-01-21T21:37:40.089+02:00 DEBUG 30912 --- [http-nio-744-exec-1] org.hibernate.SQL                        : select c1_0.parent_id,c1_0.id,c1_0.alias,c1_0.all_parent_ids,c1_0.enabled,c1_0.image,c1_0.level,c1_0.name,c1_0.tenant_id from categories c1_0 where c1_0.parent_id=? order by c1_0.name
2026-01-21T21:37:40.092+02:00 DEBUG 30912 --- [http-nio-744-exec-1] org.hibernate.SQL                        : select c1_0.parent_id,c1_0.id,c1_0.alias,c1_0.all_parent_ids,c1_0.enabled,c1_0.image,c1_0.level,c1_0.name,c1_0.tenant_id from categories c1_0 where c1_0.parent_id=? order by c1_0.name
2026-01-21T21:37:40.095+02:00 DEBUG 30912 --- [http-nio-744-exec-1] org.hibernate.SQL                        : select c1_0.parent_id,c1_0.id,c1_0.alias,c1_0.all_parent_ids,c1_0.enabled,c1_0.image,c1_0.level,c1_0.name,c1_0.tenant_id from categories c1_0 where c1_0.parent_id=? order by c1_0.name
2026-01-21T21:37:40.097+02:00 DEBUG 30912 --- [http-nio-744-exec-1] org.hibernate.SQL                        : select c1_0.parent_id,c1_0.id,c1_0.alias,c1_0.all_parent_ids,c1_0.enabled,c1_0.image,c1_0.level,c1_0.name,c1_0.tenant_id from categories c1_0 where c1_0.parent_id=? order by c1_0.name
2026-01-21T21:37:40.100+02:00 DEBUG 30912 --- [http-nio-744-exec-1] org.hibernate.SQL                        : select c1_0.parent_id,c1_0.id,c1_0.alias,c1_0.all_parent_ids,c1_0.enabled,c1_0.image,c1_0.level,c1_0.name,c1_0.tenant_id from categories c1_0 where c1_0.parent_id=? order by c1_0.name
2026-01-21T21:37:40.103+02:00 DEBUG 30912 --- [http-nio-744-exec-1] org.hibernate.SQL                        : select c1_0.parent_id,c1_0.id,c1_0.alias,c1_0.all_parent_ids,c1_0.enabled,c1_0.image,c1_0.level,c1_0.name,c1_0.tenant_id from categories c1_0 where c1_0.parent_id=? order by c1_0.name
2026-01-21T21:37:40.107+02:00 DEBUG 30912 --- [http-nio-744-exec-1] org.hibernate.SQL                        : select c1_0.parent_id,c1_0.id,c1_0.alias,c1_0.all_parent_ids,c1_0.enabled,c1_0.image,c1_0.level,c1_0.name,c1_0.tenant_id from categories c1_0 where c1_0.parent_id=? order by c1_0.name
2026-01-21T21:37:40.110+02:00 DEBUG 30912 --- [http-nio-744-exec-1] org.hibernate.SQL                        : select c1_0.parent_id,c1_0.id,c1_0.alias,c1_0.all_parent_ids,c1_0.enabled,c1_0.image,c1_0.level,c1_0.name,c1_0.tenant_id from categories c1_0 where c1_0.parent_id=? order by c1_0.name
2026-01-21T21:37:40.112+02:00 DEBUG 30912 --- [http-nio-744-exec-1] org.hibernate.SQL                        : select c1_0.parent_id,c1_0.id,c1_0.alias,c1_0.all_parent_ids,c1_0.enabled,c1_0.image,c1_0.level,c1_0.name,c1_0.tenant_id from categories c1_0 where c1_0.parent_id=? order by c1_0.name
2026-01-21T21:37:40.114+02:00 DEBUG 30912 --- [http-nio-744-exec-1] org.hibernate.SQL                        : select c1_0.parent_id,c1_0.id,c1_0.alias,c1_0.all_parent_ids,c1_0.enabled,c1_0.image,c1_0.level,c1_0.name,c1_0.tenant_id from categories c1_0 where c1_0.parent_id=? order by c1_0.name
2026-01-21T21:37:40.118+02:00 DEBUG 30912 --- [http-nio-744-exec-1] org.hibernate.SQL                        : select c1_0.parent_id,c1_0.id,c1_0.alias,c1_0.all_parent_ids,c1_0.enabled,c1_0.image,c1_0.level,c1_0.name,c1_0.tenant_id from categories c1_0 where c1_0.parent_id=? order by c1_0.name
2026-01-21T21:37:40.124+02:00 DEBUG 30912 --- [http-nio-744-exec-1] org.hibernate.SQL                        : select c1_0.parent_id,c1_0.id,c1_0.alias,c1_0.all_parent_ids,c1_0.enabled,c1_0.image,c1_0.level,c1_0.name,c1_0.tenant_id from categories c1_0 where c1_0.parent_id=? order by c1_0.name
2026-01-21T21:37:40.128+02:00 DEBUG 30912 --- [http-nio-744-exec-1] org.hibernate.SQL                        : select c1_0.parent_id,c1_0.id,c1_0.alias,c1_0.all_parent_ids,c1_0.enabled,c1_0.image,c1_0.level,c1_0.name,c1_0.tenant_id from categories c1_0 where c1_0.parent_id=? order by c1_0.name
2026-01-21T21:37:40.128+02:00 DEBUG 30912 --- [http-nio-744-exec-1] org.hibernate.SQL                        : select c1_0.parent_id,c1_0.id,c1_0.alias,c1_0.all_parent_ids,c1_0.enabled,c1_0.image,c1_0.level,c1_0.name,c1_0.tenant_id from categories c1_0 where c1_0.parent_id=? order by c1_0.name
2026-01-21T21:37:40.133+02:00 DEBUG 30912 --- [http-nio-744-exec-1] org.hibernate.SQL                        : select c1_0.parent_id,c1_0.id,c1_0.alias,c1_0.all_parent_ids,c1_0.enabled,c1_0.image,c1_0.level,c1_0.name,c1_0.tenant_id from categories c1_0 where c1_0.parent_id=? order by c1_0.name
2026-01-21T21:37:40.137+02:00 DEBUG 30912 --- [http-nio-744-exec-1] org.hibernate.SQL                        : select c1_0.parent_id,c1_0.id,c1_0.alias,c1_0.all_parent_ids,c1_0.enabled,c1_0.image,c1_0.level,c1_0.name,c1_0.tenant_id from categories c1_0 where c1_0.parent_id=? order by c1_0.name
2026-01-21T21:37:40.140+02:00 DEBUG 30912 --- [http-nio-744-exec-1] org.hibernate.SQL                        : select c1_0.parent_id,c1_0.id,c1_0.alias,c1_0.all_parent_ids,c1_0.enabled,c1_0.image,c1_0.level,c1_0.name,c1_0.tenant_id from categories c1_0 where c1_0.parent_id=? order by c1_0.name
2026-01-21T21:37:40.143+02:00 DEBUG 30912 --- [http-nio-744-exec-1] org.hibernate.SQL                        : select c1_0.parent_id,c1_0.id,c1_0.alias,c1_0.all_parent_ids,c1_0.enabled,c1_0.image,c1_0.level,c1_0.name,c1_0.tenant_id from categories c1_0 where c1_0.parent_id=? order by c1_0.name
2026-01-21T21:37:40.146+02:00 DEBUG 30912 --- [http-nio-744-exec-1] org.hibernate.SQL                        : select c1_0.parent_id,c1_0.id,c1_0.alias,c1_0.all_parent_ids,c1_0.enabled,c1_0.image,c1_0.level,c1_0.name,c1_0.tenant_id from categories c1_0 where c1_0.parent_id=? order by c1_0.name
2026-01-21T21:37:40.148+02:00 DEBUG 30912 --- [http-nio-744-exec-1] org.hibernate.SQL                        : select c1_0.parent_id,c1_0.id,c1_0.alias,c1_0.all_parent_ids,c1_0.enabled,c1_0.image,c1_0.level,c1_0.name,c1_0.tenant_id from categories c1_0 where c1_0.parent_id=? order by c1_0.name
2026-01-21T21:37:40.150+02:00 DEBUG 30912 --- [http-nio-744-exec-1] org.hibernate.SQL                        : select c1_0.parent_id,c1_0.id,c1_0.alias,c1_0.all_parent_ids,c1_0.enabled,c1_0.image,c1_0.level,c1_0.name,c1_0.tenant_id from categories c1_0 where c1_0.parent_id=? order by c1_0.name
2026-01-21T21:37:40.155+02:00 DEBUG 30912 --- [http-nio-744-exec-1] org.hibernate.SQL                        : select c1_0.parent_id,c1_0.id,c1_0.alias,c1_0.all_parent_ids,c1_0.enabled,c1_0.image,c1_0.level,c1_0.name,c1_0.tenant_id from categories c1_0 where c1_0.parent_id=? order by c1_0.name
2026-01-21T21:37:40.157+02:00 DEBUG 30912 --- [http-nio-744-exec-1] org.hibernate.SQL                        : select c1_0.parent_id,c1_0.id,c1_0.alias,c1_0.all_parent_ids,c1_0.enabled,c1_0.image,c1_0.level,c1_0.name,c1_0.tenant_id from categories c1_0 where c1_0.parent_id=? order by c1_0.name
2026-01-21T21:37:40.160+02:00 DEBUG 30912 --- [http-nio-744-exec-1] org.hibernate.SQL                        : select c1_0.parent_id,c1_0.id,c1_0.alias,c1_0.all_parent_ids,c1_0.enabled,c1_0.image,c1_0.level,c1_0.name,c1_0.tenant_id from categories c1_0 where c1_0.parent_id=? order by c1_0.name
2026-01-21T21:37:40.162+02:00 DEBUG 30912 --- [http-nio-744-exec-1] org.hibernate.SQL                        : select c1_0.parent_id,c1_0.id,c1_0.alias,c1_0.all_parent_ids,c1_0.enabled,c1_0.image,c1_0.level,c1_0.name,c1_0.tenant_id from categories c1_0 where c1_0.parent_id=? order by c1_0.name
2026-01-21T21:37:40.164+02:00 DEBUG 30912 --- [http-nio-744-exec-1] org.hibernate.SQL                        : select c1_0.parent_id,c1_0.id,c1_0.alias,c1_0.all_parent_ids,c1_0.enabled,c1_0.image,c1_0.level,c1_0.name,c1_0.tenant_id from categories c1_0 where c1_0.parent_id=? order by c1_0.name
2026-01-21T21:37:40.465+02:00 DEBUG 30912 --- [http-nio-744-exec-6] c.o.a.s.tenant.TenantFilterAspect        : 🛡️ [TenantFilterAspect] Enforced Filter for TenantID: 4
2026-01-21T21:37:40.478+02:00 DEBUG 30912 --- [http-nio-744-exec-6] org.hibernate.SQL                        : select s1_0.id,s1_0.category,s1_0.`key`,s1_0.tenant_id,s1_0.value from settings s1_0 where (s1_0.tenant_id = ? or s1_0.tenant_id = 0 or s1_0.tenant_id is null) and s1_0.tenant_id = ? and s1_0.category=?
2026-01-21T22:08:06.135+02:00 DEBUG 30912 --- [http-nio-744-exec-8] c.o.a.s.tenant.TenantFilterAspect        : ⚠️ [TenantFilterAspect] Service execution without TenantID
2026-01-21T22:08:06.214+02:00 DEBUG 30912 --- [http-nio-744-exec-8] org.hibernate.SQL                        : select u1_0.id,u1_0.email,u1_0.enabled,u1_0.first_name,u1_0.last_login_time,u1_0.last_name,u1_0.password,u1_0.photos,u1_0.tenant_id,u1_0.user_bio from `'user'` u1_0 where u1_0.email=?
2026-01-21T22:08:06.264+02:00 DEBUG 30912 --- [http-nio-744-exec-8] org.hibernate.SQL                        : select r1_0.user_id,r1_1.id,r1_1.all_parent_ids,r1_1.descrption,r1_1.name,r1_1.parent_id from user_roles r1_0 join role r1_1 on r1_1.id=r1_0.role_id where r1_0.user_id=?
2026-01-21T22:08:06.494+02:00 DEBUG 30912 --- [http-nio-744-exec-3] c.o.a.s.tenant.TenantFilterAspect        : 🛡️ [TenantFilterAspect] Enforced Filter for TenantID: 4
2026-01-21T22:08:06.510+02:00 DEBUG 30912 --- [http-nio-744-exec-3] org.hibernate.SQL                        : select u1_0.id,u1_0.email,u1_0.enabled,u1_0.first_name,u1_0.last_login_time,u1_0.last_name,u1_0.password,u1_0.photos,u1_0.tenant_id,u1_0.user_bio from `'user'` u1_0 where u1_0.tenant_id = ? and u1_0.tenant_id = ? order by u1_0.first_name limit ?,?
2026-01-21T22:08:06.514+02:00 DEBUG 30912 --- [http-nio-744-exec-3] org.hibernate.SQL                        : select r1_0.user_id,r1_1.id,r1_1.all_parent_ids,r1_1.descrption,r1_1.name,r1_1.parent_id from user_roles r1_0 join role r1_1 on r1_1.id=r1_0.role_id where r1_0.user_id=?
2026-01-21T22:08:06.515+02:00 DEBUG 30912 --- [http-nio-744-exec-3] org.hibernate.SQL                        : select r1_0.user_id,r1_1.id,r1_1.all_parent_ids,r1_1.descrption,r1_1.name,r1_1.parent_id from user_roles r1_0 join role r1_1 on r1_1.id=r1_0.role_id where r1_0.user_id=?
2026-01-21T22:08:06.516+02:00 DEBUG 30912 --- [http-nio-744-exec-3] org.hibernate.SQL                        : select r1_0.user_id,r1_1.id,r1_1.all_parent_ids,r1_1.descrption,r1_1.name,r1_1.parent_id from user_roles r1_0 join role r1_1 on r1_1.id=r1_0.role_id where r1_0.user_id=?
2026-01-21T22:08:06.517+02:00 DEBUG 30912 --- [http-nio-744-exec-3] org.hibernate.SQL                        : select r1_0.user_id,r1_1.id,r1_1.all_parent_ids,r1_1.descrption,r1_1.name,r1_1.parent_id from user_roles r1_0 join role r1_1 on r1_1.id=r1_0.role_id where r1_0.user_id=?
2026-01-21T22:08:06.519+02:00 DEBUG 30912 --- [http-nio-744-exec-3] org.hibernate.SQL                        : select r1_0.user_id,r1_1.id,r1_1.all_parent_ids,r1_1.descrption,r1_1.name,r1_1.parent_id from user_roles r1_0 join role r1_1 on r1_1.id=r1_0.role_id where r1_0.user_id=?
2026-01-21T22:08:06.523+02:00 DEBUG 30912 --- [http-nio-744-exec-3] org.hibernate.SQL                        : select count(u1_0.id) from `'user'` u1_0 where u1_0.tenant_id = ? and u1_0.tenant_id = ?
2026-01-21T22:08:07.100+02:00 DEBUG 30912 --- [http-nio-744-exec-2] c.o.a.s.tenant.TenantFilterAspect        : 🛡️ [TenantFilterAspect] Enforced Filter for TenantID: 4
2026-01-21T22:08:07.183+02:00  WARN 30912 --- [http-nio-744-exec-3] o.h.c.spi.AbstractPersistentCollection   : HHH000506: Detaching an uninitialized collection with enabled filters from a session: [com.onlineStoreCom.entity.users.Role.children#5]
2026-01-21T22:08:07.183+02:00  WARN 30912 --- [http-nio-744-exec-3] o.h.c.spi.AbstractPersistentCollection   : HHH000506: Detaching an uninitialized collection with enabled filters from a session: [com.onlineStoreCom.entity.users.Role.children#1]
2026-01-21T22:08:07.183+02:00  WARN 30912 --- [http-nio-744-exec-3] o.h.c.spi.AbstractPersistentCollection   : HHH000506: Detaching an uninitialized collection with enabled filters from a session: [com.onlineStoreCom.entity.users.Role.children#3]
2026-01-21T22:08:07.183+02:00  WARN 30912 --- [http-nio-744-exec-3] o.h.c.spi.AbstractPersistentCollection   : HHH000506: Detaching an uninitialized collection with enabled filters from a session: [com.onlineStoreCom.entity.users.Role.children#4]
2026-01-21T22:08:07.184+02:00 DEBUG 30912 --- [http-nio-744-exec-2] org.hibernate.SQL                        : select s1_0.id,s1_0.category,s1_0.`key`,s1_0.tenant_id,s1_0.value from settings s1_0 where (s1_0.tenant_id = ? or s1_0.tenant_id = 0 or s1_0.tenant_id is null) and s1_0.tenant_id = ? and s1_0.category=?
2026-01-21T22:08:10.827+02:00 DEBUG 30912 --- [http-nio-744-exec-8] c.o.a.s.tenant.TenantFilterAspect        : 🛡️ [TenantFilterAspect] Enforced Filter for TenantID: 4
2026-01-21T22:08:10.847+02:00 DEBUG 30912 --- [http-nio-744-exec-8] org.hibernate.SQL                        : select r1_0.id,r1_0.earning_rate,r1_0.min_points_to_redeem,r1_0.point_expiry_days,r1_0.redeem_rate,r1_0.review_points,r1_0.sign_up_points,r1_0.tenant_id from reward_settings r1_0 where r1_0.tenant_id = ? and r1_0.tenant_id = ?
2026-01-21T22:08:11.064+02:00 DEBUG 30912 --- [http-nio-744-exec-8] org.hibernate.SQL                        : insert into reward_settings (earning_rate,min_points_to_redeem,point_expiry_days,redeem_rate,review_points,sign_up_points,tenant_id) values (?,?,?,?,?,?,?)
2026-01-21T22:08:11.567+02:00 DEBUG 30912 --- [http-nio-744-exec-10] c.o.a.s.tenant.TenantFilterAspect        : 🛡️ [TenantFilterAspect] Enforced Filter for TenantID: 4
2026-01-21T22:08:11.570+02:00 DEBUG 30912 --- [http-nio-744-exec-10] org.hibernate.SQL                        : select s1_0.id,s1_0.category,s1_0.`key`,s1_0.tenant_id,s1_0.value from settings s1_0 where (s1_0.tenant_id = ? or s1_0.tenant_id = 0 or s1_0.tenant_id is null) and s1_0.tenant_id = ? and s1_0.category=?
2026-01-21T22:09:31.006+02:00 DEBUG 30912 --- [http-nio-744-exec-1] c.o.a.s.tenant.TenantFilterAspect        : 🛡️ [TenantFilterAspect] Enforced Filter for TenantID: 4
2026-01-21T22:09:31.010+02:00 DEBUG 30912 --- [http-nio-744-exec-1] org.hibernate.SQL                        : select c1_0.id,c1_0.alias,c1_0.all_parent_ids,c1_0.enabled,c1_0.image,c1_0.level,c1_0.name,c1_0.parent_id,c1_0.tenant_id from categories c1_0 where c1_0.tenant_id = ? and c1_0.parent_id is null
2026-01-21T22:09:31.019+02:00 DEBUG 30912 --- [http-nio-744-exec-1] org.hibernate.SQL                        : select c1_0.parent_id,c1_0.id,c1_0.alias,c1_0.all_parent_ids,c1_0.enabled,c1_0.image,c1_0.level,c1_0.name,c1_0.tenant_id from categories c1_0 where c1_0.parent_id=? order by c1_0.name
2026-01-21T22:09:31.020+02:00 DEBUG 30912 --- [http-nio-744-exec-1] org.hibernate.SQL                        : select c1_0.parent_id,c1_0.id,c1_0.alias,c1_0.all_parent_ids,c1_0.enabled,c1_0.image,c1_0.level,c1_0.name,c1_0.tenant_id from categories c1_0 where c1_0.parent_id=? order by c1_0.name
2026-01-21T22:09:31.022+02:00 DEBUG 30912 --- [http-nio-744-exec-1] org.hibernate.SQL                        : select c1_0.parent_id,c1_0.id,c1_0.alias,c1_0.all_parent_ids,c1_0.enabled,c1_0.image,c1_0.level,c1_0.name,c1_0.tenant_id from categories c1_0 where c1_0.parent_id=? order by c1_0.name
2026-01-21T22:09:31.023+02:00 DEBUG 30912 --- [http-nio-744-exec-1] org.hibernate.SQL                        : select c1_0.parent_id,c1_0.id,c1_0.alias,c1_0.all_parent_ids,c1_0.enabled,c1_0.image,c1_0.level,c1_0.name,c1_0.tenant_id from categories c1_0 where c1_0.parent_id=? order by c1_0.name
2026-01-21T22:09:31.026+02:00 DEBUG 30912 --- [http-nio-744-exec-1] org.hibernate.SQL                        : select c1_0.parent_id,c1_0.id,c1_0.alias,c1_0.all_parent_ids,c1_0.enabled,c1_0.image,c1_0.level,c1_0.name,c1_0.tenant_id from categories c1_0 where c1_0.parent_id=? order by c1_0.name
2026-01-21T22:09:31.028+02:00 DEBUG 30912 --- [http-nio-744-exec-1] org.hibernate.SQL                        : select c1_0.parent_id,c1_0.id,c1_0.alias,c1_0.all_parent_ids,c1_0.enabled,c1_0.image,c1_0.level,c1_0.name,c1_0.tenant_id from categories c1_0 where c1_0.parent_id=? order by c1_0.name
2026-01-21T22:09:31.030+02:00 DEBUG 30912 --- [http-nio-744-exec-1] org.hibernate.SQL                        : select c1_0.parent_id,c1_0.id,c1_0.alias,c1_0.all_parent_ids,c1_0.enabled,c1_0.image,c1_0.level,c1_0.name,c1_0.tenant_id from categories c1_0 where c1_0.parent_id=? order by c1_0.name
2026-01-21T22:09:31.032+02:00 DEBUG 30912 --- [http-nio-744-exec-1] org.hibernate.SQL                        : select c1_0.parent_id,c1_0.id,c1_0.alias,c1_0.all_parent_ids,c1_0.enabled,c1_0.image,c1_0.level,c1_0.name,c1_0.tenant_id from categories c1_0 where c1_0.parent_id=? order by c1_0.name
2026-01-21T22:09:31.033+02:00 DEBUG 30912 --- [http-nio-744-exec-1] org.hibernate.SQL                        : select c1_0.parent_id,c1_0.id,c1_0.alias,c1_0.all_parent_ids,c1_0.enabled,c1_0.image,c1_0.level,c1_0.name,c1_0.tenant_id from categories c1_0 where c1_0.parent_id=? order by c1_0.name
2026-01-21T22:09:31.035+02:00 DEBUG 30912 --- [http-nio-744-exec-1] org.hibernate.SQL                        : select c1_0.parent_id,c1_0.id,c1_0.alias,c1_0.all_parent_ids,c1_0.enabled,c1_0.image,c1_0.level,c1_0.name,c1_0.tenant_id from categories c1_0 where c1_0.parent_id=? order by c1_0.name
2026-01-21T22:09:31.036+02:00 DEBUG 30912 --- [http-nio-744-exec-1] org.hibernate.SQL                        : select c1_0.parent_id,c1_0.id,c1_0.alias,c1_0.all_parent_ids,c1_0.enabled,c1_0.image,c1_0.level,c1_0.name,c1_0.tenant_id from categories c1_0 where c1_0.parent_id=? order by c1_0.name
2026-01-21T22:09:31.037+02:00 DEBUG 30912 --- [http-nio-744-exec-1] org.hibernate.SQL                        : select c1_0.parent_id,c1_0.id,c1_0.alias,c1_0.all_parent_ids,c1_0.enabled,c1_0.image,c1_0.level,c1_0.name,c1_0.tenant_id from categories c1_0 where c1_0.parent_id=? order by c1_0.name
2026-01-21T22:09:31.039+02:00 DEBUG 30912 --- [http-nio-744-exec-1] org.hibernate.SQL                        : select c1_0.parent_id,c1_0.id,c1_0.alias,c1_0.all_parent_ids,c1_0.enabled,c1_0.image,c1_0.level,c1_0.name,c1_0.tenant_id from categories c1_0 where c1_0.parent_id=? order by c1_0.name
2026-01-21T22:09:31.041+02:00 DEBUG 30912 --- [http-nio-744-exec-1] org.hibernate.SQL                        : select c1_0.parent_id,c1_0.id,c1_0.alias,c1_0.all_parent_ids,c1_0.enabled,c1_0.image,c1_0.level,c1_0.name,c1_0.tenant_id from categories c1_0 where c1_0.parent_id=? order by c1_0.name
2026-01-21T22:09:31.042+02:00 DEBUG 30912 --- [http-nio-744-exec-1] org.hibernate.SQL                        : select c1_0.parent_id,c1_0.id,c1_0.alias,c1_0.all_parent_ids,c1_0.enabled,c1_0.image,c1_0.level,c1_0.name,c1_0.tenant_id from categories c1_0 where c1_0.parent_id=? order by c1_0.name
2026-01-21T22:09:31.045+02:00 DEBUG 30912 --- [http-nio-744-exec-1] org.hibernate.SQL                        : select c1_0.parent_id,c1_0.id,c1_0.alias,c1_0.all_parent_ids,c1_0.enabled,c1_0.image,c1_0.level,c1_0.name,c1_0.tenant_id from categories c1_0 where c1_0.parent_id=? order by c1_0.name
2026-01-21T22:09:31.047+02:00 DEBUG 30912 --- [http-nio-744-exec-1] org.hibernate.SQL                        : select c1_0.parent_id,c1_0.id,c1_0.alias,c1_0.all_parent_ids,c1_0.enabled,c1_0.image,c1_0.level,c1_0.name,c1_0.tenant_id from categories c1_0 where c1_0.parent_id=? order by c1_0.name
2026-01-21T22:09:31.048+02:00 DEBUG 30912 --- [http-nio-744-exec-1] org.hibernate.SQL                        : select c1_0.parent_id,c1_0.id,c1_0.alias,c1_0.all_parent_ids,c1_0.enabled,c1_0.image,c1_0.level,c1_0.name,c1_0.tenant_id from categories c1_0 where c1_0.parent_id=? order by c1_0.name
2026-01-21T22:09:31.050+02:00 DEBUG 30912 --- [http-nio-744-exec-1] org.hibernate.SQL                        : select c1_0.parent_id,c1_0.id,c1_0.alias,c1_0.all_parent_ids,c1_0.enabled,c1_0.image,c1_0.level,c1_0.name,c1_0.tenant_id from categories c1_0 where c1_0.parent_id=? order by c1_0.name
2026-01-21T22:09:31.051+02:00 DEBUG 30912 --- [http-nio-744-exec-1] org.hibernate.SQL                        : select c1_0.parent_id,c1_0.id,c1_0.alias,c1_0.all_parent_ids,c1_0.enabled,c1_0.image,c1_0.level,c1_0.name,c1_0.tenant_id from categories c1_0 where c1_0.parent_id=? order by c1_0.name
2026-01-21T22:09:31.052+02:00 DEBUG 30912 --- [http-nio-744-exec-1] org.hibernate.SQL                        : select c1_0.parent_id,c1_0.id,c1_0.alias,c1_0.all_parent_ids,c1_0.enabled,c1_0.image,c1_0.level,c1_0.name,c1_0.tenant_id from categories c1_0 where c1_0.parent_id=? order by c1_0.name
2026-01-21T22:09:31.053+02:00 DEBUG 30912 --- [http-nio-744-exec-1] org.hibernate.SQL                        : select c1_0.parent_id,c1_0.id,c1_0.alias,c1_0.all_parent_ids,c1_0.enabled,c1_0.image,c1_0.level,c1_0.name,c1_0.tenant_id from categories c1_0 where c1_0.parent_id=? order by c1_0.name
2026-01-21T22:09:31.054+02:00 DEBUG 30912 --- [http-nio-744-exec-1] org.hibernate.SQL                        : select c1_0.parent_id,c1_0.id,c1_0.alias,c1_0.all_parent_ids,c1_0.enabled,c1_0.image,c1_0.level,c1_0.name,c1_0.tenant_id from categories c1_0 where c1_0.parent_id=? order by c1_0.name
2026-01-21T22:09:31.055+02:00 DEBUG 30912 --- [http-nio-744-exec-1] org.hibernate.SQL                        : select c1_0.parent_id,c1_0.id,c1_0.alias,c1_0.all_parent_ids,c1_0.enabled,c1_0.image,c1_0.level,c1_0.name,c1_0.tenant_id from categories c1_0 where c1_0.parent_id=? order by c1_0.name
2026-01-21T22:09:31.055+02:00 DEBUG 30912 --- [http-nio-744-exec-1] org.hibernate.SQL                        : select c1_0.parent_id,c1_0.id,c1_0.alias,c1_0.all_parent_ids,c1_0.enabled,c1_0.image,c1_0.level,c1_0.name,c1_0.tenant_id from categories c1_0 where c1_0.parent_id=? order by c1_0.name
2026-01-21T22:09:31.056+02:00 DEBUG 30912 --- [http-nio-744-exec-1] org.hibernate.SQL                        : select c1_0.parent_id,c1_0.id,c1_0.alias,c1_0.all_parent_ids,c1_0.enabled,c1_0.image,c1_0.level,c1_0.name,c1_0.tenant_id from categories c1_0 where c1_0.parent_id=? order by c1_0.name
2026-01-21T22:09:31.057+02:00 DEBUG 30912 --- [http-nio-744-exec-1] org.hibernate.SQL                        : select c1_0.parent_id,c1_0.id,c1_0.alias,c1_0.all_parent_ids,c1_0.enabled,c1_0.image,c1_0.level,c1_0.name,c1_0.tenant_id from categories c1_0 where c1_0.parent_id=? order by c1_0.name
2026-01-21T22:09:31.058+02:00 DEBUG 30912 --- [http-nio-744-exec-1] org.hibernate.SQL                        : select c1_0.parent_id,c1_0.id,c1_0.alias,c1_0.all_parent_ids,c1_0.enabled,c1_0.image,c1_0.level,c1_0.name,c1_0.tenant_id from categories c1_0 where c1_0.parent_id=? order by c1_0.name
2026-01-21T22:09:31.059+02:00 DEBUG 30912 --- [http-nio-744-exec-1] org.hibernate.SQL                        : select c1_0.parent_id,c1_0.id,c1_0.alias,c1_0.all_parent_ids,c1_0.enabled,c1_0.image,c1_0.level,c1_0.name,c1_0.tenant_id from categories c1_0 where c1_0.parent_id=? order by c1_0.name
2026-01-21T22:09:31.061+02:00 DEBUG 30912 --- [http-nio-744-exec-1] org.hibernate.SQL                        : select c1_0.parent_id,c1_0.id,c1_0.alias,c1_0.all_parent_ids,c1_0.enabled,c1_0.image,c1_0.level,c1_0.name,c1_0.tenant_id from categories c1_0 where c1_0.parent_id=? order by c1_0.name
2026-01-21T22:09:31.063+02:00 DEBUG 30912 --- [http-nio-744-exec-1] org.hibernate.SQL                        : select c1_0.parent_id,c1_0.id,c1_0.alias,c1_0.all_parent_ids,c1_0.enabled,c1_0.image,c1_0.level,c1_0.name,c1_0.tenant_id from categories c1_0 where c1_0.parent_id=? order by c1_0.name
2026-01-21T22:09:31.065+02:00 DEBUG 30912 --- [http-nio-744-exec-1] org.hibernate.SQL                        : select c1_0.parent_id,c1_0.id,c1_0.alias,c1_0.all_parent_ids,c1_0.enabled,c1_0.image,c1_0.level,c1_0.name,c1_0.tenant_id from categories c1_0 where c1_0.parent_id=? order by c1_0.name
2026-01-21T22:09:31.066+02:00 DEBUG 30912 --- [http-nio-744-exec-1] org.hibernate.SQL                        : select c1_0.parent_id,c1_0.id,c1_0.alias,c1_0.all_parent_ids,c1_0.enabled,c1_0.image,c1_0.level,c1_0.name,c1_0.tenant_id from categories c1_0 where c1_0.parent_id=? order by c1_0.name
2026-01-21T22:09:31.066+02:00 DEBUG 30912 --- [http-nio-744-exec-1] org.hibernate.SQL                        : select c1_0.parent_id,c1_0.id,c1_0.alias,c1_0.all_parent_ids,c1_0.enabled,c1_0.image,c1_0.level,c1_0.name,c1_0.tenant_id from categories c1_0 where c1_0.parent_id=? order by c1_0.name
2026-01-21T22:09:31.581+02:00 DEBUG 30912 --- [http-nio-744-exec-2] c.o.a.s.tenant.TenantFilterAspect        : 🛡️ [TenantFilterAspect] Enforced Filter for TenantID: 4
2026-01-21T22:09:31.582+02:00 DEBUG 30912 --- [http-nio-744-exec-2] org.hibernate.SQL                        : select s1_0.id,s1_0.category,s1_0.`key`,s1_0.tenant_id,s1_0.value from settings s1_0 where (s1_0.tenant_id = ? or s1_0.tenant_id = 0 or s1_0.tenant_id is null) and s1_0.tenant_id = ? and s1_0.category=?
2026-01-21T22:09:44.639+02:00 DEBUG 30912 --- [http-nio-744-exec-5] c.o.a.s.tenant.TenantFilterAspect        : 🛡️ [TenantFilterAspect] Enforced Filter for TenantID: 4
2026-01-21T22:09:44.641+02:00 DEBUG 30912 --- [http-nio-744-exec-5] org.hibernate.SQL                        : select r1_0.id,r1_0.earning_rate,r1_0.min_points_to_redeem,r1_0.point_expiry_days,r1_0.redeem_rate,r1_0.review_points,r1_0.sign_up_points,r1_0.tenant_id from reward_settings r1_0 where r1_0.tenant_id = ? and r1_0.tenant_id = ?
2026-01-21T22:09:44.814+02:00 DEBUG 30912 --- [http-nio-744-exec-4] c.o.a.s.tenant.TenantFilterAspect        : 🛡️ [TenantFilterAspect] Enforced Filter for TenantID: 4
2026-01-21T22:09:44.815+02:00 DEBUG 30912 --- [http-nio-744-exec-4] org.hibernate.SQL                        : select s1_0.id,s1_0.category,s1_0.`key`,s1_0.tenant_id,s1_0.value from settings s1_0 where (s1_0.tenant_id = ? or s1_0.tenant_id = 0 or s1_0.tenant_id is null) and s1_0.tenant_id = ? and s1_0.category=?
2026-01-21T22:12:27.899+02:00 DEBUG 30912 --- [http-nio-744-exec-3] c.o.a.s.tenant.TenantFilterAspect        : 🛡️ [TenantFilterAspect] Enforced Filter for TenantID: 4
2026-01-21T22:12:27.903+02:00 DEBUG 30912 --- [http-nio-744-exec-3] org.hibernate.SQL                        : select u1_0.id,u1_0.email,u1_0.enabled,u1_0.first_name,u1_0.last_login_time,u1_0.last_name,u1_0.password,u1_0.photos,u1_0.tenant_id,u1_0.user_bio from `'user'` u1_0 where u1_0.tenant_id = ? and u1_0.tenant_id = ? order by u1_0.first_name limit ?,?
2026-01-21T22:12:27.905+02:00 DEBUG 30912 --- [http-nio-744-exec-3] org.hibernate.SQL                        : select r1_0.user_id,r1_1.id,r1_1.all_parent_ids,r1_1.descrption,r1_1.name,r1_1.parent_id from user_roles r1_0 join role r1_1 on r1_1.id=r1_0.role_id where r1_0.user_id=?
2026-01-21T22:12:27.907+02:00 DEBUG 30912 --- [http-nio-744-exec-3] org.hibernate.SQL                        : select r1_0.user_id,r1_1.id,r1_1.all_parent_ids,r1_1.descrption,r1_1.name,r1_1.parent_id from user_roles r1_0 join role r1_1 on r1_1.id=r1_0.role_id where r1_0.user_id=?
2026-01-21T22:12:27.909+02:00 DEBUG 30912 --- [http-nio-744-exec-3] org.hibernate.SQL                        : select r1_0.user_id,r1_1.id,r1_1.all_parent_ids,r1_1.descrption,r1_1.name,r1_1.parent_id from user_roles r1_0 join role r1_1 on r1_1.id=r1_0.role_id where r1_0.user_id=?
2026-01-21T22:12:27.910+02:00 DEBUG 30912 --- [http-nio-744-exec-3] org.hibernate.SQL                        : select r1_0.user_id,r1_1.id,r1_1.all_parent_ids,r1_1.descrption,r1_1.name,r1_1.parent_id from user_roles r1_0 join role r1_1 on r1_1.id=r1_0.role_id where r1_0.user_id=?
2026-01-21T22:12:27.912+02:00 DEBUG 30912 --- [http-nio-744-exec-3] org.hibernate.SQL                        : select r1_0.user_id,r1_1.id,r1_1.all_parent_ids,r1_1.descrption,r1_1.name,r1_1.parent_id from user_roles r1_0 join role r1_1 on r1_1.id=r1_0.role_id where r1_0.user_id=?
2026-01-21T22:12:27.916+02:00 DEBUG 30912 --- [http-nio-744-exec-3] org.hibernate.SQL                        : select count(u1_0.id) from `'user'` u1_0 where u1_0.tenant_id = ? and u1_0.tenant_id = ?
2026-01-21T22:12:28.171+02:00 DEBUG 30912 --- [http-nio-744-exec-6] c.o.a.s.tenant.TenantFilterAspect        : 🛡️ [TenantFilterAspect] Enforced Filter for TenantID: 4
2026-01-21T22:12:28.172+02:00  WARN 30912 --- [http-nio-744-exec-3] o.h.c.spi.AbstractPersistentCollection   : HHH000506: Detaching an uninitialized collection with enabled filters from a session: [com.onlineStoreCom.entity.users.Role.children#5]
2026-01-21T22:12:28.172+02:00  WARN 30912 --- [http-nio-744-exec-3] o.h.c.spi.AbstractPersistentCollection   : HHH000506: Detaching an uninitialized collection with enabled filters from a session: [com.onlineStoreCom.entity.users.Role.children#1]
2026-01-21T22:12:28.172+02:00  WARN 30912 --- [http-nio-744-exec-3] o.h.c.spi.AbstractPersistentCollection   : HHH000506: Detaching an uninitialized collection with enabled filters from a session: [com.onlineStoreCom.entity.users.Role.children#3]
2026-01-21T22:12:28.172+02:00  WARN 30912 --- [http-nio-744-exec-3] o.h.c.spi.AbstractPersistentCollection   : HHH000506: Detaching an uninitialized collection with enabled filters from a session: [com.onlineStoreCom.entity.users.Role.children#4]
2026-01-21T22:12:28.175+02:00 DEBUG 30912 --- [http-nio-744-exec-6] org.hibernate.SQL                        : select s1_0.id,s1_0.category,s1_0.`key`,s1_0.tenant_id,s1_0.value from settings s1_0 where (s1_0.tenant_id = ? or s1_0.tenant_id = 0 or s1_0.tenant_id is null) and s1_0.tenant_id = ? and s1_0.category=?
2026-01-21T22:12:29.616+02:00 DEBUG 30912 --- [http-nio-744-exec-3] c.o.a.s.tenant.TenantFilterAspect        : 🛡️ [TenantFilterAspect] Enforced Filter for TenantID: 4
2026-01-21T22:12:29.632+02:00 DEBUG 30912 --- [http-nio-744-exec-3] org.hibernate.SQL                        : select c1_0.id,c1_0.address_line_1,c1_0.address_line_2,c1_0.authentication_type,c1_0.city,c1_0.country_id,c1_0.created_time,c1_0.email,c1_0.enabled,c1_0.first_name,c1_0.image,c1_0.last_login_time,c1_0.last_name,c1_0.password,c1_0.phone_number,c1_0.points_balance,c1_0.postal_code,c1_0.rest_password_token,c1_0.state,c1_0.tenant_id,c1_0.verification_code from customers c1_0 where c1_0.tenant_id = ? and c1_0.tenant_id = ? order by c1_0.first_name limit ?,?
2026-01-21T22:12:29.640+02:00 DEBUG 30912 --- [http-nio-744-exec-3] org.hibernate.SQL                        : select c1_0.id,c1_0.code,c1_0.name from countries c1_0 where c1_0.id=?
2026-01-21T22:12:29.648+02:00 DEBUG 30912 --- [http-nio-744-exec-3] org.hibernate.SQL                        : select c1_0.id,c1_0.code,c1_0.name from countries c1_0 where c1_0.id=?
2026-01-21T22:12:29.651+02:00 DEBUG 30912 --- [http-nio-744-exec-3] org.hibernate.SQL                        : select c1_0.id,c1_0.code,c1_0.name from countries c1_0 where c1_0.id=?
2026-01-21T22:12:29.667+02:00 DEBUG 30912 --- [http-nio-744-exec-3] org.hibernate.SQL                        : select count(c1_0.id) from customers c1_0 where c1_0.tenant_id = ? and c1_0.tenant_id = ?
2026-01-21T22:12:30.187+02:00 DEBUG 30912 --- [http-nio-744-exec-7] c.o.a.s.tenant.TenantFilterAspect        : 🛡️ [TenantFilterAspect] Enforced Filter for TenantID: 4
2026-01-21T22:12:30.189+02:00 DEBUG 30912 --- [http-nio-744-exec-7] org.hibernate.SQL                        : select s1_0.id,s1_0.category,s1_0.`key`,s1_0.tenant_id,s1_0.value from settings s1_0 where (s1_0.tenant_id = ? or s1_0.tenant_id = 0 or s1_0.tenant_id is null) and s1_0.tenant_id = ? and s1_0.category=?
2026-01-21T22:12:30.212+02:00  WARN 30912 --- [http-nio-744-exec-3] o.h.c.spi.AbstractPersistentCollection   : HHH000506: Detaching an uninitialized collection with enabled filters from a session: [com.onlineStoreCom.entity.customer.Customer.cartItems#10]
2026-01-21T22:12:30.212+02:00  WARN 30912 --- [http-nio-744-exec-3] o.h.c.spi.AbstractPersistentCollection   : HHH000506: Detaching an uninitialized collection with enabled filters from a session: [com.onlineStoreCom.entity.setting.state.Country.Country.customers#106]
2026-01-21T22:12:30.213+02:00  WARN 30912 --- [http-nio-744-exec-3] o.h.c.spi.AbstractPersistentCollection   : HHH000506: Detaching an uninitialized collection with enabled filters from a session: [com.onlineStoreCom.entity.setting.state.Country.Country.states#106]
2026-01-21T22:12:30.213+02:00  WARN 30912 --- [http-nio-744-exec-3] o.h.c.spi.AbstractPersistentCollection   : HHH000506: Detaching an uninitialized collection with enabled filters from a session: [com.onlineStoreCom.entity.customer.Customer.cartItems#7]
2026-01-21T22:12:30.213+02:00  WARN 30912 --- [http-nio-744-exec-3] o.h.c.spi.AbstractPersistentCollection   : HHH000506: Detaching an uninitialized collection with enabled filters from a session: [com.onlineStoreCom.entity.setting.state.Country.Country.customers#78]
2026-01-21T22:12:30.213+02:00  WARN 30912 --- [http-nio-744-exec-3] o.h.c.spi.AbstractPersistentCollection   : HHH000506: Detaching an uninitialized collection with enabled filters from a session: [com.onlineStoreCom.entity.setting.state.Country.Country.states#78]
2026-01-21T22:12:30.213+02:00  WARN 30912 --- [http-nio-744-exec-3] o.h.c.spi.AbstractPersistentCollection   : HHH000506: Detaching an uninitialized collection with enabled filters from a session: [com.onlineStoreCom.entity.customer.Customer.cartItems#18]
2026-01-21T22:12:30.213+02:00  WARN 30912 --- [http-nio-744-exec-3] o.h.c.spi.AbstractPersistentCollection   : HHH000506: Detaching an uninitialized collection with enabled filters from a session: [com.onlineStoreCom.entity.setting.state.Country.Country.customers#234]
2026-01-21T22:12:30.213+02:00  WARN 30912 --- [http-nio-744-exec-3] o.h.c.spi.AbstractPersistentCollection   : HHH000506: Detaching an uninitialized collection with enabled filters from a session: [com.onlineStoreCom.entity.setting.state.Country.Country.states#234]
2026-01-21T22:12:30.213+02:00  WARN 30912 --- [http-nio-744-exec-3] o.h.c.spi.AbstractPersistentCollection   : HHH000506: Detaching an uninitialized collection with enabled filters from a session: [com.onlineStoreCom.entity.customer.Customer.cartItems#41]
2026-01-21T22:12:30.213+02:00  WARN 30912 --- [http-nio-744-exec-3] o.h.c.spi.AbstractPersistentCollection   : HHH000506: Detaching an uninitialized collection with enabled filters from a session: [com.onlineStoreCom.entity.customer.Customer.cartItems#15]
2026-01-21T23:57:03.041+02:00  INFO 11604 --- [main] c.o.admin.seeding.SaaSWeaverTest         : Starting SaaSWeaverTest using Java 19.0.1 with PID 11604 (started by enoam in E:\onlineStore_Active\webParentVer2\WebBackEndVer2)
2026-01-21T23:57:03.065+02:00  INFO 11604 --- [main] c.o.admin.seeding.SaaSWeaverTest         : No active profile set, falling back to 1 default profile: "default"
2026-01-21T23:57:05.549+02:00  INFO 11604 --- [main] .s.d.r.c.RepositoryConfigurationDelegate : Bootstrapping Spring Data JPA repositories in DEFAULT mode.
2026-01-21T23:57:05.970+02:00  INFO 11604 --- [main] .s.d.r.c.RepositoryConfigurationDelegate : Finished Spring Data repository scanning in 401 ms. Found 27 JPA repository interfaces.
2026-01-21T23:57:08.862+02:00  INFO 11604 --- [main] o.hibernate.jpa.internal.util.LogHelper  : HHH000204: Processing PersistenceUnitInfo [name: default]
2026-01-21T23:57:09.204+02:00  INFO 11604 --- [main] org.hibernate.Version                    : HHH000412: Hibernate ORM core version 6.2.9.Final
2026-01-21T23:57:09.210+02:00  INFO 11604 --- [main] org.hibernate.cfg.Environment            : HHH000406: Using bytecode reflection optimizer
2026-01-21T23:57:09.992+02:00  INFO 11604 --- [main] o.h.b.i.BytecodeProviderInitiator        : HHH000021: Bytecode provider name : bytebuddy
2026-01-21T23:57:10.288+02:00  INFO 11604 --- [main] o.s.o.j.p.SpringPersistenceUnitInfo      : No LoadTimeWeaver setup: ignoring JPA class transformer
2026-01-21T23:57:10.331+02:00  INFO 11604 --- [main] com.zaxxer.hikari.HikariDataSource       : HikariPool-1 - Starting...
2026-01-21T23:57:11.225+02:00  INFO 11604 --- [main] com.zaxxer.hikari.pool.HikariPool        : HikariPool-1 - Added connection com.mysql.cj.jdbc.ConnectionImpl@59278072
2026-01-21T23:57:11.229+02:00  INFO 11604 --- [main] com.zaxxer.hikari.HikariDataSource       : HikariPool-1 - Start completed.
2026-01-21T23:57:12.243+02:00  INFO 11604 --- [main] o.h.b.i.BytecodeProviderInitiator        : HHH000021: Bytecode provider name : bytebuddy
2026-01-21T23:57:14.649+02:00  INFO 11604 --- [main] o.h.e.t.j.p.i.JtaPlatformInitiator       : HHH000490: Using JtaPlatform implementation: [org.hibernate.engine.transaction.jta.platform.internal.NoJtaPlatform]
2026-01-21T23:57:14.854+02:00 DEBUG 11604 --- [main] org.hibernate.SQL                        : create table user_tenants (id bigint not null auto_increment, tenant_id bigint not null, user_id integer not null, primary key (id)) engine=InnoDB
2026-01-21T23:57:14.980+02:00 DEBUG 11604 --- [main] org.hibernate.SQL                        : alter table user_tenants drop index UKa96euueerkb9yjo5b9l7sdagw
2026-01-21T23:57:15.009+02:00 DEBUG 11604 --- [main] org.hibernate.SQL                        : alter table user_tenants add constraint UKa96euueerkb9yjo5b9l7sdagw unique (user_id, tenant_id)
2026-01-21T23:57:15.719+02:00 DEBUG 11604 --- [main] org.hibernate.SQL                        : alter table user_tenants add constraint FKguy5dcg0rlgcdp20f0pkyadnr foreign key (tenant_id) references tenants (id)
2026-01-21T23:57:15.946+02:00 DEBUG 11604 --- [main] org.hibernate.SQL                        : alter table user_tenants add constraint FK9nh1vjjv42rsm6j2f6s5484dp foreign key (user_id) references `'user'` (id)
2026-01-21T23:57:16.087+02:00  INFO 11604 --- [main] j.LocalContainerEntityManagerFactoryBean : Initialized JPA EntityManagerFactory for persistence unit 'default'
2026-01-21T23:57:17.207+02:00  INFO 11604 --- [main] o.s.d.j.r.query.QueryEnhancerFactory     : Hibernate is in classpath; If applicable, HQL parser will be used.
2026-01-21T23:57:22.647+02:00  INFO 11604 --- [main] c.o.a.g.watchdog.FileSystemMonitor       : Watchdog: Registered monitor for tenants
2026-01-21T23:57:22.649+02:00  INFO 11604 --- [main] c.o.a.g.watchdog.FileSystemMonitor       : Watchdog: Registered monitor for .
2026-01-21T23:57:22.651+02:00  INFO 11604 --- [Architecture-Watchdog-Thread] c.o.a.g.watchdog.FileSystemMonitor       : Watchdog: FileSystemMonitor thread started.
2026-01-21T23:57:27.914+02:00  WARN 11604 --- [main] JpaBaseConfiguration$JpaWebConfiguration : spring.jpa.open-in-view is enabled by default. Therefore, database queries may be performed during view rendering. Explicitly configure spring.jpa.open-in-view to disable this warning
2026-01-21T23:57:30.355+02:00  INFO 11604 --- [main] o.s.s.web.DefaultSecurityFilterChain     : Will secure any request with [org.springframework.security.web.session.DisableEncodeUrlFilter@702d5e75, org.springframework.security.web.context.request.async.WebAsyncManagerIntegrationFilter@4f8f7314, org.springframework.security.web.context.SecurityContextHolderFilter@32e0e20b, org.springframework.security.web.header.HeaderWriterFilter@50a526e2, org.springframework.security.web.csrf.CsrfFilter@4f21e216, org.springframework.security.web.authentication.logout.LogoutFilter@5ad73a95, com.onlineStoreCom.security.tenant.TenantContextFilter@39b8363b, org.springframework.security.web.authentication.UsernamePasswordAuthenticationFilter@64eb6eda, org.springframework.security.web.savedrequest.RequestCacheAwareFilter@45e0589, org.springframework.security.web.servletapi.SecurityContextHolderAwareRequestFilter@2960f500, org.springframework.security.web.authentication.rememberme.RememberMeAuthenticationFilter@5cbe7bb8, org.springframework.security.web.authentication.AnonymousAuthenticationFilter@228af76e, org.springframework.security.web.access.ExceptionTranslationFilter@775c8e2b, org.springframework.security.web.access.intercept.AuthorizationFilter@2f5d95b]
2026-01-21T23:57:37.444+02:00  INFO 11604 --- [main] o.s.b.a.e.web.EndpointLinksResolver      : Exposing 5 endpoint(s) beneath base path '/actuator'
2026-01-21T23:57:37.701+02:00  INFO 11604 --- [main] c.o.admin.seeding.SaaSWeaverTest         : Started SaaSWeaverTest in 35.474 seconds (process running for 37.906)
2026-01-21T23:57:37.956+02:00  INFO 11604 --- [main] c.o.admin.CorrectTenant0To4Data          : ================================================================================
2026-01-21T23:57:37.957+02:00  INFO 11604 --- [main] c.o.admin.CorrectTenant0To4Data          : 🔧 MIGRATING DATA: TENANT 0 -> TENANT 4 (SKIPPED FOR ASSET MIGRATION)
2026-01-21T23:57:37.957+02:00  INFO 11604 --- [main] c.o.admin.CorrectTenant0To4Data          : ================================================================================
2026-01-21T23:57:37.966+02:00  INFO 11604 --- [main] c.onlineStore.admin.CorrectTenant4Data   : ================================================================================
2026-01-21T23:57:37.967+02:00  INFO 11604 --- [main] c.onlineStore.admin.CorrectTenant4Data   : 🔧 FIXING TENANT 4 DATA MIGRATION
2026-01-21T23:57:37.967+02:00  INFO 11604 --- [main] c.onlineStore.admin.CorrectTenant4Data   : ================================================================================
2026-01-21T23:57:38.021+02:00 DEBUG 11604 --- [main] org.hibernate.SQL                        : UPDATE categories SET tenant_id = 4 WHERE tenant_id = 1
2026-01-21T23:57:38.033+02:00  INFO 11604 --- [main] c.onlineStore.admin.CorrectTenant4Data   : ✅ Fixed 0 categories: tenant_id 1 → 4
2026-01-21T23:57:38.034+02:00 DEBUG 11604 --- [main] org.hibernate.SQL                        : UPDATE brands SET tenant_id = 4 WHERE tenant_id = 1
2026-01-21T23:57:38.037+02:00  INFO 11604 --- [main] c.onlineStore.admin.CorrectTenant4Data   : ✅ Fixed 0 brands: tenant_id 1 → 4
2026-01-21T23:57:38.039+02:00 DEBUG 11604 --- [main] org.hibernate.SQL                        : UPDATE products SET tenant_id = 4 WHERE tenant_id = 1
2026-01-21T23:57:38.045+02:00  INFO 11604 --- [main] c.onlineStore.admin.CorrectTenant4Data   : ✅ Fixed 0 products: tenant_id 1 → 4
2026-01-21T23:57:38.046+02:00 DEBUG 11604 --- [main] org.hibernate.SQL                        :     DELETE FROM settings
    WHERE tenant_id = 1
    AND `key` IN (
        SELECT `key` FROM (
            SELECT `key` FROM settings WHERE tenant_id = 4
        ) as temp
    )

2026-01-21T23:57:38.060+02:00  INFO 11604 --- [main] c.onlineStore.admin.CorrectTenant4Data   : ⚠️ Deleted 0 duplicate settings from Tenant 1
2026-01-21T23:57:38.063+02:00 DEBUG 11604 --- [main] org.hibernate.SQL                        : UPDATE settings SET tenant_id = 4 WHERE tenant_id = 1
2026-01-21T23:57:38.066+02:00  INFO 11604 --- [main] c.onlineStore.admin.CorrectTenant4Data   : ✅ Fixed 0 settings: tenant_id 1 → 4
2026-01-21T23:57:38.067+02:00 DEBUG 11604 --- [main] org.hibernate.SQL                        : UPDATE customers SET tenant_id = 4 WHERE tenant_id = 1
2026-01-21T23:57:38.072+02:00  INFO 11604 --- [main] c.onlineStore.admin.CorrectTenant4Data   : ✅ Fixed 0 customers: tenant_id 1 → 4
2026-01-21T23:57:38.073+02:00 DEBUG 11604 --- [main] org.hibernate.SQL                        : UPDATE orders SET tenant_id = 4 WHERE tenant_id = 1
2026-01-21T23:57:38.078+02:00  INFO 11604 --- [main] c.onlineStore.admin.CorrectTenant4Data   : ✅ Fixed 0 orders: tenant_id 1 → 4
2026-01-21T23:57:38.079+02:00 DEBUG 11604 --- [main] org.hibernate.SQL                        : UPDATE reviews SET tenant_id = 4 WHERE tenant_id = 1
2026-01-21T23:57:38.081+02:00  INFO 11604 --- [main] c.onlineStore.admin.CorrectTenant4Data   : ✅ Fixed 0 reviews: tenant_id 1 → 4
2026-01-21T23:57:38.082+02:00 DEBUG 11604 --- [main] org.hibernate.SQL                        : UPDATE articles SET tenant_id = 4 WHERE tenant_id = 1
2026-01-21T23:57:38.087+02:00 DEBUG 11604 --- [main] org.hibernate.SQL                        : UPDATE menus SET tenant_id = 4 WHERE tenant_id = 1
2026-01-21T23:57:38.091+02:00 DEBUG 11604 --- [main] org.hibernate.SQL                        : UPDATE sections SET tenant_id = 4 WHERE tenant_id = 1
2026-01-21T23:57:38.093+02:00  INFO 11604 --- [main] c.onlineStore.admin.CorrectTenant4Data   : ✅ Fixed Content: 0 articles, 0 menus, 0 sections
2026-01-21T23:57:38.146+02:00 DEBUG 11604 --- [main] org.hibernate.SQL                        :     SELECT COUNT(*) FROM brands_categories bc
    JOIN brands b ON bc.brand_id = b.id
    JOIN categories c ON bc.category_id = c.id
    WHERE b.tenant_id = 4 AND c.tenant_id = 1

2026-01-21T23:57:38.213+02:00  INFO 11604 --- [main] c.onlineStore.admin.CorrectTenant4Data   : 📊 Remaining cross-tenant refs (Tenant 4 brands → Tenant 1 categories): 0
2026-01-21T23:57:38.213+02:00  INFO 11604 --- [main] c.onlineStore.admin.CorrectTenant4Data   : ✅ ALL CROSS-TENANT REFERENCES RESOLVED!
2026-01-21T23:57:38.213+02:00  INFO 11604 --- [main] c.onlineStore.admin.CorrectTenant4Data   : ================================================================================
2026-01-21T23:57:38.217+02:00 DEBUG 11604 --- [main] org.hibernate.SQL                        :     SELECT c.id, c.tenant_id, p.id, p.tenant_id
    FROM categories c
    JOIN categories p ON c.parent_id = p.id
    WHERE c.tenant_id != p.tenant_id

2026-01-21T23:57:38.222+02:00 DEBUG 11604 --- [main] org.hibernate.SQL                        :     SELECT p.id, p.tenant_id, c.id, c.tenant_id
    FROM products p
    JOIN categories c ON p.category_id = c.id
    WHERE p.tenant_id != c.tenant_id

2026-01-21T23:57:38.225+02:00 DEBUG 11604 --- [main] org.hibernate.SQL                        :     SELECT p.id, p.tenant_id, b.id, b.tenant_id
    FROM products p
    JOIN brands b ON p.brand_id = b.id
    WHERE p.tenant_id != b.tenant_id

2026-01-21T23:57:38.230+02:00 DEBUG 11604 --- [main] org.hibernate.SQL                        :     DELETE bc FROM brands_categories bc
    JOIN brands b ON bc.brand_id = b.id
    JOIN categories c ON bc.category_id = c.id
    WHERE b.tenant_id != c.tenant_id

2026-01-21T23:57:38.234+02:00 DEBUG 11604 --- [main] org.hibernate.SQL                        :     SELECT o.id, o.tenant_id, c.id, c.tenant_id
    FROM orders o
    JOIN customers c ON o.customer_id = c.id
    WHERE o.tenant_id != c.tenant_id

2026-01-21T23:57:38.239+02:00 DEBUG 11604 --- [main] org.hibernate.SQL                        :     SELECT od.id, o.tenant_id, p.id, p.tenant_id
    FROM order_details od
    JOIN orders o ON od.order_id = o.id
    JOIN products p ON od.product_id = p.id
    WHERE o.tenant_id != p.tenant_id

2026-01-21T23:57:38.260+02:00 DEBUG 11604 --- [main] org.hibernate.SQL                        : SELECT COUNT(*) FROM categories WHERE tenant_id = 4
2026-01-21T23:57:38.263+02:00 DEBUG 11604 --- [main] org.hibernate.SQL                        : SELECT COUNT(*) FROM categories WHERE tenant_id = 5
2026-01-21T23:57:38.265+02:00 DEBUG 11604 --- [main] org.hibernate.SQL                        : SELECT COUNT(*) FROM brands WHERE tenant_id = 4
2026-01-21T23:57:38.269+02:00 DEBUG 11604 --- [main] org.hibernate.SQL                        : SELECT COUNT(*) FROM brands WHERE tenant_id = 5
2026-01-21T23:57:38.272+02:00 DEBUG 11604 --- [main] org.hibernate.SQL                        : SELECT COUNT(*) FROM products WHERE tenant_id = 4
2026-01-21T23:57:38.275+02:00 DEBUG 11604 --- [main] org.hibernate.SQL                        : SELECT COUNT(*) FROM products WHERE tenant_id = 5
2026-01-21T23:57:38.279+02:00 DEBUG 11604 --- [main] org.hibernate.SQL                        :     SELECT c.id, c.name, c.tenant_id, p.id, p.name, p.tenant_id
    FROM categories c
    JOIN categories p ON c.parent_id = p.id
    WHERE c.tenant_id = 4 AND p.tenant_id = 5

2026-01-21T23:57:38.283+02:00 DEBUG 11604 --- [main] org.hibernate.SQL                        :     SELECT bc.brand_id, b.name, b.tenant_id, bc.category_id, c.name, c.tenant_id
    FROM brands_categories bc
    JOIN brands b ON bc.brand_id = b.id
    JOIN categories c ON bc.category_id = c.id
    WHERE b.tenant_id = 4 AND c.tenant_id = 5

2026-01-21T23:57:38.285+02:00 DEBUG 11604 --- [main] org.hibernate.SQL                        :     SELECT p.id, p.name, p.tenant_id, p.category_id, c.name, c.tenant_id
    FROM products p
    JOIN categories c ON p.category_id = c.id
    WHERE p.tenant_id = 4 AND c.tenant_id = 5

2026-01-21T23:57:38.289+02:00 DEBUG 11604 --- [main] org.hibernate.SQL                        :     SELECT p.id, p.name, p.tenant_id, p.brand_id, b.name, b.tenant_id
    FROM products p
    JOIN brands b ON p.brand_id = b.id
    WHERE p.tenant_id = 4 AND b.tenant_id = 5

2026-01-21T23:57:38.293+02:00 DEBUG 11604 --- [main] org.hibernate.SQL                        :     SELECT bc.brand_id, b.name, b.tenant_id, bc.category_id, c.name, c.tenant_id
    FROM brands_categories bc
    JOIN brands b ON bc.brand_id = b.id
    JOIN categories c ON bc.category_id = c.id
    WHERE b.tenant_id = 5 AND c.tenant_id = 4

2026-01-21T23:57:38.301+02:00 DEBUG 11604 --- [main] org.hibernate.SQL                        :     SELECT c.id, c.name, c.tenant_id AS child_tenant,
           p.id AS parent_id, p.name AS parent_name, p.tenant_id AS parent_tenant
    FROM categories c
    JOIN categories p ON c.parent_id = p.id
    WHERE c.tenant_id != p.tenant_id
    ORDER BY c.tenant_id, p.tenant_id

2026-01-21T23:57:38.305+02:00 DEBUG 11604 --- [main] org.hibernate.SQL                        :     SELECT c.id, c.name, p.id, p.name, p.tenant_id
    FROM categories c
    JOIN categories p ON c.parent_id = p.id
    WHERE c.tenant_id = 4 AND c.tenant_id != p.tenant_id

2026-01-21T23:57:38.308+02:00 DEBUG 11604 --- [main] org.hibernate.SQL                        :     SELECT c.id, c.name, c.tenant_id, c.parent_id
    FROM categories c
    WHERE c.parent_id IS NOT NULL
    AND c.parent_id NOT IN (SELECT id FROM categories)

2026-01-21T23:57:38.316+02:00  INFO 11604 --- [main] c.onlineStore.admin.MigrationVerifier    : 🕵️ STARTING MIGRATION VERIFICATION 🕵️
2026-01-21T23:57:38.318+02:00 DEBUG 11604 --- [main] org.hibernate.SQL                        : SELECT COUNT(*) FROM products WHERE tenant_id = 1
2026-01-21T23:57:38.320+02:00 DEBUG 11604 --- [main] org.hibernate.SQL                        : SELECT COUNT(*) FROM products WHERE tenant_id = 4
2026-01-21T23:57:38.324+02:00  INFO 11604 --- [main] c.onlineStore.admin.MigrationVerifier    : [products       ] Tenant 1: 0 | Tenant 4: 108 | Status: ✅ Clean
2026-01-21T23:57:38.325+02:00 DEBUG 11604 --- [main] org.hibernate.SQL                        : SELECT COUNT(*) FROM categories WHERE tenant_id = 1
2026-01-21T23:57:38.328+02:00 DEBUG 11604 --- [main] org.hibernate.SQL                        : SELECT COUNT(*) FROM categories WHERE tenant_id = 4
2026-01-21T23:57:38.330+02:00  INFO 11604 --- [main] c.onlineStore.admin.MigrationVerifier    : [categories     ] Tenant 1: 0 | Tenant 4: 34 | Status: ✅ Clean
2026-01-21T23:57:38.331+02:00 DEBUG 11604 --- [main] org.hibernate.SQL                        : SELECT COUNT(*) FROM brands WHERE tenant_id = 1
2026-01-21T23:57:38.334+02:00 DEBUG 11604 --- [main] org.hibernate.SQL                        : SELECT COUNT(*) FROM brands WHERE tenant_id = 4
2026-01-21T23:57:38.336+02:00  INFO 11604 --- [main] c.onlineStore.admin.MigrationVerifier    : [brands         ] Tenant 1: 0 | Tenant 4: 77 | Status: ✅ Clean
2026-01-21T23:57:38.337+02:00 DEBUG 11604 --- [main] org.hibernate.SQL                        : SELECT COUNT(*) FROM customers WHERE tenant_id = 1
2026-01-21T23:57:38.339+02:00 DEBUG 11604 --- [main] org.hibernate.SQL                        : SELECT COUNT(*) FROM customers WHERE tenant_id = 4
2026-01-21T23:57:38.342+02:00  INFO 11604 --- [main] c.onlineStore.admin.MigrationVerifier    : [customers      ] Tenant 1: 0 | Tenant 4: 43 | Status: ✅ Clean
2026-01-21T23:57:38.342+02:00 DEBUG 11604 --- [main] org.hibernate.SQL                        : SELECT COUNT(*) FROM orders WHERE tenant_id = 1
2026-01-21T23:57:38.345+02:00 DEBUG 11604 --- [main] org.hibernate.SQL                        : SELECT COUNT(*) FROM orders WHERE tenant_id = 4
2026-01-21T23:57:38.348+02:00  INFO 11604 --- [main] c.onlineStore.admin.MigrationVerifier    : [orders         ] Tenant 1: 0 | Tenant 4: 160 | Status: ✅ Clean
2026-01-21T23:57:38.348+02:00 DEBUG 11604 --- [main] org.hibernate.SQL                        : SELECT COUNT(*) FROM reviews WHERE tenant_id = 1
2026-01-21T23:57:38.351+02:00 DEBUG 11604 --- [main] org.hibernate.SQL                        : SELECT COUNT(*) FROM reviews WHERE tenant_id = 4
2026-01-21T23:57:38.353+02:00  INFO 11604 --- [main] c.onlineStore.admin.MigrationVerifier    : [reviews        ] Tenant 1: 0 | Tenant 4: 66 | Status: ✅ Clean
2026-01-21T23:57:38.354+02:00 DEBUG 11604 --- [main] org.hibernate.SQL                        : SELECT COUNT(*) FROM articles WHERE tenant_id = 1
2026-01-21T23:57:38.356+02:00 DEBUG 11604 --- [main] org.hibernate.SQL                        : SELECT COUNT(*) FROM articles WHERE tenant_id = 4
2026-01-21T23:57:38.359+02:00  INFO 11604 --- [main] c.onlineStore.admin.MigrationVerifier    : [articles       ] Tenant 1: 0 | Tenant 4: 9 | Status: ✅ Clean
2026-01-21T23:57:38.360+02:00 DEBUG 11604 --- [main] org.hibernate.SQL                        : SELECT COUNT(*) FROM menus WHERE tenant_id = 1
2026-01-21T23:57:38.362+02:00 DEBUG 11604 --- [main] org.hibernate.SQL                        : SELECT COUNT(*) FROM menus WHERE tenant_id = 4
2026-01-21T23:57:38.364+02:00  INFO 11604 --- [main] c.onlineStore.admin.MigrationVerifier    : [menus          ] Tenant 1: 0 | Tenant 4: 0 | Status: ✅ Clean
2026-01-21T23:57:38.365+02:00 DEBUG 11604 --- [main] org.hibernate.SQL                        : SELECT COUNT(*) FROM sections WHERE tenant_id = 1
2026-01-21T23:57:38.367+02:00 DEBUG 11604 --- [main] org.hibernate.SQL                        : SELECT COUNT(*) FROM sections WHERE tenant_id = 4
2026-01-21T23:57:38.369+02:00  INFO 11604 --- [main] c.onlineStore.admin.MigrationVerifier    : [sections       ] Tenant 1: 0 | Tenant 4: 0 | Status: ✅ Clean
2026-01-21T23:57:38.370+02:00 DEBUG 11604 --- [main] org.hibernate.SQL                        : SELECT COUNT(*) FROM settings WHERE tenant_id = 1
2026-01-21T23:57:38.372+02:00 DEBUG 11604 --- [main] org.hibernate.SQL                        : SELECT COUNT(*) FROM settings WHERE tenant_id = 4
2026-01-21T23:57:38.375+02:00  INFO 11604 --- [main] c.onlineStore.admin.MigrationVerifier    : [settings       ] Tenant 1: 0 | Tenant 4: 67 | Status: ✅ Clean
2026-01-21T23:57:38.404+02:00  INFO 11604 --- [main] c.onlineStore.admin.MigrationVerifier    : 🕵️ VERIFICATION COMPLETE. Check verification_result.txt 🕵️
2026-01-21T23:57:38.516+02:00 DEBUG 11604 --- [main] org.hibernate.SQL                        : select p1_0.id,p1_0.alias,p1_0.average_rating,p1_0.brand_id,p1_0.category_id,p1_0.cost,p1_0.created_time,p1_0.discount_percent,p1_0.enabled,p1_0.full_description,p1_0.height,p1_0.in_stock,p1_0.length,p1_0.main_image,p1_0.name,p1_0.price,p1_0.review_count,p1_0.short_description,p1_0.tenant_id,p1_0.updated_time,p1_0.weight,p1_0.width from products p1_0
2026-01-21T23:57:38.587+02:00 DEBUG 11604 --- [main] org.hibernate.SQL                        : select b1_0.id,b1_0.logo,b1_0.name,b1_0.tenant_id from brands b1_0 where b1_0.id=?
2026-01-21T23:57:38.595+02:00 DEBUG 11604 --- [main] org.hibernate.SQL                        : select c1_0.id,c1_0.alias,c1_0.all_parent_ids,c1_0.enabled,c1_0.image,c1_0.level,c1_0.name,c1_0.parent_id,c1_0.tenant_id from categories c1_0 where c1_0.id=?
2026-01-21T23:57:38.599+02:00 DEBUG 11604 --- [main] org.hibernate.SQL                        : select b1_0.id,b1_0.logo,b1_0.name,b1_0.tenant_id from brands b1_0 where b1_0.id=?
2026-01-21T23:57:38.604+02:00 DEBUG 11604 --- [main] org.hibernate.SQL                        : select b1_0.id,b1_0.logo,b1_0.name,b1_0.tenant_id from brands b1_0 where b1_0.id=?
2026-01-21T23:57:38.606+02:00 DEBUG 11604 --- [main] org.hibernate.SQL                        : select c1_0.id,c1_0.alias,c1_0.all_parent_ids,c1_0.enabled,c1_0.image,c1_0.level,c1_0.name,c1_0.parent_id,c1_0.tenant_id from categories c1_0 where c1_0.id=?
2026-01-21T23:57:38.610+02:00 DEBUG 11604 --- [main] org.hibernate.SQL                        : select b1_0.id,b1_0.logo,b1_0.name,b1_0.tenant_id from brands b1_0 where b1_0.id=?
2026-01-21T23:57:38.613+02:00 DEBUG 11604 --- [main] org.hibernate.SQL                        : select c1_0.id,c1_0.alias,c1_0.all_parent_ids,c1_0.enabled,c1_0.image,c1_0.level,c1_0.name,c1_0.parent_id,c1_0.tenant_id from categories c1_0 where c1_0.id=?
2026-01-21T23:57:38.630+02:00 DEBUG 11604 --- [main] org.hibernate.SQL                        : select b1_0.id,b1_0.logo,b1_0.name,b1_0.tenant_id from brands b1_0 where b1_0.id=?
2026-01-21T23:57:38.634+02:00 DEBUG 11604 --- [main] org.hibernate.SQL                        : select c1_0.id,c1_0.alias,c1_0.all_parent_ids,c1_0.enabled,c1_0.image,c1_0.level,c1_0.name,c1_0.parent_id,c1_0.tenant_id from categories c1_0 where c1_0.id=?
2026-01-21T23:57:38.639+02:00 DEBUG 11604 --- [main] org.hibernate.SQL                        : select b1_0.id,b1_0.logo,b1_0.name,b1_0.tenant_id from brands b1_0 where b1_0.id=?
2026-01-21T23:57:38.644+02:00 DEBUG 11604 --- [main] org.hibernate.SQL                        : select b1_0.id,b1_0.logo,b1_0.name,b1_0.tenant_id from brands b1_0 where b1_0.id=?
2026-01-21T23:57:38.647+02:00 DEBUG 11604 --- [main] org.hibernate.SQL                        : select b1_0.id,b1_0.logo,b1_0.name,b1_0.tenant_id from brands b1_0 where b1_0.id=?
2026-01-21T23:57:38.651+02:00 DEBUG 11604 --- [main] org.hibernate.SQL                        : select b1_0.id,b1_0.logo,b1_0.name,b1_0.tenant_id from brands b1_0 where b1_0.id=?
2026-01-21T23:57:38.654+02:00 DEBUG 11604 --- [main] org.hibernate.SQL                        : select c1_0.id,c1_0.alias,c1_0.all_parent_ids,c1_0.enabled,c1_0.image,c1_0.level,c1_0.name,c1_0.parent_id,c1_0.tenant_id from categories c1_0 where c1_0.id=?
2026-01-21T23:57:38.659+02:00 DEBUG 11604 --- [main] org.hibernate.SQL                        : select b1_0.id,b1_0.logo,b1_0.name,b1_0.tenant_id from brands b1_0 where b1_0.id=?
2026-01-21T23:57:38.662+02:00 DEBUG 11604 --- [main] org.hibernate.SQL                        : select c1_0.id,c1_0.alias,c1_0.all_parent_ids,c1_0.enabled,c1_0.image,c1_0.level,c1_0.name,c1_0.parent_id,c1_0.tenant_id from categories c1_0 where c1_0.id=?
2026-01-21T23:57:38.667+02:00 DEBUG 11604 --- [main] org.hibernate.SQL                        : select b1_0.id,b1_0.logo,b1_0.name,b1_0.tenant_id from brands b1_0 where b1_0.id=?
2026-01-21T23:57:38.670+02:00 DEBUG 11604 --- [main] org.hibernate.SQL                        : select b1_0.id,b1_0.logo,b1_0.name,b1_0.tenant_id from brands b1_0 where b1_0.id=?
2026-01-21T23:57:38.673+02:00 DEBUG 11604 --- [main] org.hibernate.SQL                        : select c1_0.id,c1_0.alias,c1_0.all_parent_ids,c1_0.enabled,c1_0.image,c1_0.level,c1_0.name,c1_0.parent_id,c1_0.tenant_id from categories c1_0 where c1_0.id=?
2026-01-21T23:57:38.677+02:00 DEBUG 11604 --- [main] org.hibernate.SQL                        : select b1_0.id,b1_0.logo,b1_0.name,b1_0.tenant_id from brands b1_0 where b1_0.id=?
2026-01-21T23:57:38.680+02:00 DEBUG 11604 --- [main] org.hibernate.SQL                        : select b1_0.id,b1_0.logo,b1_0.name,b1_0.tenant_id from brands b1_0 where b1_0.id=?
2026-01-21T23:57:38.683+02:00 DEBUG 11604 --- [main] org.hibernate.SQL                        : select b1_0.id,b1_0.logo,b1_0.name,b1_0.tenant_id from brands b1_0 where b1_0.id=?
2026-01-21T23:57:38.688+02:00 DEBUG 11604 --- [main] org.hibernate.SQL                        : select b1_0.id,b1_0.logo,b1_0.name,b1_0.tenant_id from brands b1_0 where b1_0.id=?
2026-01-21T23:57:38.692+02:00 DEBUG 11604 --- [main] org.hibernate.SQL                        : select b1_0.id,b1_0.logo,b1_0.name,b1_0.tenant_id from brands b1_0 where b1_0.id=?
2026-01-21T23:57:38.697+02:00 DEBUG 11604 --- [main] org.hibernate.SQL                        : select b1_0.id,b1_0.logo,b1_0.name,b1_0.tenant_id from brands b1_0 where b1_0.id=?
2026-01-21T23:57:38.700+02:00 DEBUG 11604 --- [main] org.hibernate.SQL                        : select c1_0.id,c1_0.alias,c1_0.all_parent_ids,c1_0.enabled,c1_0.image,c1_0.level,c1_0.name,c1_0.parent_id,c1_0.tenant_id from categories c1_0 where c1_0.id=?
2026-01-21T23:57:38.706+02:00 DEBUG 11604 --- [main] org.hibernate.SQL                        : select b1_0.id,b1_0.logo,b1_0.name,b1_0.tenant_id from brands b1_0 where b1_0.id=?
2026-01-21T23:57:38.709+02:00 DEBUG 11604 --- [main] org.hibernate.SQL                        : select b1_0.id,b1_0.logo,b1_0.name,b1_0.tenant_id from brands b1_0 where b1_0.id=?
2026-01-21T23:57:38.712+02:00 DEBUG 11604 --- [main] org.hibernate.SQL                        : select b1_0.id,b1_0.logo,b1_0.name,b1_0.tenant_id from brands b1_0 where b1_0.id=?
2026-01-21T23:57:38.715+02:00 DEBUG 11604 --- [main] org.hibernate.SQL                        : select b1_0.id,b1_0.logo,b1_0.name,b1_0.tenant_id from brands b1_0 where b1_0.id=?
2026-01-21T23:57:38.717+02:00 DEBUG 11604 --- [main] org.hibernate.SQL                        : select c1_0.id,c1_0.alias,c1_0.all_parent_ids,c1_0.enabled,c1_0.image,c1_0.level,c1_0.name,c1_0.parent_id,c1_0.tenant_id from categories c1_0 where c1_0.id=?
2026-01-21T23:57:38.720+02:00 DEBUG 11604 --- [main] org.hibernate.SQL                        : select b1_0.id,b1_0.logo,b1_0.name,b1_0.tenant_id from brands b1_0 where b1_0.id=?
2026-01-21T23:57:38.723+02:00 DEBUG 11604 --- [main] org.hibernate.SQL                        : select b1_0.id,b1_0.logo,b1_0.name,b1_0.tenant_id from brands b1_0 where b1_0.id=?
2026-01-21T23:57:38.728+02:00 DEBUG 11604 --- [main] org.hibernate.SQL                        : select b1_0.id,b1_0.logo,b1_0.name,b1_0.tenant_id from brands b1_0 where b1_0.id=?
2026-01-21T23:57:38.731+02:00 DEBUG 11604 --- [main] org.hibernate.SQL                        : select c1_0.id,c1_0.alias,c1_0.all_parent_ids,c1_0.enabled,c1_0.image,c1_0.level,c1_0.name,c1_0.parent_id,c1_0.tenant_id from categories c1_0 where c1_0.id=?
2026-01-21T23:57:38.734+02:00 DEBUG 11604 --- [main] org.hibernate.SQL                        : select b1_0.id,b1_0.logo,b1_0.name,b1_0.tenant_id from brands b1_0 where b1_0.id=?
2026-01-21T23:57:38.738+02:00 DEBUG 11604 --- [main] org.hibernate.SQL                        : select b1_0.id,b1_0.logo,b1_0.name,b1_0.tenant_id from brands b1_0 where b1_0.id=?
2026-01-21T23:57:38.741+02:00 DEBUG 11604 --- [main] org.hibernate.SQL                        : select c1_0.id,c1_0.alias,c1_0.all_parent_ids,c1_0.enabled,c1_0.image,c1_0.level,c1_0.name,c1_0.parent_id,c1_0.tenant_id from categories c1_0 where c1_0.id=?
2026-01-21T23:57:38.744+02:00 DEBUG 11604 --- [main] org.hibernate.SQL                        : select b1_0.id,b1_0.logo,b1_0.name,b1_0.tenant_id from brands b1_0 where b1_0.id=?
2026-01-21T23:57:38.747+02:00 DEBUG 11604 --- [main] org.hibernate.SQL                        : select b1_0.id,b1_0.logo,b1_0.name,b1_0.tenant_id from brands b1_0 where b1_0.id=?
2026-01-21T23:57:38.750+02:00 DEBUG 11604 --- [main] org.hibernate.SQL                        : select b1_0.id,b1_0.logo,b1_0.name,b1_0.tenant_id from brands b1_0 where b1_0.id=?
2026-01-21T23:57:38.753+02:00 DEBUG 11604 --- [main] org.hibernate.SQL                        : select b1_0.id,b1_0.logo,b1_0.name,b1_0.tenant_id from brands b1_0 where b1_0.id=?
2026-01-21T23:57:38.756+02:00 DEBUG 11604 --- [main] org.hibernate.SQL                        : select b1_0.id,b1_0.logo,b1_0.name,b1_0.tenant_id from brands b1_0 where b1_0.id=?
2026-01-21T23:57:38.759+02:00 DEBUG 11604 --- [main] org.hibernate.SQL                        : select c1_0.id,c1_0.alias,c1_0.all_parent_ids,c1_0.enabled,c1_0.image,c1_0.level,c1_0.name,c1_0.parent_id,c1_0.tenant_id from categories c1_0 where c1_0.id=?
2026-01-21T23:57:38.762+02:00 DEBUG 11604 --- [main] org.hibernate.SQL                        : select b1_0.id,b1_0.logo,b1_0.name,b1_0.tenant_id from brands b1_0 where b1_0.id=?
2026-01-21T23:57:38.765+02:00 DEBUG 11604 --- [main] org.hibernate.SQL                        : select b1_0.id,b1_0.logo,b1_0.name,b1_0.tenant_id from brands b1_0 where b1_0.id=?
2026-01-21T23:57:38.770+02:00 DEBUG 11604 --- [main] org.hibernate.SQL                        : select b1_0.id,b1_0.logo,b1_0.name,b1_0.tenant_id from brands b1_0 where b1_0.id=?
2026-01-21T23:57:38.773+02:00 DEBUG 11604 --- [main] org.hibernate.SQL                        : select c1_0.id,c1_0.alias,c1_0.all_parent_ids,c1_0.enabled,c1_0.image,c1_0.level,c1_0.name,c1_0.parent_id,c1_0.tenant_id from categories c1_0 where c1_0.id=?
2026-01-21T23:57:38.779+02:00 DEBUG 11604 --- [main] org.hibernate.SQL                        : select b1_0.id,b1_0.logo,b1_0.name,b1_0.tenant_id from brands b1_0 where b1_0.id=?
2026-01-21T23:57:38.782+02:00 DEBUG 11604 --- [main] org.hibernate.SQL                        : select b1_0.id,b1_0.logo,b1_0.name,b1_0.tenant_id from brands b1_0 where b1_0.id=?
2026-01-21T23:57:38.785+02:00 DEBUG 11604 --- [main] org.hibernate.SQL                        : select c1_0.id,c1_0.alias,c1_0.all_parent_ids,c1_0.enabled,c1_0.image,c1_0.level,c1_0.name,c1_0.parent_id,c1_0.tenant_id from categories c1_0 where c1_0.id=?
2026-01-21T23:57:38.790+02:00 DEBUG 11604 --- [main] org.hibernate.SQL                        : select b1_0.id,b1_0.logo,b1_0.name,b1_0.tenant_id from brands b1_0 where b1_0.id=?
2026-01-21T23:57:38.794+02:00 DEBUG 11604 --- [main] org.hibernate.SQL                        : select b1_0.id,b1_0.logo,b1_0.name,b1_0.tenant_id from brands b1_0 where b1_0.id=?
2026-01-21T23:57:38.797+02:00 DEBUG 11604 --- [main] org.hibernate.SQL                        : select b1_0.id,b1_0.logo,b1_0.name,b1_0.tenant_id from brands b1_0 where b1_0.id=?
2026-01-21T23:57:38.799+02:00 DEBUG 11604 --- [main] org.hibernate.SQL                        : select c1_0.id,c1_0.alias,c1_0.all_parent_ids,c1_0.enabled,c1_0.image,c1_0.level,c1_0.name,c1_0.parent_id,c1_0.tenant_id from categories c1_0 where c1_0.id=?
2026-01-21T23:57:38.803+02:00 DEBUG 11604 --- [main] org.hibernate.SQL                        : select b1_0.id,b1_0.logo,b1_0.name,b1_0.tenant_id from brands b1_0 where b1_0.id=?
2026-01-21T23:57:38.805+02:00 DEBUG 11604 --- [main] org.hibernate.SQL                        : select c1_0.id,c1_0.alias,c1_0.all_parent_ids,c1_0.enabled,c1_0.image,c1_0.level,c1_0.name,c1_0.parent_id,c1_0.tenant_id from categories c1_0 where c1_0.id=?
2026-01-21T23:57:38.809+02:00 DEBUG 11604 --- [main] org.hibernate.SQL                        : select b1_0.id,b1_0.logo,b1_0.name,b1_0.tenant_id from brands b1_0 where b1_0.id=?
2026-01-21T23:57:38.812+02:00 DEBUG 11604 --- [main] org.hibernate.SQL                        : select b1_0.id,b1_0.logo,b1_0.name,b1_0.tenant_id from brands b1_0 where b1_0.id=?
2026-01-21T23:57:38.815+02:00 DEBUG 11604 --- [main] org.hibernate.SQL                        : select c1_0.id,c1_0.alias,c1_0.all_parent_ids,c1_0.enabled,c1_0.image,c1_0.level,c1_0.name,c1_0.parent_id,c1_0.tenant_id from categories c1_0 where c1_0.id=?
2026-01-21T23:57:38.819+02:00 DEBUG 11604 --- [main] org.hibernate.SQL                        : select b1_0.id,b1_0.logo,b1_0.name,b1_0.tenant_id from brands b1_0 where b1_0.id=?
2026-01-21T23:57:38.822+02:00 DEBUG 11604 --- [main] org.hibernate.SQL                        : select c1_0.id,c1_0.alias,c1_0.all_parent_ids,c1_0.enabled,c1_0.image,c1_0.level,c1_0.name,c1_0.parent_id,c1_0.tenant_id from categories c1_0 where c1_0.id=?
2026-01-21T23:57:38.826+02:00 DEBUG 11604 --- [main] org.hibernate.SQL                        : select c1_0.id,c1_0.alias,c1_0.all_parent_ids,c1_0.enabled,c1_0.image,c1_0.level,c1_0.name,c1_0.parent_id,c1_0.tenant_id from categories c1_0 where c1_0.id=?
2026-01-21T23:57:38.830+02:00 DEBUG 11604 --- [main] org.hibernate.SQL                        : select b1_0.id,b1_0.logo,b1_0.name,b1_0.tenant_id from brands b1_0 where b1_0.id=?
2026-01-21T23:57:38.833+02:00 DEBUG 11604 --- [main] org.hibernate.SQL                        : select b1_0.id,b1_0.logo,b1_0.name,b1_0.tenant_id from brands b1_0 where b1_0.id=?
2026-01-21T23:57:38.835+02:00 DEBUG 11604 --- [main] org.hibernate.SQL                        : select b1_0.id,b1_0.logo,b1_0.name,b1_0.tenant_id from brands b1_0 where b1_0.id=?
2026-01-21T23:57:38.839+02:00 DEBUG 11604 --- [main] org.hibernate.SQL                        : select c1_0.id,c1_0.alias,c1_0.all_parent_ids,c1_0.enabled,c1_0.image,c1_0.level,c1_0.name,c1_0.parent_id,c1_0.tenant_id from categories c1_0 where c1_0.id=?
2026-01-21T23:57:38.843+02:00 DEBUG 11604 --- [main] org.hibernate.SQL                        : select b1_0.id,b1_0.logo,b1_0.name,b1_0.tenant_id from brands b1_0 where b1_0.id=?
2026-01-21T23:57:38.846+02:00 DEBUG 11604 --- [main] org.hibernate.SQL                        : select c1_0.id,c1_0.alias,c1_0.all_parent_ids,c1_0.enabled,c1_0.image,c1_0.level,c1_0.name,c1_0.parent_id,c1_0.tenant_id from categories c1_0 where c1_0.id=?
2026-01-21T23:57:38.849+02:00 DEBUG 11604 --- [main] org.hibernate.SQL                        : select b1_0.id,b1_0.logo,b1_0.name,b1_0.tenant_id from brands b1_0 where b1_0.id=?
2026-01-21T23:57:38.853+02:00 DEBUG 11604 --- [main] org.hibernate.SQL                        : select b1_0.id,b1_0.logo,b1_0.name,b1_0.tenant_id from brands b1_0 where b1_0.id=?
2026-01-21T23:57:38.856+02:00 DEBUG 11604 --- [main] org.hibernate.SQL                        : select c1_0.id,c1_0.alias,c1_0.all_parent_ids,c1_0.enabled,c1_0.image,c1_0.level,c1_0.name,c1_0.parent_id,c1_0.tenant_id from categories c1_0 where c1_0.id=?
2026-01-21T23:57:38.859+02:00 DEBUG 11604 --- [main] org.hibernate.SQL                        : select b1_0.id,b1_0.logo,b1_0.name,b1_0.tenant_id from brands b1_0 where b1_0.id=?
2026-01-21T23:57:38.863+02:00 DEBUG 11604 --- [main] org.hibernate.SQL                        : select b1_0.id,b1_0.logo,b1_0.name,b1_0.tenant_id from brands b1_0 where b1_0.id=?
2026-01-21T23:57:38.867+02:00 DEBUG 11604 --- [main] org.hibernate.SQL                        : select c1_0.id,c1_0.alias,c1_0.all_parent_ids,c1_0.enabled,c1_0.image,c1_0.level,c1_0.name,c1_0.parent_id,c1_0.tenant_id from categories c1_0 where c1_0.id=?
2026-01-21T23:57:38.872+02:00 DEBUG 11604 --- [main] org.hibernate.SQL                        : select b1_0.id,b1_0.logo,b1_0.name,b1_0.tenant_id from brands b1_0 where b1_0.id=?
2026-01-21T23:57:38.875+02:00 DEBUG 11604 --- [main] org.hibernate.SQL                        : select c1_0.id,c1_0.alias,c1_0.all_parent_ids,c1_0.enabled,c1_0.image,c1_0.level,c1_0.name,c1_0.parent_id,c1_0.tenant_id from categories c1_0 where c1_0.id=?
2026-01-21T23:57:50.318+02:00 DEBUG 11604 --- [main] org.hibernate.SQL                        : UPDATE categories c JOIN categories p ON c.parent_id = p.id SET c.parent_id = NULL WHERE c.tenant_id != p.tenant_id
2026-01-21T23:57:50.438+02:00 DEBUG 11604 --- [main] org.hibernate.SQL                        : select t1_0.id,t1_0.code,t1_0.created_at,t1_0.name,t1_0.parent_id,t1_0.status from tenants t1_0 where t1_0.code=?
2026-01-21T23:57:50.531+02:00 DEBUG 11604 --- [main] org.hibernate.SQL                        : insert into tenants (code,created_at,name,parent_id,status) values (?,?,?,?,?)
2026-01-21T23:57:50.555+02:00  WARN 11604 --- [main] o.h.engine.jdbc.spi.SqlExceptionHelper   : SQL Error: 1364, SQLState: HY000
2026-01-21T23:57:50.556+02:00 ERROR 11604 --- [main] o.h.engine.jdbc.spi.SqlExceptionHelper   : Field 'active' doesn't have a default value
2026-01-21T23:57:50.579+02:00  INFO 11604 --- [main] .s.b.a.l.ConditionEvaluationReportLogger : 

Error starting ApplicationContext. To display the condition evaluation report re-run your application with 'debug' enabled.
2026-01-21T23:57:50.635+02:00 ERROR 11604 --- [main] o.s.boot.SpringApplication               : Application run failed

java.lang.IllegalStateException: Failed to execute CommandLineRunner
	at org.springframework.boot.SpringApplication.callRunner(SpringApplication.java:777) ~[spring-boot-3.1.4.jar:3.1.4]
	at org.springframework.boot.SpringApplication.callRunners(SpringApplication.java:758) ~[spring-boot-3.1.4.jar:3.1.4]
	at org.springframework.boot.SpringApplication.run(SpringApplication.java:322) ~[spring-boot-3.1.4.jar:3.1.4]
	at org.springframework.boot.test.context.SpringBootContextLoader.lambda$loadContext$3(SpringBootContextLoader.java:137) ~[spring-boot-test-3.1.4.jar:3.1.4]
	at org.springframework.util.function.ThrowingSupplier.get(ThrowingSupplier.java:58) ~[spring-core-6.0.12.jar:6.0.12]
	at org.springframework.util.function.ThrowingSupplier.get(ThrowingSupplier.java:46) ~[spring-core-6.0.12.jar:6.0.12]
	at org.springframework.boot.SpringApplication.withHook(SpringApplication.java:1409) ~[spring-boot-3.1.4.jar:3.1.4]
	at org.springframework.boot.test.context.SpringBootContextLoader$ContextLoaderHook.run(SpringBootContextLoader.java:545) ~[spring-boot-test-3.1.4.jar:3.1.4]
	at org.springframework.boot.test.context.SpringBootContextLoader.loadContext(SpringBootContextLoader.java:137) ~[spring-boot-test-3.1.4.jar:3.1.4]
	at org.springframework.boot.test.context.SpringBootContextLoader.loadContext(SpringBootContextLoader.java:108) ~[spring-boot-test-3.1.4.jar:3.1.4]
	at org.springframework.test.context.cache.DefaultCacheAwareContextLoaderDelegate.loadContextInternal(DefaultCacheAwareContextLoaderDelegate.java:187) ~[spring-test-6.0.12.jar:6.0.12]
	at org.springframework.test.context.cache.DefaultCacheAwareContextLoaderDelegate.loadContext(DefaultCacheAwareContextLoaderDelegate.java:119) ~[spring-test-6.0.12.jar:6.0.12]
	at org.springframework.test.context.support.DefaultTestContext.getApplicationContext(DefaultTestContext.java:127) ~[spring-test-6.0.12.jar:6.0.12]
	at org.springframework.test.context.web.ServletTestExecutionListener.setUpRequestContextIfNecessary(ServletTestExecutionListener.java:191) ~[spring-test-6.0.12.jar:6.0.12]
	at org.springframework.test.context.web.ServletTestExecutionListener.prepareTestInstance(ServletTestExecutionListener.java:130) ~[spring-test-6.0.12.jar:6.0.12]
	at org.springframework.test.context.TestContextManager.prepareTestInstance(TestContextManager.java:241) ~[spring-test-6.0.12.jar:6.0.12]
	at org.springframework.test.context.junit.jupiter.SpringExtension.postProcessTestInstance(SpringExtension.java:138) ~[spring-test-6.0.12.jar:6.0.12]
	at org.junit.jupiter.engine.descriptor.ClassBasedTestDescriptor.lambda$invokeTestInstancePostProcessors$10(ClassBasedTestDescriptor.java:377) ~[junit-jupiter-engine-5.9.3.jar:5.9.3]
	at org.junit.jupiter.engine.descriptor.ClassBasedTestDescriptor.executeAndMaskThrowable(ClassBasedTestDescriptor.java:382) ~[junit-jupiter-engine-5.9.3.jar:5.9.3]
	at org.junit.jupiter.engine.descriptor.ClassBasedTestDescriptor.lambda$invokeTestInstancePostProcessors$11(ClassBasedTestDescriptor.java:377) ~[junit-jupiter-engine-5.9.3.jar:5.9.3]
	at java.base/java.util.stream.ReferencePipeline$3$1.accept(ReferencePipeline.java:197) ~[na:na]
	at java.base/java.util.stream.ReferencePipeline$2$1.accept(ReferencePipeline.java:179) ~[na:na]
	at java.base/java.util.ArrayList$ArrayListSpliterator.forEachRemaining(ArrayList.java:1625) ~[na:na]
	at java.base/java.util.stream.AbstractPipeline.copyInto(AbstractPipeline.java:509) ~[na:na]
	at java.base/java.util.stream.AbstractPipeline.wrapAndCopyInto(AbstractPipeline.java:499) ~[na:na]
	at java.base/java.util.stream.StreamSpliterators$WrappingSpliterator.forEachRemaining(StreamSpliterators.java:310) ~[na:na]
	at java.base/java.util.stream.Streams$ConcatSpliterator.forEachRemaining(Streams.java:735) ~[na:na]
	at java.base/java.util.stream.Streams$ConcatSpliterator.forEachRemaining(Streams.java:734) ~[na:na]
	at java.base/java.util.stream.ReferencePipeline$Head.forEach(ReferencePipeline.java:762) ~[na:na]
	at org.junit.jupiter.engine.descriptor.ClassBasedTestDescriptor.invokeTestInstancePostProcessors(ClassBasedTestDescriptor.java:376) ~[junit-jupiter-engine-5.9.3.jar:5.9.3]
	at org.junit.jupiter.engine.descriptor.ClassBasedTestDescriptor.lambda$instantiateAndPostProcessTestInstance$6(ClassBasedTestDescriptor.java:289) ~[junit-jupiter-engine-5.9.3.jar:5.9.3]
	at org.junit.platform.engine.support.hierarchical.ThrowableCollector.execute(ThrowableCollector.java:73) ~[junit-platform-engine-1.9.3.jar:1.9.3]
	at org.junit.jupiter.engine.descriptor.ClassBasedTestDescriptor.instantiateAndPostProcessTestInstance(ClassBasedTestDescriptor.java:288) ~[junit-jupiter-engine-5.9.3.jar:5.9.3]
	at org.junit.jupiter.engine.descriptor.ClassBasedTestDescriptor.lambda$testInstancesProvider$4(ClassBasedTestDescriptor.java:278) ~[junit-jupiter-engine-5.9.3.jar:5.9.3]
	at java.base/java.util.Optional.orElseGet(Optional.java:364) ~[na:na]
	at org.junit.jupiter.engine.descriptor.ClassBasedTestDescriptor.lambda$testInstancesProvider$5(ClassBasedTestDescriptor.java:277) ~[junit-jupiter-engine-5.9.3.jar:5.9.3]
	at org.junit.jupiter.engine.execution.TestInstancesProvider.getTestInstances(TestInstancesProvider.java:31) ~[junit-jupiter-engine-5.9.3.jar:5.9.3]
	at org.junit.jupiter.engine.descriptor.TestMethodTestDescriptor.lambda$prepare$0(TestMethodTestDescriptor.java:105) ~[junit-jupiter-engine-5.9.3.jar:5.9.3]
	at org.junit.platform.engine.support.hierarchical.ThrowableCollector.execute(ThrowableCollector.java:73) ~[junit-platform-engine-1.9.3.jar:1.9.3]
	at org.junit.jupiter.engine.descriptor.TestMethodTestDescriptor.prepare(TestMethodTestDescriptor.java:104) ~[junit-jupiter-engine-5.9.3.jar:5.9.3]
	at org.junit.jupiter.engine.descriptor.TestMethodTestDescriptor.prepare(TestMethodTestDescriptor.java:68) ~[junit-jupiter-engine-5.9.3.jar:5.9.3]
	at org.junit.platform.engine.support.hierarchical.NodeTestTask.lambda$prepare$2(NodeTestTask.java:123) ~[junit-platform-engine-1.9.3.jar:1.9.3]
	at org.junit.platform.engine.support.hierarchical.ThrowableCollector.execute(ThrowableCollector.java:73) ~[junit-platform-engine-1.9.3.jar:1.9.3]
	at org.junit.platform.engine.support.hierarchical.NodeTestTask.prepare(NodeTestTask.java:123) ~[junit-platform-engine-1.9.3.jar:1.9.3]
	at org.junit.platform.engine.support.hierarchical.NodeTestTask.execute(NodeTestTask.java:90) ~[junit-platform-engine-1.9.3.jar:1.9.3]
	at java.base/java.util.ArrayList.forEach(ArrayList.java:1511) ~[na:na]
	at org.junit.platform.engine.support.hierarchical.SameThreadHierarchicalTestExecutorService.invokeAll(SameThreadHierarchicalTestExecutorService.java:41) ~[junit-platform-engine-1.9.3.jar:1.9.3]
	at org.junit.platform.engine.support.hierarchical.NodeTestTask.lambda$executeRecursively$6(NodeTestTask.java:155) ~[junit-platform-engine-1.9.3.jar:1.9.3]
	at org.junit.platform.engine.support.hierarchical.ThrowableCollector.execute(ThrowableCollector.java:73) ~[junit-platform-engine-1.9.3.jar:1.9.3]
	at org.junit.platform.engine.support.hierarchical.NodeTestTask.lambda$executeRecursively$8(NodeTestTask.java:141) ~[junit-platform-engine-1.9.3.jar:1.9.3]
	at org.junit.platform.engine.support.hierarchical.Node.around(Node.java:137) ~[junit-platform-engine-1.9.3.jar:1.9.3]
	at org.junit.platform.engine.support.hierarchical.NodeTestTask.lambda$executeRecursively$9(NodeTestTask.java:139) ~[junit-platform-engine-1.9.3.jar:1.9.3]
	at org.junit.platform.engine.support.hierarchical.ThrowableCollector.execute(ThrowableCollector.java:73) ~[junit-platform-engine-1.9.3.jar:1.9.3]
	at org.junit.platform.engine.support.hierarchical.NodeTestTask.executeRecursively(NodeTestTask.java:138) ~[junit-platform-engine-1.9.3.jar:1.9.3]
	at org.junit.platform.engine.support.hierarchical.NodeTestTask.execute(NodeTestTask.java:95) ~[junit-platform-engine-1.9.3.jar:1.9.3]
	at java.base/java.util.ArrayList.forEach(ArrayList.java:1511) ~[na:na]
	at org.junit.platform.engine.support.hierarchical.SameThreadHierarchicalTestExecutorService.invokeAll(SameThreadHierarchicalTestExecutorService.java:41) ~[junit-platform-engine-1.9.3.jar:1.9.3]
	at org.junit.platform.engine.support.hierarchical.NodeTestTask.lambda$executeRecursively$6(NodeTestTask.java:155) ~[junit-platform-engine-1.9.3.jar:1.9.3]
	at org.junit.platform.engine.support.hierarchical.ThrowableCollector.execute(ThrowableCollector.java:73) ~[junit-platform-engine-1.9.3.jar:1.9.3]
	at org.junit.platform.engine.support.hierarchical.NodeTestTask.lambda$executeRecursively$8(NodeTestTask.java:141) ~[junit-platform-engine-1.9.3.jar:1.9.3]
	at org.junit.platform.engine.support.hierarchical.Node.around(Node.java:137) ~[junit-platform-engine-1.9.3.jar:1.9.3]
	at org.junit.platform.engine.support.hierarchical.NodeTestTask.lambda$executeRecursively$9(NodeTestTask.java:139) ~[junit-platform-engine-1.9.3.jar:1.9.3]
	at org.junit.platform.engine.support.hierarchical.ThrowableCollector.execute(ThrowableCollector.java:73) ~[junit-platform-engine-1.9.3.jar:1.9.3]
	at org.junit.platform.engine.support.hierarchical.NodeTestTask.executeRecursively(NodeTestTask.java:138) ~[junit-platform-engine-1.9.3.jar:1.9.3]
	at org.junit.platform.engine.support.hierarchical.NodeTestTask.execute(NodeTestTask.java:95) ~[junit-platform-engine-1.9.3.jar:1.9.3]
	at org.junit.platform.engine.support.hierarchical.SameThreadHierarchicalTestExecutorService.submit(SameThreadHierarchicalTestExecutorService.java:35) ~[junit-platform-engine-1.9.3.jar:1.9.3]
	at org.junit.platform.engine.support.hierarchical.HierarchicalTestExecutor.execute(HierarchicalTestExecutor.java:57) ~[junit-platform-engine-1.9.3.jar:1.9.3]
	at org.junit.platform.engine.support.hierarchical.HierarchicalTestEngine.execute(HierarchicalTestEngine.java:54) ~[junit-platform-engine-1.9.3.jar:1.9.3]
	at org.junit.platform.launcher.core.EngineExecutionOrchestrator.execute(EngineExecutionOrchestrator.java:147) ~[junit-platform-launcher-1.9.3.jar:1.9.3]
	at org.junit.platform.launcher.core.EngineExecutionOrchestrator.execute(EngineExecutionOrchestrator.java:127) ~[junit-platform-launcher-1.9.3.jar:1.9.3]
	at org.junit.platform.launcher.core.EngineExecutionOrchestrator.execute(EngineExecutionOrchestrator.java:90) ~[junit-platform-launcher-1.9.3.jar:1.9.3]
	at org.junit.platform.launcher.core.EngineExecutionOrchestrator.lambda$execute$0(EngineExecutionOrchestrator.java:55) ~[junit-platform-launcher-1.9.3.jar:1.9.3]
	at org.junit.platform.launcher.core.EngineExecutionOrchestrator.withInterceptedStreams(EngineExecutionOrchestrator.java:102) ~[junit-platform-launcher-1.9.3.jar:1.9.3]
	at org.junit.platform.launcher.core.EngineExecutionOrchestrator.execute(EngineExecutionOrchestrator.java:54) ~[junit-platform-launcher-1.9.3.jar:1.9.3]
	at org.junit.platform.launcher.core.DefaultLauncher.execute(DefaultLauncher.java:114) ~[junit-platform-launcher-1.9.3.jar:1.9.3]
	at org.junit.platform.launcher.core.DefaultLauncher.execute(DefaultLauncher.java:86) ~[junit-platform-launcher-1.9.3.jar:1.9.3]
	at org.junit.platform.launcher.core.DefaultLauncherSession$DelegatingLauncher.execute(DefaultLauncherSession.java:86) ~[junit-platform-launcher-1.9.3.jar:1.9.3]
	at org.apache.maven.surefire.junitplatform.LazyLauncher.execute(LazyLauncher.java:50) ~[surefire-junit-platform-3.0.0.jar:3.0.0]
	at org.apache.maven.surefire.junitplatform.JUnitPlatformProvider.execute(JUnitPlatformProvider.java:184) ~[surefire-junit-platform-3.0.0.jar:3.0.0]
	at org.apache.maven.surefire.junitplatform.JUnitPlatformProvider.invokeAllTests(JUnitPlatformProvider.java:148) ~[surefire-junit-platform-3.0.0.jar:3.0.0]
	at org.apache.maven.surefire.junitplatform.JUnitPlatformProvider.invoke(JUnitPlatformProvider.java:122) ~[surefire-junit-platform-3.0.0.jar:3.0.0]
	at org.apache.maven.surefire.booter.ForkedBooter.runSuitesInProcess(ForkedBooter.java:385) ~[surefire-booter-3.0.0.jar:3.0.0]
	at org.apache.maven.surefire.booter.ForkedBooter.execute(ForkedBooter.java:162) ~[surefire-booter-3.0.0.jar:3.0.0]
	at org.apache.maven.surefire.booter.ForkedBooter.run(ForkedBooter.java:507) ~[surefire-booter-3.0.0.jar:3.0.0]
	at org.apache.maven.surefire.booter.ForkedBooter.main(ForkedBooter.java:495) ~[surefire-booter-3.0.0.jar:3.0.0]
Caused by: org.springframework.orm.jpa.JpaSystemException: could not execute statement [Field 'active' doesn't have a default value] [insert into tenants (code,created_at,name,parent_id,status) values (?,?,?,?,?)]
	at org.springframework.orm.jpa.vendor.HibernateJpaDialect.convertHibernateAccessException(HibernateJpaDialect.java:320) ~[spring-orm-6.0.12.jar:6.0.12]
	at org.springframework.orm.jpa.vendor.HibernateJpaDialect.translateExceptionIfPossible(HibernateJpaDialect.java:229) ~[spring-orm-6.0.12.jar:6.0.12]
	at org.springframework.orm.jpa.AbstractEntityManagerFactoryBean.translateExceptionIfPossible(AbstractEntityManagerFactoryBean.java:550) ~[spring-orm-6.0.12.jar:6.0.12]
	at org.springframework.dao.support.ChainedPersistenceExceptionTranslator.translateExceptionIfPossible(ChainedPersistenceExceptionTranslator.java:61) ~[spring-tx-6.0.12.jar:6.0.12]
	at org.springframework.dao.support.DataAccessUtils.translateIfNecessary(DataAccessUtils.java:243) ~[spring-tx-6.0.12.jar:6.0.12]
	at org.springframework.dao.support.PersistenceExceptionTranslationInterceptor.invoke(PersistenceExceptionTranslationInterceptor.java:152) ~[spring-tx-6.0.12.jar:6.0.12]
	at org.springframework.aop.framework.ReflectiveMethodInvocation.proceed(ReflectiveMethodInvocation.java:184) ~[spring-aop-6.0.12.jar:6.0.12]
	at org.springframework.data.jpa.repository.support.CrudMethodMetadataPostProcessor$CrudMethodMetadataPopulatingMethodInterceptor.invoke(CrudMethodMetadataPostProcessor.java:164) ~[spring-data-jpa-3.1.4.jar:3.1.4]
	at org.springframework.aop.framework.ReflectiveMethodInvocation.proceed(ReflectiveMethodInvocation.java:184) ~[spring-aop-6.0.12.jar:6.0.12]
	at org.springframework.aop.interceptor.ExposeInvocationInterceptor.invoke(ExposeInvocationInterceptor.java:97) ~[spring-aop-6.0.12.jar:6.0.12]
	at org.springframework.aop.framework.ReflectiveMethodInvocation.proceed(ReflectiveMethodInvocation.java:184) ~[spring-aop-6.0.12.jar:6.0.12]
	at org.springframework.aop.framework.JdkDynamicAopProxy.invoke(JdkDynamicAopProxy.java:244) ~[spring-aop-6.0.12.jar:6.0.12]
	at jdk.proxy2/jdk.proxy2.$Proxy204.save(Unknown Source) ~[na:na]
	at com.onlineStore.admin.seeding.SaaSWeaverSeeder.seedTenant(SaaSWeaverSeeder.java:70) ~[classes/:na]
	at com.onlineStore.admin.seeding.SaaSWeaverSeeder.run(SaaSWeaverSeeder.java:38) ~[classes/:na]
	at org.springframework.boot.SpringApplication.callRunner(SpringApplication.java:774) ~[spring-boot-3.1.4.jar:3.1.4]
	... 84 common frames omitted
Caused by: org.hibernate.exception.GenericJDBCException: could not execute statement [Field 'active' doesn't have a default value] [insert into tenants (code,created_at,name,parent_id,status) values (?,?,?,?,?)]
	at org.hibernate.exception.internal.StandardSQLExceptionConverter.convert(StandardSQLExceptionConverter.java:61) ~[hibernate-core-6.2.9.Final.jar:6.2.9.Final]
	at org.hibernate.engine.jdbc.spi.SqlExceptionHelper.convert(SqlExceptionHelper.java:108) ~[hibernate-core-6.2.9.Final.jar:6.2.9.Final]
	at org.hibernate.engine.jdbc.internal.ResultSetReturnImpl.executeUpdate(ResultSetReturnImpl.java:278) ~[hibernate-core-6.2.9.Final.jar:6.2.9.Final]
	at org.hibernate.id.insert.GetGeneratedKeysDelegate.performInsert(GetGeneratedKeysDelegate.java:107) ~[hibernate-core-6.2.9.Final.jar:6.2.9.Final]
	at org.hibernate.engine.jdbc.mutation.internal.MutationExecutorPostInsertSingleTable.execute(MutationExecutorPostInsertSingleTable.java:100) ~[hibernate-core-6.2.9.Final.jar:6.2.9.Final]
	at org.hibernate.persister.entity.mutation.InsertCoordinator.doStaticInserts(InsertCoordinator.java:169) ~[hibernate-core-6.2.9.Final.jar:6.2.9.Final]
	at org.hibernate.persister.entity.mutation.InsertCoordinator.coordinateInsert(InsertCoordinator.java:111) ~[hibernate-core-6.2.9.Final.jar:6.2.9.Final]
	at org.hibernate.persister.entity.AbstractEntityPersister.insert(AbstractEntityPersister.java:2779) ~[hibernate-core-6.2.9.Final.jar:6.2.9.Final]
	at org.hibernate.action.internal.EntityIdentityInsertAction.execute(EntityIdentityInsertAction.java:81) ~[hibernate-core-6.2.9.Final.jar:6.2.9.Final]
	at org.hibernate.engine.spi.ActionQueue.execute(ActionQueue.java:676) ~[hibernate-core-6.2.9.Final.jar:6.2.9.Final]
	at org.hibernate.engine.spi.ActionQueue.addResolvedEntityInsertAction(ActionQueue.java:291) ~[hibernate-core-6.2.9.Final.jar:6.2.9.Final]
	at org.hibernate.engine.spi.ActionQueue.addInsertAction(ActionQueue.java:272) ~[hibernate-core-6.2.9.Final.jar:6.2.9.Final]
	at org.hibernate.engine.spi.ActionQueue.addAction(ActionQueue.java:322) ~[hibernate-core-6.2.9.Final.jar:6.2.9.Final]
	at org.hibernate.event.internal.AbstractSaveEventListener.addInsertAction(AbstractSaveEventListener.java:363) ~[hibernate-core-6.2.9.Final.jar:6.2.9.Final]
	at org.hibernate.event.internal.AbstractSaveEventListener.performSaveOrReplicate(AbstractSaveEventListener.java:277) ~[hibernate-core-6.2.9.Final.jar:6.2.9.Final]
	at org.hibernate.event.internal.AbstractSaveEventListener.performSave(AbstractSaveEventListener.java:180) ~[hibernate-core-6.2.9.Final.jar:6.2.9.Final]
	at org.hibernate.event.internal.AbstractSaveEventListener.saveWithGeneratedId(AbstractSaveEventListener.java:140) ~[hibernate-core-6.2.9.Final.jar:6.2.9.Final]
	at org.hibernate.event.internal.DefaultPersistEventListener.entityIsTransient(DefaultPersistEventListener.java:175) ~[hibernate-core-6.2.9.Final.jar:6.2.9.Final]
	at org.hibernate.event.internal.DefaultPersistEventListener.persist(DefaultPersistEventListener.java:93) ~[hibernate-core-6.2.9.Final.jar:6.2.9.Final]
	at org.hibernate.event.internal.DefaultPersistEventListener.onPersist(DefaultPersistEventListener.java:77) ~[hibernate-core-6.2.9.Final.jar:6.2.9.Final]
	at org.hibernate.event.internal.DefaultPersistEventListener.onPersist(DefaultPersistEventListener.java:54) ~[hibernate-core-6.2.9.Final.jar:6.2.9.Final]
	at org.hibernate.event.service.internal.EventListenerGroupImpl.fireEventOnEachListener(EventListenerGroupImpl.java:127) ~[hibernate-core-6.2.9.Final.jar:6.2.9.Final]
	at org.hibernate.internal.SessionImpl.firePersist(SessionImpl.java:755) ~[hibernate-core-6.2.9.Final.jar:6.2.9.Final]
	at org.hibernate.internal.SessionImpl.persist(SessionImpl.java:739) ~[hibernate-core-6.2.9.Final.jar:6.2.9.Final]
	at java.base/jdk.internal.reflect.DirectMethodHandleAccessor.invoke(DirectMethodHandleAccessor.java:104) ~[na:na]
	at java.base/java.lang.reflect.Method.invoke(Method.java:578) ~[na:na]
	at org.springframework.orm.jpa.SharedEntityManagerCreator$SharedEntityManagerInvocationHandler.invoke(SharedEntityManagerCreator.java:311) ~[spring-orm-6.0.12.jar:6.0.12]
	at jdk.proxy2/jdk.proxy2.$Proxy173.persist(Unknown Source) ~[na:na]
	at org.springframework.data.jpa.repository.support.SimpleJpaRepository.save(SimpleJpaRepository.java:618) ~[spring-data-jpa-3.1.4.jar:3.1.4]
	at java.base/jdk.internal.reflect.DirectMethodHandleAccessor.invoke(DirectMethodHandleAccessor.java:104) ~[na:na]
	at java.base/java.lang.reflect.Method.invoke(Method.java:578) ~[na:na]
	at org.springframework.data.repository.core.support.RepositoryMethodInvoker$RepositoryFragmentMethodInvoker.lambda$new$0(RepositoryMethodInvoker.java:288) ~[spring-data-commons-3.1.4.jar:3.1.4]
	at org.springframework.data.repository.core.support.RepositoryMethodInvoker.doInvoke(RepositoryMethodInvoker.java:136) ~[spring-data-commons-3.1.4.jar:3.1.4]
	at org.springframework.data.repository.core.support.RepositoryMethodInvoker.invoke(RepositoryMethodInvoker.java:120) ~[spring-data-commons-3.1.4.jar:3.1.4]
	at org.springframework.data.repository.core.support.RepositoryComposition$RepositoryFragments.invoke(RepositoryComposition.java:516) ~[spring-data-commons-3.1.4.jar:3.1.4]
	at org.springframework.data.repository.core.support.RepositoryComposition.invoke(RepositoryComposition.java:285) ~[spring-data-commons-3.1.4.jar:3.1.4]
	at org.springframework.data.repository.core.support.RepositoryFactorySupport$ImplementationMethodExecutionInterceptor.invoke(RepositoryFactorySupport.java:628) ~[spring-data-commons-3.1.4.jar:3.1.4]
	at org.springframework.aop.framework.ReflectiveMethodInvocation.proceed(ReflectiveMethodInvocation.java:184) ~[spring-aop-6.0.12.jar:6.0.12]
	at org.springframework.data.repository.core.support.QueryExecutorMethodInterceptor.doInvoke(QueryExecutorMethodInterceptor.java:168) ~[spring-data-commons-3.1.4.jar:3.1.4]
	at org.springframework.data.repository.core.support.QueryExecutorMethodInterceptor.invoke(QueryExecutorMethodInterceptor.java:143) ~[spring-data-commons-3.1.4.jar:3.1.4]
	at org.springframework.aop.framework.ReflectiveMethodInvocation.proceed(ReflectiveMethodInvocation.java:184) ~[spring-aop-6.0.12.jar:6.0.12]
	at org.springframework.data.projection.DefaultMethodInvokingMethodInterceptor.invoke(DefaultMethodInvokingMethodInterceptor.java:72) ~[spring-data-commons-3.1.4.jar:3.1.4]
	at org.springframework.aop.framework.ReflectiveMethodInvocation.proceed(ReflectiveMethodInvocation.java:184) ~[spring-aop-6.0.12.jar:6.0.12]
	at org.springframework.transaction.interceptor.TransactionInterceptor$1.proceedWithInvocation(TransactionInterceptor.java:123) ~[spring-tx-6.0.12.jar:6.0.12]
	at org.springframework.transaction.interceptor.TransactionAspectSupport.invokeWithinTransaction(TransactionAspectSupport.java:391) ~[spring-tx-6.0.12.jar:6.0.12]
	at org.springframework.transaction.interceptor.TransactionInterceptor.invoke(TransactionInterceptor.java:119) ~[spring-tx-6.0.12.jar:6.0.12]
	at org.springframework.aop.framework.ReflectiveMethodInvocation.proceed(ReflectiveMethodInvocation.java:184) ~[spring-aop-6.0.12.jar:6.0.12]
	at org.springframework.dao.support.PersistenceExceptionTranslationInterceptor.invoke(PersistenceExceptionTranslationInterceptor.java:137) ~[spring-tx-6.0.12.jar:6.0.12]
	... 94 common frames omitted
Caused by: java.sql.SQLException: Field 'active' doesn't have a default value
	at com.mysql.cj.jdbc.exceptions.SQLError.createSQLException(SQLError.java:130) ~[mysql-connector-j-8.2.0.jar:8.2.0]
	at com.mysql.cj.jdbc.exceptions.SQLExceptionsMapping.translateException(SQLExceptionsMapping.java:122) ~[mysql-connector-j-8.2.0.jar:8.2.0]
	at com.mysql.cj.jdbc.ClientPreparedStatement.executeInternal(ClientPreparedStatement.java:912) ~[mysql-connector-j-8.2.0.jar:8.2.0]
	at com.mysql.cj.jdbc.ClientPreparedStatement.executeUpdateInternal(ClientPreparedStatement.java:1054) ~[mysql-connector-j-8.2.0.jar:8.2.0]
	at com.mysql.cj.jdbc.ClientPreparedStatement.executeUpdateInternal(ClientPreparedStatement.java:1003) ~[mysql-connector-j-8.2.0.jar:8.2.0]
	at com.mysql.cj.jdbc.ClientPreparedStatement.executeLargeUpdate(ClientPreparedStatement.java:1312) ~[mysql-connector-j-8.2.0.jar:8.2.0]
	at com.mysql.cj.jdbc.ClientPreparedStatement.executeUpdate(ClientPreparedStatement.java:988) ~[mysql-connector-j-8.2.0.jar:8.2.0]
	at com.zaxxer.hikari.pool.ProxyPreparedStatement.executeUpdate(ProxyPreparedStatement.java:61) ~[HikariCP-5.0.1.jar:na]
	at com.zaxxer.hikari.pool.HikariProxyPreparedStatement.executeUpdate(HikariProxyPreparedStatement.java) ~[HikariCP-5.0.1.jar:na]
	at org.hibernate.engine.jdbc.internal.ResultSetReturnImpl.executeUpdate(ResultSetReturnImpl.java:275) ~[hibernate-core-6.2.9.Final.jar:6.2.9.Final]
	... 139 common frames omitted

2026-01-21T23:57:50.688+02:00  INFO 11604 --- [main] j.LocalContainerEntityManagerFactoryBean : Closing JPA EntityManagerFactory for persistence unit 'default'
2026-01-21T23:57:50.699+02:00  INFO 11604 --- [main] com.zaxxer.hikari.HikariDataSource       : HikariPool-1 - Shutdown initiated...
2026-01-21T23:57:50.722+02:00  INFO 11604 --- [main] com.zaxxer.hikari.HikariDataSource       : HikariPool-1 - Shutdown completed.
2026-01-21T23:57:50.735+02:00 ERROR 11604 --- [main] o.s.test.context.TestContextManager      : Caught exception while allowing TestExecutionListener [org.springframework.test.context.web.ServletTestExecutionListener] to prepare test instance [com.onlineStore.admin.seeding.SaaSWeaverTest@788bebee]

java.lang.IllegalStateException: Failed to load ApplicationContext for [WebMergedContextConfiguration@a357bc4 testClass = com.onlineStore.admin.seeding.SaaSWeaverTest, locations = [], classes = [com.onlineStore.admin.WebBackEndApplication], contextInitializerClasses = [], activeProfiles = [], propertySourceLocations = [], propertySourceProperties = ["org.springframework.boot.test.context.SpringBootTestContextBootstrapper=true"], contextCustomizers = [[ImportsContextCustomizer@6da08b63 key = [org.springframework.boot.test.autoconfigure.jdbc.TestDatabaseAutoConfiguration, org.springframework.boot.autoconfigure.jdbc.DataSourceAutoConfiguration]], org.springframework.boot.test.context.filter.ExcludeFilterContextCustomizer@479cbee5, org.springframework.boot.test.json.DuplicateJsonObjectContextCustomizerFactory$DuplicateJsonObjectContextCustomizer@12299890, org.springframework.boot.test.mock.mockito.MockitoContextCustomizer@0, org.springframework.boot.test.web.client.TestRestTemplateContextCustomizer@55c53a33, org.springframework.boot.test.autoconfigure.actuate.observability.ObservabilityContextCustomizerFactory$DisableObservabilityContextCustomizer@1f, org.springframework.boot.test.autoconfigure.properties.PropertyMappingContextCustomizer@1bee64b7, org.springframework.boot.test.autoconfigure.web.servlet.WebDriverContextCustomizer@16aa8654, org.springframework.boot.test.context.SpringBootTestAnnotation@894ac3a0], resourceBasePath = "src/main/webapp", contextLoader = org.springframework.boot.test.context.SpringBootContextLoader, parent = null]
	at org.springframework.test.context.cache.DefaultCacheAwareContextLoaderDelegate.loadContext(DefaultCacheAwareContextLoaderDelegate.java:143) ~[spring-test-6.0.12.jar:6.0.12]
	at org.springframework.test.context.support.DefaultTestContext.getApplicationContext(DefaultTestContext.java:127) ~[spring-test-6.0.12.jar:6.0.12]
	at org.springframework.test.context.web.ServletTestExecutionListener.setUpRequestContextIfNecessary(ServletTestExecutionListener.java:191) ~[spring-test-6.0.12.jar:6.0.12]
	at org.springframework.test.context.web.ServletTestExecutionListener.prepareTestInstance(ServletTestExecutionListener.java:130) ~[spring-test-6.0.12.jar:6.0.12]
	at org.springframework.test.context.TestContextManager.prepareTestInstance(TestContextManager.java:241) ~[spring-test-6.0.12.jar:6.0.12]
	at org.springframework.test.context.junit.jupiter.SpringExtension.postProcessTestInstance(SpringExtension.java:138) ~[spring-test-6.0.12.jar:6.0.12]
	at org.junit.jupiter.engine.descriptor.ClassBasedTestDescriptor.lambda$invokeTestInstancePostProcessors$10(ClassBasedTestDescriptor.java:377) ~[junit-jupiter-engine-5.9.3.jar:5.9.3]
	at org.junit.jupiter.engine.descriptor.ClassBasedTestDescriptor.executeAndMaskThrowable(ClassBasedTestDescriptor.java:382) ~[junit-jupiter-engine-5.9.3.jar:5.9.3]
	at org.junit.jupiter.engine.descriptor.ClassBasedTestDescriptor.lambda$invokeTestInstancePostProcessors$11(ClassBasedTestDescriptor.java:377) ~[junit-jupiter-engine-5.9.3.jar:5.9.3]
	at java.base/java.util.stream.ReferencePipeline$3$1.accept(ReferencePipeline.java:197) ~[na:na]
	at java.base/java.util.stream.ReferencePipeline$2$1.accept(ReferencePipeline.java:179) ~[na:na]
	at java.base/java.util.ArrayList$ArrayListSpliterator.forEachRemaining(ArrayList.java:1625) ~[na:na]
	at java.base/java.util.stream.AbstractPipeline.copyInto(AbstractPipeline.java:509) ~[na:na]
	at java.base/java.util.stream.AbstractPipeline.wrapAndCopyInto(AbstractPipeline.java:499) ~[na:na]
	at java.base/java.util.stream.StreamSpliterators$WrappingSpliterator.forEachRemaining(StreamSpliterators.java:310) ~[na:na]
	at java.base/java.util.stream.Streams$ConcatSpliterator.forEachRemaining(Streams.java:735) ~[na:na]
	at java.base/java.util.stream.Streams$ConcatSpliterator.forEachRemaining(Streams.java:734) ~[na:na]
	at java.base/java.util.stream.ReferencePipeline$Head.forEach(ReferencePipeline.java:762) ~[na:na]
	at org.junit.jupiter.engine.descriptor.ClassBasedTestDescriptor.invokeTestInstancePostProcessors(ClassBasedTestDescriptor.java:376) ~[junit-jupiter-engine-5.9.3.jar:5.9.3]
	at org.junit.jupiter.engine.descriptor.ClassBasedTestDescriptor.lambda$instantiateAndPostProcessTestInstance$6(ClassBasedTestDescriptor.java:289) ~[junit-jupiter-engine-5.9.3.jar:5.9.3]
	at org.junit.platform.engine.support.hierarchical.ThrowableCollector.execute(ThrowableCollector.java:73) ~[junit-platform-engine-1.9.3.jar:1.9.3]
	at org.junit.jupiter.engine.descriptor.ClassBasedTestDescriptor.instantiateAndPostProcessTestInstance(ClassBasedTestDescriptor.java:288) ~[junit-jupiter-engine-5.9.3.jar:5.9.3]
	at org.junit.jupiter.engine.descriptor.ClassBasedTestDescriptor.lambda$testInstancesProvider$4(ClassBasedTestDescriptor.java:278) ~[junit-jupiter-engine-5.9.3.jar:5.9.3]
	at java.base/java.util.Optional.orElseGet(Optional.java:364) ~[na:na]
	at org.junit.jupiter.engine.descriptor.ClassBasedTestDescriptor.lambda$testInstancesProvider$5(ClassBasedTestDescriptor.java:277) ~[junit-jupiter-engine-5.9.3.jar:5.9.3]
	at org.junit.jupiter.engine.execution.TestInstancesProvider.getTestInstances(TestInstancesProvider.java:31) ~[junit-jupiter-engine-5.9.3.jar:5.9.3]
	at org.junit.jupiter.engine.descriptor.TestMethodTestDescriptor.lambda$prepare$0(TestMethodTestDescriptor.java:105) ~[junit-jupiter-engine-5.9.3.jar:5.9.3]
	at org.junit.platform.engine.support.hierarchical.ThrowableCollector.execute(ThrowableCollector.java:73) ~[junit-platform-engine-1.9.3.jar:1.9.3]
	at org.junit.jupiter.engine.descriptor.TestMethodTestDescriptor.prepare(TestMethodTestDescriptor.java:104) ~[junit-jupiter-engine-5.9.3.jar:5.9.3]
	at org.junit.jupiter.engine.descriptor.TestMethodTestDescriptor.prepare(TestMethodTestDescriptor.java:68) ~[junit-jupiter-engine-5.9.3.jar:5.9.3]
	at org.junit.platform.engine.support.hierarchical.NodeTestTask.lambda$prepare$2(NodeTestTask.java:123) ~[junit-platform-engine-1.9.3.jar:1.9.3]
	at org.junit.platform.engine.support.hierarchical.ThrowableCollector.execute(ThrowableCollector.java:73) ~[junit-platform-engine-1.9.3.jar:1.9.3]
	at org.junit.platform.engine.support.hierarchical.NodeTestTask.prepare(NodeTestTask.java:123) ~[junit-platform-engine-1.9.3.jar:1.9.3]
	at org.junit.platform.engine.support.hierarchical.NodeTestTask.execute(NodeTestTask.java:90) ~[junit-platform-engine-1.9.3.jar:1.9.3]
	at java.base/java.util.ArrayList.forEach(ArrayList.java:1511) ~[na:na]
	at org.junit.platform.engine.support.hierarchical.SameThreadHierarchicalTestExecutorService.invokeAll(SameThreadHierarchicalTestExecutorService.java:41) ~[junit-platform-engine-1.9.3.jar:1.9.3]
	at org.junit.platform.engine.support.hierarchical.NodeTestTask.lambda$executeRecursively$6(NodeTestTask.java:155) ~[junit-platform-engine-1.9.3.jar:1.9.3]
	at org.junit.platform.engine.support.hierarchical.ThrowableCollector.execute(ThrowableCollector.java:73) ~[junit-platform-engine-1.9.3.jar:1.9.3]
	at org.junit.platform.engine.support.hierarchical.NodeTestTask.lambda$executeRecursively$8(NodeTestTask.java:141) ~[junit-platform-engine-1.9.3.jar:1.9.3]
	at org.junit.platform.engine.support.hierarchical.Node.around(Node.java:137) ~[junit-platform-engine-1.9.3.jar:1.9.3]
	at org.junit.platform.engine.support.hierarchical.NodeTestTask.lambda$executeRecursively$9(NodeTestTask.java:139) ~[junit-platform-engine-1.9.3.jar:1.9.3]
	at org.junit.platform.engine.support.hierarchical.ThrowableCollector.execute(ThrowableCollector.java:73) ~[junit-platform-engine-1.9.3.jar:1.9.3]
	at org.junit.platform.engine.support.hierarchical.NodeTestTask.executeRecursively(NodeTestTask.java:138) ~[junit-platform-engine-1.9.3.jar:1.9.3]
	at org.junit.platform.engine.support.hierarchical.NodeTestTask.execute(NodeTestTask.java:95) ~[junit-platform-engine-1.9.3.jar:1.9.3]
	at java.base/java.util.ArrayList.forEach(ArrayList.java:1511) ~[na:na]
	at org.junit.platform.engine.support.hierarchical.SameThreadHierarchicalTestExecutorService.invokeAll(SameThreadHierarchicalTestExecutorService.java:41) ~[junit-platform-engine-1.9.3.jar:1.9.3]
	at org.junit.platform.engine.support.hierarchical.NodeTestTask.lambda$executeRecursively$6(NodeTestTask.java:155) ~[junit-platform-engine-1.9.3.jar:1.9.3]
	at org.junit.platform.engine.support.hierarchical.ThrowableCollector.execute(ThrowableCollector.java:73) ~[junit-platform-engine-1.9.3.jar:1.9.3]
	at org.junit.platform.engine.support.hierarchical.NodeTestTask.lambda$executeRecursively$8(NodeTestTask.java:141) ~[junit-platform-engine-1.9.3.jar:1.9.3]
	at org.junit.platform.engine.support.hierarchical.Node.around(Node.java:137) ~[junit-platform-engine-1.9.3.jar:1.9.3]
	at org.junit.platform.engine.support.hierarchical.NodeTestTask.lambda$executeRecursively$9(NodeTestTask.java:139) ~[junit-platform-engine-1.9.3.jar:1.9.3]
	at org.junit.platform.engine.support.hierarchical.ThrowableCollector.execute(ThrowableCollector.java:73) ~[junit-platform-engine-1.9.3.jar:1.9.3]
	at org.junit.platform.engine.support.hierarchical.NodeTestTask.executeRecursively(NodeTestTask.java:138) ~[junit-platform-engine-1.9.3.jar:1.9.3]
	at org.junit.platform.engine.support.hierarchical.NodeTestTask.execute(NodeTestTask.java:95) ~[junit-platform-engine-1.9.3.jar:1.9.3]
	at org.junit.platform.engine.support.hierarchical.SameThreadHierarchicalTestExecutorService.submit(SameThreadHierarchicalTestExecutorService.java:35) ~[junit-platform-engine-1.9.3.jar:1.9.3]
	at org.junit.platform.engine.support.hierarchical.HierarchicalTestExecutor.execute(HierarchicalTestExecutor.java:57) ~[junit-platform-engine-1.9.3.jar:1.9.3]
	at org.junit.platform.engine.support.hierarchical.HierarchicalTestEngine.execute(HierarchicalTestEngine.java:54) ~[junit-platform-engine-1.9.3.jar:1.9.3]
	at org.junit.platform.launcher.core.EngineExecutionOrchestrator.execute(EngineExecutionOrchestrator.java:147) ~[junit-platform-launcher-1.9.3.jar:1.9.3]
	at org.junit.platform.launcher.core.EngineExecutionOrchestrator.execute(EngineExecutionOrchestrator.java:127) ~[junit-platform-launcher-1.9.3.jar:1.9.3]
	at org.junit.platform.launcher.core.EngineExecutionOrchestrator.execute(EngineExecutionOrchestrator.java:90) ~[junit-platform-launcher-1.9.3.jar:1.9.3]
	at org.junit.platform.launcher.core.EngineExecutionOrchestrator.lambda$execute$0(EngineExecutionOrchestrator.java:55) ~[junit-platform-launcher-1.9.3.jar:1.9.3]
	at org.junit.platform.launcher.core.EngineExecutionOrchestrator.withInterceptedStreams(EngineExecutionOrchestrator.java:102) ~[junit-platform-launcher-1.9.3.jar:1.9.3]
	at org.junit.platform.launcher.core.EngineExecutionOrchestrator.execute(EngineExecutionOrchestrator.java:54) ~[junit-platform-launcher-1.9.3.jar:1.9.3]
	at org.junit.platform.launcher.core.DefaultLauncher.execute(DefaultLauncher.java:114) ~[junit-platform-launcher-1.9.3.jar:1.9.3]
	at org.junit.platform.launcher.core.DefaultLauncher.execute(DefaultLauncher.java:86) ~[junit-platform-launcher-1.9.3.jar:1.9.3]
	at org.junit.platform.launcher.core.DefaultLauncherSession$DelegatingLauncher.execute(DefaultLauncherSession.java:86) ~[junit-platform-launcher-1.9.3.jar:1.9.3]
	at org.apache.maven.surefire.junitplatform.LazyLauncher.execute(LazyLauncher.java:50) ~[surefire-junit-platform-3.0.0.jar:3.0.0]
	at org.apache.maven.surefire.junitplatform.JUnitPlatformProvider.execute(JUnitPlatformProvider.java:184) ~[surefire-junit-platform-3.0.0.jar:3.0.0]
	at org.apache.maven.surefire.junitplatform.JUnitPlatformProvider.invokeAllTests(JUnitPlatformProvider.java:148) ~[surefire-junit-platform-3.0.0.jar:3.0.0]
	at org.apache.maven.surefire.junitplatform.JUnitPlatformProvider.invoke(JUnitPlatformProvider.java:122) ~[surefire-junit-platform-3.0.0.jar:3.0.0]
	at org.apache.maven.surefire.booter.ForkedBooter.runSuitesInProcess(ForkedBooter.java:385) ~[surefire-booter-3.0.0.jar:3.0.0]
	at org.apache.maven.surefire.booter.ForkedBooter.execute(ForkedBooter.java:162) ~[surefire-booter-3.0.0.jar:3.0.0]
	at org.apache.maven.surefire.booter.ForkedBooter.run(ForkedBooter.java:507) ~[surefire-booter-3.0.0.jar:3.0.0]
	at org.apache.maven.surefire.booter.ForkedBooter.main(ForkedBooter.java:495) ~[surefire-booter-3.0.0.jar:3.0.0]
Caused by: java.lang.IllegalStateException: Failed to execute CommandLineRunner
	at org.springframework.boot.SpringApplication.callRunner(SpringApplication.java:777) ~[spring-boot-3.1.4.jar:3.1.4]
	at org.springframework.boot.SpringApplication.callRunners(SpringApplication.java:758) ~[spring-boot-3.1.4.jar:3.1.4]
	at org.springframework.boot.SpringApplication.run(SpringApplication.java:322) ~[spring-boot-3.1.4.jar:3.1.4]
	at org.springframework.boot.test.context.SpringBootContextLoader.lambda$loadContext$3(SpringBootContextLoader.java:137) ~[spring-boot-test-3.1.4.jar:3.1.4]
	at org.springframework.util.function.ThrowingSupplier.get(ThrowingSupplier.java:58) ~[spring-core-6.0.12.jar:6.0.12]
	at org.springframework.util.function.ThrowingSupplier.get(ThrowingSupplier.java:46) ~[spring-core-6.0.12.jar:6.0.12]
	at org.springframework.boot.SpringApplication.withHook(SpringApplication.java:1409) ~[spring-boot-3.1.4.jar:3.1.4]
	at org.springframework.boot.test.context.SpringBootContextLoader$ContextLoaderHook.run(SpringBootContextLoader.java:545) ~[spring-boot-test-3.1.4.jar:3.1.4]
	at org.springframework.boot.test.context.SpringBootContextLoader.loadContext(SpringBootContextLoader.java:137) ~[spring-boot-test-3.1.4.jar:3.1.4]
	at org.springframework.boot.test.context.SpringBootContextLoader.loadContext(SpringBootContextLoader.java:108) ~[spring-boot-test-3.1.4.jar:3.1.4]
	at org.springframework.test.context.cache.DefaultCacheAwareContextLoaderDelegate.loadContextInternal(DefaultCacheAwareContextLoaderDelegate.java:187) ~[spring-test-6.0.12.jar:6.0.12]
	at org.springframework.test.context.cache.DefaultCacheAwareContextLoaderDelegate.loadContext(DefaultCacheAwareContextLoaderDelegate.java:119) ~[spring-test-6.0.12.jar:6.0.12]
	... 73 common frames omitted
Caused by: org.springframework.orm.jpa.JpaSystemException: could not execute statement [Field 'active' doesn't have a default value] [insert into tenants (code,created_at,name,parent_id,status) values (?,?,?,?,?)]
	at org.springframework.orm.jpa.vendor.HibernateJpaDialect.convertHibernateAccessException(HibernateJpaDialect.java:320) ~[spring-orm-6.0.12.jar:6.0.12]
	at org.springframework.orm.jpa.vendor.HibernateJpaDialect.translateExceptionIfPossible(HibernateJpaDialect.java:229) ~[spring-orm-6.0.12.jar:6.0.12]
	at org.springframework.orm.jpa.AbstractEntityManagerFactoryBean.translateExceptionIfPossible(AbstractEntityManagerFactoryBean.java:550) ~[spring-orm-6.0.12.jar:6.0.12]
	at org.springframework.dao.support.ChainedPersistenceExceptionTranslator.translateExceptionIfPossible(ChainedPersistenceExceptionTranslator.java:61) ~[spring-tx-6.0.12.jar:6.0.12]
	at org.springframework.dao.support.DataAccessUtils.translateIfNecessary(DataAccessUtils.java:243) ~[spring-tx-6.0.12.jar:6.0.12]
	at org.springframework.dao.support.PersistenceExceptionTranslationInterceptor.invoke(PersistenceExceptionTranslationInterceptor.java:152) ~[spring-tx-6.0.12.jar:6.0.12]
	at org.springframework.aop.framework.ReflectiveMethodInvocation.proceed(ReflectiveMethodInvocation.java:184) ~[spring-aop-6.0.12.jar:6.0.12]
	at org.springframework.data.jpa.repository.support.CrudMethodMetadataPostProcessor$CrudMethodMetadataPopulatingMethodInterceptor.invoke(CrudMethodMetadataPostProcessor.java:164) ~[spring-data-jpa-3.1.4.jar:3.1.4]
	at org.springframework.aop.framework.ReflectiveMethodInvocation.proceed(ReflectiveMethodInvocation.java:184) ~[spring-aop-6.0.12.jar:6.0.12]
	at org.springframework.aop.interceptor.ExposeInvocationInterceptor.invoke(ExposeInvocationInterceptor.java:97) ~[spring-aop-6.0.12.jar:6.0.12]
	at org.springframework.aop.framework.ReflectiveMethodInvocation.proceed(ReflectiveMethodInvocation.java:184) ~[spring-aop-6.0.12.jar:6.0.12]
	at org.springframework.aop.framework.JdkDynamicAopProxy.invoke(JdkDynamicAopProxy.java:244) ~[spring-aop-6.0.12.jar:6.0.12]
	at jdk.proxy2/jdk.proxy2.$Proxy204.save(Unknown Source) ~[na:na]
	at com.onlineStore.admin.seeding.SaaSWeaverSeeder.seedTenant(SaaSWeaverSeeder.java:70) ~[classes/:na]
	at com.onlineStore.admin.seeding.SaaSWeaverSeeder.run(SaaSWeaverSeeder.java:38) ~[classes/:na]
	at org.springframework.boot.SpringApplication.callRunner(SpringApplication.java:774) ~[spring-boot-3.1.4.jar:3.1.4]
	... 84 common frames omitted
Caused by: org.hibernate.exception.GenericJDBCException: could not execute statement [Field 'active' doesn't have a default value] [insert into tenants (code,created_at,name,parent_id,status) values (?,?,?,?,?)]
	at org.hibernate.exception.internal.StandardSQLExceptionConverter.convert(StandardSQLExceptionConverter.java:61) ~[hibernate-core-6.2.9.Final.jar:6.2.9.Final]
	at org.hibernate.engine.jdbc.spi.SqlExceptionHelper.convert(SqlExceptionHelper.java:108) ~[hibernate-core-6.2.9.Final.jar:6.2.9.Final]
	at org.hibernate.engine.jdbc.internal.ResultSetReturnImpl.executeUpdate(ResultSetReturnImpl.java:278) ~[hibernate-core-6.2.9.Final.jar:6.2.9.Final]
	at org.hibernate.id.insert.GetGeneratedKeysDelegate.performInsert(GetGeneratedKeysDelegate.java:107) ~[hibernate-core-6.2.9.Final.jar:6.2.9.Final]
	at org.hibernate.engine.jdbc.mutation.internal.MutationExecutorPostInsertSingleTable.execute(MutationExecutorPostInsertSingleTable.java:100) ~[hibernate-core-6.2.9.Final.jar:6.2.9.Final]
	at org.hibernate.persister.entity.mutation.InsertCoordinator.doStaticInserts(InsertCoordinator.java:169) ~[hibernate-core-6.2.9.Final.jar:6.2.9.Final]
	at org.hibernate.persister.entity.mutation.InsertCoordinator.coordinateInsert(InsertCoordinator.java:111) ~[hibernate-core-6.2.9.Final.jar:6.2.9.Final]
	at org.hibernate.persister.entity.AbstractEntityPersister.insert(AbstractEntityPersister.java:2779) ~[hibernate-core-6.2.9.Final.jar:6.2.9.Final]
	at org.hibernate.action.internal.EntityIdentityInsertAction.execute(EntityIdentityInsertAction.java:81) ~[hibernate-core-6.2.9.Final.jar:6.2.9.Final]
	at org.hibernate.engine.spi.ActionQueue.execute(ActionQueue.java:676) ~[hibernate-core-6.2.9.Final.jar:6.2.9.Final]
	at org.hibernate.engine.spi.ActionQueue.addResolvedEntityInsertAction(ActionQueue.java:291) ~[hibernate-core-6.2.9.Final.jar:6.2.9.Final]
	at org.hibernate.engine.spi.ActionQueue.addInsertAction(ActionQueue.java:272) ~[hibernate-core-6.2.9.Final.jar:6.2.9.Final]
	at org.hibernate.engine.spi.ActionQueue.addAction(ActionQueue.java:322) ~[hibernate-core-6.2.9.Final.jar:6.2.9.Final]
	at org.hibernate.event.internal.AbstractSaveEventListener.addInsertAction(AbstractSaveEventListener.java:363) ~[hibernate-core-6.2.9.Final.jar:6.2.9.Final]
	at org.hibernate.event.internal.AbstractSaveEventListener.performSaveOrReplicate(AbstractSaveEventListener.java:277) ~[hibernate-core-6.2.9.Final.jar:6.2.9.Final]
	at org.hibernate.event.internal.AbstractSaveEventListener.performSave(AbstractSaveEventListener.java:180) ~[hibernate-core-6.2.9.Final.jar:6.2.9.Final]
	at org.hibernate.event.internal.AbstractSaveEventListener.saveWithGeneratedId(AbstractSaveEventListener.java:140) ~[hibernate-core-6.2.9.Final.jar:6.2.9.Final]
	at org.hibernate.event.internal.DefaultPersistEventListener.entityIsTransient(DefaultPersistEventListener.java:175) ~[hibernate-core-6.2.9.Final.jar:6.2.9.Final]
	at org.hibernate.event.internal.DefaultPersistEventListener.persist(DefaultPersistEventListener.java:93) ~[hibernate-core-6.2.9.Final.jar:6.2.9.Final]
	at org.hibernate.event.internal.DefaultPersistEventListener.onPersist(DefaultPersistEventListener.java:77) ~[hibernate-core-6.2.9.Final.jar:6.2.9.Final]
	at org.hibernate.event.internal.DefaultPersistEventListener.onPersist(DefaultPersistEventListener.java:54) ~[hibernate-core-6.2.9.Final.jar:6.2.9.Final]
	at org.hibernate.event.service.internal.EventListenerGroupImpl.fireEventOnEachListener(EventListenerGroupImpl.java:127) ~[hibernate-core-6.2.9.Final.jar:6.2.9.Final]
	at org.hibernate.internal.SessionImpl.firePersist(SessionImpl.java:755) ~[hibernate-core-6.2.9.Final.jar:6.2.9.Final]
	at org.hibernate.internal.SessionImpl.persist(SessionImpl.java:739) ~[hibernate-core-6.2.9.Final.jar:6.2.9.Final]
	at java.base/jdk.internal.reflect.DirectMethodHandleAccessor.invoke(DirectMethodHandleAccessor.java:104) ~[na:na]
	at java.base/java.lang.reflect.Method.invoke(Method.java:578) ~[na:na]
	at org.springframework.orm.jpa.SharedEntityManagerCreator$SharedEntityManagerInvocationHandler.invoke(SharedEntityManagerCreator.java:311) ~[spring-orm-6.0.12.jar:6.0.12]
	at jdk.proxy2/jdk.proxy2.$Proxy173.persist(Unknown Source) ~[na:na]
	at org.springframework.data.jpa.repository.support.SimpleJpaRepository.save(SimpleJpaRepository.java:618) ~[spring-data-jpa-3.1.4.jar:3.1.4]
	at java.base/jdk.internal.reflect.DirectMethodHandleAccessor.invoke(DirectMethodHandleAccessor.java:104) ~[na:na]
	at java.base/java.lang.reflect.Method.invoke(Method.java:578) ~[na:na]
	at org.springframework.data.repository.core.support.RepositoryMethodInvoker$RepositoryFragmentMethodInvoker.lambda$new$0(RepositoryMethodInvoker.java:288) ~[spring-data-commons-3.1.4.jar:3.1.4]
	at org.springframework.data.repository.core.support.RepositoryMethodInvoker.doInvoke(RepositoryMethodInvoker.java:136) ~[spring-data-commons-3.1.4.jar:3.1.4]
	at org.springframework.data.repository.core.support.RepositoryMethodInvoker.invoke(RepositoryMethodInvoker.java:120) ~[spring-data-commons-3.1.4.jar:3.1.4]
	at org.springframework.data.repository.core.support.RepositoryComposition$RepositoryFragments.invoke(RepositoryComposition.java:516) ~[spring-data-commons-3.1.4.jar:3.1.4]
	at org.springframework.data.repository.core.support.RepositoryComposition.invoke(RepositoryComposition.java:285) ~[spring-data-commons-3.1.4.jar:3.1.4]
	at org.springframework.data.repository.core.support.RepositoryFactorySupport$ImplementationMethodExecutionInterceptor.invoke(RepositoryFactorySupport.java:628) ~[spring-data-commons-3.1.4.jar:3.1.4]
	at org.springframework.aop.framework.ReflectiveMethodInvocation.proceed(ReflectiveMethodInvocation.java:184) ~[spring-aop-6.0.12.jar:6.0.12]
	at org.springframework.data.repository.core.support.QueryExecutorMethodInterceptor.doInvoke(QueryExecutorMethodInterceptor.java:168) ~[spring-data-commons-3.1.4.jar:3.1.4]
	at org.springframework.data.repository.core.support.QueryExecutorMethodInterceptor.invoke(QueryExecutorMethodInterceptor.java:143) ~[spring-data-commons-3.1.4.jar:3.1.4]
	at org.springframework.aop.framework.ReflectiveMethodInvocation.proceed(ReflectiveMethodInvocation.java:184) ~[spring-aop-6.0.12.jar:6.0.12]
	at org.springframework.data.projection.DefaultMethodInvokingMethodInterceptor.invoke(DefaultMethodInvokingMethodInterceptor.java:72) ~[spring-data-commons-3.1.4.jar:3.1.4]
	at org.springframework.aop.framework.ReflectiveMethodInvocation.proceed(ReflectiveMethodInvocation.java:184) ~[spring-aop-6.0.12.jar:6.0.12]
	at org.springframework.transaction.interceptor.TransactionInterceptor$1.proceedWithInvocation(TransactionInterceptor.java:123) ~[spring-tx-6.0.12.jar:6.0.12]
	at org.springframework.transaction.interceptor.TransactionAspectSupport.invokeWithinTransaction(TransactionAspectSupport.java:391) ~[spring-tx-6.0.12.jar:6.0.12]
	at org.springframework.transaction.interceptor.TransactionInterceptor.invoke(TransactionInterceptor.java:119) ~[spring-tx-6.0.12.jar:6.0.12]
	at org.springframework.aop.framework.ReflectiveMethodInvocation.proceed(ReflectiveMethodInvocation.java:184) ~[spring-aop-6.0.12.jar:6.0.12]
	at org.springframework.dao.support.PersistenceExceptionTranslationInterceptor.invoke(PersistenceExceptionTranslationInterceptor.java:137) ~[spring-tx-6.0.12.jar:6.0.12]
	... 94 common frames omitted
Caused by: java.sql.SQLException: Field 'active' doesn't have a default value
	at com.mysql.cj.jdbc.exceptions.SQLError.createSQLException(SQLError.java:130) ~[mysql-connector-j-8.2.0.jar:8.2.0]
	at com.mysql.cj.jdbc.exceptions.SQLExceptionsMapping.translateException(SQLExceptionsMapping.java:122) ~[mysql-connector-j-8.2.0.jar:8.2.0]
	at com.mysql.cj.jdbc.ClientPreparedStatement.executeInternal(ClientPreparedStatement.java:912) ~[mysql-connector-j-8.2.0.jar:8.2.0]
	at com.mysql.cj.jdbc.ClientPreparedStatement.executeUpdateInternal(ClientPreparedStatement.java:1054) ~[mysql-connector-j-8.2.0.jar:8.2.0]
	at com.mysql.cj.jdbc.ClientPreparedStatement.executeUpdateInternal(ClientPreparedStatement.java:1003) ~[mysql-connector-j-8.2.0.jar:8.2.0]
	at com.mysql.cj.jdbc.ClientPreparedStatement.executeLargeUpdate(ClientPreparedStatement.java:1312) ~[mysql-connector-j-8.2.0.jar:8.2.0]
	at com.mysql.cj.jdbc.ClientPreparedStatement.executeUpdate(ClientPreparedStatement.java:988) ~[mysql-connector-j-8.2.0.jar:8.2.0]
	at com.zaxxer.hikari.pool.ProxyPreparedStatement.executeUpdate(ProxyPreparedStatement.java:61) ~[HikariCP-5.0.1.jar:na]
	at com.zaxxer.hikari.pool.HikariProxyPreparedStatement.executeUpdate(HikariProxyPreparedStatement.java) ~[HikariCP-5.0.1.jar:na]
	at org.hibernate.engine.jdbc.internal.ResultSetReturnImpl.executeUpdate(ResultSetReturnImpl.java:275) ~[hibernate-core-6.2.9.Final.jar:6.2.9.Final]
	... 139 common frames omitted

